CRASH_ID,UNIT_NBR,UNIT_DESC_ID,VEH_PARKED_FL,VEH_HNR_FL,VEH_LIC_STATE_ID,VIN,VEH_MOD_YEAR,VEH_COLOR_ID,VEH_MAKE_ID,VEH_MOD_ID,VEH_BODY_STYL_ID,EMER_RESPNDR_FL,OWNR_ZIP,FIN_RESP_PROOF_ID,FIN_RESP_TYPE_ID,VEH_DMAG_AREA_1_ID,VEH_DMAG_SCL_1_ID,FORCE_DIR_1_ID,VEH_DMAG_AREA_2_ID,VEH_DMAG_SCL_2_ID,FORCE_DIR_2_ID,VEH_INVENTORIED_FL,VEH_TRANSP_NAME,VEH_TRANSP_DEST,CONTRIB_FACTR_1_ID,CONTRIB_FACTR_2_ID,CONTRIB_FACTR_P1_ID,VEH_TRVL_DIR_ID,FIRST_HARM_EVT_INV_ID,INCAP_INJRY_CNT,NONINCAP_INJRY_CNT,POSS_INJRY_CNT,NON_INJRY_CNT,UNKN_INJRY_CNT,TOT_INJRY_CNT,DEATH_CNT,PRSN_NBR,PRSN_TYPE_ID,PRSN_OCCPNT_POS_ID,PRSN_INJRY_SEV_ID,PRSN_AGE,PRSN_ETHNICITY_ID,PRSN_GNDR_ID,PRSN_EJCT_ID,PRSN_REST_ID,PRSN_AIRBAG_ID,PRSN_HELMET_ID,PRSN_SOL_FL,PRSN_ALC_SPEC_TYPE_ID,PRSN_ALC_RSLT_ID,PRSN_BAC_TEST_RSLT,PRSN_DRG_SPEC_TYPE_ID,PRSN_DRG_RSLT_ID,DRVR_DRG_CAT_1_ID,PRSN_DEATH_TIME,DRVR_LIC_TYPE_ID,DRVR_LIC_STATE_ID,DRVR_LIC_CLS_ID,DRVR_ZIP
14878468,6,MOTOR VEHICLE,N,Y,UN,,NA,GRY,UNKNOWN,UNKNOWN,UNKNOWN,N,,2,NA,BACK END DAMAGE DISTRIBUTED IMPACT,NO DAMAGE,6,NA,NA,NA,N,,,NONE,NA,NA,NORTH,N,0,0,0,0,1,0,0,1,DRIVER,FRONT LEFT,NOT INJURED,19,HISPANIC,FEMALE,NO,SHOULDER & LAP BELT,NOT DEPLOYED,NOT APPLICABLE,N,NONE,NA,NA,NONE,NOT APPLICABLE,NOT APPLICABLE,,DRIVER LICENSE,Texas,CLASS C,77026
14878468,6,MOTOR VEHICLE,N,Y,UN,,NA,GRY,UNKNOWN,UNKNOWN,UNKNOWN,N,,2,NA,BACK END DAMAGE DISTRIBUTED IMPACT,NO DAMAGE,6,NA,NA,NA,N,,,NONE,NA,NA,NORTH,N,0,0,0,0,1,0,0,1,DRIVER,FRONT LEFT,NOT INJURED,19,HISPANIC,FEMALE,NO,SHOULDER & LAP BELT,NOT DEPLOYED,NOT APPLICABLE,N,NONE,NA,NA,NONE,NOT APPLICABLE,NOT APPLICABLE,,DRIVER LICENSE,Texas,CLASS C,77026
14878468,6,MOTOR VEHICLE,N,Y,UN,,NA,GRY,UNKNOWN,UNKNOWN,UNKNOWN,N,,2,NA,BACK END DAMAGE DISTRIBUTED IMPACT,NO DAMAGE,6,NA,NA,NA,N,,,NONE,NA,NA,NORTH,N,0,0,0,0,1,0,0,1,DRIVER,FRONT LEFT,NOT INJURED,19,ASIAN,MALE,NO,SHOULDER & LAP BELT,"DEPLOYED, FRONT",NOT APPLICABLE,N,NONE,NA,NA,NONE,NOT APPLICABLE,NOT APPLICABLE,,DRIVER LICENSE,Texas,CLASS C,
14878468,6,MOTOR VEHICLE,N,Y,UN,,NA,GRY,UNKNOWN,UNKNOWN,UNKNOWN,N,,2,NA,BACK END DAMAGE DISTRIBUTED IMPACT,NO DAMAGE,6,NA,NA,NA,N,,,NONE,NA,NA,NORTH,N,0,0,0,0,1,0,0,1,DRIVER,FRONT LEFT,NOT INJURED,19,ASIAN,MALE,NO,SHOULDER & LAP BELT,"DEPLOYED, FRONT",NOT APPLICABLE,N,NONE,NA,NA,NONE,NOT APPLICABLE,NOT APPLICABLE,,DRIVER LICENSE,Texas,CLASS C,
14878468,6,MOTOR VEHICLE,N,Y,UN,,NA,GRY,UNKNOWN,UNKNOWN,UNKNOWN,N,,2,NA,BACK END DAMAGE DISTRIBUTED IMPACT,NO DAMAGE,6,NA,NA,NA,N,,,NONE,NA,NA,NORTH,N,0,0,0,0,1,0,0,1,DRIVER,FRONT LEFT,NOT INJURED,25,HISPANIC,FEMALE,NO,SHOULDER & LAP BELT,NOT DEPLOYED,NOT APPLICABLE,N,NONE,NA,NA,NONE,NOT APPLICABLE,NOT APPLICABLE,,DRIVER LICENSE,Texas,CLASS C,77551
14878468,6,MOTOR VEHICLE,N,Y,UN,,NA,GRY,UNKNOWN,UNKNOWN,UNKNOWN,N,,2,NA,BACK END DAMAGE DISTRIBUTED IMPACT,NO DAMAGE,6,NA,NA,NA,N,,,NONE,NA,NA,NORTH,N,0,0,0,0,1,0,0,1,DRIVER,FRONT LEFT,NOT INJURED,25,HISPANIC,FEMALE,NO,SHOULDER & LAP BELT,NOT DEPLOYED,NOT APPLICABLE,N,NONE,NA,NA,NONE,NOT APPLICABLE,NOT APPLICABLE,,DRIVER LICENSE,Texas,CLASS C,77551
14918597,1,MOTOR VEHICLE,N,Y,TX,1FTVX14537NA11732,2007,WHI,FORD,F150,PICKUP,N,78413,1,LIABILITY INSURANCE POLICY,RIGHT SIDE DAMAGE ANGULAR IMPACT,DAMAGED 1 MINIMUM,NA,NA,NA,NA,N,DRIVER FLED SCENE,DRIVER FLED SCENE,FAILED TO YIELD ROW - TURNING LEFT,DRIVER INATTENTION,NA,SOUTHWEST,Y,0,0,0,1,0,0,0,1,DRIVER,FRONT LEFT,NOT INJURED,55,HISPANIC,MALE,NO,SHOULDER & LAP BELT,NOT DEPLOYED,NOT APPLICABLE,N,NONE,NA,NA,NONE,NOT APPLICABLE,NOT APPLICABLE,,DRIVER LICENSE,Texas,CLASS C AND M,78413
14918597,1,MOTOR VEHICLE,N,Y,TX,1FTVX14537NA11732,2007,WHI,FORD,F150,PICKUP,N,78413,1,LIABILITY INSURANCE POLICY,RIGHT SIDE DAMAGE ANGULAR IMPACT,DAMAGED 1 MINIMUM,NA,NA,NA,NA,N,DRIVER FLED SCENE,DRIVER FLED SCENE,FAILED TO YIELD ROW - TURNING LEFT,DRIVER INATTENTION,NA,SOUTHWEST,Y,0,0,0,1,0,0,0,1,DRIVER,FRONT LEFT,NOT INJURED,22,HISPANIC,MALE,NO,SHOULDER & LAP BELT,NOT DEPLOYED,NOT APPLICABLE,N,NONE,NA,NA,NONE,NOT APPLICABLE,NOT APPLICABLE,,DRIVER LICENSE,Texas,CLASS C,78414
14936543,2,MOTOR VEHICLE,N,Y,UN,,NA,99,UNKNOWN,NA,UNKNOWN,N,,2,NA,BACK END DAMAGE DISTRIBUTED IMPACT,DAMAGED 1 MINIMUM,6,FRONT END DAMAGE DISTRIBUTED IMPACT,DAMAGED 1 MINIMUM,12,N,,FLED SCENE,NONE,NA,NA,NORTH,Y,0,0,0,0,1,0,0,1,DRIVER,FRONT LEFT,NOT INJURED,27,HISPANIC,MALE,NO,SHOULDER & LAP BELT,NOT DEPLOYED,NOT APPLICABLE,N,NONE,NA,NA,NONE,NOT APPLICABLE,NOT APPLICABLE,,DRIVER LICENSE,Texas,CLASS C,78537
14936543,2,MOTOR VEHICLE,N,Y,UN,,NA,99,UNKNOWN,NA,UNKNOWN,N,,2,NA,BACK END DAMAGE DISTRIBUTED IMPACT,DAMAGED 1 MINIMUM,6,FRONT END DAMAGE DISTRIBUTED IMPACT,DAMAGED 1 MINIMUM,12,N,,FLED SCENE,NONE,NA,NA,NORTH,Y,0,0,0,0,1,0,0,1,DRIVER,FRONT LEFT,NOT INJURED,31,HISPANIC,MALE,NO,SHOULDER & LAP BELT,NOT DEPLOYED,NOT APPLICABLE,N,NONE,NA,NA,NONE,NOT APPLICABLE,NOT APPLICABLE,,DRIVER LICENSE,Texas,CLASS C,78504
14898917,1,MOTOR VEHICLE,N,Y,NA,,NA,WHI,CHEVROLET,IMPALA,"PASSENGER CAR, 4-DOOR",N,,NA,NA,NA,NA,NA,NA,NA,NA,N,,,FAILED TO CONTROL SPEED,NA,NA,SOUTH,Y,0,0,0,0,1,0,0,1,DRIVER,FRONT LEFT,NOT INJURED,33,BLACK,MALE,NO,SHOULDER & LAP BELT,NOT DEPLOYED,NOT APPLICABLE,N,NONE,NA,NA,NONE,NOT APPLICABLE,NOT APPLICABLE,,COMMERCIAL DRIVER LIC.,Texas,CLASS A AND M,77016
14917392,1,MOTOR VEHICLE,N,Y,UN,1GNEC13R1XJ455383,1999,BGE,CHEVROLET,TAHOE,SPORT UTILITY VEHICLE,N,78572,1,PROOF OF LIABILITY INSURANCE,DISTRIBUTED RIGHT SIDE DAMAGE PARALLEL IMPACT,DAMAGED 1 MINIMUM,1,NA,NA,NA,N,,,OVERTAKE AND PASS INSUFFICIENT CLEARANCE,NA,DRIVER INATTENTION,NORTH,Y,0,0,0,1,0,0,0,1,DRIVER,FRONT LEFT,NOT INJURED,28,HISPANIC,FEMALE,NO,SHOULDER & LAP BELT,NOT DEPLOYED,NOT APPLICABLE,N,NONE,NA,NA,NONE,NOT APPLICABLE,NOT APPLICABLE,,DRIVER LICENSE,Texas,CLASS C,78573
14980915,1,MOTOR VEHICLE,N,Y,TX,3N1CE2CP8FL362840,NA,BLU,NISSAN,VERSA,"PASSENGER CAR, 2-DOOR",N,78240,1,LIABILITY INSURANCE POLICY,FRONT END DAMAGE CONCENTRATED IMPACT,DAMAGED 5,12,FRONT END DAMAGE CONCENTRATED IMPACT,DAMAGED 5,3,N,CONTRACT,GROWDON,UNDER INFLUENCE - ALCOHOL,NA,NA,NORTH,Y,0,0,0,1,0,0,0,1,DRIVER,FRONT LEFT,NOT INJURED,22,BLACK,FEMALE,NO,SHOULDER & LAP BELT,NOT DEPLOYED,NOT APPLICABLE,N,BLOOD,Positive,0.231,NONE,NOT APPLICABLE,NOT APPLICABLE,,DRIVER LICENSE,Texas,CLASS C,78240
14876157,1,MOTOR VEHICLE,N,Y,TX,1B7HC16X51S261798,2001,BLU,DODGE,DAKOTA,PICKUP,N,77072,2,NA,LEFT FRONT QUARTER DAMAGE ANGULAR IMPACT,DAMAGED 1 MINIMUM,10,FRONT END DAMAGE DISTRIBUTED IMPACT,DAMAGED 1 MINIMUM,12,Y,TOWAHOLIC,12138 BEECHNUT ST,CHANGED LANE WHEN UNSAFE,FAILED TO CONTROL SPEED,NA,WEST,Y,0,0,0,1,0,0,0,1,DRIVER,FRONT LEFT,NOT INJURED,24,HISPANIC,FEMALE,NO,SHOULDER & LAP BELT,NOT DEPLOYED,NOT APPLICABLE,N,NONE,NA,NA,NONE,NOT APPLICABLE,NOT APPLICABLE,,DRIVER LICENSE,Texas,CLASS C,77072
14876157,1,MOTOR VEHICLE,N,Y,TX,1B7HC16X51S261798,2001,BLU,DODGE,DAKOTA,PICKUP,N,77072,2,NA,LEFT FRONT QUARTER DAMAGE ANGULAR IMPACT,DAMAGED 1 MINIMUM,10,FRONT END DAMAGE DISTRIBUTED IMPACT,DAMAGED 1 MINIMUM,12,Y,TOWAHOLIC,12138 BEECHNUT ST,CHANGED LANE WHEN UNSAFE,FAILED TO CONTROL SPEED,NA,WEST,Y,0,0,0,1,0,0,0,1,DRIVER,FRONT LEFT,NOT INJURED,25,ASIAN,MALE,NO,SHOULDER & LAP BELT,NOT DEPLOYED,NOT APPLICABLE,N,NONE,NA,NA,NONE,NOT APPLICABLE,NOT APPLICABLE,,DRIVER LICENSE,Texas,CLASS C,77030
14876157,1,MOTOR VEHICLE,N,Y,TX,1B7HC16X51S261798,2001,BLU,DODGE,DAKOTA,PICKUP,N,77072,2,NA,LEFT FRONT QUARTER DAMAGE ANGULAR IMPACT,DAMAGED 1 MINIMUM,10,FRONT END DAMAGE DISTRIBUTED IMPACT,DAMAGED 1 MINIMUM,12,Y,TOWAHOLIC,12138 BEECHNUT ST,CHANGED LANE WHEN UNSAFE,FAILED TO CONTROL SPEED,NA,WEST,Y,0,0,0,1,0,0,0,1,DRIVER,FRONT LEFT,NOT INJURED,64,ASIAN,FEMALE,NO,SHOULDER & LAP BELT,NOT DEPLOYED,NOT APPLICABLE,N,NONE,NA,NA,NONE,NOT APPLICABLE,NOT APPLICABLE,,DRIVER LICENSE,Texas,CLASS C,77036
14903996,1,MOTOR VEHICLE,N,Y,TX,1FMRU17660XLA7818,1999,GRN,FORD,EXPEDITION,SPORT UTILITY VEHICLE,N,78043,1,LIABILITY INSURANCE POLICY,FRONT END (RIGHT)  DAMAGE PARTIAL CONTACT,DAMAGED 4,10,NA,NA,NA,Y,ABC TOWING,TOW COMPANY,FAILED TO CONTROL SPEED,NA,NA,NORTH,Y,0,0,0,1,0,0,0,1,DRIVER,FRONT LEFT,NOT INJURED,22,HISPANIC,MALE,NO,SHOULDER & LAP BELT,NOT DEPLOYED,NOT APPLICABLE,N,NONE,NA,NA,NONE,NOT APPLICABLE,NOT APPLICABLE,,DRIVER LICENSE,Texas,CLASS C,78043
14903996,1,MOTOR VEHICLE,N,Y,TX,1FMRU17660XLA7818,1999,GRN,FORD,EXPEDITION,SPORT UTILITY VEHICLE,N,78043,1,LIABILITY INSURANCE POLICY,FRONT END (RIGHT)  DAMAGE PARTIAL CONTACT,DAMAGED 4,10,NA,NA,NA,Y,ABC TOWING,TOW COMPANY,FAILED TO CONTROL SPEED,NA,NA,NORTH,Y,0,0,0,1,0,0,0,1,DRIVER,FRONT LEFT,NOT INJURED,23,HISPANIC,MALE,NO,SHOULDER & LAP BELT,NOT DEPLOYED,NOT APPLICABLE,N,NONE,NA,NA,NONE,NOT APPLICABLE,NOT APPLICABLE,,DRIVER LICENSE,Texas,CLASS A,78046
14913108,1,MOTOR VEHICLE,N,Y,TX,1N4BL21E68N482418,NA,SIL,NISSAN,ALTIMA,"PASSENGER CAR, 4-DOOR",N,75060,1,PROOF OF LIABILITY INSURANCE,FRONT END DAMAGE DISTRIBUTED IMPACT,DAMAGED 1 MINIMUM,12,NA,NA,NA,Y,PRO TOW WRECKER,IRVING AUTO POUND,FAILED TO CONTROL SPEED,FOLLOWED TOO CLOSELY,NA,WEST,Y,0,0,0,1,0,0,0,1,DRIVER,FRONT LEFT,NOT INJURED,35,WHITE,MALE,NO,SHOULDER & LAP BELT,NOT DEPLOYED,NOT APPLICABLE,N,BREATH,Positive,0.202,NONE,NOT APPLICABLE,NOT APPLICABLE,,DRIVER LICENSE,Texas,CLASS C AND M,75060
14913108,1,MOTOR VEHICLE,N,Y,TX,1N4BL21E68N482418,NA,SIL,NISSAN,ALTIMA,"PASSENGER CAR, 4-DOOR",N,75060,1,PROOF OF LIABILITY INSURANCE,FRONT END DAMAGE DISTRIBUTED IMPACT,DAMAGED 1 MINIMUM,12,NA,NA,NA,Y,PRO TOW WRECKER,IRVING AUTO POUND,FAILED TO CONTROL SPEED,FOLLOWED TOO CLOSELY,NA,WEST,Y,0,0,0,1,0,0,0,1,DRIVER,FRONT LEFT,NOT INJURED,57,BLACK,FEMALE,NO,SHOULDER & LAP BELT,NOT DEPLOYED,NOT APPLICABLE,N,NONE,NA,NA,NONE,NOT APPLICABLE,NOT APPLICABLE,,DRIVER LICENSE,Texas,CLASS C,75115
14967189,1,MOTOR VEHICLE,N,Y,UN,,NA,99,NA,NA,UNKNOWN,N,,NA,NA,NA,NA,NA,NA,NA,NA,N,,,TURNED WHEN UNSAFE,FAULTY EVASIVE ACTION,NA,EAST,Y,0,0,0,0,1,0,0,1,DRIVER,FRONT LEFT,POSSIBLE INJURY,43,HISPANIC,FEMALE,NO,SHOULDER & LAP BELT,NOT DEPLOYED,NOT APPLICABLE,N,NONE,NA,NA,NONE,NOT APPLICABLE,NOT APPLICABLE,,DRIVER LICENSE,Texas,CLASS C,78332
14847339,1,MOTOR VEHICLE,N,Y,TX,5J6TF2H5XFL000791,NA,WHI,HONDA,NA,SPORT UTILITY VEHICLE,N,79912,1,PROOF OF LIABILITY INSURANCE,FRONT END (RIGHT)  DAMAGE PARTIAL CONTACT,DAMAGED 2,12,FRONT END (RIGHT)  DAMAGE PARTIAL CONTACT,DAMAGED 2,12,N,DRIVER,TRAFFIC,NONE,NA,NA,WEST,Y,0,0,0,1,0,0,0,1,DRIVER,FRONT LEFT,NOT INJURED,51,HISPANIC,FEMALE,NO,SHOULDER & LAP BELT,UNKNOWN,NOT APPLICABLE,N,NONE,NA,NA,NONE,NOT APPLICABLE,NOT APPLICABLE,,DRIVER LICENSE,Texas,CLASS C,79912
14847339,1,MOTOR VEHICLE,N,Y,TX,5J6TF2H5XFL000791,NA,WHI,HONDA,NA,SPORT UTILITY VEHICLE,N,79912,1,PROOF OF LIABILITY INSURANCE,FRONT END (RIGHT)  DAMAGE PARTIAL CONTACT,DAMAGED 2,12,FRONT END (RIGHT)  DAMAGE PARTIAL CONTACT,DAMAGED 2,12,N,DRIVER,TRAFFIC,NONE,NA,NA,WEST,Y,0,0,0,1,0,0,0,1,DRIVER,FRONT LEFT,NOT INJURED,49,WHITE,FEMALE,NO,SHOULDER & LAP BELT,NOT DEPLOYED,NOT APPLICABLE,N,NONE,NA,NA,NONE,NOT APPLICABLE,NOT APPLICABLE,,DRIVER LICENSE,Texas,CLASS C,79912
14860298,1,MOTOR VEHICLE,N,Y,TX,JS3TD042994100232,NA,RED,SUZUKI,GRAND VITARA,"PASSENGER CAR, 4-DOOR",N,78230,1,PROOF OF LIABILITY INSURANCE,FRONT END DAMAGE CONCENTRATED IMPACT,DAMAGED 6,12,UNDERCARRIAGE DAMAGE ONLY,NO DAMAGE,NA,N,TEXAS OP,GROWDON,UNDER INFLUENCE - ALCOHOL,NA,NA,NORTH,Y,0,0,0,1,0,0,0,1,DRIVER,FRONT LEFT,NOT INJURED,23,WHITE,FEMALE,NO,SHOULDER & LAP BELT,NOT DEPLOYED,NOT APPLICABLE,N,NONE,NA,NA,NONE,NOT APPLICABLE,NOT APPLICABLE,,DRIVER LICENSE,Texas,CLASS C,78230
14864942,1,MOTOR VEHICLE,N,Y,TX,2GCEC19T411166298,2001,RED,CHEVROLET,SILVERADO,PICKUP,N,76712,1,PROOF OF LIABILITY INSURANCE,DISTRIBUTED RIGHT SIDE DAMAGE PARALLEL IMPACT,DAMAGED 3,1,NA,NA,NA,N,,,DISREGARD STOP SIGN OR LIGHT,FLEEING OR EVADING POLICE,NA,WEST,Y,0,0,0,1,0,0,0,1,DRIVER,FRONT LEFT,NOT INJURED,51,WHITE,MALE,NO,SHOULDER & LAP BELT,NOT DEPLOYED,NOT APPLICABLE,N,NONE,NA,NA,NONE,NOT APPLICABLE,NOT APPLICABLE,,DRIVER LICENSE,Texas,CLASS C,76712
14864942,1,MOTOR VEHICLE,N,Y,TX,2GCEC19T411166298,2001,RED,CHEVROLET,SILVERADO,PICKUP,N,76712,1,PROOF OF LIABILITY INSURANCE,DISTRIBUTED RIGHT SIDE DAMAGE PARALLEL IMPACT,DAMAGED 3,1,NA,NA,NA,N,,,DISREGARD STOP SIGN OR LIGHT,FLEEING OR EVADING POLICE,NA,WEST,Y,0,0,0,1,0,0,0,1,DRIVER,FRONT LEFT,NOT INJURED,32,WHITE,MALE,NO,SHOULDER & LAP BELT,NOT DEPLOYED,NOT APPLICABLE,N,NONE,NA,NA,NONE,NOT APPLICABLE,NOT APPLICABLE,,DRIVER LICENSE,Texas,CLASS C,76706
14900821,1,MOTOR VEHICLE,N,Y,TX,1HGCD5667SA106308,1995,WHI,HONDA,ACCORD,"PASSENGER CAR, 4-DOOR",N,79924,2,NA,FRONT END DAMAGE DISTRIBUTED IMPACT,DAMAGED 4,12,NA,NA,NA,Y,EXTREME,11615  RAILROAD,FAILED TO CONTROL SPEED,NA,UNDER INFLUENCE - ALCOHOL,EAST,Y,0,0,0,1,0,0,0,1,DRIVER,FRONT LEFT,NOT INJURED,25,HISPANIC,MALE,NO,SHOULDER & LAP BELT,UNKNOWN,NOT APPLICABLE,N,NONE,NA,NA,NONE,NOT APPLICABLE,NOT APPLICABLE,,DRIVER LICENSE,Texas,CLASS C,79934
14916846,1,MOTOR VEHICLE,N,Y,TX,1FMDU35P9VZA58667,1997,GRN,FORD,EXPLORER,SPORT UTILITY VEHICLE,N,,2,NA,RIGHT BACK QUARTER DAMAGE ANGULAR IMPACT,DAMAGED 3,5,LEFT SIDE AND TOP DAMAGE ROLLOVER EFFECTS,DAMAGED 5,1,N,LUBBOCK WRECKER,LUBBOCK WRECKER  3209 SLATON HWY   806-7,DISREGARD STOP AND GO SIGNAL,FAILED TO YIELD ROW - STOP SIGN,NA,WEST,Y,0,1,0,0,0,1,0,1,DRIVER,FRONT LEFT,NON-INCAPACITATING INJURY,21,HISPANIC,MALE,NO,UNKNOWN,"DEPLOYED, FRONT",NOT APPLICABLE,N,BLOOD,NA,NA,BLOOD,UNKNOWN,UNKNOWN,,DRIVER LICENSE,Texas,CLASS C,
14916846,1,MOTOR VEHICLE,N,Y,TX,1FMDU35P9VZA58667,1997,GRN,FORD,EXPLORER,SPORT UTILITY VEHICLE,N,,2,NA,RIGHT BACK QUARTER DAMAGE ANGULAR IMPACT,DAMAGED 3,5,LEFT SIDE AND TOP DAMAGE ROLLOVER EFFECTS,DAMAGED 5,1,N,LUBBOCK WRECKER,LUBBOCK WRECKER  3209 SLATON HWY   806-7,DISREGARD STOP AND GO SIGNAL,FAILED TO YIELD ROW - STOP SIGN,NA,WEST,Y,0,1,0,0,0,1,0,1,DRIVER,FRONT LEFT,POSSIBLE INJURY,20,WHITE,FEMALE,NO,SHOULDER & LAP BELT,"DEPLOYED, FRONT",NOT APPLICABLE,N,NONE,NA,NA,NONE,NOT APPLICABLE,NOT APPLICABLE,,DRIVER LICENSE,Texas,CLASS C,
14918812,1,MOTOR VEHICLE,N,Y,UN,,NA,MAR,UNKNOWN,UNKNOWN,UNKNOWN,N,,2,NA,FRONT END DAMAGE DISTRIBUTED IMPACT,DAMAGED 1 MINIMUM,12,NA,NA,NA,N,,,FAILED TO CONTROL SPEED,NA,NA,SOUTH,Y,0,0,0,0,1,0,0,1,DRIVER,FRONT LEFT,NOT INJURED,47,ASIAN,MALE,NO,SHOULDER & LAP BELT,NOT DEPLOYED,NOT APPLICABLE,N,NONE,NA,NA,NONE,NOT APPLICABLE,NOT APPLICABLE,,COMMERCIAL DRIVER LIC.,Texas,CLASS A,
14918812,1,MOTOR VEHICLE,N,Y,UN,,NA,MAR,UNKNOWN,UNKNOWN,UNKNOWN,N,,2,NA,FRONT END DAMAGE DISTRIBUTED IMPACT,DAMAGED 1 MINIMUM,12,NA,NA,NA,N,,,FAILED TO CONTROL SPEED,NA,NA,SOUTH,Y,0,0,0,0,1,0,0,1,DRIVER,FRONT LEFT,NOT INJURED,47,ASIAN,MALE,NO,SHOULDER & LAP BELT,NOT DEPLOYED,NOT APPLICABLE,N,NONE,NA,NA,NONE,NOT APPLICABLE,NOT APPLICABLE,,COMMERCIAL DRIVER LIC.,Texas,CLASS A,
14970812,2,MOTOR VEHICLE,N,Y,TX,1GT120C84CF141638,NA,WHI,GMC,SIERRA C2500,PICKUP,N,75169,1,PROOF OF LIABILITY INSURANCE,BACK END DAMAGE CONCENTRATED IMPACT,NO DAMAGE,6,NA,NA,NA,N,,,BACKED WITHOUT SAFETY,NA,ROAD RAGE,WEST,Y,0,0,0,1,0,0,0,1,DRIVER,FRONT LEFT,NOT INJURED,25,WHITE,FEMALE,NO,SHOULDER & LAP BELT,NOT DEPLOYED,NOT APPLICABLE,N,NONE,NA,NA,NONE,NOT APPLICABLE,NOT APPLICABLE,,DRIVER LICENSE,Texas,CLASS C,75161
14970812,2,MOTOR VEHICLE,N,Y,TX,1GT120C84CF141638,NA,WHI,GMC,SIERRA C2500,PICKUP,N,75169,1,PROOF OF LIABILITY INSURANCE,BACK END DAMAGE CONCENTRATED IMPACT,NO DAMAGE,6,NA,NA,NA,N,,,BACKED WITHOUT SAFETY,NA,ROAD RAGE,WEST,Y,0,0,0,1,0,0,0,1,DRIVER,FRONT LEFT,NOT INJURED,20,WHITE,MALE,NO,SHOULDER & LAP BELT,NOT DEPLOYED,NOT APPLICABLE,N,NONE,NA,NA,NONE,NOT APPLICABLE,NOT APPLICABLE,,DRIVER LICENSE,Texas,CLASS C,75169
14966965,1,MOTOR VEHICLE,N,Y,UN,,NA,99,UNKNOWN,UNKNOWN,UNKNOWN,N,,NA,NA,BACK END DAMAGE DISTRIBUTED IMPACT,DAMAGED 1 MINIMUM,6,NA,NA,NA,N,,,NONE,NA,NA,SOUTHWEST,Y,0,0,0,0,1,0,0,1,DRIVER,FRONT LEFT,NOT INJURED,18,WHITE,FEMALE,NO,SHOULDER & LAP BELT,NOT DEPLOYED,NOT APPLICABLE,N,NONE,NA,NA,NONE,NOT APPLICABLE,NOT APPLICABLE,,DRIVER LICENSE,Texas,CLASS C,75071
14966965,1,MOTOR VEHICLE,N,Y,UN,,NA,99,UNKNOWN,UNKNOWN,UNKNOWN,N,,NA,NA,BACK END DAMAGE DISTRIBUTED IMPACT,DAMAGED 1 MINIMUM,6,NA,NA,NA,N,,,NONE,NA,NA,SOUTHWEST,Y,0,0,0,0,1,0,0,1,DRIVER,FRONT LEFT,NOT INJURED,18,WHITE,FEMALE,NO,SHOULDER & LAP BELT,NOT DEPLOYED,NOT APPLICABLE,N,NONE,NA,NA,NONE,NOT APPLICABLE,NOT APPLICABLE,,DRIVER LICENSE,Texas,CLASS C,75071
14975775,1,MOTOR VEHICLE,N,Y,TX,1GNEK18K6PJ304702,1993,WHI,CHEVROLET,BLAZER,SPORT UTILITY VEHICLE,N,76301,1,PROOF OF LIABILITY INSURANCE,FRONT END (LEFT) DAMAGE PARTIAL CONTACT,NO DAMAGE,12,TOP DAMAGE ONLY,NO DAMAGE,NA,N,OTHER,OTHER,DRIVER INATTENTION,DISTRACTION IN VEHICLE,NA,WEST,Y,0,0,0,1,0,0,0,1,DRIVER,FRONT LEFT,NOT INJURED,44,WHITE,MALE,NO,SHOULDER & LAP BELT,NOT DEPLOYED,NOT APPLICABLE,N,NONE,NA,NA,NONE,NOT APPLICABLE,NOT APPLICABLE,,DRIVER LICENSE,Texas,CLASS C,76301
14916326,1,MOTOR VEHICLE,N,Y,TX,1FMZU67EX2UB39625,2002,SIL,FORD,EXPLORER,SPORT UTILITY VEHICLE,N,78418,1,LIABILITY INSURANCE POLICY,FRONT END (LEFT) DAMAGE PARTIAL CONTACT,DAMAGED 2,11,NA,NA,NA,N,DRIVER,FLED SCENE,NONE,NA,NA,NORTHEAST,Y,0,0,0,1,0,0,0,1,DRIVER,FRONT LEFT,NOT INJURED,32,WHITE,MALE,NO,SHOULDER & LAP BELT,NOT DEPLOYED,NOT APPLICABLE,N,NONE,NA,NA,NONE,NOT APPLICABLE,NOT APPLICABLE,,DRIVER LICENSE,Pennsylvania,OTHER/OUT OF STATE,78418
14916326,1,MOTOR VEHICLE,N,Y,TX,1FMZU67EX2UB39625,2002,SIL,FORD,EXPLORER,SPORT UTILITY VEHICLE,N,78418,1,LIABILITY INSURANCE POLICY,FRONT END (LEFT) DAMAGE PARTIAL CONTACT,DAMAGED 2,11,NA,NA,NA,N,DRIVER,FLED SCENE,NONE,NA,NA,NORTHEAST,Y,0,0,0,1,0,0,0,1,DRIVER,FRONT LEFT,NOT INJURED,49,WHITE,MALE,NO,SHOULDER & LAP BELT,NOT DEPLOYED,NOT APPLICABLE,N,NONE,NA,NA,NONE,NOT APPLICABLE,NOT APPLICABLE,,DRIVER LICENSE,Texas,CLASS C,78418
14957047,1,MOTOR VEHICLE,N,Y,TX,WVWJK73C29E029741,NA,BLK,VOLKSWAGEN,PASSAT,"PASSENGER CAR, 4-DOOR",N,76012,2,NA,RIGHT SIDE DAMAGE ANGULAR IMPACT,DAMAGED 1 MINIMUM,3,NA,NA,NA,N,RELEASED TO DRIVER,RELEASED TO DRIVER,CHANGED LANE WHEN UNSAFE,NA,NA,SOUTH,Y,0,0,0,1,0,0,0,1,DRIVER,FRONT LEFT,NOT INJURED,27,BLACK,MALE,NO,SHOULDER & LAP BELT,NOT DEPLOYED,NOT APPLICABLE,N,NONE,NA,NA,NONE,NOT APPLICABLE,NOT APPLICABLE,,DRIVER LICENSE,Texas,CLASS C,75115