CRASH_ID,UNIT_NBR,UNIT_DESC_ID,VEH_PARKED_FL,VEH_HNR_FL,VEH_LIC_STATE_ID,VIN,VEH_MOD_YEAR,VEH_COLOR_ID,VEH_MAKE_ID,VEH_MOD_ID,VEH_BODY_STYL_ID,EMER_RESPNDR_FL,OWNR_ZIP,FIN_RESP_PROOF_ID,FIN_RESP_TYPE_ID,VEH_DMAG_AREA_1_ID,VEH_DMAG_SCL_1_ID,FORCE_DIR_1_ID,VEH_DMAG_AREA_2_ID,VEH_DMAG_SCL_2_ID,FORCE_DIR_2_ID,VEH_INVENTORIED_FL,VEH_TRANSP_NAME,VEH_TRANSP_DEST,CONTRIB_FACTR_1_ID,CONTRIB_FACTR_2_ID,CONTRIB_FACTR_P1_ID,VEH_TRVL_DIR_ID,FIRST_HARM_EVT_INV_ID,INCAP_INJRY_CNT,NONINCAP_INJRY_CNT,POSS_INJRY_CNT,NON_INJRY_CNT,UNKN_INJRY_CNT,TOT_INJRY_CNT,DEATH_CNT,PRSN_NBR,PRSN_TYPE_ID,PRSN_OCCPNT_POS_ID,PRSN_INJRY_SEV_ID,PRSN_AGE,PRSN_ETHNICITY_ID,PRSN_GNDR_ID,PRSN_EJCT_ID,PRSN_REST_ID,PRSN_AIRBAG_ID,PRSN_HELMET_ID,PRSN_SOL_FL,PRSN_ALC_SPEC_TYPE_ID,PRSN_ALC_RSLT_ID,PRSN_BAC_TEST_RSLT,PRSN_DRG_SPEC_TYPE_ID,PRSN_DRG_RSLT_ID,DRVR_DRG_CAT_1_ID,PRSN_DEATH_TIME,DRVR_LIC_TYPE_ID,DRVR_LIC_STATE_ID,DRVR_LIC_CLS_ID,DRVR_ZIP
14847881,1,MOTOR VEHICLE,N,Y,TX,2GCEC13C171550220,2007,WHI,CHEVROLET,AVALANCHE,PICKUP,N,79415,1,PROOF OF LIABILITY INSURANCE,FRONT END DAMAGE DISTRIBUTED IMPACT,DAMAGED 2,11,NA,NA,NA,N,FLED THE SCENE,,FAILED TO YIELD ROW - STOP SIGN,NA,NA,EAST,Y,0,0,0,1,0,0,0,1,DRIVER,FRONT LEFT,NOT INJURED,17,WHITE,MALE,NO,SHOULDER & LAP BELT,NOT DEPLOYED,NOT APPLICABLE,N,NONE,NA,NA,NONE,NOT APPLICABLE,NOT APPLICABLE,,DRIVER LICENSE,Texas,CLASS C,79407
14861361,1,MOTOR VEHICLE,N,Y,UN,2B3KA43G87H764904,2007,BLU,DODGE,CHARGER,"PASSENGER CAR, 4-DOOR",N,78586,1,PROOF OF LIABILITY INSURANCE,FRONT END DAMAGE DISTRIBUTED IMPACT,DAMAGED 2,12,NA,NA,NA,N,CAN TOO,CAN TOO,DISREGARD STOP AND GO SIGNAL,NA,NA,NORTH,Y,0,0,0,1,0,0,0,1,DRIVER,FRONT LEFT,NOT INJURED,30,HISPANIC,MALE,NO,SHOULDER & LAP BELT,NOT DEPLOYED,NOT APPLICABLE,N,NONE,NA,NA,NONE,NOT APPLICABLE,NOT APPLICABLE,,DRIVER LICENSE,Texas,CLASS C,78586
14861361,1,MOTOR VEHICLE,N,Y,UN,2B3KA43G87H764904,2007,BLU,DODGE,CHARGER,"PASSENGER CAR, 4-DOOR",N,78586,1,PROOF OF LIABILITY INSURANCE,FRONT END DAMAGE DISTRIBUTED IMPACT,DAMAGED 2,12,NA,NA,NA,N,CAN TOO,CAN TOO,DISREGARD STOP AND GO SIGNAL,NA,NA,NORTH,Y,0,0,0,1,0,0,0,1,DRIVER,FRONT LEFT,POSSIBLE INJURY,37,HISPANIC,MALE,NO,SHOULDER & LAP BELT,NOT DEPLOYED,NOT APPLICABLE,N,NONE,NA,NA,NONE,NOT APPLICABLE,NOT APPLICABLE,,DRIVER LICENSE,Texas,CLASS C,78550
14957396,2,MOTOR VEHICLE,N,Y,TX,1G4PR5SK9F4108646,NA,WHI,BUICK,VERANO,"PASSENGER CAR, 4-DOOR",N,78596,1,PROOF OF LIABILITY INSURANCE,DISTRIBUTED LEFT SIDE DAMAGE PARALLEL IMPACT,DAMAGED 3,12,DISTRIBUTED RIGHT SIDE DAMAGE PARALLEL IMPACT,DAMAGED 1 MINIMUM,12,Y,A & R TOWING 956-223-6893,"3100 E BUS HWY 83, DONNA, TX 78537",WRONG SIDE - NOT PASSING,DRIVER INATTENTION,DISTRACTION IN VEHICLE,NORTH,Y,0,0,0,1,0,0,0,1,DRIVER,FRONT LEFT,NOT INJURED,21,HISPANIC,MALE,NO,SHOULDER & LAP BELT,NOT DEPLOYED,NOT APPLICABLE,N,NONE,NA,NA,NONE,NOT APPLICABLE,NOT APPLICABLE,,DRIVER LICENSE,Texas,CLASS C,78596
14957396,1,MOTOR VEHICLE,N,Y,TX,1FAFP34N35W296445,2005,SIL,FORD,FOCUS,"PASSENGER CAR, 4-DOOR",N,78570,2,NA,DISTRIBUTED LEFT SIDE DAMAGE PARALLEL IMPACT,DAMAGED 3,12,NA,NA,NA,Y,BAZAN & SONS TOWING 956-262-4001,"802 W HWY 107 ELSA, TX 78543",NONE,NA,NA,SOUTH,Y,0,0,0,4,0,0,0,1,DRIVER,FRONT LEFT,NOT INJURED,21,HISPANIC,MALE,NO,SHOULDER & LAP BELT,NOT DEPLOYED,NOT APPLICABLE,N,NONE,NA,NA,NONE,NOT APPLICABLE,NOT APPLICABLE,,DRIVER LICENSE,Texas,CLASS C,78596
14965358,1,MOTOR VEHICLE,N,Y,TX,1G3NL52E9XC331722,1999,BLU,OLDSMOBILE,ALERO,"PASSENGER CAR, 4-DOOR",N,77373,1,LIABILITY INSURANCE POLICY,LEFT FRONT QUARTER DAMAGE ANGULAR IMPACT,DAMAGED 1 MINIMUM,10,NA,NA,NA,Y,DROVE AWAY,DROVE AWAY,FLEEING OR EVADING POLICE,NA,NA,SOUTHEAST,Y,0,0,0,1,0,0,0,1,DRIVER,FRONT LEFT,NOT INJURED,25,WHITE,MALE,NO,SHOULDER & LAP BELT,NOT DEPLOYED,NOT APPLICABLE,N,NONE,NA,NA,NONE,NOT APPLICABLE,NOT APPLICABLE,,DRIVER LICENSE,Texas,CLASS C,78336
14867981,1,MOTOR VEHICLE,N,Y,TX,KNDPC3A27D7425235,NA,GRY,KIA,SPORTAGE,UNKNOWN,N,75028,1,PROOF OF LIABILITY INSURANCE,FRONT END DAMAGE CONCENTRATED IMPACT,DAMAGED 4,12,NA,NA,NA,N,,,FATIGUED OR ASLEEP,NA,HAD BEEN DRINKING,SOUTH,Y,0,0,0,1,0,0,0,1,DRIVER,FRONT LEFT,NOT INJURED,43,HISPANIC,MALE,NO,SHOULDER & LAP BELT,NOT DEPLOYED,NOT APPLICABLE,N,NONE,NA,NA,NONE,NOT APPLICABLE,NOT APPLICABLE,,DRIVER LICENSE,Texas,CLASS C,75028
14930546,1,MOTOR VEHICLE,N,Y,TX,4A3AA46H12E079543,2002,WHI,MITSUBISHI,GALANT,"PASSENGER CAR, 4-DOOR",N,79412,2,NA,LEFT FRONT QUARTER DAMAGE ANGULAR IMPACT,DAMAGED 1 MINIMUM,11,RIGHT FRONT QUARTER DAMAGE ANGULAR IMPACT,DAMAGED 1 MINIMUM,1,N,LUBBOCK WRECKER,LUBBOCK WRECKER  3209 SLATON HWY   806-7,FAILED TO DRIVE IN SINGLE LANE,NA,NA,NORTHEAST,Y,0,0,0,1,0,0,0,1,DRIVER,FRONT LEFT,NOT INJURED,31,WHITE,FEMALE,NO,SHOULDER & LAP BELT,NOT DEPLOYED,NOT APPLICABLE,N,NONE,NA,NA,NONE,NOT APPLICABLE,NOT APPLICABLE,,DRIVER LICENSE,Texas,CLASS C,
14982524,1,MOTOR VEHICLE,N,Y,TX,1FTRX07LXXKC14818,1999,WHI,FORD,F150,PICKUP,N,78130,1,PROOF OF LIABILITY INSURANCE,RIGHT SIDE DAMAGE ANGULAR IMPACT,DAMAGED 2,4,NA,NA,NA,N,DRIVEN AWAY,1112 FOX RUN CIRCLE,TURNED IMPROPERLY - WRONG LANE,NA,NA,WEST,Y,0,0,0,1,0,0,0,1,DRIVER,FRONT LEFT,NOT INJURED,21,HISPANIC,MALE,NO,SHOULDER & LAP BELT,NOT DEPLOYED,NOT APPLICABLE,N,NONE,NA,NA,NONE,NOT APPLICABLE,NOT APPLICABLE,,DRIVER LICENSE,Texas,CLASS C,78130
14982524,1,MOTOR VEHICLE,N,Y,TX,1FTRX07LXXKC14818,1999,WHI,FORD,F150,PICKUP,N,78130,1,PROOF OF LIABILITY INSURANCE,RIGHT SIDE DAMAGE ANGULAR IMPACT,DAMAGED 2,4,NA,NA,NA,N,DRIVEN AWAY,1112 FOX RUN CIRCLE,TURNED IMPROPERLY - WRONG LANE,NA,NA,WEST,Y,0,0,0,1,0,0,0,1,DRIVER,FRONT LEFT,NOT INJURED,54,WHITE,MALE,NO,SHOULDER & LAP BELT,NOT DEPLOYED,NOT APPLICABLE,N,NONE,NA,NA,NONE,NOT APPLICABLE,NOT APPLICABLE,,DRIVER LICENSE,Minnesota,OTHER/OUT OF STATE,78109
14856536,1,MOTOR VEHICLE,N,Y,TX,1GCWGGFA8D1103701,NA,WHI,FORD,NA,VAN,N,,NA,NA,NA,NA,NA,NA,NA,NA,,,,NONE,NA,NA,EAST,Y,0,0,0,0,1,0,0,1,DRIVER,FRONT LEFT,NOT INJURED,67,BLACK,MALE,NO,SHOULDER & LAP BELT,NOT DEPLOYED,NOT APPLICABLE,N,NONE,NA,NA,NONE,NOT APPLICABLE,NOT APPLICABLE,,DRIVER LICENSE,Texas,CLASS C,79110
14856536,1,MOTOR VEHICLE,N,Y,TX,1GCWGGFA8D1103701,NA,WHI,FORD,NA,VAN,N,,NA,NA,NA,NA,NA,NA,NA,NA,,,,NONE,NA,NA,EAST,Y,0,0,0,0,1,0,0,1,DRIVER,FRONT LEFT,NOT INJURED,68,WHITE,FEMALE,NO,SHOULDER & LAP BELT,NOT DEPLOYED,NOT APPLICABLE,N,NONE,NA,NA,NONE,NOT APPLICABLE,NOT APPLICABLE,,DRIVER LICENSE,Texas,CLASS C,79109
14859594,1,MOTOR VEHICLE,N,Y,TX,JA3AY26C5YU010729,2000,GRN,MITSUBISHI,MIRAGE,"PASSENGER CAR, 4-DOOR",N,,2,NA,FRONT END (LEFT) DAMAGE PARTIAL CONTACT,DAMAGED 3,10,NA,NA,NA,Y,CORNISH WRECKER,2500 BRENNAN,DISREGARD STOP AND GO SIGNAL,NA,UNDER INFLUENCE - ALCOHOL,EAST,Y,0,0,0,1,0,0,0,1,DRIVER,FRONT LEFT,NOT INJURED,39,BLACK,MALE,NO,UNKNOWN,NOT DEPLOYED,NOT APPLICABLE,N,NONE,NA,NA,NONE,NOT APPLICABLE,NOT APPLICABLE,,DRIVER LICENSE,Texas,CLASS C,76123
14859594,1,MOTOR VEHICLE,N,Y,TX,JA3AY26C5YU010729,2000,GRN,MITSUBISHI,MIRAGE,"PASSENGER CAR, 4-DOOR",N,,2,NA,FRONT END (LEFT) DAMAGE PARTIAL CONTACT,DAMAGED 3,10,NA,NA,NA,Y,CORNISH WRECKER,2500 BRENNAN,DISREGARD STOP AND GO SIGNAL,NA,UNDER INFLUENCE - ALCOHOL,EAST,Y,0,0,0,1,0,0,0,1,DRIVER,FRONT LEFT,NOT INJURED,59,BLACK,FEMALE,NO,SHOULDER & LAP BELT,NOT DEPLOYED,NOT APPLICABLE,N,NONE,NA,NA,NONE,NOT APPLICABLE,NOT APPLICABLE,,DRIVER LICENSE,Texas,CLASS C,76140
14922828,1,MOTOR VEHICLE,N,Y,TX,3LNHM26T07R633415,2007,GLD,LINCOLN,MKZ,UNKNOWN,N,,1,PROOF OF LIABILITY INSURANCE,FRONT END (RIGHT)  DAMAGE PARTIAL CONTACT,DAMAGED 4,12,RIGHT FRONT QUARTER DAMAGE ANGULAR IMPACT,DAMAGED 4,1,N,DRIVER,DRIVEN AWAY,DRIVER INATTENTION,FAILED TO YIELD ROW - STOP SIGN,NA,SOUTH,Y,0,0,0,1,0,0,0,1,DRIVER,FRONT LEFT,NOT INJURED,17,BLACK,MALE,NOT APPLICABLE,SHOULDER & LAP BELT,NOT DEPLOYED,NOT APPLICABLE,N,NONE,NA,NA,NONE,NOT APPLICABLE,NOT APPLICABLE,,DRIVER LICENSE,Texas,CLASS C,77905
14922828,1,MOTOR VEHICLE,N,Y,TX,3LNHM26T07R633415,2007,GLD,LINCOLN,MKZ,UNKNOWN,N,,1,PROOF OF LIABILITY INSURANCE,FRONT END (RIGHT)  DAMAGE PARTIAL CONTACT,DAMAGED 4,12,RIGHT FRONT QUARTER DAMAGE ANGULAR IMPACT,DAMAGED 4,1,N,DRIVER,DRIVEN AWAY,DRIVER INATTENTION,FAILED TO YIELD ROW - STOP SIGN,NA,SOUTH,Y,0,0,0,1,0,0,0,1,DRIVER,FRONT LEFT,NOT INJURED,33,WHITE,FEMALE,NO,SHOULDER & LAP BELT,NOT DEPLOYED,NOT APPLICABLE,N,NONE,NA,NA,NONE,NOT APPLICABLE,NOT APPLICABLE,,DRIVER LICENSE,Texas,CLASS C,77379
14922922,1,MOTOR VEHICLE,N,Y,TX,1D7HA16K44J264777,2004,WHI,DODGE,RAM 1500,"PASSENGER CAR, 2-DOOR",N,75684,1,PROOF OF LIABILITY INSURANCE,FRONT END (LEFT) DAMAGE PARTIAL CONTACT,DAMAGED 1 MINIMUM,10,NA,NA,NA,Y,GOODMAN'S WRECKERS SERVICE,"1600 INDUSTRIAL BLVD KILGORE, TX. 75662",FAILED TO CONTROL SPEED,FAILED TO YIELD ROW - OPEN INTERSECTION,NA,NORTH,Y,0,0,0,1,0,0,0,1,DRIVER,FRONT LEFT,NOT INJURED,50,WHITE,MALE,NO,SHOULDER & LAP BELT,NOT DEPLOYED,NOT APPLICABLE,N,BLOOD,NA,NA,NONE,NOT APPLICABLE,NOT APPLICABLE,,DRIVER LICENSE,Texas,CLASS C,75684
14922922,1,MOTOR VEHICLE,N,Y,TX,1D7HA16K44J264777,2004,WHI,DODGE,RAM 1500,"PASSENGER CAR, 2-DOOR",N,75684,1,PROOF OF LIABILITY INSURANCE,FRONT END (LEFT) DAMAGE PARTIAL CONTACT,DAMAGED 1 MINIMUM,10,NA,NA,NA,Y,GOODMAN'S WRECKERS SERVICE,"1600 INDUSTRIAL BLVD KILGORE, TX. 75662",FAILED TO CONTROL SPEED,FAILED TO YIELD ROW - OPEN INTERSECTION,NA,NORTH,Y,0,0,0,1,0,0,0,1,DRIVER,FRONT LEFT,POSSIBLE INJURY,27,WHITE,FEMALE,NO,SHOULDER & LAP BELT,NOT APPLICABLE,NOT APPLICABLE,N,NONE,NA,NA,NONE,NOT APPLICABLE,NOT APPLICABLE,,DRIVER LICENSE,Texas,CLASS C,75975
14923502,1,MOTOR VEHICLE,N,Y,TX,JTHBK262172026935,2007,SIL,LEXUS,IS 250,"PASSENGER CAR, 4-DOOR",N,,1,LIABILITY INSURANCE POLICY,BACK END DAMAGE DISTRIBUTED IMPACT,DAMAGED 2,2,FRONT END DAMAGE DISTRIBUTED IMPACT,DAMAGED 2,2,N,PG WRECKER,3551 ALMEDA GENOIA,FLEEING OR EVADING POLICE,NA,NA,SOUTH,Y,0,0,0,1,0,0,0,1,DRIVER,FRONT LEFT,NOT INJURED,47,BLACK,MALE,NO,SHOULDER & LAP BELT,UNKNOWN,NOT APPLICABLE,N,NONE,NA,NA,NONE,NOT APPLICABLE,NOT APPLICABLE,,DRIVER LICENSE,Texas,CLASS C,
14953357,3,MOTOR VEHICLE,N,Y,UN,,NA,RED,UNKNOWN,UNKNOWN,TRUCK TRACTOR,N,,2,NA,DISTRIBUTED LEFT SIDE DAMAGE PARALLEL IMPACT,NA,NA,NA,NA,NA,N,DRIVER,FLED FROM SCENE,NONE,NA,NA,WEST,N,0,0,0,0,1,0,0,1,DRIVER,FRONT LEFT,POSSIBLE INJURY,55,WHITE,FEMALE,NO,SHOULDER & LAP BELT,NOT DEPLOYED,NOT APPLICABLE,N,NONE,NA,NA,NONE,NOT APPLICABLE,NOT APPLICABLE,,DRIVER LICENSE,Texas,CLASS C,75182
14953357,3,MOTOR VEHICLE,N,Y,UN,,NA,RED,UNKNOWN,UNKNOWN,TRUCK TRACTOR,N,,2,NA,DISTRIBUTED LEFT SIDE DAMAGE PARALLEL IMPACT,NA,NA,NA,NA,NA,N,DRIVER,FLED FROM SCENE,NONE,NA,NA,WEST,N,0,0,0,0,1,0,0,1,DRIVER,FRONT LEFT,POSSIBLE INJURY,55,WHITE,FEMALE,NO,SHOULDER & LAP BELT,NOT DEPLOYED,NOT APPLICABLE,N,NONE,NA,NA,NONE,NOT APPLICABLE,NOT APPLICABLE,,DRIVER LICENSE,Texas,CLASS C,75182
14964593,2,MOTOR VEHICLE,N,Y,UN,JHLRD28471S014467,2001,99,HONDA,CR-V,SPORT UTILITY VEHICLE,N,77031,1,LIABILITY INSURANCE POLICY,RIGHT FRONT QUARTER DAMAGE ANGULAR IMPACT,DAMAGED 4,10,NA,NA,NA,Y,FALCON TOWING AND RECOVERY,2305 LYONS,DISREGARD STOP AND GO SIGNAL,NA,UNDER INFLUENCE - ALCOHOL,EAST,Y,0,0,0,1,0,0,0,1,DRIVER,FRONT LEFT,NOT INJURED,24,WHITE,MALE,NO,SHOULDER & LAP BELT,NOT DEPLOYED,NOT APPLICABLE,N,NONE,NA,NA,NONE,NOT APPLICABLE,NOT APPLICABLE,,DRIVER LICENSE,Texas,CLASS C,77075
14949362,1,MOTOR VEHICLE,N,Y,UN,5TFRT54137X009999,2007,99,UNKNOWN,UNKNOWN,UNKNOWN,N,77080,1,PROOF OF LIABILITY INSURANCE,LEFT BACK QUARTER DAMAGE ANGULAR IMPACT,DAMAGED 1 MINIMUM,9,NA,NA,NA,Y,US AUTO CONNECTION,6125 INDUSTRIAL WAY,DISREGARD STOP AND GO SIGNAL,UNDER INFLUENCE - ALCOHOL,NA,NORTHEAST,Y,0,0,0,1,0,0,0,1,DRIVER,FRONT LEFT,NOT INJURED,23,WHITE,MALE,NO,SHOULDER & LAP BELT,NOT DEPLOYED,NOT APPLICABLE,N,BLOOD,Negative,0,BLOOD,UNKNOWN,UNKNOWN,,DRIVER LICENSE,Texas,CLASS C,77080
14949362,1,MOTOR VEHICLE,N,Y,UN,5TFRT54137X009999,2007,99,UNKNOWN,UNKNOWN,UNKNOWN,N,77080,1,PROOF OF LIABILITY INSURANCE,LEFT BACK QUARTER DAMAGE ANGULAR IMPACT,DAMAGED 1 MINIMUM,9,NA,NA,NA,Y,US AUTO CONNECTION,6125 INDUSTRIAL WAY,DISREGARD STOP AND GO SIGNAL,UNDER INFLUENCE - ALCOHOL,NA,NORTHEAST,Y,0,0,0,1,0,0,0,1,DRIVER,FRONT LEFT,NOT INJURED,23,WHITE,MALE,NO,SHOULDER & LAP BELT,NOT DEPLOYED,NOT APPLICABLE,N,BLOOD,Negative,0,BLOOD,UNKNOWN,UNKNOWN,,DRIVER LICENSE,Texas,CLASS C,77080
14949362,1,MOTOR VEHICLE,N,Y,UN,5TFRT54137X009999,2007,99,UNKNOWN,UNKNOWN,UNKNOWN,N,77080,1,PROOF OF LIABILITY INSURANCE,LEFT BACK QUARTER DAMAGE ANGULAR IMPACT,DAMAGED 1 MINIMUM,9,NA,NA,NA,Y,US AUTO CONNECTION,6125 INDUSTRIAL WAY,DISREGARD STOP AND GO SIGNAL,UNDER INFLUENCE - ALCOHOL,NA,NORTHEAST,Y,0,0,0,1,0,0,0,1,DRIVER,FRONT LEFT,NOT INJURED,29,WHITE,FEMALE,NO,SHOULDER & LAP BELT,NOT DEPLOYED,NOT APPLICABLE,N,NONE,NA,NA,NONE,NOT APPLICABLE,NOT APPLICABLE,,DRIVER LICENSE,Texas,CLASS C,77474
14949362,1,MOTOR VEHICLE,N,Y,UN,5TFRT54137X009999,2007,99,UNKNOWN,UNKNOWN,UNKNOWN,N,77080,1,PROOF OF LIABILITY INSURANCE,LEFT BACK QUARTER DAMAGE ANGULAR IMPACT,DAMAGED 1 MINIMUM,9,NA,NA,NA,Y,US AUTO CONNECTION,6125 INDUSTRIAL WAY,DISREGARD STOP AND GO SIGNAL,UNDER INFLUENCE - ALCOHOL,NA,NORTHEAST,Y,0,0,0,1,0,0,0,1,DRIVER,FRONT LEFT,NOT INJURED,29,WHITE,FEMALE,NO,SHOULDER & LAP BELT,NOT DEPLOYED,NOT APPLICABLE,N,NONE,NA,NA,NONE,NOT APPLICABLE,NOT APPLICABLE,,DRIVER LICENSE,Texas,CLASS C,77474
14965045,1,MOTOR VEHICLE,N,Y,TX,2FDHF37M3PCA16476,1993,BGE,FORD,F350,PICKUP,N,75851,2,NA,FRONT END (RIGHT)  DAMAGE PARTIAL CONTACT,DAMAGED 2,2,NA,NA,NA,Y,BAYTOWN COLLISSION,"5552 N. MAIN BAYTOWN, TX 77521",CHANGED LANE WHEN UNSAFE,NA,NA,SOUTH,Y,0,0,0,1,0,0,0,1,DRIVER,FRONT LEFT,NOT INJURED,61,WHITE,MALE,NO,SHOULDER & LAP BELT,NOT DEPLOYED,NOT APPLICABLE,N,BREATH,Negative,0.024,NONE,NOT APPLICABLE,NOT APPLICABLE,,DRIVER LICENSE,Texas,CLASS C,75851
14965045,1,MOTOR VEHICLE,N,Y,TX,2FDHF37M3PCA16476,1993,BGE,FORD,F350,PICKUP,N,75851,2,NA,FRONT END (RIGHT)  DAMAGE PARTIAL CONTACT,DAMAGED 2,2,NA,NA,NA,Y,BAYTOWN COLLISSION,"5552 N. MAIN BAYTOWN, TX 77521",CHANGED LANE WHEN UNSAFE,NA,NA,SOUTH,Y,0,0,0,1,0,0,0,1,DRIVER,FRONT LEFT,NOT INJURED,35,WHITE,FEMALE,NO,SHOULDER & LAP BELT,NOT DEPLOYED,NOT APPLICABLE,N,NONE,NA,NA,NONE,NOT APPLICABLE,NOT APPLICABLE,,DRIVER LICENSE,Texas,CLASS C,77015
14986125,1,MOTOR VEHICLE,N,Y,TX,1GYEC63T35R118465,2005,WHI,CADILLAC,ESCALADE,SPORT UTILITY VEHICLE,N,77053,1,LIABILITY INSURANCE POLICY,FRONT END (RIGHT)  DAMAGE PARTIAL CONTACT,DAMAGED 3,NA,NA,NA,NA,Y,DIST 4 AUTO TOW #797,"5463 ADDICKS SATSUMA HOUSTON, TX 77084",UNDER INFLUENCE - ALCOHOL,NA,NA,WEST,Y,0,0,0,1,0,0,0,1,PEDESTRIAN,"PEDESTRIAN, PEDALCYCLIST, OR MOTORIZED CONVEYANCE",NON-INCAPACITATING INJURY,45,WHITE,MALE,NOT APPLICABLE,NOT APPLICABLE,NOT APPLICABLE,NOT APPLICABLE,N,NONE,NA,NA,NONE,NOT APPLICABLE,NOT APPLICABLE,,COMMERCIAL DRIVER LIC.,Texas,CLASS A AND M,77084
14877692,1,MOTOR VEHICLE,N,Y,TX,1G3GS64C214197666,2001,MAR,OLDSMOBILE,AURORA,"PASSENGER CAR, 4-DOOR",N,79423,2,NA,RIGHT FRONT QUARTER DAMAGE ANGULAR IMPACT,DAMAGED 2,1,NA,NA,NA,N,LUBBOCK WRECKER,LUBBOCK WRECKER  3209 SLATON HWY   806-7,FAILED TO DRIVE IN SINGLE LANE,NA,NA,NORTHWEST,Y,0,0,0,0,1,0,0,1,DRIVER,FRONT LEFT,UNKNOWN,22,WHITE,FEMALE,NO,UNKNOWN,NOT DEPLOYED,NOT APPLICABLE,N,NONE,NA,NA,NONE,NOT APPLICABLE,NOT APPLICABLE,,DRIVER LICENSE,Texas,CLASS C,79423
14886277,1,MOTOR VEHICLE,N,Y,TX,KNJLT05H8V6201150,1997,RED,FORD,ASPIRE,UNKNOWN,N,78550,1,PROOF OF LIABILITY INSURANCE,FRONT END (RIGHT)  DAMAGE PARTIAL CONTACT,DAMAGED 1 MINIMUM,1,NA,NA,NA,N,NOT TOWED,,NA,NA,OTHER (EXPLAIN IN NARRATIVE),SOUTH,Y,0,0,0,1,0,0,0,1,DRIVER,FRONT LEFT,NOT INJURED,63,HISPANIC,MALE,NO,SHOULDER & LAP BELT,NOT DEPLOYED,NOT APPLICABLE,N,NONE,NA,NA,NONE,NOT APPLICABLE,NOT APPLICABLE,,DRIVER LICENSE,Texas,CLASS C,78550
14902207,2,MOTOR VEHICLE,N,Y,TX,2B3KA43G98H266583,NA,GRY,DODGE,CHARGER,"PASSENGER CAR, 4-DOOR",N,77957,1,PROOF OF LIABILITY INSURANCE,FRONT END DAMAGE DISTRIBUTED IMPACT,DAMAGED 3,12,NA,NA,NA,N,DRIVER,AWAY FROM SCENE,FAILED TO CONTROL SPEED,NA,ILL (EXPLAIN IN NARRATIVE),NORTHWEST,Y,0,0,0,1,0,0,0,1,DRIVER,FRONT LEFT,POSSIBLE INJURY,50,WHITE,FEMALE,NO,SHOULDER & LAP BELT,NOT DEPLOYED,NOT APPLICABLE,N,NONE,NA,NA,NONE,NOT APPLICABLE,NOT APPLICABLE,,DRIVER LICENSE,Texas,CLASS A,77656
14902207,2,MOTOR VEHICLE,N,Y,TX,2B3KA43G98H266583,NA,GRY,DODGE,CHARGER,"PASSENGER CAR, 4-DOOR",N,77957,1,PROOF OF LIABILITY INSURANCE,FRONT END DAMAGE DISTRIBUTED IMPACT,DAMAGED 3,12,NA,NA,NA,N,DRIVER,AWAY FROM SCENE,FAILED TO CONTROL SPEED,NA,ILL (EXPLAIN IN NARRATIVE),NORTHWEST,Y,0,0,0,1,0,0,0,1,DRIVER,FRONT LEFT,NOT INJURED,37,BLACK,MALE,NO,SHOULDER & LAP BELT,"DEPLOYED, FRONT",NOT APPLICABLE,N,NONE,NA,NA,NONE,NOT APPLICABLE,NOT APPLICABLE,,DRIVER LICENSE,Texas,CLASS C,77957
14910984,1,MOTOR VEHICLE,N,Y,TX,JN8AR05Y0WW287651,1998,GLD,NISSAN,PATHFINDER,SPORT UTILITY VEHICLE,N,,1,LIABILITY INSURANCE POLICY,FRONT END DAMAGE CONCENTRATED IMPACT,DAMAGED 2,NA,NA,NA,NA,N,DRIVEN AWAY,BY DRIVER,FAILED TO CONTROL SPEED,NA,FOLLOWED TOO CLOSELY,NORTHWEST,Y,0,0,0,1,0,0,0,1,DRIVER,FRONT LEFT,NOT INJURED,23,WHITE,FEMALE,NO,UNKNOWN,UNKNOWN,NOT APPLICABLE,N,NONE,NA,NA,NONE,NOT APPLICABLE,NOT APPLICABLE,,DRIVER LICENSE,Texas,CLASS C,76063
14910984,1,MOTOR VEHICLE,N,Y,TX,JN8AR05Y0WW287651,1998,GLD,NISSAN,PATHFINDER,SPORT UTILITY VEHICLE,N,,1,LIABILITY INSURANCE POLICY,FRONT END DAMAGE CONCENTRATED IMPACT,DAMAGED 2,NA,NA,NA,NA,N,DRIVEN AWAY,BY DRIVER,FAILED TO CONTROL SPEED,NA,FOLLOWED TOO CLOSELY,NORTHWEST,Y,0,0,0,1,0,0,0,1,DRIVER,FRONT LEFT,NOT INJURED,29,HISPANIC,FEMALE,NO,SHOULDER & LAP BELT,NOT DEPLOYED,NOT APPLICABLE,N,NONE,NA,NA,NONE,NOT APPLICABLE,NOT APPLICABLE,,DRIVER LICENSE,Texas,CLASS C,76155
14952753,4,MOTOR VEHICLE,N,Y,TX,3FA6P0HR9DR193415,NA,WHI,FORD,FUSION,"PASSENGER CAR, 4-DOOR",N,75442,1,PROOF OF LIABILITY INSURANCE,FRONT END DAMAGE DISTRIBUTED IMPACT,NA,NA,NA,NA,NA,N,UNKNOWN,FLED THE SCENE,FOLLOWED TOO CLOSELY,NA,NA,WEST,N,0,0,0,0,1,0,0,1,DRIVER,FRONT LEFT,NOT INJURED,48,WHITE,MALE,NO,SHOULDER & LAP BELT,NOT DEPLOYED,NOT APPLICABLE,N,NONE,NA,NA,NONE,NOT APPLICABLE,NOT APPLICABLE,,DRIVER LICENSE,Texas,CLASS C,75474