CRASH_ID,UNIT_NBR,UNIT_DESC_ID,VEH_PARKED_FL,VEH_HNR_FL,VEH_LIC_STATE_ID,VIN,VEH_MOD_YEAR,VEH_COLOR_ID,VEH_MAKE_ID,VEH_MOD_ID,VEH_BODY_STYL_ID,EMER_RESPNDR_FL,OWNR_ZIP,FIN_RESP_PROOF_ID,FIN_RESP_TYPE_ID,VEH_DMAG_AREA_1_ID,VEH_DMAG_SCL_1_ID,FORCE_DIR_1_ID,VEH_DMAG_AREA_2_ID,VEH_DMAG_SCL_2_ID,FORCE_DIR_2_ID,VEH_INVENTORIED_FL,VEH_TRANSP_NAME,VEH_TRANSP_DEST,CONTRIB_FACTR_1_ID,CONTRIB_FACTR_2_ID,CONTRIB_FACTR_P1_ID,VEH_TRVL_DIR_ID,FIRST_HARM_EVT_INV_ID,INCAP_INJRY_CNT,NONINCAP_INJRY_CNT,POSS_INJRY_CNT,NON_INJRY_CNT,UNKN_INJRY_CNT,TOT_INJRY_CNT,DEATH_CNT,PRSN_NBR,PRSN_TYPE_ID,PRSN_OCCPNT_POS_ID,PRSN_INJRY_SEV_ID,PRSN_AGE,PRSN_ETHNICITY_ID,PRSN_GNDR_ID,PRSN_EJCT_ID,PRSN_REST_ID,PRSN_AIRBAG_ID,PRSN_HELMET_ID,PRSN_SOL_FL,PRSN_ALC_SPEC_TYPE_ID,PRSN_ALC_RSLT_ID,PRSN_BAC_TEST_RSLT,PRSN_DRG_SPEC_TYPE_ID,PRSN_DRG_RSLT_ID,DRVR_DRG_CAT_1_ID,PRSN_DEATH_TIME,DRVR_LIC_TYPE_ID,DRVR_LIC_STATE_ID,DRVR_LIC_CLS_ID,DRVR_ZIP
14964087,2,MOTOR VEHICLE,N,Y,UN,,NA,99,NA,NA,UNKNOWN,N,,NA,NA,NA,NA,NA,NA,NA,NA,N,,,NONE,NA,NA,WEST,Y,0,0,0,0,1,0,0,1,DRIVER,FRONT LEFT,NOT INJURED,45,HISPANIC,FEMALE,NO,SHOULDER & LAP BELT,NOT DEPLOYED,NOT APPLICABLE,N,NONE,NA,NA,NONE,NOT APPLICABLE,NOT APPLICABLE,,DRIVER LICENSE,Texas,CLASS C,75217
14964087,2,MOTOR VEHICLE,N,Y,UN,,NA,99,NA,NA,UNKNOWN,N,,NA,NA,NA,NA,NA,NA,NA,NA,N,,,NONE,NA,NA,WEST,Y,0,0,0,0,1,0,0,1,DRIVER,FRONT LEFT,NOT INJURED,54,HISPANIC,FEMALE,NO,SHOULDER & LAP BELT,NOT DEPLOYED,NOT APPLICABLE,N,NONE,NA,NA,NONE,NOT APPLICABLE,NOT APPLICABLE,,DRIVER LICENSE,Texas,CLASS C,75217
14970454,3,MOTOR VEHICLE,N,Y,UN,,NA,99,NA,NA,UNKNOWN,N,,NA,NA,NA,NA,NA,NA,NA,NA,,,,NONE,NA,NA,EAST,Y,0,0,0,0,1,0,0,1,DRIVER,FRONT LEFT,NOT INJURED,23,HISPANIC,MALE,NO,SHOULDER & LAP BELT,NOT DEPLOYED,NOT APPLICABLE,N,NONE,NA,NA,NONE,NOT APPLICABLE,NOT APPLICABLE,,DRIVER LICENSE,Texas,CLASS C,76014
14970454,1,MOTOR VEHICLE,N,Y,TX,JT3GN86R6T0008147,1996,WHI,TOYOTA,4RUNNER,SPORT UTILITY VEHICLE,N,78744,1,PROOF OF LIABILITY INSURANCE,FRONT END DAMAGE CONCENTRATED IMPACT,DAMAGED 1 MINIMUM,NA,BACK END DAMAGE CONCENTRATED IMPACT,DAMAGED 1 MINIMUM,NA,N,,,BACKED WITHOUT SAFETY,UNDER INFLUENCE - ALCOHOL,NA,EAST,Y,0,0,0,1,0,0,0,1,DRIVER,FRONT LEFT,NOT INJURED,23,HISPANIC,MALE,NO,SHOULDER & LAP BELT,NOT DEPLOYED,NOT APPLICABLE,N,NONE,NA,NA,NONE,NOT APPLICABLE,NOT APPLICABLE,,DRIVER LICENSE,Texas,CLASS C,76014
14910743,1,MOTOR VEHICLE,N,Y,TX,4T1BE32K36U149297,2006,BGE,TOYOTA,CAMRY,"PASSENGER CAR, 4-DOOR",N,75070,2,NA,FRONT END DAMAGE DISTRIBUTED IMPACT,DAMAGED 2,12,LEFT FRONT QUARTER DAMAGE ANGULAR IMPACT,DAMAGED 1 MINIMUM,10,N,,LEFT AT SCENE,FAILED TO YIELD ROW - TURNING LEFT,NA,NA,WEST,Y,0,0,0,1,0,0,0,1,DRIVER,FRONT LEFT,NOT INJURED,46,WHITE,FEMALE,NO,SHOULDER & LAP BELT,"DEPLOYED, SIDE",NOT APPLICABLE,N,NONE,NA,NA,NONE,NOT APPLICABLE,NOT APPLICABLE,,DRIVER LICENSE,Texas,CLASS C,75002
14924089,2,MOTOR VEHICLE,N,Y,TX,2G4WS52J011182355,2001,TAN,BUICK,CENTURY,"PASSENGER CAR, 4-DOOR",N,78228,1,PROOF OF LIABILITY INSURANCE,LEFT BACK QUARTER DAMAGE ANGULAR IMPACT,DAMAGED 1 MINIMUM,9,NA,NA,NA,N,,,CHANGED LANE WHEN UNSAFE,DRIVER INATTENTION,NA,SOUTHWEST,Y,0,0,0,1,0,0,0,1,DRIVER,FRONT LEFT,NOT INJURED,34,HISPANIC,MALE,NO,SHOULDER & LAP BELT,NOT DEPLOYED,NOT APPLICABLE,N,NONE,NA,NA,NONE,NOT APPLICABLE,NOT APPLICABLE,,DRIVER LICENSE,Texas,CLASS C,78245
14924089,2,MOTOR VEHICLE,N,Y,TX,2G4WS52J011182355,2001,TAN,BUICK,CENTURY,"PASSENGER CAR, 4-DOOR",N,78228,1,PROOF OF LIABILITY INSURANCE,LEFT BACK QUARTER DAMAGE ANGULAR IMPACT,DAMAGED 1 MINIMUM,9,NA,NA,NA,N,,,CHANGED LANE WHEN UNSAFE,DRIVER INATTENTION,NA,SOUTHWEST,Y,0,0,0,1,0,0,0,1,DRIVER,FRONT LEFT,NOT INJURED,65,HISPANIC,MALE,NO,SHOULDER & LAP BELT,NOT DEPLOYED,NOT APPLICABLE,N,NONE,NA,NA,NONE,NOT APPLICABLE,NOT APPLICABLE,,DRIVER LICENSE,Texas,CLASS C,78228
14977732,2,MOTOR VEHICLE,N,Y,TX,JHMCD5633VC001888,1997,GRY,HONDA,ACCORD,"PASSENGER CAR, 4-DOOR",N,77073,2,NA,BACK END DAMAGE DISTRIBUTED IMPACT,DAMAGED 1 MINIMUM,6,FRONT END DAMAGE DISTRIBUTED IMPACT,DAMAGED 1 MINIMUM,12,N,DRIVEN AWAY,BY DRIVER,NONE,NA,NA,NORTH,Y,0,0,0,0,1,0,0,1,DRIVER,FRONT LEFT,NOT INJURED,29,WHITE,FEMALE,NO,SHOULDER & LAP BELT,NOT DEPLOYED,NOT APPLICABLE,N,NONE,NA,NA,NONE,NOT APPLICABLE,NOT APPLICABLE,,DRIVER LICENSE,Texas,CLASS C,77546
14977732,2,MOTOR VEHICLE,N,Y,TX,JHMCD5633VC001888,1997,GRY,HONDA,ACCORD,"PASSENGER CAR, 4-DOOR",N,77073,2,NA,BACK END DAMAGE DISTRIBUTED IMPACT,DAMAGED 1 MINIMUM,6,FRONT END DAMAGE DISTRIBUTED IMPACT,DAMAGED 1 MINIMUM,12,N,DRIVEN AWAY,BY DRIVER,NONE,NA,NA,NORTH,Y,0,0,0,0,1,0,0,1,DRIVER,FRONT LEFT,NOT INJURED,41,ASIAN,MALE,NO,SHOULDER & LAP BELT,NOT DEPLOYED,NOT APPLICABLE,N,NONE,NA,NA,NONE,NOT APPLICABLE,NOT APPLICABLE,,DRIVER LICENSE,Texas,CLASS C,77041
14844463,1,MOTOR VEHICLE,N,Y,TX,1FMZU67E61UA26902,2001,WHI,FORD,EXPLORER SPORT TRAC,"PASSENGER CAR, 4-DOOR",N,77612,1,PROOF OF LIABILITY INSURANCE,FRONT END (RIGHT)  DAMAGE PARTIAL CONTACT,DAMAGED 3,3,FRONT END (LEFT) DAMAGE PARTIAL CONTACT,DAMAGED 7 HIGHEST,11,Y,AUS-TEX AUTO ENTERPRISES LLC,AUS-TEX AUTO ENTERPRISES LLC,UNDER INFLUENCE - ALCOHOL,UNDER INFLUENCE - DRUG,NA,WEST,Y,0,0,0,1,0,0,0,1,DRIVER,FRONT LEFT,NOT INJURED,76,WHITE,MALE,NO,SHOULDER & LAP BELT,NOT DEPLOYED,NOT APPLICABLE,N,NONE,NA,NA,NONE,NOT APPLICABLE,NOT APPLICABLE,,DRIVER LICENSE,Texas,CLASS C,78752
14844463,1,MOTOR VEHICLE,N,Y,TX,1FMZU67E61UA26902,2001,WHI,FORD,EXPLORER SPORT TRAC,"PASSENGER CAR, 4-DOOR",N,77612,1,PROOF OF LIABILITY INSURANCE,FRONT END (RIGHT)  DAMAGE PARTIAL CONTACT,DAMAGED 3,3,FRONT END (LEFT) DAMAGE PARTIAL CONTACT,DAMAGED 7 HIGHEST,11,Y,AUS-TEX AUTO ENTERPRISES LLC,AUS-TEX AUTO ENTERPRISES LLC,UNDER INFLUENCE - ALCOHOL,UNDER INFLUENCE - DRUG,NA,WEST,Y,0,0,0,1,0,0,0,1,DRIVER,FRONT LEFT,POSSIBLE INJURY,21,BLACK,FEMALE,NO,UNKNOWN,NOT DEPLOYED,NOT APPLICABLE,N,NONE,NA,NA,NONE,NOT APPLICABLE,NOT APPLICABLE,,DRIVER LICENSE,Texas,CLASS C,78653
14852072,1,MOTOR VEHICLE,N,Y,TX,1FT7W2BT1FEB39212,NA,BLK,FORD,F250,PICKUP,N,77449,2,NA,FRONT END DAMAGE CONCENTRATED IMPACT,DAMAGED 1 MINIMUM,12,NA,NA,NA,N,ALFA TOWING,1700 BRITTMOORE,FAILED TO CONTROL SPEED,UNDER INFLUENCE - ALCOHOL,NA,NORTH,Y,0,0,0,1,0,0,0,1,DRIVER,FRONT LEFT,NOT INJURED,42,HISPANIC,MALE,NO,SHOULDER & LAP BELT,NOT DEPLOYED,NOT APPLICABLE,N,BREATH,Positive,0.17,NONE,NOT APPLICABLE,NOT APPLICABLE,,DRIVER LICENSE,Texas,CLASS C,77449
14852072,1,MOTOR VEHICLE,N,Y,TX,1FT7W2BT1FEB39212,NA,BLK,FORD,F250,PICKUP,N,77449,2,NA,FRONT END DAMAGE CONCENTRATED IMPACT,DAMAGED 1 MINIMUM,12,NA,NA,NA,N,ALFA TOWING,1700 BRITTMOORE,FAILED TO CONTROL SPEED,UNDER INFLUENCE - ALCOHOL,NA,NORTH,Y,0,0,0,1,0,0,0,1,DRIVER,FRONT LEFT,NOT INJURED,22,WHITE,FEMALE,NO,SHOULDER & LAP BELT,NOT DEPLOYED,NOT APPLICABLE,N,NONE,NA,NA,NONE,NOT APPLICABLE,NOT APPLICABLE,,DRIVER LICENSE,Texas,CLASS C,78155
14865265,1,MOTOR VEHICLE,N,Y,UN,1GMDX03E81D279529,2001,99,PONTIAC,MONTANA,UNKNOWN,N,75214,2,NA,DISTRIBUTED RIGHT SIDE DAMAGE PARALLEL IMPACT,DAMAGED 2,1,FRONT END (RIGHT)  DAMAGE PARTIAL CONTACT,DAMAGED 3,1,N,,,FAILED TO CONTROL SPEED,FAILED TO DRIVE IN SINGLE LANE,DISTRACTION IN VEHICLE,SOUTH,Y,0,1,0,0,0,1,0,1,DRIVER,FRONT LEFT,NON-INCAPACITATING INJURY,41,WHITE,FEMALE,NO,NONE,NOT DEPLOYED,NOT APPLICABLE,N,NONE,NA,NA,NONE,NOT APPLICABLE,NOT APPLICABLE,,DRIVER LICENSE,Texas,CLASS C,75214
14955641,1,MOTOR VEHICLE,N,Y,TX,,1999,WHI,NISSAN,ALTIMA,"PASSENGER CAR, 4-DOOR",N,77304,1,LIABILITY INSURANCE POLICY,FRONT END DAMAGE CONCENTRATED IMPACT,DAMAGED 1 MINIMUM,12,NA,NA,NA,N,,,DRIVER INATTENTION,NA,NA,SOUTH,Y,0,0,0,1,0,0,0,1,DRIVER,FRONT LEFT,NOT INJURED,30,WHITE,FEMALE,NO,SHOULDER & LAP BELT,NOT DEPLOYED,NOT APPLICABLE,N,NONE,NA,NA,NONE,NOT APPLICABLE,NOT APPLICABLE,,DRIVER LICENSE,Texas,CLASS C,77304
14955641,1,MOTOR VEHICLE,N,Y,TX,,1999,WHI,NISSAN,ALTIMA,"PASSENGER CAR, 4-DOOR",N,77304,1,LIABILITY INSURANCE POLICY,FRONT END DAMAGE CONCENTRATED IMPACT,DAMAGED 1 MINIMUM,12,NA,NA,NA,N,,,DRIVER INATTENTION,NA,NA,SOUTH,Y,0,0,0,1,0,0,0,1,DRIVER,FRONT LEFT,NOT INJURED,23,WHITE,FEMALE,NO,SHOULDER & LAP BELT,NOT DEPLOYED,NOT APPLICABLE,N,NONE,NA,NA,NONE,NOT APPLICABLE,NOT APPLICABLE,,DRIVER LICENSE,Texas,CLASS C,77459
14955641,1,MOTOR VEHICLE,N,Y,TX,,1999,WHI,NISSAN,ALTIMA,"PASSENGER CAR, 4-DOOR",N,77304,1,LIABILITY INSURANCE POLICY,FRONT END DAMAGE CONCENTRATED IMPACT,DAMAGED 1 MINIMUM,12,NA,NA,NA,N,,,DRIVER INATTENTION,NA,NA,SOUTH,Y,0,0,0,1,0,0,0,1,DRIVER,FRONT LEFT,NOT INJURED,29,WHITE,FEMALE,NO,SHOULDER & LAP BELT,NOT DEPLOYED,NOT APPLICABLE,N,NONE,NA,NA,NONE,NOT APPLICABLE,NOT APPLICABLE,,DRIVER LICENSE,Texas,CLASS C,77090
14951145,4,MOTOR VEHICLE,N,Y,UN,,NA,99,NA,NA,UNKNOWN,N,,NA,NA,NA,NA,NA,NA,NA,NA,,FLED SCENE,,NONE,NA,NA,SOUTH,N,0,0,0,0,1,0,0,1,DRIVER,FRONT LEFT,POSSIBLE INJURY,51,HISPANIC,MALE,NO,SHOULDER & LAP BELT,NOT DEPLOYED,NOT APPLICABLE,N,NONE,NA,NA,NONE,NOT APPLICABLE,NOT APPLICABLE,,DRIVER LICENSE,Texas,CLASS C,79936
14951145,3,MOTOR VEHICLE,N,Y,UN,,NA,99,NA,NA,UNKNOWN,N,,NA,NA,NA,NA,NA,NA,NA,NA,N,FLED,SCENE,NONE,NA,NA,SOUTH,N,0,0,0,0,1,0,0,1,DRIVER,FRONT LEFT,POSSIBLE INJURY,51,HISPANIC,MALE,NO,SHOULDER & LAP BELT,NOT DEPLOYED,NOT APPLICABLE,N,NONE,NA,NA,NONE,NOT APPLICABLE,NOT APPLICABLE,,DRIVER LICENSE,Texas,CLASS C,79936
14951145,2,MOTOR VEHICLE,N,Y,TX,3VW4S7AJ9FM346353,NA,SIL,VOLKSWAGEN,JETTA,"PASSENGER CAR, 4-DOOR",N,79932,1,PROOF OF LIABILITY INSURANCE,BACK END DAMAGE DISTRIBUTED IMPACT,DAMAGED 1 MINIMUM,NA,FRONT END DAMAGE DISTRIBUTED IMPACT,DAMAGED 1 MINIMUM,NA,N,DRIVER,TRAFFIC,NONE,NA,NA,SOUTH,Y,0,0,0,1,0,0,0,1,DRIVER,FRONT LEFT,POSSIBLE INJURY,51,HISPANIC,MALE,NO,SHOULDER & LAP BELT,NOT DEPLOYED,NOT APPLICABLE,N,NONE,NA,NA,NONE,NOT APPLICABLE,NOT APPLICABLE,,DRIVER LICENSE,Texas,CLASS C,79936
14951145,1,MOTOR VEHICLE,N,Y,TX,1G1JC12FX37250188,2003,WHI,CHEVROLET,CAVALIER,"PASSENGER CAR, 2-DOOR",N,79936,2,NA,FRONT END DAMAGE DISTRIBUTED IMPACT,DAMAGED 2,NA,BACK END DAMAGE DISTRIBUTED IMPACT,DAMAGED 1 MINIMUM,NA,Y,AD WRECKER,11615 RAILROAD,FAILED TO CONTROL SPEED,DRIVER INATTENTION,NA,SOUTH,Y,0,0,1,0,0,1,0,1,DRIVER,FRONT LEFT,POSSIBLE INJURY,51,HISPANIC,MALE,NO,SHOULDER & LAP BELT,NOT DEPLOYED,NOT APPLICABLE,N,NONE,NA,NA,NONE,NOT APPLICABLE,NOT APPLICABLE,,DRIVER LICENSE,Texas,CLASS C,79936
14951145,4,MOTOR VEHICLE,N,Y,UN,,NA,99,NA,NA,UNKNOWN,N,,NA,NA,NA,NA,NA,NA,NA,NA,,FLED SCENE,,NONE,NA,NA,SOUTH,N,0,0,0,0,1,0,0,1,DRIVER,FRONT LEFT,NOT INJURED,31,HISPANIC,MALE,NO,SHOULDER & LAP BELT,NOT DEPLOYED,NOT APPLICABLE,N,NONE,NA,NA,NONE,NOT APPLICABLE,NOT APPLICABLE,,DRIVER LICENSE,Texas,CLASS C,79922
14951145,3,MOTOR VEHICLE,N,Y,UN,,NA,99,NA,NA,UNKNOWN,N,,NA,NA,NA,NA,NA,NA,NA,NA,N,FLED,SCENE,NONE,NA,NA,SOUTH,N,0,0,0,0,1,0,0,1,DRIVER,FRONT LEFT,NOT INJURED,31,HISPANIC,MALE,NO,SHOULDER & LAP BELT,NOT DEPLOYED,NOT APPLICABLE,N,NONE,NA,NA,NONE,NOT APPLICABLE,NOT APPLICABLE,,DRIVER LICENSE,Texas,CLASS C,79922
14951145,2,MOTOR VEHICLE,N,Y,TX,3VW4S7AJ9FM346353,NA,SIL,VOLKSWAGEN,JETTA,"PASSENGER CAR, 4-DOOR",N,79932,1,PROOF OF LIABILITY INSURANCE,BACK END DAMAGE DISTRIBUTED IMPACT,DAMAGED 1 MINIMUM,NA,FRONT END DAMAGE DISTRIBUTED IMPACT,DAMAGED 1 MINIMUM,NA,N,DRIVER,TRAFFIC,NONE,NA,NA,SOUTH,Y,0,0,0,1,0,0,0,1,DRIVER,FRONT LEFT,NOT INJURED,31,HISPANIC,MALE,NO,SHOULDER & LAP BELT,NOT DEPLOYED,NOT APPLICABLE,N,NONE,NA,NA,NONE,NOT APPLICABLE,NOT APPLICABLE,,DRIVER LICENSE,Texas,CLASS C,79922
14951145,1,MOTOR VEHICLE,N,Y,TX,1G1JC12FX37250188,2003,WHI,CHEVROLET,CAVALIER,"PASSENGER CAR, 2-DOOR",N,79936,2,NA,FRONT END DAMAGE DISTRIBUTED IMPACT,DAMAGED 2,NA,BACK END DAMAGE DISTRIBUTED IMPACT,DAMAGED 1 MINIMUM,NA,Y,AD WRECKER,11615 RAILROAD,FAILED TO CONTROL SPEED,DRIVER INATTENTION,NA,SOUTH,Y,0,0,1,0,0,1,0,1,DRIVER,FRONT LEFT,NOT INJURED,31,HISPANIC,MALE,NO,SHOULDER & LAP BELT,NOT DEPLOYED,NOT APPLICABLE,N,NONE,NA,NA,NONE,NOT APPLICABLE,NOT APPLICABLE,,DRIVER LICENSE,Texas,CLASS C,79922
14979028,1,MOTOR VEHICLE,N,Y,TX,5XXGN4A74FG414232,NA,WHI,KIA,OPTIMA,"PASSENGER CAR, 4-DOOR",N,79762,1,PROOF OF LIABILITY INSURANCE,FRONT END DAMAGE DISTRIBUTED IMPACT,DAMAGED 4,1,NA,NA,NA,Y,NEAL POOL,1117 S. GRNT,FAILED TO CONTROL SPEED,NA,DRIVER INATTENTION,EAST,Y,0,1,0,0,0,1,0,1,DRIVER,FRONT LEFT,NON-INCAPACITATING INJURY,21,WHITE,FEMALE,NO,SHOULDER & LAP BELT,"DEPLOYED, FRONT",NOT APPLICABLE,N,NONE,NA,NA,NONE,NOT APPLICABLE,NOT APPLICABLE,,DRIVER LICENSE,Texas,CLASS C,79761
14982810,1,MOTOR VEHICLE,N,Y,TX,1GKEC13Z52R225272,2002,BLK,GMC,YUKON,SPORT UTILITY VEHICLE,N,78542,1,PROOF OF LIABILITY INSURANCE,FRONT END (RIGHT)  DAMAGE PARTIAL CONTACT,DAMAGED 2,1,NA,NA,NA,Y,VENTURA'S TOWING SERVICE 956-783-8188,"1300  ALBRAD AVE., PHARR, TX 78577",DISREGARD STOP SIGN OR LIGHT,UNDER INFLUENCE - ALCOHOL,NA,WEST,Y,0,0,0,1,0,0,0,1,DRIVER,FRONT LEFT,NOT INJURED,39,HISPANIC,MALE,NO,SHOULDER & LAP BELT,NOT DEPLOYED,NOT APPLICABLE,N,NONE,NA,NA,NONE,NOT APPLICABLE,NOT APPLICABLE,,DRIVER LICENSE,Texas,CLASS C,78559
14860043,1,MOTOR VEHICLE,N,Y,TX,1FTRW07L73KA36475,2003,BLU,FORD,F SERIES,PICKUP,N,76180,2,NA,FRONT END DAMAGE DISTRIBUTED IMPACT,DAMAGED 5,12,NA,NA,NA,Y,AA WRECKER SERVICE,5709 DENTON HIGHWAY,UNDER INFLUENCE - ALCOHOL,NA,NA,SOUTH,Y,0,0,1,0,0,1,0,1,DRIVER,FRONT LEFT,POSSIBLE INJURY,47,WHITE,MALE,NO,UNKNOWN,"DEPLOYED, FRONT",NOT APPLICABLE,N,BLOOD,Positive,0.27,NONE,NOT APPLICABLE,NOT APPLICABLE,,DRIVER LICENSE,Texas,CLASS C,76180
14860043,1,MOTOR VEHICLE,N,Y,TX,1FTRW07L73KA36475,2003,BLU,FORD,F SERIES,PICKUP,N,76180,2,NA,FRONT END DAMAGE DISTRIBUTED IMPACT,DAMAGED 5,12,NA,NA,NA,Y,AA WRECKER SERVICE,5709 DENTON HIGHWAY,UNDER INFLUENCE - ALCOHOL,NA,NA,SOUTH,Y,0,0,1,0,0,1,0,1,DRIVER,FRONT LEFT,NOT INJURED,27,WHITE,MALE,NO,SHOULDER & LAP BELT,NOT DEPLOYED,NOT APPLICABLE,N,NONE,NA,NA,NONE,NOT APPLICABLE,NOT APPLICABLE,,DRIVER LICENSE,Texas,CLASS C,76021
14863111,1,MOTOR VEHICLE,N,Y,TX,JN8AZ08W96W514491,2006,BLK,NISSAN,MURANO,SPORT UTILITY VEHICLE,N,75087,1,PROOF OF LIABILITY INSURANCE,FRONT END (LEFT) DAMAGE PARTIAL CONTACT,DAMAGED 1 MINIMUM,12,NA,NA,NA,N,OPERATOR,DRIVEN AWAY,CHANGED LANE WHEN UNSAFE,NA,FOLLOWED TOO CLOSELY,WEST,Y,0,0,0,1,0,0,0,1,DRIVER,FRONT LEFT,NOT INJURED,24,BLACK,FEMALE,NO,UNKNOWN,NOT DEPLOYED,NOT APPLICABLE,N,NONE,NA,NA,NONE,NOT APPLICABLE,NOT APPLICABLE,,DRIVER LICENSE,Texas,CLASS C,75203
14863111,1,MOTOR VEHICLE,N,Y,TX,JN8AZ08W96W514491,2006,BLK,NISSAN,MURANO,SPORT UTILITY VEHICLE,N,75087,1,PROOF OF LIABILITY INSURANCE,FRONT END (LEFT) DAMAGE PARTIAL CONTACT,DAMAGED 1 MINIMUM,12,NA,NA,NA,N,OPERATOR,DRIVEN AWAY,CHANGED LANE WHEN UNSAFE,NA,FOLLOWED TOO CLOSELY,WEST,Y,0,0,0,1,0,0,0,1,DRIVER,FRONT LEFT,NOT INJURED,24,WHITE,FEMALE,NO,SHOULDER & LAP BELT,NOT DEPLOYED,NOT APPLICABLE,N,NONE,NA,NA,NONE,NOT APPLICABLE,NOT APPLICABLE,,DRIVER LICENSE,Texas,CLASS C,75206
14896377,1,MOTOR VEHICLE,N,Y,TX,1FMDU32X6MUA89035,1991,WHI,FORD,EXPLORER,SPORT UTILITY VEHICLE,N,78242,1,LIABILITY INSURANCE POLICY,LEFT FRONT QUARTER DAMAGE ANGULAR IMPACT,DAMAGED 3,11,FRONT END DAMAGE DISTRIBUTED IMPACT,DAMAGED 3,12,N,CONTRACT TOWING,GROWDON POUND,DRIVER INATTENTION,HAD BEEN DRINKING,NA,SOUTH,Y,0,0,0,1,0,0,0,1,DRIVER,FRONT LEFT,NOT INJURED,22,HISPANIC,MALE,NO,UNKNOWN,NOT APPLICABLE,NOT APPLICABLE,N,BREATH,Positive,0.127,NONE,NOT APPLICABLE,NOT APPLICABLE,,DRIVER LICENSE,Texas,CLASS C,78242
14904717,1,MOTOR VEHICLE,N,Y,TX,1FTRF02267KD27795,2007,BLU,FORD,F150,PICKUP,N,76308,1,LIABILITY INSURANCE POLICY,FRONT END (LEFT) DAMAGE PARTIAL CONTACT,DAMAGED 2,11,NA,NA,NA,Y,WILLIAMS,WILLIAMS,HAD BEEN DRINKING,FAILED TO CONTROL SPEED,OTHER (EXPLAIN IN NARRATIVE),SOUTHEAST,Y,0,0,0,1,0,0,0,1,DRIVER,FRONT LEFT,NOT INJURED,25,HISPANIC,MALE,NO,OTHER (EXPLAIN IN NARRATIVE),NOT DEPLOYED,NOT APPLICABLE,N,NONE,NA,NA,NONE,NOT APPLICABLE,NOT APPLICABLE,,DRIVER LICENSE,Texas,CLASS C,76308
14954673,1,MOTOR VEHICLE,N,Y,TX,1FTHX25F0SEA83748,1995,WHI,FORD,F250,PICKUP,N,76020,1,PROOF OF LIABILITY INSURANCE,RIGHT SIDE AND TOP DAMAGE ROLLOVER EFFECTS,DAMAGED 6,3,RIGHT FRONT QUARTER DAMAGE ANGULAR IMPACT,DAMAGED 5,1,Y,HAMRICKS AUTOMOTIVE,"611 E. WALLACE   SAN SABA, TX 76877",UNDER INFLUENCE - ALCOHOL,UNSAFE SPEED,NA,SOUTHWEST,Y,0,1,0,0,0,1,0,1,DRIVER,FRONT LEFT,NON-INCAPACITATING INJURY,30,WHITE,MALE,NO,UNKNOWN,NOT DEPLOYED,NOT APPLICABLE,N,NONE,NA,NA,NONE,NOT APPLICABLE,NOT APPLICABLE,,DRIVER LICENSE,Texas,CLASS C,76020
14976436,1,MOTOR VEHICLE,N,Y,TX,NM0LS7AN0DT144191,NA,WHI,FORD,TRANSIT CONNECT XL,VAN,N,77018,1,PROOF OF LIABILITY INSURANCE,FRONT END (RIGHT)  DAMAGE PARTIAL CONTACT,DAMAGED 2,2,FRONT END DAMAGE DISTRIBUTED IMPACT,DAMAGED 2,6,N,TOWAHOLIC TOWING,14635 MINETTA,DISREGARD STOP AND GO SIGNAL,NA,NA,NORTH,Y,0,0,0,1,0,0,0,1,DRIVER,FRONT LEFT,NOT INJURED,36,BLACK,MALE,NO,SHOULDER & LAP BELT,NOT DEPLOYED,NOT APPLICABLE,N,NONE,NA,NA,NONE,NOT APPLICABLE,NOT APPLICABLE,,DRIVER LICENSE,Texas,CLASS C,77036
14976436,1,MOTOR VEHICLE,N,Y,TX,NM0LS7AN0DT144191,NA,WHI,FORD,TRANSIT CONNECT XL,VAN,N,77018,1,PROOF OF LIABILITY INSURANCE,FRONT END (RIGHT)  DAMAGE PARTIAL CONTACT,DAMAGED 2,2,FRONT END DAMAGE DISTRIBUTED IMPACT,DAMAGED 2,6,N,TOWAHOLIC TOWING,14635 MINETTA,DISREGARD STOP AND GO SIGNAL,NA,NA,NORTH,Y,0,0,0,1,0,0,0,1,DRIVER,FRONT LEFT,NOT INJURED,28,ASIAN,MALE,NO,SHOULDER & LAP BELT,NOT DEPLOYED,NOT APPLICABLE,N,NONE,NA,NA,NONE,NOT APPLICABLE,NOT APPLICABLE,,DRIVER LICENSE,Texas,CLASS C,77407
14870271,3,MOTOR VEHICLE,N,Y,UN,,NA,99,NA,NA,UNKNOWN,N,,NA,NA,FRONT END DAMAGE DISTRIBUTED IMPACT,DAMAGED 1 MINIMUM,NA,NA,NA,NA,N,FLED SCENE,,FAILED TO CONTROL SPEED,NA,NA,SOUTH,N,0,0,0,0,1,0,0,1,DRIVER,FRONT LEFT,NOT INJURED,22,WHITE,FEMALE,NO,SHOULDER & LAP BELT,"DEPLOYED, FRONT",NOT APPLICABLE,N,NONE,NA,NA,NONE,NOT APPLICABLE,NOT APPLICABLE,,DRIVER LICENSE,Texas,CLASS C,76017