CRASH_ID,UNIT_NBR,UNIT_DESC_ID,VEH_PARKED_FL,VEH_HNR_FL,VEH_LIC_STATE_ID,VIN,VEH_MOD_YEAR,VEH_COLOR_ID,VEH_MAKE_ID,VEH_MOD_ID,VEH_BODY_STYL_ID,EMER_RESPNDR_FL,OWNR_ZIP,FIN_RESP_PROOF_ID,FIN_RESP_TYPE_ID,VEH_DMAG_AREA_1_ID,VEH_DMAG_SCL_1_ID,FORCE_DIR_1_ID,VEH_DMAG_AREA_2_ID,VEH_DMAG_SCL_2_ID,FORCE_DIR_2_ID,VEH_INVENTORIED_FL,VEH_TRANSP_NAME,VEH_TRANSP_DEST,CONTRIB_FACTR_1_ID,CONTRIB_FACTR_2_ID,CONTRIB_FACTR_P1_ID,VEH_TRVL_DIR_ID,FIRST_HARM_EVT_INV_ID,INCAP_INJRY_CNT,NONINCAP_INJRY_CNT,POSS_INJRY_CNT,NON_INJRY_CNT,UNKN_INJRY_CNT,TOT_INJRY_CNT,DEATH_CNT,PRSN_NBR,PRSN_TYPE_ID,PRSN_OCCPNT_POS_ID,PRSN_INJRY_SEV_ID,PRSN_AGE,PRSN_ETHNICITY_ID,PRSN_GNDR_ID,PRSN_EJCT_ID,PRSN_REST_ID,PRSN_AIRBAG_ID,PRSN_HELMET_ID,PRSN_SOL_FL,PRSN_ALC_SPEC_TYPE_ID,PRSN_ALC_RSLT_ID,PRSN_BAC_TEST_RSLT,PRSN_DRG_SPEC_TYPE_ID,PRSN_DRG_RSLT_ID,DRVR_DRG_CAT_1_ID,PRSN_DEATH_TIME,DRVR_LIC_TYPE_ID,DRVR_LIC_STATE_ID,DRVR_LIC_CLS_ID,DRVR_ZIP
14983535,3,MOTOR VEHICLE,N,Y,UN,UNKNOWN,NA,99,UNKNOWN,UNKNOWN,UNKNOWN,N,,2,NA,NA,NA,NA,NA,NA,NA,N,,,NONE,NA,NA,SOUTHWEST,N,0,0,0,0,0,0,0,1,DRIVER,FRONT LEFT,NOT INJURED,30,BLACK,MALE,NO,SHOULDER & LAP BELT,NOT DEPLOYED,NOT APPLICABLE,N,NONE,NA,NA,NONE,NOT APPLICABLE,NOT APPLICABLE,,DRIVER LICENSE,Texas,CLASS C,77396
14956333,1,MOTOR VEHICLE,N,Y,UN,1N4AL21E38N438050,NA,99,NISSAN,ALTIMA,UNKNOWN,N,77520,1,LIABILITY INSURANCE POLICY,FRONT END (RIGHT)  DAMAGE PARTIAL CONTACT,DAMAGED 3,12,NA,NA,NA,N,DRIVEN AWAY,OWNERS RESIDENCE,NONE,NA,NA,SOUTH,Y,0,1,0,0,0,1,0,1,DRIVER,FRONT LEFT,NON-INCAPACITATING INJURY,35,WHITE,MALE,NO,SHOULDER & LAP BELT,NOT DEPLOYED,NOT APPLICABLE,N,NONE,NA,NA,NONE,NOT APPLICABLE,NOT APPLICABLE,,DRIVER LICENSE,Texas,CLASS C,77521
14980296,1,MOTOR VEHICLE,N,Y,TX,1FTPX14V67KC72380,2007,WHI,FORD,F150,PICKUP,N,76528,1,PROOF OF LIABILITY INSURANCE,RIGHT BACK QUARTER DAMAGE ANGULAR IMPACT,DAMAGED 1 MINIMUM,3,NA,NA,NA,N,,,FAILED TO YIELD ROW - TURNING LEFT,NA,DRIVER INATTENTION,SOUTH,Y,0,0,0,1,0,0,0,1,DRIVER,FRONT LEFT,NOT INJURED,16,WHITE,FEMALE,NO,SHOULDER & LAP BELT,NOT DEPLOYED,NOT APPLICABLE,N,NONE,NA,NA,NONE,NOT APPLICABLE,NOT APPLICABLE,,DRIVER LICENSE,Texas,CLASS C,76561
14980296,1,MOTOR VEHICLE,N,Y,TX,1FTPX14V67KC72380,2007,WHI,FORD,F150,PICKUP,N,76528,1,PROOF OF LIABILITY INSURANCE,RIGHT BACK QUARTER DAMAGE ANGULAR IMPACT,DAMAGED 1 MINIMUM,3,NA,NA,NA,N,,,FAILED TO YIELD ROW - TURNING LEFT,NA,DRIVER INATTENTION,SOUTH,Y,0,0,0,1,0,0,0,1,DRIVER,FRONT LEFT,NOT INJURED,69,BLACK,MALE,NO,SHOULDER & LAP BELT,"DEPLOYED, FRONT",NOT APPLICABLE,N,NONE,NA,NA,NONE,NOT APPLICABLE,NOT APPLICABLE,,DRIVER LICENSE,Texas,CLASS C,76502
14888894,1,MOTOR VEHICLE,N,Y,TX,JN8DR09X41W564941,2001,WHI,NISSAN,FRONTIER,SPORT UTILITY VEHICLE,N,75006,2,NA,FRONT END (LEFT) DAMAGE PARTIAL CONTACT,NA,11,NA,NA,NA,N,,,FAILED TO DRIVE IN SINGLE LANE,NA,NA,WEST,Y,0,0,0,0,1,0,0,1,DRIVER,FRONT LEFT,NOT INJURED,37,HISPANIC,MALE,NO,SHOULDER & LAP BELT,NOT DEPLOYED,NOT APPLICABLE,N,NONE,NA,NA,NONE,NOT APPLICABLE,NOT APPLICABLE,,DRIVER LICENSE,Texas,CLASS C,75051
14925817,4,MOTOR VEHICLE,N,Y,UN,,NA,WHI,CADILLAC,UNKNOWN,"PASSENGER CAR, 4-DOOR",N,,2,NA,NA,NA,NA,NA,NA,NA,N,,,NONE,NA,NA,SOUTHEAST,N,0,0,0,0,1,0,0,1,DRIVER,FRONT LEFT,NOT INJURED,28,WHITE,FEMALE,NO,SHOULDER & LAP BELT,NOT DEPLOYED,NOT APPLICABLE,N,NONE,NA,NA,NONE,NOT APPLICABLE,NOT APPLICABLE,,DRIVER LICENSE,Texas,CLASS C,77065
14925817,3,MOTOR VEHICLE,N,Y,TX,,NA,WHI,CHEVROLET,HHR,"PASSENGER CAR, 4-DOOR",N,,2,NA,BACK END DAMAGE DISTRIBUTED IMPACT,DAMAGED 1 MINIMUM,1,NA,NA,NA,N,,,NONE,NA,NA,SOUTHEAST,N,0,0,0,0,1,0,0,1,DRIVER,FRONT LEFT,NOT INJURED,28,WHITE,FEMALE,NO,SHOULDER & LAP BELT,NOT DEPLOYED,NOT APPLICABLE,N,NONE,NA,NA,NONE,NOT APPLICABLE,NOT APPLICABLE,,DRIVER LICENSE,Texas,CLASS C,77065
14925817,4,MOTOR VEHICLE,N,Y,UN,,NA,WHI,CADILLAC,UNKNOWN,"PASSENGER CAR, 4-DOOR",N,,2,NA,NA,NA,NA,NA,NA,NA,N,,,NONE,NA,NA,SOUTHEAST,N,0,0,0,0,1,0,0,1,DRIVER,FRONT LEFT,NOT INJURED,39,WHITE,FEMALE,NO,SHOULDER & LAP BELT,NOT DEPLOYED,NOT APPLICABLE,N,NONE,NA,NA,NONE,NOT APPLICABLE,NOT APPLICABLE,,DRIVER LICENSE,Texas,CLASS C,77064
14925817,3,MOTOR VEHICLE,N,Y,TX,,NA,WHI,CHEVROLET,HHR,"PASSENGER CAR, 4-DOOR",N,,2,NA,BACK END DAMAGE DISTRIBUTED IMPACT,DAMAGED 1 MINIMUM,1,NA,NA,NA,N,,,NONE,NA,NA,SOUTHEAST,N,0,0,0,0,1,0,0,1,DRIVER,FRONT LEFT,NOT INJURED,39,WHITE,FEMALE,NO,SHOULDER & LAP BELT,NOT DEPLOYED,NOT APPLICABLE,N,NONE,NA,NA,NONE,NOT APPLICABLE,NOT APPLICABLE,,DRIVER LICENSE,Texas,CLASS C,77064
14956063,1,MOTOR VEHICLE,N,Y,TX,3GNEC16R6XG195995,1999,99,CHEVROLET,SUBURBAN,SPORT UTILITY VEHICLE,N,78155,2,NA,FRONT END DAMAGE DISTRIBUTED IMPACT,DAMAGED 2,12,NA,NA,NA,Y,BLUE COLLAR TOWING,116 W CEDAR ST,UNDER INFLUENCE - ALCOHOL,NA,NA,SOUTH,Y,0,0,0,1,0,0,0,1,DRIVER,FRONT LEFT,NOT INJURED,25,WHITE,MALE,NO,UNKNOWN,NOT DEPLOYED,NOT APPLICABLE,N,BLOOD,NA,NA,BLOOD,UNKNOWN,UNKNOWN,,DRIVER LICENSE,Texas,CLASS C,78155
14975107,1,MOTOR VEHICLE,N,Y,TX,1GNEK13T51R226874,2001,BLK,CHEVROLET,SUBURBAN,SPORT UTILITY VEHICLE,N,79311,1,PROOF OF LIABILITY INSURANCE,RIGHT SIDE AND TOP DAMAGE ROLLOVER EFFECTS,DAMAGED 5,3,LEFT SIDE AND TOP DAMAGE ROLLOVER EFFECTS,DAMAGED 5,9,N,LUBBOCK WRECKER,LUBBOCK WRECKER  3209 SLATON HWY   806-7,FAILED TO CONTROL SPEED,NA,NA,NORTHEAST,Y,0,0,1,0,0,1,0,1,DRIVER,FRONT LEFT,POSSIBLE INJURY,32,WHITE,MALE,UNKNOWN,UNKNOWN,DEPLOYED MULTIPLE,NOT APPLICABLE,N,NONE,NA,NA,NONE,NOT APPLICABLE,NOT APPLICABLE,,DRIVER LICENSE,Texas,CLASS C,79311
14983283,2,MOTOR VEHICLE,N,Y,UN,,NA,MAR,NISSAN,ALTIMA,"PASSENGER CAR, 4-DOOR",N,,NA,NA,NA,NA,NA,NA,NA,NA,N,,,NONE,NA,NA,WEST,Y,0,0,0,0,1,0,0,1,DRIVER,FRONT LEFT,NOT INJURED,36,WHITE,FEMALE,NO,SHOULDER & LAP BELT,NOT DEPLOYED,NOT APPLICABLE,N,NONE,NA,NA,NONE,NOT APPLICABLE,NOT APPLICABLE,,DRIVER LICENSE,Texas,CLASS C,77449
14883995,1,MOTOR VEHICLE,N,Y,TX,1HGCG5643WA002264,1998,BLK,HONDA,UNKNOWN,"PASSENGER CAR, 4-DOOR",N,78041,1,LIABILITY INSURANCE POLICY,FRONT END DAMAGE DISTRIBUTED IMPACT,DAMAGED 4,12,NA,NA,NA,Y,MARTINEZ WRECKER,4410 E SAUNDERS,DISREGARD STOP SIGN OR LIGHT,DRIVER INATTENTION,NA,NORTH,Y,0,0,0,1,0,0,0,1,DRIVER,FRONT LEFT,POSSIBLE INJURY,37,HISPANIC,FEMALE,NO,SHOULDER & LAP BELT,DEPLOYED MULTIPLE,NOT APPLICABLE,N,NONE,NA,NA,NONE,NOT APPLICABLE,NOT APPLICABLE,,DRIVER LICENSE,Texas,CLASS C,78046
14913808,2,MOTOR VEHICLE,N,Y,TX,1FAFP4048XF161676,1999,RED,FORD,MUSTANG,"PASSENGER CAR, 2-DOOR",N,75067,2,NA,FRONT END DAMAGE DISTRIBUTED IMPACT,DAMAGED 6,12,NA,NA,NA,Y,PRO TOW WRECKER,1006 E MAIN ST LEWISVILLE,FAILED TO CONTROL SPEED,NA,UNDER INFLUENCE - DRUG,EAST,Y,0,1,0,0,0,1,0,1,DRIVER,FRONT LEFT,NON-INCAPACITATING INJURY,46,WHITE,FEMALE,NO,SHOULDER & LAP BELT,NOT DEPLOYED,NOT APPLICABLE,N,NONE,NA,NA,NONE,NOT APPLICABLE,NOT APPLICABLE,,DRIVER LICENSE,Texas,CLASS C,75067
14970176,3,MOTOR VEHICLE,N,Y,NA,,NA,RED,UNKNOWN,UNKNOWN,UNKNOWN,N,,NA,NA,NA,NA,NA,NA,NA,NA,,,,NONE,NA,NA,NORTH,N,0,0,0,0,1,0,0,1,DRIVER,FRONT LEFT,NOT INJURED,30,HISPANIC,MALE,NO,SHOULDER & LAP BELT,NOT DEPLOYED,NOT APPLICABLE,N,NONE,NA,NA,NONE,NOT APPLICABLE,NOT APPLICABLE,,DRIVER LICENSE,Texas,CLASS C,78664
14970176,3,MOTOR VEHICLE,N,Y,NA,,NA,RED,UNKNOWN,UNKNOWN,UNKNOWN,N,,NA,NA,NA,NA,NA,NA,NA,NA,,,,NONE,NA,NA,NORTH,N,0,0,0,0,1,0,0,1,DRIVER,FRONT LEFT,NOT INJURED,30,HISPANIC,MALE,NO,SHOULDER & LAP BELT,NOT DEPLOYED,NOT APPLICABLE,N,NONE,NA,NA,NONE,NOT APPLICABLE,NOT APPLICABLE,,DRIVER LICENSE,Texas,CLASS C,78664
14970176,3,MOTOR VEHICLE,N,Y,NA,,NA,RED,UNKNOWN,UNKNOWN,UNKNOWN,N,,NA,NA,NA,NA,NA,NA,NA,NA,,,,NONE,NA,NA,NORTH,N,0,0,0,0,1,0,0,1,DRIVER,FRONT LEFT,NOT INJURED,31,HISPANIC,MALE,NO,SHOULDER & LAP BELT,NOT DEPLOYED,NOT APPLICABLE,N,NONE,NA,NA,NONE,NOT APPLICABLE,NOT APPLICABLE,,DRIVER LICENSE,Texas,CLASS C,78748
14970176,3,MOTOR VEHICLE,N,Y,NA,,NA,RED,UNKNOWN,UNKNOWN,UNKNOWN,N,,NA,NA,NA,NA,NA,NA,NA,NA,,,,NONE,NA,NA,NORTH,N,0,0,0,0,1,0,0,1,DRIVER,FRONT LEFT,NOT INJURED,31,HISPANIC,MALE,NO,SHOULDER & LAP BELT,NOT DEPLOYED,NOT APPLICABLE,N,NONE,NA,NA,NONE,NOT APPLICABLE,NOT APPLICABLE,,DRIVER LICENSE,Texas,CLASS C,78748
14966269,1,MOTOR VEHICLE,N,Y,UN,5TFRT54187X010341,2007,GRY,TOYOTA,TUNDRA,PICKUP,N,77521,1,PROOF OF LIABILITY INSURANCE,FRONT END DAMAGE DISTRIBUTED IMPACT,DAMAGED 3,12,NA,NA,NA,N,DRIVEN FROM SCENE,DRIVER,FAILED TO CONTROL SPEED,DRIVER INATTENTION,NA,NORTH,Y,0,0,0,1,0,0,0,1,DRIVER,FRONT LEFT,NOT INJURED,47,WHITE,MALE,NO,SHOULDER & LAP BELT,"DEPLOYED, FRONT",NOT APPLICABLE,N,NONE,NA,NA,NONE,NOT APPLICABLE,NOT APPLICABLE,,DRIVER LICENSE,Texas,CLASS C,77521
14966269,1,MOTOR VEHICLE,N,Y,UN,5TFRT54187X010341,2007,GRY,TOYOTA,TUNDRA,PICKUP,N,77521,1,PROOF OF LIABILITY INSURANCE,FRONT END DAMAGE DISTRIBUTED IMPACT,DAMAGED 3,12,NA,NA,NA,N,DRIVEN FROM SCENE,DRIVER,FAILED TO CONTROL SPEED,DRIVER INATTENTION,NA,NORTH,Y,0,0,0,1,0,0,0,1,DRIVER,FRONT LEFT,NOT INJURED,21,WHITE,FEMALE,NO,SHOULDER & LAP BELT,NOT DEPLOYED,NOT APPLICABLE,N,NONE,NA,NA,NONE,NOT APPLICABLE,NOT APPLICABLE,,DRIVER LICENSE,Texas,CLASS C,77523
14865332,1,MOTOR VEHICLE,N,Y,UN,2G2WP522641324599,2004,BLK,PONTIAC,GRAND AM,"PASSENGER CAR, 4-DOOR",N,77093,1,PROOF OF LIABILITY INSURANCE,BACK END (RIGHT) DAMAGE PARTIAL CONTACT,DAMAGED 2,4,NA,NA,NA,Y,ZONE 5,14635 MINETTA ST,HAD BEEN DRINKING,NA,NA,SOUTHWEST,Y,0,0,0,1,0,0,0,1,DRIVER,FRONT LEFT,NOT INJURED,39,HISPANIC,FEMALE,NO,SHOULDER & LAP BELT,NOT DEPLOYED,NOT APPLICABLE,N,BREATH,Positive,0.137,NONE,NOT APPLICABLE,NOT APPLICABLE,,DRIVER LICENSE,Florida,OTHER/OUT OF STATE,
14888390,1,MOTOR VEHICLE,N,Y,TX,JA32U2FU8FU016367,NA,RED,MITSUBISHI,LANCER,"PASSENGER CAR, 4-DOOR",N,78254,1,PROOF OF LIABILITY INSURANCE,FRONT END DAMAGE CONCENTRATED IMPACT,DAMAGED 2,11,NA,NA,NA,N,TEXAS TOWING,GROWDON IMPOUND,DRIVER INATTENTION,HAD BEEN DRINKING,NA,NORTH,Y,0,0,0,1,0,0,0,1,DRIVER,FRONT LEFT,NOT INJURED,22,BLACK,MALE,NO,SHOULDER & LAP BELT,NOT DEPLOYED,NOT APPLICABLE,N,BLOOD,NA,NA,BLOOD,Positive,CNS STIMULANTS,,DRIVER LICENSE,Texas,CLASS C,78254
14888390,1,MOTOR VEHICLE,N,Y,TX,JA32U2FU8FU016367,NA,RED,MITSUBISHI,LANCER,"PASSENGER CAR, 4-DOOR",N,78254,1,PROOF OF LIABILITY INSURANCE,FRONT END DAMAGE CONCENTRATED IMPACT,DAMAGED 2,11,NA,NA,NA,N,TEXAS TOWING,GROWDON IMPOUND,DRIVER INATTENTION,HAD BEEN DRINKING,NA,NORTH,Y,0,0,0,1,0,0,0,1,DRIVER,FRONT LEFT,NOT INJURED,34,HISPANIC,MALE,NO,SHOULDER & LAP BELT,NOT DEPLOYED,NOT APPLICABLE,N,NONE,NA,NA,NONE,NOT APPLICABLE,NOT APPLICABLE,,DRIVER LICENSE,Texas,CLASS C,78245
14898041,2,MOTOR VEHICLE,N,Y,TX,1N4AL21E88N554604,NA,SIL,NISSAN,ALTIMA,"PASSENGER CAR, 4-DOOR",N,77011,1,LIABILITY INSURANCE POLICY,NA,NA,NA,NA,NA,NA,N,,UNKNOWN,NA,NA,TURNED WHEN UNSAFE,NORTH,Y,0,0,0,0,1,0,0,1,DRIVER,FRONT LEFT,NON-INCAPACITATING INJURY,36,ASIAN,FEMALE,NO,SHOULDER & LAP BELT,DEPLOYED MULTIPLE,NOT APPLICABLE,N,NONE,NA,NA,NONE,NOT APPLICABLE,NOT APPLICABLE,,DRIVER LICENSE,Texas,CLASS C,77044
14898041,2,MOTOR VEHICLE,N,Y,TX,1N4AL21E88N554604,NA,SIL,NISSAN,ALTIMA,"PASSENGER CAR, 4-DOOR",N,77011,1,LIABILITY INSURANCE POLICY,NA,NA,NA,NA,NA,NA,N,,UNKNOWN,NA,NA,TURNED WHEN UNSAFE,NORTH,Y,0,0,0,0,1,0,0,1,DRIVER,FRONT LEFT,NOT INJURED,37,BLACK,MALE,NO,SHOULDER & LAP BELT,NOT DEPLOYED,NOT APPLICABLE,N,NONE,NA,NA,NONE,NOT APPLICABLE,NOT APPLICABLE,,DRIVER LICENSE,Texas,CLASS C,77521
14898041,2,MOTOR VEHICLE,N,Y,TX,1N4AL21E88N554604,NA,SIL,NISSAN,ALTIMA,"PASSENGER CAR, 4-DOOR",N,77011,1,LIABILITY INSURANCE POLICY,NA,NA,NA,NA,NA,NA,N,,UNKNOWN,NA,NA,TURNED WHEN UNSAFE,NORTH,Y,0,0,0,0,1,0,0,1,DRIVER,FRONT LEFT,NOT INJURED,47,HISPANIC,MALE,NO,SHOULDER & LAP BELT,NOT DEPLOYED,NOT APPLICABLE,N,NONE,NA,NA,NONE,NOT APPLICABLE,NOT APPLICABLE,,DRIVER LICENSE,Texas,CLASS C,77506
14942234,1,MOTOR VEHICLE,N,Y,TX,2C3CDXHG5CH134700,NA,BLK,DODGE,CHARGER,"PASSENGER CAR, 4-DOOR",N,78204,1,LIABILITY INSURANCE POLICY,FRONT END DAMAGE DISTRIBUTED IMPACT,DAMAGED 3,12,LEFT SIDE DAMAGE ANGULAR IMPACT,DAMAGED 4,9,Y,TEXAS TOWING,GROWDEN,DRIVER INATTENTION,NA,UNDER INFLUENCE - ALCOHOL,SOUTH,Y,0,0,0,1,0,0,0,1,DRIVER,FRONT LEFT,NOT INJURED,22,WHITE,MALE,NO,SHOULDER & LAP BELT,NOT DEPLOYED,NOT APPLICABLE,N,NONE,NA,NA,NONE,NOT APPLICABLE,NOT APPLICABLE,,DRIVER LICENSE,Texas,CLASS C,78204
14955668,1,MOTOR VEHICLE,N,Y,TX,1C3CDZAB5EN221355,NA,SIL,DODGE,AVENGER,"PASSENGER CAR, 4-DOOR",N,79331,1,PROOF OF LIABILITY INSURANCE,DISTRIBUTED LEFT SIDE DAMAGE PARALLEL IMPACT,DAMAGED 3,9,DISTRIBUTED RIGHT SIDE DAMAGE PARALLEL IMPACT,DAMAGED 3,3,Y,BEATTY TOWING,1304 N DALLAS,UNDER INFLUENCE - ALCOHOL,NA,NA,WEST,Y,0,0,0,1,0,0,0,1,DRIVER,FRONT LEFT,NOT INJURED,27,HISPANIC,FEMALE,NO,SHOULDER & LAP BELT,NOT DEPLOYED,NOT APPLICABLE,N,BREATH,Positive,0.161,NONE,NOT APPLICABLE,NOT APPLICABLE,,DRIVER LICENSE,Texas,CLASS C,79331
14955600,1,MOTOR VEHICLE,N,Y,TX,5TFJU4GN4BX003334,NA,WHI,TOYOTA,TUNDRA,PICKUP,N,77477,2,NA,LEFT FRONT QUARTER DAMAGE ANGULAR IMPACT,DAMAGED 3,11,RIGHT SIDE DAMAGE ANGULAR IMPACT,DAMAGED 1 MINIMUM,1,N,MIKE'S WRECKER,"616 HWY 90A EAST RICHMOND, TX 77406",UNDER INFLUENCE - ALCOHOL,FAILED TO DRIVE IN SINGLE LANE,NA,EAST,Y,0,0,0,1,0,0,0,1,DRIVER,FRONT LEFT,NOT INJURED,53,WHITE,MALE,NO,SHOULDER & LAP BELT,NOT DEPLOYED,NOT APPLICABLE,N,BLOOD,NA,NA,NONE,NOT APPLICABLE,NOT APPLICABLE,,DRIVER LICENSE,Texas,CLASS C,77477
14979389,1,MOTOR VEHICLE,N,Y,UN,1B7HC16X3XS101875,1999,99,DODGE,RAM 1500,UNKNOWN,N,76542,3,PROOF OF LIABILITY INSURANCE,FRONT END DAMAGE CONCENTRATED IMPACT,DAMAGED 2,12,NA,NA,NA,N,,,OTHER (EXPLAIN IN NARRATIVE),NA,NA,NORTHEAST,Y,0,0,0,0,1,0,0,1,DRIVER,FRONT LEFT,UNKNOWN,40,WHITE,FEMALE,NO,UNKNOWN,NOT DEPLOYED,NOT APPLICABLE,N,NONE,NA,NA,NONE,NOT APPLICABLE,NOT APPLICABLE,,DRIVER LICENSE,Texas,CLASS C,76542
14979389,1,MOTOR VEHICLE,N,Y,UN,1B7HC16X3XS101875,1999,99,DODGE,RAM 1500,UNKNOWN,N,76542,3,PROOF OF LIABILITY INSURANCE,FRONT END DAMAGE CONCENTRATED IMPACT,DAMAGED 2,12,NA,NA,NA,N,,,OTHER (EXPLAIN IN NARRATIVE),NA,NA,NORTHEAST,Y,0,0,0,0,1,0,0,1,DRIVER,FRONT LEFT,NOT INJURED,33,WHITE,MALE,NO,SHOULDER & LAP BELT,NOT DEPLOYED,NOT APPLICABLE,N,NONE,NA,NA,NONE,NOT APPLICABLE,NOT APPLICABLE,,DRIVER LICENSE,Texas,CLASS C,76542
14980702,1,MOTOR VEHICLE,N,Y,TX,JNKCV54E75M402906,2005,SIL,INFINITI,G37,"PASSENGER CAR, 4-DOOR",N,75052,1,PROOF OF LIABILITY INSURANCE,LEFT SIDE AND TOP DAMAGE ROLLOVER EFFECTS,DAMAGED 7 HIGHEST,12,NA,NA,NA,N,DAVES WRECKER,3010 HARD ROCK,UNSAFE SPEED,NA,NA,EAST,Y,0,0,0,1,0,0,0,1,DRIVER,FRONT LEFT,NOT INJURED,22,HISPANIC,MALE,NO,SHOULDER & LAP BELT,"DEPLOYED, FRONT",NOT APPLICABLE,N,NONE,NA,NA,NONE,NOT APPLICABLE,NOT APPLICABLE,,DRIVER LICENSE,Texas,CLASS C,75052
14909908,2,MOTOR VEHICLE,N,Y,TX,1GNCS13WXW2195249,1998,SIL,CHEVROLET,TRAILBLAZER,SPORT UTILITY VEHICLE,N,77642,1,PROOF OF LIABILITY INSURANCE,FRONT END (RIGHT)  DAMAGE PARTIAL CONTACT,DAMAGED 1 MINIMUM,2,NA,NA,NA,Y,,,FAILED TO YIELD ROW - PRIVATE DRIVE,NA,NA,SOUTH,Y,0,0,0,1,0,0,0,1,DRIVER,FRONT LEFT,NOT INJURED,52,BLACK,FEMALE,NO,SHOULDER & LAP BELT,NOT DEPLOYED,NOT APPLICABLE,N,NONE,NA,NA,NONE,NOT APPLICABLE,NOT APPLICABLE,,DRIVER LICENSE,Texas,CLASS C,77082
14909908,1,MOTOR VEHICLE,N,Y,TX,19UUA8F70DA007467,NA,BLK,ACURA,TL,"PASSENGER CAR, 4-DOOR",N,77083,1,PROOF OF LIABILITY INSURANCE,FRONT END DAMAGE DISTRIBUTED IMPACT,DAMAGED 1 MINIMUM,12,NA,NA,NA,N,,,NONE,NA,NA,EAST,Y,0,0,0,1,0,0,0,1,DRIVER,FRONT LEFT,NOT INJURED,52,BLACK,FEMALE,NO,SHOULDER & LAP BELT,NOT DEPLOYED,NOT APPLICABLE,N,NONE,NA,NA,NONE,NOT APPLICABLE,NOT APPLICABLE,,DRIVER LICENSE,Texas,CLASS C,77082
14884965,2,MOTOR VEHICLE,N,Y,UN,,NA,99,NA,NA,VAN,N,,NA,NA,BACK END DAMAGE DISTRIBUTED IMPACT,NO DAMAGE,6,NA,NA,NA,N,,,NONE,NA,NA,NORTH,Y,0,0,0,0,1,0,0,1,DRIVER,FRONT LEFT,NOT INJURED,44,HISPANIC,MALE,NO,SHOULDER & LAP BELT,NOT DEPLOYED,NOT APPLICABLE,N,NONE,NA,NA,NONE,NOT APPLICABLE,NOT APPLICABLE,,DRIVER LICENSE,Texas,CLASS C,77077
14884965,1,MOTOR VEHICLE,N,Y,TX,1FTSF20P06EB42358,2006,WHI,FORD,F250,PICKUP,N,77092,1,LIABILITY INSURANCE POLICY,FRONT END DAMAGE DISTRIBUTED IMPACT,DAMAGED 4,12,NA,NA,NA,N,,,FAILED TO CONTROL SPEED,NA,NA,NORTH,Y,0,0,0,1,0,0,0,1,DRIVER,FRONT LEFT,NOT INJURED,44,HISPANIC,MALE,NO,SHOULDER & LAP BELT,NOT DEPLOYED,NOT APPLICABLE,N,NONE,NA,NA,NONE,NOT APPLICABLE,NOT APPLICABLE,,DRIVER LICENSE,Texas,CLASS C,77077
15043348,1,MOTOR VEHICLE,N,Y,TX,1G1ND52J116200454,2001,SIL,CHEVROLET,MALIBU,"PASSENGER CAR, 4-DOOR",N,78043,1,LIABILITY INSURANCE POLICY,FRONT END DAMAGE DISTRIBUTED IMPACT,DAMAGED 4,11,NA,NA,NA,Y,OROZCO'S WRECKER SERVICE,8370 MINES ROAD,NA,NA,DISREGARD STOP AND GO SIGNAL,EAST,Y,0,0,0,0,1,0,0,1,DRIVER,FRONT LEFT,UNKNOWN,24,HISPANIC,MALE,NO,SHOULDER & LAP BELT,"DEPLOYED, FRONT",NOT APPLICABLE,N,BLOOD,NA,NA,REFUSED,NOT APPLICABLE,NOT APPLICABLE,,DRIVER LICENSE,Texas,CLASS C,78041
15043348,1,MOTOR VEHICLE,N,Y,TX,1G1ND52J116200454,2001,SIL,CHEVROLET,MALIBU,"PASSENGER CAR, 4-DOOR",N,78043,1,LIABILITY INSURANCE POLICY,FRONT END DAMAGE DISTRIBUTED IMPACT,DAMAGED 4,11,NA,NA,NA,Y,OROZCO'S WRECKER SERVICE,8370 MINES ROAD,NA,NA,DISREGARD STOP AND GO SIGNAL,EAST,Y,0,0,0,0,1,0,0,1,DRIVER,FRONT LEFT,NON-INCAPACITATING INJURY,23,HISPANIC,FEMALE,NO,NONE,NOT DEPLOYED,NOT APPLICABLE,N,NONE,NA,NA,NONE,NOT APPLICABLE,NOT APPLICABLE,,DRIVER LICENSE,Texas,CLASS C,78041
14950853,1,MOTOR VEHICLE,N,Y,TX,4A3AK44Y3TE403674,1996,WHI,MITSUBISHI,ECLIPSE,"PASSENGER CAR, 2-DOOR",N,79121,1,LIABILITY INSURANCE POLICY,FRONT END (LEFT) DAMAGE PARTIAL CONTACT,DAMAGED 1 MINIMUM,11,NA,NA,NA,N,,,DRIVER INATTENTION,NA,NA,WEST,Y,0,0,0,1,0,0,0,1,DRIVER,FRONT LEFT,NOT INJURED,33,HISPANIC,MALE,NO,SHOULDER & LAP BELT,NOT DEPLOYED,NOT APPLICABLE,N,NONE,NA,NA,NONE,NOT APPLICABLE,NOT APPLICABLE,,DRIVER LICENSE,Colorado,OTHER/OUT OF STATE,79109
14872708,3,MOTOR VEHICLE,N,Y,TX,1FAHP3F22CL470984,NA,SIL,VOLKSWAGEN,PASSAT,"PASSENGER CAR, 4-DOOR",N,75766,1,PROOF OF LIABILITY INSURANCE,NA,NA,NA,NA,NA,NA,N,,,NONE,NA,NA,NORTH,N,0,0,0,0,1,0,0,1,DRIVER,FRONT LEFT,NOT INJURED,22,WHITE,MALE,NO,SHOULDER & LAP BELT,NOT DEPLOYED,NOT APPLICABLE,N,NONE,NA,NA,NONE,NOT APPLICABLE,NOT APPLICABLE,,DRIVER LICENSE,Texas,CLASS C,75758