CRASH_ID,UNIT_NBR,UNIT_DESC_ID,VEH_PARKED_FL,VEH_HNR_FL,VEH_LIC_STATE_ID,VIN,VEH_MOD_YEAR,VEH_COLOR_ID,VEH_MAKE_ID,VEH_MOD_ID,VEH_BODY_STYL_ID,EMER_RESPNDR_FL,OWNR_ZIP,FIN_RESP_PROOF_ID,FIN_RESP_TYPE_ID,VEH_DMAG_AREA_1_ID,VEH_DMAG_SCL_1_ID,FORCE_DIR_1_ID,VEH_DMAG_AREA_2_ID,VEH_DMAG_SCL_2_ID,FORCE_DIR_2_ID,VEH_INVENTORIED_FL,VEH_TRANSP_NAME,VEH_TRANSP_DEST,CONTRIB_FACTR_1_ID,CONTRIB_FACTR_2_ID,CONTRIB_FACTR_P1_ID,VEH_TRVL_DIR_ID,FIRST_HARM_EVT_INV_ID,INCAP_INJRY_CNT,NONINCAP_INJRY_CNT,POSS_INJRY_CNT,NON_INJRY_CNT,UNKN_INJRY_CNT,TOT_INJRY_CNT,DEATH_CNT,PRSN_NBR,PRSN_TYPE_ID,PRSN_OCCPNT_POS_ID,PRSN_INJRY_SEV_ID,PRSN_AGE,PRSN_ETHNICITY_ID,PRSN_GNDR_ID,PRSN_EJCT_ID,PRSN_REST_ID,PRSN_AIRBAG_ID,PRSN_HELMET_ID,PRSN_SOL_FL,PRSN_ALC_SPEC_TYPE_ID,PRSN_ALC_RSLT_ID,PRSN_BAC_TEST_RSLT,PRSN_DRG_SPEC_TYPE_ID,PRSN_DRG_RSLT_ID,DRVR_DRG_CAT_1_ID,PRSN_DEATH_TIME,DRVR_LIC_TYPE_ID,DRVR_LIC_STATE_ID,DRVR_LIC_CLS_ID,DRVR_ZIP
14872708,2,MOTOR VEHICLE,N,Y,TX,1N6BA07D99N307484,NA,MUL,NISSAN,TITAN,PICKUP,N,75701,1,PROOF OF LIABILITY INSURANCE,FRONT END DAMAGE DISTRIBUTED IMPACT,DAMAGED 2,12,NA,NA,NA,N,RELEASED TO OWNER,RELEASED TO OWNER,FAILED TO CONTROL SPEED,NA,DRIVER INATTENTION,NORTH,Y,0,0,0,1,0,0,0,1,DRIVER,FRONT LEFT,NOT INJURED,22,WHITE,MALE,NO,SHOULDER & LAP BELT,NOT DEPLOYED,NOT APPLICABLE,N,NONE,NA,NA,NONE,NOT APPLICABLE,NOT APPLICABLE,,DRIVER LICENSE,Texas,CLASS C,75758
14872708,1,MOTOR VEHICLE,N,Y,TX,3N1CN7AP7DL873985,NA,SIL,NISSAN,VERSA,"PASSENGER CAR, 4-DOOR",N,75758,1,PROOF OF LIABILITY INSURANCE,BACK END DAMAGE DISTRIBUTED IMPACT,DAMAGED 4,6,FRONT END DAMAGE DISTRIBUTED IMPACT,NO DAMAGE,12,N,LIBERTY,LIBERTY,NONE,NA,NA,NORTH,Y,0,0,0,1,0,0,0,1,DRIVER,FRONT LEFT,NOT INJURED,22,WHITE,MALE,NO,SHOULDER & LAP BELT,NOT DEPLOYED,NOT APPLICABLE,N,NONE,NA,NA,NONE,NOT APPLICABLE,NOT APPLICABLE,,DRIVER LICENSE,Texas,CLASS C,75758
14872708,3,MOTOR VEHICLE,N,Y,TX,1FAHP3F22CL470984,NA,SIL,VOLKSWAGEN,PASSAT,"PASSENGER CAR, 4-DOOR",N,75766,1,PROOF OF LIABILITY INSURANCE,NA,NA,NA,NA,NA,NA,N,,,NONE,NA,NA,NORTH,N,0,0,0,0,1,0,0,1,DRIVER,FRONT LEFT,NOT INJURED,32,WHITE,MALE,NO,SHOULDER & LAP BELT,NOT DEPLOYED,NOT APPLICABLE,N,NONE,NA,NA,NONE,NOT APPLICABLE,NOT APPLICABLE,,DRIVER LICENSE,Texas,CLASS C,75701
14872708,2,MOTOR VEHICLE,N,Y,TX,1N6BA07D99N307484,NA,MUL,NISSAN,TITAN,PICKUP,N,75701,1,PROOF OF LIABILITY INSURANCE,FRONT END DAMAGE DISTRIBUTED IMPACT,DAMAGED 2,12,NA,NA,NA,N,RELEASED TO OWNER,RELEASED TO OWNER,FAILED TO CONTROL SPEED,NA,DRIVER INATTENTION,NORTH,Y,0,0,0,1,0,0,0,1,DRIVER,FRONT LEFT,NOT INJURED,32,WHITE,MALE,NO,SHOULDER & LAP BELT,NOT DEPLOYED,NOT APPLICABLE,N,NONE,NA,NA,NONE,NOT APPLICABLE,NOT APPLICABLE,,DRIVER LICENSE,Texas,CLASS C,75701
14872708,1,MOTOR VEHICLE,N,Y,TX,3N1CN7AP7DL873985,NA,SIL,NISSAN,VERSA,"PASSENGER CAR, 4-DOOR",N,75758,1,PROOF OF LIABILITY INSURANCE,BACK END DAMAGE DISTRIBUTED IMPACT,DAMAGED 4,6,FRONT END DAMAGE DISTRIBUTED IMPACT,NO DAMAGE,12,N,LIBERTY,LIBERTY,NONE,NA,NA,NORTH,Y,0,0,0,1,0,0,0,1,DRIVER,FRONT LEFT,NOT INJURED,32,WHITE,MALE,NO,SHOULDER & LAP BELT,NOT DEPLOYED,NOT APPLICABLE,N,NONE,NA,NA,NONE,NOT APPLICABLE,NOT APPLICABLE,,DRIVER LICENSE,Texas,CLASS C,75701
14879499,1,MOTOR VEHICLE,N,Y,TX,5TENM92N32Z072692,2002,WHI,TOYOTA,TACOMA,PICKUP,N,77017,1,LIABILITY INSURANCE POLICY,BACK END (RIGHT) DAMAGE PARTIAL CONTACT,DAMAGED 2,5,NA,NA,NA,N,DRIVEN AWAY,,FAILED TO DRIVE IN SINGLE LANE,NA,NA,NORTH,Y,0,0,0,1,0,0,0,1,DRIVER,FRONT LEFT,NOT INJURED,54,WHITE,FEMALE,NO,UNKNOWN,NOT DEPLOYED,NOT APPLICABLE,N,NONE,NA,NA,NONE,NOT APPLICABLE,NOT APPLICABLE,,DRIVER LICENSE,Texas,CLASS C,77017
14879499,1,MOTOR VEHICLE,N,Y,TX,5TENM92N32Z072692,2002,WHI,TOYOTA,TACOMA,PICKUP,N,77017,1,LIABILITY INSURANCE POLICY,BACK END (RIGHT) DAMAGE PARTIAL CONTACT,DAMAGED 2,5,NA,NA,NA,N,DRIVEN AWAY,,FAILED TO DRIVE IN SINGLE LANE,NA,NA,NORTH,Y,0,0,0,1,0,0,0,1,DRIVER,FRONT LEFT,NOT INJURED,16,WHITE,MALE,NO,UNKNOWN,NOT DEPLOYED,NOT APPLICABLE,N,NONE,NA,NA,NONE,NOT APPLICABLE,NOT APPLICABLE,,DRIVER LICENSE,Texas,CLASS C,75013
14959115,1,MOTOR VEHICLE,N,Y,TX,3C63RRJL1FG617323,NA,99,DODGE,RAM TRUCK 3500,PICKUP,N,76679,1,PROOF OF LIABILITY INSURANCE,LEFT BACK QUARTER DAMAGE ANGULAR IMPACT,DAMAGED 2,9,NA,NA,NA,N,,,HAD BEEN DRINKING,UNSAFE SPEED,NA,WEST,Y,0,0,0,1,0,0,0,1,DRIVER,FRONT LEFT,NOT INJURED,19,WHITE,MALE,NO,UNKNOWN,NOT DEPLOYED,NOT APPLICABLE,N,NONE,NA,NA,NONE,NOT APPLICABLE,NOT APPLICABLE,,DRIVER LICENSE,Texas,CLASS A,76679
14964296,3,MOTOR VEHICLE,N,Y,UN,,NA,GRY,FORD,UNKNOWN,PICKUP,N,,NA,NA,NA,NA,NA,NA,NA,NA,N,,,NONE,NA,NA,NORTH,N,0,0,0,0,1,0,0,1,DRIVER,FRONT LEFT,POSSIBLE INJURY,30,HISPANIC,MALE,NO,SHOULDER & LAP BELT,"DEPLOYED, FRONT",NOT APPLICABLE,N,NONE,NA,NA,NONE,NOT APPLICABLE,NOT APPLICABLE,,DRIVER LICENSE,Texas,CLASS C,77034
14964296,3,MOTOR VEHICLE,N,Y,UN,,NA,GRY,FORD,UNKNOWN,PICKUP,N,,NA,NA,NA,NA,NA,NA,NA,NA,N,,,NONE,NA,NA,NORTH,N,0,0,0,0,1,0,0,1,DRIVER,FRONT LEFT,POSSIBLE INJURY,18,BLACK,FEMALE,NO,SHOULDER & LAP BELT,NOT DEPLOYED,NOT APPLICABLE,N,NONE,NA,NA,NONE,NOT APPLICABLE,NOT APPLICABLE,,DRIVER LICENSE,Texas,CLASS C,77530
14895934,1,MOTOR VEHICLE,N,Y,TX,3HGCG56492G702219,2002,99,HONDA,ACCORD,"PASSENGER CAR, 4-DOOR",N,75025,1,PROOF OF LIABILITY INSURANCE,FRONT END DAMAGE CONCENTRATED IMPACT,DAMAGED 1 MINIMUM,1,NA,NA,NA,N,,,FAILED TO PASS TO LEFT SAFELY,NA,NA,NORTH,Y,0,0,0,1,0,0,0,1,DRIVER,FRONT LEFT,NOT INJURED,21,WHITE,MALE,NO,SHOULDER & LAP BELT,NOT DEPLOYED,NOT APPLICABLE,N,NONE,NA,NA,NONE,NOT APPLICABLE,NOT APPLICABLE,,DRIVER LICENSE,Texas,CLASS C,75025
14895934,1,MOTOR VEHICLE,N,Y,TX,3HGCG56492G702219,2002,99,HONDA,ACCORD,"PASSENGER CAR, 4-DOOR",N,75025,1,PROOF OF LIABILITY INSURANCE,FRONT END DAMAGE CONCENTRATED IMPACT,DAMAGED 1 MINIMUM,1,NA,NA,NA,N,,,FAILED TO PASS TO LEFT SAFELY,NA,NA,NORTH,Y,0,0,0,1,0,0,0,1,DRIVER,FRONT LEFT,NOT INJURED,49,WHITE,MALE,NO,SHOULDER & LAP BELT,NOT DEPLOYED,NOT APPLICABLE,N,NONE,NA,NA,NONE,NOT APPLICABLE,NOT APPLICABLE,,DRIVER LICENSE,Texas,CLASS C,75013
14913519,1,MOTOR VEHICLE,N,Y,TX,1FMCU0F72EUB61273,NA,GRY,FORD,ESCAPE,SPORT UTILITY VEHICLE,N,67002,1,PROOF OF LIABILITY INSURANCE,FRONT END DAMAGE DISTRIBUTED IMPACT,DAMAGED 1 MINIMUM,12,NA,NA,NA,N,FLED THE SCENE,FLED THE SCENE,FAILED TO CONTROL SPEED,NA,HAD BEEN DRINKING,NORTH,Y,0,0,0,0,1,0,0,1,DRIVER,FRONT LEFT,UNKNOWN,19,OTHER,FEMALE,NO,UNKNOWN,NOT DEPLOYED,NOT APPLICABLE,N,NONE,NA,NA,NONE,NOT APPLICABLE,NOT APPLICABLE,,DRIVER LICENSE,Texas,CLASS C,79415
14913519,1,MOTOR VEHICLE,N,Y,TX,1FMCU0F72EUB61273,NA,GRY,FORD,ESCAPE,SPORT UTILITY VEHICLE,N,67002,1,PROOF OF LIABILITY INSURANCE,FRONT END DAMAGE DISTRIBUTED IMPACT,DAMAGED 1 MINIMUM,12,NA,NA,NA,N,FLED THE SCENE,FLED THE SCENE,FAILED TO CONTROL SPEED,NA,HAD BEEN DRINKING,NORTH,Y,0,0,0,0,1,0,0,1,DRIVER,FRONT LEFT,NOT INJURED,45,WHITE,MALE,NO,SHOULDER & LAP BELT,NOT DEPLOYED,NOT APPLICABLE,N,NONE,NA,NA,NONE,NOT APPLICABLE,NOT APPLICABLE,,DRIVER LICENSE,Texas,CLASS C,79423
14922993,1,MOTOR VEHICLE,N,Y,TX,1C3CDFAAXDD344515,NA,BLU,DODGE,DART,"PASSENGER CAR, 4-DOOR",N,77072,1,PROOF OF LIABILITY INSURANCE,RIGHT SIDE DAMAGE ANGULAR IMPACT,DAMAGED 1 MINIMUM,NA,FRONT END (RIGHT)  DAMAGE PARTIAL CONTACT,NO DAMAGE,12,N,,,OTHER (EXPLAIN IN NARRATIVE),NA,NA,EAST,Y,0,0,0,0,1,0,0,1,PEDESTRIAN,"PEDESTRIAN, PEDALCYCLIST, OR MOTORIZED CONVEYANCE",POSSIBLE INJURY,20,ASIAN,FEMALE,NOT APPLICABLE,NOT APPLICABLE,NOT APPLICABLE,NOT APPLICABLE,N,NONE,NA,NA,NONE,NOT APPLICABLE,NOT APPLICABLE,,DRIVER LICENSE,Texas,CLASS C,77478
14924887,1,MOTOR VEHICLE,N,Y,TX,1GCDR14K4HS103785,1987,99,CHEVROLET,SILVERADO C1500,PICKUP,N,78641,2,NA,LEFT FRONT QUARTER DAMAGE ANGULAR IMPACT,DAMAGED 1 MINIMUM,10,NA,NA,NA,N,NOT TOWED,NOT TOWED,DRIVER INATTENTION,NA,DRIVER INATTENTION,WEST,Y,0,0,0,1,0,0,0,1,DRIVER,FRONT LEFT,NOT INJURED,18,WHITE,MALE,NO,SHOULDER & LAP BELT,NOT DEPLOYED,NOT APPLICABLE,N,NONE,NA,NA,NONE,NOT APPLICABLE,NOT APPLICABLE,,DRIVER LICENSE,Texas,CLASS C,78641
14924887,1,MOTOR VEHICLE,N,Y,TX,1GCDR14K4HS103785,1987,99,CHEVROLET,SILVERADO C1500,PICKUP,N,78641,2,NA,LEFT FRONT QUARTER DAMAGE ANGULAR IMPACT,DAMAGED 1 MINIMUM,10,NA,NA,NA,N,NOT TOWED,NOT TOWED,DRIVER INATTENTION,NA,DRIVER INATTENTION,WEST,Y,0,0,0,1,0,0,0,1,UNKNOWN,FRONT LEFT,NOT INJURED,37,WHITE,FEMALE,NOT APPLICABLE,NOT APPLICABLE,NOT DEPLOYED,NOT APPLICABLE,N,NONE,NA,NA,NONE,NOT APPLICABLE,NOT APPLICABLE,,DRIVER LICENSE,Texas,CLASS C,78641
14939560,1,MOTOR VEHICLE,N,Y,TX,1FTRX17W3XKB38908,1999,RED,FORD,F150,PICKUP,N,75126,2,NA,FRONT END (LEFT) DAMAGE PARTIAL CONTACT,DAMAGED 1 MINIMUM,11,NA,NA,NA,Y,WOOTEN'S WRECKER SERVICE,"5909 IH 30, GREENVILLE, TX 75401",UNDER INFLUENCE - ALCOHOL,NA,NA,SOUTHEAST,Y,0,0,0,1,0,0,0,1,DRIVER,FRONT LEFT,NOT INJURED,28,WHITE,MALE,NO,NONE,NOT DEPLOYED,NOT APPLICABLE,N,BLOOD,Positive,0.25,NONE,NOT APPLICABLE,NOT APPLICABLE,,DRIVER LICENSE,Texas,CLASS C,75126
14865622,1,MOTOR VEHICLE,N,Y,TX,1J4PP2GK0BW511134,NA,SIL,JEEP,LIBERTY,SPORT UTILITY VEHICLE,N,79401,2,NA,FRONT END DAMAGE DISTRIBUTED IMPACT,DAMAGED 4,1,NA,NA,NA,N,LUBBOCK WRECKER,LUBBOCK WRECKER  3209 SLATON HWY   806-7,TURNED IMPROPERLY - WIDE RIGHT,NA,DISREGARD STOP SIGN OR LIGHT,WEST,Y,0,0,0,0,1,0,0,1,DRIVER,FRONT LEFT,UNKNOWN,22,HISPANIC,MALE,NO,UNKNOWN,"DEPLOYED, FRONT",NOT APPLICABLE,N,NONE,NA,NA,NONE,NOT APPLICABLE,NOT APPLICABLE,,DRIVER LICENSE,Texas,CLASS C,79401
14873624,1,MOTOR VEHICLE,N,Y,UN,1G2ZG528354168822,2005,SIL,PONTIAC,G6,"PASSENGER CAR, 4-DOOR",N,77020,1,LIABILITY INSURANCE POLICY,RIGHT SIDE DAMAGE ANGULAR IMPACT,DAMAGED 2,4,NA,NA,NA,N,FIESTA WRECKER SERVICE,6005 SELINSKY,FAILED TO DRIVE IN SINGLE LANE,FAILED TO CONTROL SPEED,NA,NORTHWEST,Y,0,0,0,1,0,0,0,1,DRIVER,FRONT LEFT,NOT INJURED,49,WHITE,FEMALE,NO,SHOULDER & LAP BELT,NOT DEPLOYED,NOT APPLICABLE,N,NONE,NA,NA,NONE,NOT APPLICABLE,NOT APPLICABLE,,DRIVER LICENSE,Texas,CLASS C,77539
14885187,2,MOTOR VEHICLE,N,Y,TX,3D7HU18Z62G139554,2002,GRY,DODGE,RAM 1500,PICKUP,N,79706,1,PROOF OF LIABILITY INSURANCE,FRONT END DAMAGE DISTRIBUTED IMPACT,DAMAGED 2,12,NA,NA,NA,N,DRIVER FLED SCENE,,FOLLOWED TOO CLOSELY,FAILED TO CONTROL SPEED,NA,EAST,Y,0,0,0,1,0,0,0,1,DRIVER,FRONT LEFT,NOT INJURED,52,HISPANIC,FEMALE,NO,SHOULDER & LAP BELT,NOT DEPLOYED,NOT APPLICABLE,N,NONE,NA,NA,NONE,NOT APPLICABLE,NOT APPLICABLE,,DRIVER LICENSE,Idaho,OTHER/OUT OF STATE,
14885187,1,MOTOR VEHICLE,N,Y,TX,KMHDH6AE1DU007489,NA,SIL,HYUNDAI,ELANTRA,VAN,N,79703,1,PROOF OF LIABILITY INSURANCE,BACK END DAMAGE DISTRIBUTED IMPACT,DAMAGED 3,6,NA,NA,NA,N,DRIVEN AWAY,,NONE,NA,NA,EAST,Y,0,1,0,2,0,1,0,1,DRIVER,FRONT LEFT,NOT INJURED,52,HISPANIC,FEMALE,NO,SHOULDER & LAP BELT,NOT DEPLOYED,NOT APPLICABLE,N,NONE,NA,NA,NONE,NOT APPLICABLE,NOT APPLICABLE,,DRIVER LICENSE,Idaho,OTHER/OUT OF STATE,
14885187,2,MOTOR VEHICLE,N,Y,TX,3D7HU18Z62G139554,2002,GRY,DODGE,RAM 1500,PICKUP,N,79706,1,PROOF OF LIABILITY INSURANCE,FRONT END DAMAGE DISTRIBUTED IMPACT,DAMAGED 2,12,NA,NA,NA,N,DRIVER FLED SCENE,,FOLLOWED TOO CLOSELY,FAILED TO CONTROL SPEED,NA,EAST,Y,0,0,0,1,0,0,0,1,DRIVER,FRONT LEFT,NOT INJURED,45,WHITE,MALE,NO,UNKNOWN,NOT DEPLOYED,NOT APPLICABLE,N,NONE,NA,NA,NONE,NOT APPLICABLE,NOT APPLICABLE,,COMMERCIAL DRIVER LIC.,Texas,CLASS A,79706
14885187,1,MOTOR VEHICLE,N,Y,TX,KMHDH6AE1DU007489,NA,SIL,HYUNDAI,ELANTRA,VAN,N,79703,1,PROOF OF LIABILITY INSURANCE,BACK END DAMAGE DISTRIBUTED IMPACT,DAMAGED 3,6,NA,NA,NA,N,DRIVEN AWAY,,NONE,NA,NA,EAST,Y,0,1,0,2,0,1,0,1,DRIVER,FRONT LEFT,NOT INJURED,45,WHITE,MALE,NO,UNKNOWN,NOT DEPLOYED,NOT APPLICABLE,N,NONE,NA,NA,NONE,NOT APPLICABLE,NOT APPLICABLE,,COMMERCIAL DRIVER LIC.,Texas,CLASS A,79706
14901065,1,MOTOR VEHICLE,N,Y,TX,1B7HC16Z6SS112752,1995,BLK,DODGE,RAM PICKUP OR VAN,PICKUP,N,75189,1,PROOF OF LIABILITY INSURANCE,BACK END DAMAGE CONCENTRATED IMPACT,DAMAGED 2,7,NA,NA,NA,N,DRIVEN AWAY,DRIVER,OTHER (EXPLAIN IN NARRATIVE),NA,NA,NORTH,Y,0,0,0,1,0,0,0,1,DRIVER,FRONT LEFT,NOT INJURED,33,WHITE,MALE,NO,UNKNOWN,NOT DEPLOYED,NOT APPLICABLE,N,NONE,NA,NA,NONE,NOT APPLICABLE,NOT APPLICABLE,,DRIVER LICENSE,Texas,CLASS C,75189
14985658,1,MOTOR VEHICLE,N,Y,TX,JTEGH20V210031505,2001,WHI,TOYOTA,RAV4,SPORT UTILITY VEHICLE,N,77598,1,PROOF OF LIABILITY INSURANCE,FRONT END (LEFT) DAMAGE PARTIAL CONTACT,DAMAGED 1 MINIMUM,11,NA,NA,NA,N,DRIVEN FROM SCENE BY DRIVER,DRIVEN FROM SCENE,BACKED WITHOUT SAFETY,NA,NA,NORTH,Y,0,0,0,1,0,0,0,1,DRIVER,FRONT LEFT,NOT INJURED,48,WHITE,FEMALE,NO,NONE,NOT DEPLOYED,NOT APPLICABLE,N,NONE,NA,NA,NONE,NOT APPLICABLE,NOT APPLICABLE,,DRIVER LICENSE,Texas,CLASS C,77598
14985658,1,MOTOR VEHICLE,N,Y,TX,JTEGH20V210031505,2001,WHI,TOYOTA,RAV4,SPORT UTILITY VEHICLE,N,77598,1,PROOF OF LIABILITY INSURANCE,FRONT END (LEFT) DAMAGE PARTIAL CONTACT,DAMAGED 1 MINIMUM,11,NA,NA,NA,N,DRIVEN FROM SCENE BY DRIVER,DRIVEN FROM SCENE,BACKED WITHOUT SAFETY,NA,NA,NORTH,Y,0,0,0,1,0,0,0,1,DRIVER,FRONT LEFT,NOT INJURED,30,OTHER,MALE,NO,SHOULDER & LAP BELT,NOT DEPLOYED,NOT APPLICABLE,N,NONE,NA,NA,NONE,NOT APPLICABLE,NOT APPLICABLE,,DRIVER LICENSE,Texas,CLASS C,77546
14852077,1,MOTOR VEHICLE,N,Y,TX,3D7ML48A07G792031,2007,RED,DODGE,RAM TRUCK 3500,TRUCK,N,77901,1,PROOF OF LIABILITY INSURANCE,BACK END DAMAGE CONCENTRATED IMPACT,DAMAGED 1 MINIMUM,6,NA,NA,NA,N,FLED SCENE,,BACKED WITHOUT SAFETY,NA,NA,NORTH,Y,0,0,0,0,1,0,0,1,DRIVER,FRONT LEFT,UNKNOWN,31,WHITE,MALE,NO,UNKNOWN,UNKNOWN,NOT APPLICABLE,N,NONE,NA,NA,NONE,NOT APPLICABLE,NOT APPLICABLE,,COMMERCIAL DRIVER LIC.,Texas,CLASS A,77905
14927495,1,MOTOR VEHICLE,N,Y,GA,1FUJGLCK79LAE8855,NA,TAN,FREIGHTLINER,NA,TRUCK TRACTOR,N,30024,1,PROOF OF LIABILITY INSURANCE,BACK END (LEFT) DAMAGE PARTIAL CONTACT,DAMAGED 1 MINIMUM,12,NA,NA,NA,Y,AA WRECKER SERVICE,"1401 RANGER HWY. WEATHERFORD, TX",UNDER INFLUENCE - ALCOHOL,FAULTY EVASIVE ACTION,NA,SOUTH,Y,0,0,0,1,0,0,0,1,DRIVER,FRONT LEFT,NOT INJURED,54,BLACK,MALE,NO,SHOULDER & LAP BELT,NOT DEPLOYED,NOT APPLICABLE,N,BREATH,Positive,0.184,NONE,NOT APPLICABLE,NOT APPLICABLE,,COMMERCIAL DRIVER LIC.,Georgia,OTHER/OUT OF STATE,30058
14927495,1,MOTOR VEHICLE,N,Y,GA,1FUJGLCK79LAE8855,NA,TAN,FREIGHTLINER,NA,TRUCK TRACTOR,N,30024,1,PROOF OF LIABILITY INSURANCE,BACK END (LEFT) DAMAGE PARTIAL CONTACT,DAMAGED 1 MINIMUM,12,NA,NA,NA,Y,AA WRECKER SERVICE,"1401 RANGER HWY. WEATHERFORD, TX",UNDER INFLUENCE - ALCOHOL,FAULTY EVASIVE ACTION,NA,SOUTH,Y,0,0,0,1,0,0,0,1,DRIVER,FRONT LEFT,NOT INJURED,54,BLACK,MALE,NO,SHOULDER & LAP BELT,NOT DEPLOYED,NOT APPLICABLE,N,BREATH,Positive,0.184,NONE,NOT APPLICABLE,NOT APPLICABLE,,COMMERCIAL DRIVER LIC.,Georgia,OTHER/OUT OF STATE,30058
14937964,1,MOTOR VEHICLE,N,Y,TX,1C3EL56R36N129611,2006,99,CHRYSLER,UNKNOWN,"PASSENGER CAR, 4-DOOR",N,78504,2,NA,FRONT END DAMAGE DISTRIBUTED IMPACT,DAMAGED 4,12,NA,NA,NA,N,VIC'S WRECKER,610 E. EXPRESSWAY 83,FAILED TO CONTROL SPEED,NA,NA,NORTH,Y,0,0,0,1,0,0,0,1,DRIVER,FRONT LEFT,NOT INJURED,29,HISPANIC,FEMALE,NO,SHOULDER & LAP BELT,NOT DEPLOYED,NOT APPLICABLE,N,NONE,NA,NA,NONE,NOT APPLICABLE,NOT APPLICABLE,,DRIVER LICENSE,Texas,CLASS C,78516
14946943,1,MOTOR VEHICLE,N,Y,TX,1FTZX0727XKB96608,1999,WHI,FORD,F150,PICKUP,N,78565,2,NA,DISTRIBUTED LEFT SIDE DAMAGE PARALLEL IMPACT,DAMAGED 2,8,NA,NA,NA,N,DRIVER,LEFT SENCE OF THE ACCIDENT,FLEEING OR EVADING POLICE,CHANGED LANE WHEN UNSAFE,NA,EAST,Y,0,0,0,1,0,0,0,1,DRIVER,FRONT LEFT,NOT INJURED,39,HISPANIC,FEMALE,NO,SHOULDER & LAP BELT,NOT DEPLOYED,NOT APPLICABLE,N,NONE,NA,NA,NONE,NOT APPLICABLE,NOT APPLICABLE,,DRIVER LICENSE,Texas,CLASS C,78574
15021046,1,MOTOR VEHICLE,N,Y,TX,1GNEC13V02R170519,2002,TAN,CHEVROLET,SUBURBAN,SPORT UTILITY VEHICLE,N,77539,2,NA,FRONT END (LEFT) DAMAGE PARTIAL CONTACT,DAMAGED 2,10,NA,NA,NA,N,"BOSONE, INC",SEABROOK PD,DISREGARD STOP SIGN OR LIGHT,UNDER INFLUENCE - ALCOHOL,NA,NORTH,Y,0,0,0,1,0,0,0,1,DRIVER,FRONT LEFT,NOT INJURED,34,HISPANIC,MALE,NO,SHOULDER & LAP BELT,NOT DEPLOYED,NOT APPLICABLE,N,BLOOD,NA,NA,BLOOD,UNKNOWN,UNKNOWN,,DRIVER LICENSE,Texas,CLASS C,77518
15021046,1,MOTOR VEHICLE,N,Y,TX,1GNEC13V02R170519,2002,TAN,CHEVROLET,SUBURBAN,SPORT UTILITY VEHICLE,N,77539,2,NA,FRONT END (LEFT) DAMAGE PARTIAL CONTACT,DAMAGED 2,10,NA,NA,NA,N,"BOSONE, INC",SEABROOK PD,DISREGARD STOP SIGN OR LIGHT,UNDER INFLUENCE - ALCOHOL,NA,NORTH,Y,0,0,0,1,0,0,0,1,DRIVER,FRONT LEFT,NOT INJURED,28,WHITE,MALE,NO,SHOULDER & LAP BELT,NOT DEPLOYED,NOT APPLICABLE,N,NONE,NA,NA,NONE,NOT APPLICABLE,NOT APPLICABLE,,DRIVER LICENSE,Texas,CLASS C,77586
14978454,1,MOTOR VEHICLE,N,Y,TX,2G1WF55E049404477,2004,GRY,CHEVROLET,IMPALA,"PASSENGER CAR, 4-DOOR",N,79423,1,PROOF OF LIABILITY INSURANCE,RIGHT FRONT QUARTER DAMAGE ANGULAR IMPACT,DAMAGED 1 MINIMUM,3,NA,NA,NA,N,FLED THE SCENE,,FAILED TO DRIVE IN SINGLE LANE,NA,NA,EAST,Y,0,0,0,1,0,0,0,1,DRIVER,FRONT LEFT,NOT INJURED,52,BLACK,MALE,NO,SHOULDER & LAP BELT,NOT DEPLOYED,NOT APPLICABLE,N,NONE,NA,NA,NONE,NOT APPLICABLE,NOT APPLICABLE,,DRIVER LICENSE,Texas,CLASS C,79423
14949752,1,MOTOR VEHICLE,N,Y,TX,1N4AL2EP0CC198567,NA,WHI,NISSAN,ALTIMA,"PASSENGER CAR, 2-DOOR",N,75219,1,LIABILITY INSURANCE POLICY,FRONT END DAMAGE DISTRIBUTED IMPACT,DAMAGED 4,12,NA,NA,NA,Y,AA WRECKER,1201 W EULESS BLVD,FOLLOWED TOO CLOSELY,FAILED TO CONTROL SPEED,NA,SOUTH,Y,0,0,0,1,0,0,0,1,DRIVER,FRONT LEFT,NOT INJURED,66,BLACK,FEMALE,NO,SHOULDER & LAP BELT,NOT DEPLOYED,NOT APPLICABLE,N,NONE,NA,NA,NONE,NOT APPLICABLE,NOT APPLICABLE,,DRIVER LICENSE,Texas,CLASS C,76119
14967260,5,MOTOR VEHICLE,N,Y,UN,,NA,BLK,UNKNOWN,UNKNOWN,UNKNOWN,N,,NA,NA,NA,NA,NA,NA,NA,NA,,,,FAILED TO CONTROL SPEED,NA,NA,NORTHWEST,Y,0,0,0,0,1,0,0,1,DRIVER,FRONT LEFT,NOT INJURED,36,HISPANIC,MALE,NO,SHOULDER & LAP BELT,NOT DEPLOYED,NOT APPLICABLE,N,NONE,NA,NA,NONE,NOT APPLICABLE,NOT APPLICABLE,,DRIVER LICENSE,Texas,CLASS C,76549