CRASH_ID,UNIT_NBR,UNIT_DESC_ID,VEH_PARKED_FL,VEH_HNR_FL,VEH_LIC_STATE_ID,VIN,VEH_MOD_YEAR,VEH_COLOR_ID,VEH_MAKE_ID,VEH_MOD_ID,VEH_BODY_STYL_ID,EMER_RESPNDR_FL,OWNR_ZIP,FIN_RESP_PROOF_ID,FIN_RESP_TYPE_ID,VEH_DMAG_AREA_1_ID,VEH_DMAG_SCL_1_ID,FORCE_DIR_1_ID,VEH_DMAG_AREA_2_ID,VEH_DMAG_SCL_2_ID,FORCE_DIR_2_ID,VEH_INVENTORIED_FL,VEH_TRANSP_NAME,VEH_TRANSP_DEST,CONTRIB_FACTR_1_ID,CONTRIB_FACTR_2_ID,CONTRIB_FACTR_P1_ID,VEH_TRVL_DIR_ID,FIRST_HARM_EVT_INV_ID,INCAP_INJRY_CNT,NONINCAP_INJRY_CNT,POSS_INJRY_CNT,NON_INJRY_CNT,UNKN_INJRY_CNT,TOT_INJRY_CNT,DEATH_CNT,PRSN_NBR,PRSN_TYPE_ID,PRSN_OCCPNT_POS_ID,PRSN_INJRY_SEV_ID,PRSN_AGE,PRSN_ETHNICITY_ID,PRSN_GNDR_ID,PRSN_EJCT_ID,PRSN_REST_ID,PRSN_AIRBAG_ID,PRSN_HELMET_ID,PRSN_SOL_FL,PRSN_ALC_SPEC_TYPE_ID,PRSN_ALC_RSLT_ID,PRSN_BAC_TEST_RSLT,PRSN_DRG_SPEC_TYPE_ID,PRSN_DRG_RSLT_ID,DRVR_DRG_CAT_1_ID,PRSN_DEATH_TIME,DRVR_LIC_TYPE_ID,DRVR_LIC_STATE_ID,DRVR_LIC_CLS_ID,DRVR_ZIP
14897840,1,MOTOR VEHICLE,N,Y,TX,1GCEC19Y77Z579828,2007,SIL,CHEVROLET,SILVERADO,PICKUP,N,78046,3,PROOF OF LIABILITY INSURANCE,FRONT END (LEFT) DAMAGE PARTIAL CONTACT,DAMAGED 1 MINIMUM,10,NA,NA,NA,N,,,NONE,NA,NA,SOUTH,Y,0,0,0,1,0,0,0,1,DRIVER,FRONT LEFT,NOT INJURED,33,HISPANIC,MALE,NO,SHOULDER & LAP BELT,NOT DEPLOYED,NOT APPLICABLE,N,NONE,NA,NA,NONE,NOT APPLICABLE,NOT APPLICABLE,,DRIVER LICENSE,Texas,CLASS C,78046
14911020,1,MOTOR VEHICLE,N,Y,TX,WDBRF40J94F458014,2004,SIL,MERCEDES-BENZ,UNKNOWN,"PASSENGER CAR, 4-DOOR",N,78575,1,LIABILITY INSURANCE POLICY,FRONT END DAMAGE DISTRIBUTED IMPACT,DAMAGED 1 MINIMUM,12,NA,NA,NA,N,DRIVEN AWAY,,FAILED TO CONTROL SPEED,NA,NA,EAST,Y,0,0,0,1,0,0,0,1,DRIVER,FRONT LEFT,NOT INJURED,19,HISPANIC,FEMALE,NO,SHOULDER & LAP BELT,NOT DEPLOYED,NOT APPLICABLE,N,NONE,NA,NA,NONE,NOT APPLICABLE,NOT APPLICABLE,,DRIVER LICENSE,Texas,CLASS C,78575
14911020,1,MOTOR VEHICLE,N,Y,TX,WDBRF40J94F458014,2004,SIL,MERCEDES-BENZ,UNKNOWN,"PASSENGER CAR, 4-DOOR",N,78575,1,LIABILITY INSURANCE POLICY,FRONT END DAMAGE DISTRIBUTED IMPACT,DAMAGED 1 MINIMUM,12,NA,NA,NA,N,DRIVEN AWAY,,FAILED TO CONTROL SPEED,NA,NA,EAST,Y,0,0,0,1,0,0,0,1,DRIVER,FRONT LEFT,NOT INJURED,21,HISPANIC,FEMALE,NO,SHOULDER & LAP BELT,NOT DEPLOYED,NOT APPLICABLE,N,NONE,NA,NA,NONE,NOT APPLICABLE,NOT APPLICABLE,,DRIVER LICENSE,Texas,CLASS C,78552
14930553,3,MOTOR VEHICLE,N,Y,UN,UNKNOWN,NA,99,UNKNOWN,UNKNOWN,PICKUP,N,,2,NA,NA,NA,NA,NA,NA,NA,N,,,NONE,NA,NA,WEST,N,0,0,0,0,1,0,0,1,DRIVER,FRONT LEFT,NOT INJURED,19,HISPANIC,MALE,NO,SHOULDER & LAP BELT,NOT DEPLOYED,NOT APPLICABLE,N,NONE,NA,NA,NONE,NOT APPLICABLE,NOT APPLICABLE,,DRIVER LICENSE,Mississippi,OTHER/OUT OF STATE,77090
14930553,3,MOTOR VEHICLE,N,Y,UN,UNKNOWN,NA,99,UNKNOWN,UNKNOWN,PICKUP,N,,2,NA,NA,NA,NA,NA,NA,NA,N,,,NONE,NA,NA,WEST,N,0,0,0,0,1,0,0,1,DRIVER,FRONT LEFT,NOT INJURED,19,HISPANIC,MALE,NO,SHOULDER & LAP BELT,NOT DEPLOYED,NOT APPLICABLE,N,NONE,NA,NA,NONE,NOT APPLICABLE,NOT APPLICABLE,,DRIVER LICENSE,Mississippi,OTHER/OUT OF STATE,77090
14948286,2,MOTOR VEHICLE,N,Y,UN,,2001,99,FORD,CROWN VIC,UNKNOWN,N,,NA,NA,BACK END DAMAGE DISTRIBUTED IMPACT,DAMAGED 1 MINIMUM,7,NA,NA,NA,N,,,NONE,NA,NA,NORTH,Y,0,0,0,0,1,0,0,1,DRIVER,FRONT LEFT,NOT INJURED,53,BLACK,MALE,NO,UNKNOWN,NOT DEPLOYED,NOT APPLICABLE,N,NONE,NA,NA,NONE,NOT APPLICABLE,NOT APPLICABLE,,DRIVER LICENSE,Texas,CLASS C,75104
14953646,1,MOTOR VEHICLE,N,Y,TX,5NPEB4AC4DH582709,NA,MAR,HYUNDAI,SONATA,"PASSENGER CAR, 4-DOOR",N,77546,1,PROOF OF LIABILITY INSURANCE,FRONT END DAMAGE CONCENTRATED IMPACT,DAMAGED 3,12,TOP DAMAGE ONLY,NO DAMAGE,NA,N,,,NONE,NA,NA,SOUTHWEST,Y,0,0,0,1,0,0,0,1,DRIVER,FRONT LEFT,NOT INJURED,24,WHITE,FEMALE,NO,SHOULDER & LAP BELT,"DEPLOYED, FRONT",NOT APPLICABLE,N,NONE,NA,NA,NONE,NOT APPLICABLE,NOT APPLICABLE,,DRIVER LICENSE,Texas,CLASS C,77546
14974239,1,MOTOR VEHICLE,N,Y,TX,1FTRW08L53KB66396,2003,BLK,FORD,F150,PICKUP,N,78501,1,LIABILITY INSURANCE POLICY,FRONT END (LEFT) DAMAGE PARTIAL CONTACT,DAMAGED 1 MINIMUM,11,NA,NA,NA,N,,,OTHER (EXPLAIN IN NARRATIVE),NA,NA,SOUTHEAST,Y,0,0,0,1,0,0,0,1,DRIVER,FRONT LEFT,NOT INJURED,34,WHITE,MALE,NO,UNKNOWN,NOT DEPLOYED,NOT APPLICABLE,N,NONE,NA,NA,NONE,NOT APPLICABLE,NOT APPLICABLE,,DRIVER LICENSE,Texas,CLASS C,78501
14975907,1,MOTOR VEHICLE,N,Y,TX,1N4BL11D96N383803,2006,BLK,NISSAN,ALTIMA,"PASSENGER CAR, 4-DOOR",N,77075,1,PROOF OF LIABILITY INSURANCE,FRONT END DAMAGE DISTRIBUTED IMPACT,DAMAGED 7 HIGHEST,12,BACK END DAMAGE DISTRIBUTED IMPACT,DAMAGED 4,6,Y,BOSONE WRECKER SERVICE,BOSONE WRECKER SERVICE,FAILED TO CONTROL SPEED,UNDER INFLUENCE - ALCOHOL,NA,SOUTH,Y,0,0,0,1,0,0,0,1,DRIVER,FRONT LEFT,NOT INJURED,22,HISPANIC,FEMALE,NO,SHOULDER & LAP BELT,NOT DEPLOYED,NOT APPLICABLE,N,REFUSED,NA,NA,NONE,NOT APPLICABLE,NOT APPLICABLE,,DRIVER LICENSE,Texas,CLASS C,77075
14975907,1,MOTOR VEHICLE,N,Y,TX,1N4BL11D96N383803,2006,BLK,NISSAN,ALTIMA,"PASSENGER CAR, 4-DOOR",N,77075,1,PROOF OF LIABILITY INSURANCE,FRONT END DAMAGE DISTRIBUTED IMPACT,DAMAGED 7 HIGHEST,12,BACK END DAMAGE DISTRIBUTED IMPACT,DAMAGED 4,6,Y,BOSONE WRECKER SERVICE,BOSONE WRECKER SERVICE,FAILED TO CONTROL SPEED,UNDER INFLUENCE - ALCOHOL,NA,SOUTH,Y,0,0,0,1,0,0,0,1,DRIVER,FRONT LEFT,NOT INJURED,19,WHITE,FEMALE,NO,SHOULDER & LAP BELT,NOT DEPLOYED,NOT APPLICABLE,N,NONE,NA,NA,NONE,NOT APPLICABLE,NOT APPLICABLE,,DRIVER LICENSE,Texas,CLASS C,77565
14863493,1,MOTOR VEHICLE,N,Y,TX,1GKEC13Z64R220097,2004,WHI,GMC,YUKON,UNKNOWN,N,79603,1,PROOF OF LIABILITY INSURANCE,FRONT END (LEFT) DAMAGE PARTIAL CONTACT,DAMAGED 3,12,NA,NA,NA,N,FLED SCENE,,OTHER (EXPLAIN IN NARRATIVE),NA,NA,EAST,Y,0,0,0,0,1,0,0,1,DRIVER,FRONT LEFT,UNKNOWN,18,BLACK,MALE,NO,UNKNOWN,UNKNOWN,NOT APPLICABLE,N,NONE,NA,NA,NONE,NOT APPLICABLE,NOT APPLICABLE,,DRIVER LICENSE,Texas,CLASS C,79603
14967705,1,MOTOR VEHICLE,N,Y,TX,1FTRX17232KA85861,2002,MUL,FORD,F150,TRUCK,N,77088,1,LIABILITY INSURANCE POLICY,LEFT SIDE DAMAGE ANGULAR IMPACT,DAMAGED 1 MINIMUM,3,NA,NA,NA,N,,NOT TOWED,CHANGED LANE WHEN UNSAFE,NA,NA,SOUTH,Y,0,0,0,0,1,0,0,1,DRIVER,FRONT LEFT,UNKNOWN,53,HISPANIC,MALE,NO,UNKNOWN,NOT DEPLOYED,NOT APPLICABLE,N,NONE,NA,NA,NONE,NOT APPLICABLE,NOT APPLICABLE,,DRIVER LICENSE,Texas,CLASS C,77088
14967705,1,MOTOR VEHICLE,N,Y,TX,1FTRX17232KA85861,2002,MUL,FORD,F150,TRUCK,N,77088,1,LIABILITY INSURANCE POLICY,LEFT SIDE DAMAGE ANGULAR IMPACT,DAMAGED 1 MINIMUM,3,NA,NA,NA,N,,NOT TOWED,CHANGED LANE WHEN UNSAFE,NA,NA,SOUTH,Y,0,0,0,0,1,0,0,1,DRIVER,FRONT LEFT,NOT INJURED,50,WHITE,MALE,NO,SHOULDER & LAP BELT,NOT DEPLOYED,NOT APPLICABLE,N,NONE,NA,NA,NONE,NOT APPLICABLE,NOT APPLICABLE,,DRIVER LICENSE,Texas,CLASS C,77429
14983472,1,MOTOR VEHICLE,N,Y,TX,1N4BL11E73C224908,2003,GLD,NISSAN,ALTIMA,"PASSENGER CAR, 4-DOOR",N,79928,1,LIABILITY INSURANCE POLICY,BACK END DAMAGE DISTRIBUTED IMPACT,DAMAGED 3,6,NA,NA,NA,N,,,BACKED WITHOUT SAFETY,FAILED TO YIELD ROW - PRIVATE DRIVE,UNDER INFLUENCE - ALCOHOL,NORTH,Y,0,0,0,1,0,0,0,1,DRIVER,FRONT LEFT,NOT INJURED,30,HISPANIC,FEMALE,NO,SHOULDER & LAP BELT,"DEPLOYED, FRONT",NOT APPLICABLE,N,NONE,NA,NA,NONE,NOT APPLICABLE,NOT APPLICABLE,,DRIVER LICENSE,Texas,CLASS C,79902
14867543,1,MOTOR VEHICLE,N,Y,UN,1C3CDFBB1ED865809,NA,99,DODGE,DART,"PASSENGER CAR, 4-DOOR",N,78332,1,PROOF OF LIABILITY INSURANCE,LEFT SIDE DAMAGE ANGULAR IMPACT,DAMAGED 3,9,NA,NA,NA,N,HIT AND RUN,HIT AND RUN,CHANGED LANE WHEN UNSAFE,NA,NA,WEST,Y,0,0,0,1,0,0,0,1,DRIVER,FRONT LEFT,NOT INJURED,24,WHITE,FEMALE,NO,SHOULDER & LAP BELT,DEPLOYED MULTIPLE,NOT APPLICABLE,N,NONE,NA,NA,NONE,NOT APPLICABLE,NOT APPLICABLE,,DRIVER LICENSE,Texas,CLASS C,78332
14872018,1,MOTOR VEHICLE,N,Y,TX,1FMRU17L42LA75010,2002,TAN,FORD,EXPEDITION,"PASSENGER CAR, 4-DOOR",N,75067,2,NA,BACK END (RIGHT) DAMAGE PARTIAL CONTACT,DAMAGED 2,6,NA,NA,NA,N,DRIVEN AWAY FROM SCENE,,NONE,NA,NA,SOUTHWEST,Y,0,0,0,0,1,0,0,1,DRIVER,FRONT LEFT,UNKNOWN,41,WHITE,MALE,NO,SHOULDER & LAP BELT,NOT DEPLOYED,NOT APPLICABLE,N,NONE,NA,NA,NONE,NOT APPLICABLE,NOT APPLICABLE,,DRIVER LICENSE,Texas,CLASS C,76033
14902149,1,MOTOR VEHICLE,N,Y,TX,1FTRX08W2YKA24487,2000,BLU,FORD,F150,PICKUP,N,78013,1,PROOF OF LIABILITY INSURANCE,FRONT END (RIGHT)  DAMAGE PARTIAL CONTACT,NO DAMAGE,1,NA,NA,NA,N,TOWED BY PERSONAL MEANS,"106 BELLA DR., COMFORT, TX, 78013",IMPAIRED VISIBILITY (EXPLAIN IN NARRATIVE),NA,NA,WEST,Y,0,0,0,1,0,0,0,1,DRIVER,FRONT LEFT,NOT INJURED,20,HISPANIC,MALE,NO,SHOULDER & LAP BELT,DEPLOYED MULTIPLE,NOT APPLICABLE,N,NONE,NA,NA,NONE,NOT APPLICABLE,NOT APPLICABLE,,DRIVER LICENSE,Texas,CLASS C,78013
14902149,1,MOTOR VEHICLE,N,Y,TX,1FTRX08W2YKA24487,2000,BLU,FORD,F150,PICKUP,N,78013,1,PROOF OF LIABILITY INSURANCE,FRONT END (RIGHT)  DAMAGE PARTIAL CONTACT,NO DAMAGE,1,NA,NA,NA,N,TOWED BY PERSONAL MEANS,"106 BELLA DR., COMFORT, TX, 78013",IMPAIRED VISIBILITY (EXPLAIN IN NARRATIVE),NA,NA,WEST,Y,0,0,0,1,0,0,0,1,PEDESTRIAN,"PEDESTRIAN, PEDALCYCLIST, OR MOTORIZED CONVEYANCE",POSSIBLE INJURY,73,WHITE,MALE,NOT APPLICABLE,NOT APPLICABLE,NOT APPLICABLE,NOT APPLICABLE,N,NONE,NA,NA,NONE,NOT APPLICABLE,NOT APPLICABLE,,DRIVER LICENSE,Texas,CLASS C,78010
14926739,1,MOTOR VEHICLE,N,Y,TX,1G1JC6SHXC4145814,NA,SIL,CHEVROLET,SONIC,"PASSENGER CAR, 4-DOOR",N,77539,1,LIABILITY INSURANCE POLICY,FRONT END DAMAGE DISTRIBUTED IMPACT,DAMAGED 3,12,NA,NA,NA,N,BOSONE,BOSONE,DISREGARD STOP AND GO SIGNAL,NA,ILL (EXPLAIN IN NARRATIVE),NORTH,Y,0,0,0,1,0,0,0,1,DRIVER,FRONT LEFT,NOT INJURED,53,BLACK,FEMALE,NO,SHOULDER & LAP BELT,NOT DEPLOYED,NOT APPLICABLE,N,NONE,NA,NA,NONE,NOT APPLICABLE,NOT APPLICABLE,,DRIVER LICENSE,Texas,CLASS B,77539
14926739,1,MOTOR VEHICLE,N,Y,TX,1G1JC6SHXC4145814,NA,SIL,CHEVROLET,SONIC,"PASSENGER CAR, 4-DOOR",N,77539,1,LIABILITY INSURANCE POLICY,FRONT END DAMAGE DISTRIBUTED IMPACT,DAMAGED 3,12,NA,NA,NA,N,BOSONE,BOSONE,DISREGARD STOP AND GO SIGNAL,NA,ILL (EXPLAIN IN NARRATIVE),NORTH,Y,0,0,0,1,0,0,0,1,DRIVER,FRONT LEFT,NOT INJURED,27,WHITE,FEMALE,NO,SHOULDER & LAP BELT,NOT DEPLOYED,NOT APPLICABLE,N,NONE,NA,NA,NONE,NOT APPLICABLE,NOT APPLICABLE,,DRIVER LICENSE,Texas,CLASS C,77571
14936148,2,MOTOR VEHICLE,N,Y,TX,1GNEC13V73J103903,2003,MAR,CHEVROLET,TAHOE,SPORT UTILITY VEHICLE,N,76401,1,LIABILITY INSURANCE POLICY,RIGHT SIDE DAMAGE ANGULAR IMPACT,DAMAGED 5,3,FRONT END (RIGHT)  DAMAGE PARTIAL CONTACT,DAMAGED 5,12,N,B&W WRECKER SERVICE,"B&W WRECKER SERVICE, 1906 DIH 35 W, BURL",DISREGARD STOP SIGN OR LIGHT,UNSAFE SPEED,NA,EAST,N,0,0,0,0,1,0,0,1,DRIVER,FRONT LEFT,INCAPACITATING INJURY,32,WHITE,MALE,YES,NONE,NOT DEPLOYED,NOT APPLICABLE,N,NONE,NA,NA,NONE,NOT APPLICABLE,NOT APPLICABLE,,DRIVER LICENSE,Texas,CLASS A,76044
14884551,3,MOTOR VEHICLE,N,Y,UN,,NA,WHI,CHEVROLET,UNKNOWN,PICKUP,N,,2,NA,LEFT FRONT QUARTER DAMAGE ANGULAR IMPACT,DAMAGED 1 MINIMUM,1,NA,NA,NA,N,DRIVEN AWAY BY DRIVER,,NONE,NA,NA,EAST,N,0,0,0,1,0,0,0,1,DRIVER,FRONT LEFT,NOT INJURED,48,ASIAN,MALE,NO,SHOULDER & LAP BELT,NOT DEPLOYED,NOT APPLICABLE,N,NONE,NA,NA,NONE,NOT APPLICABLE,NOT APPLICABLE,,DRIVER LICENSE,Texas,CLASS C,77478
14884551,3,MOTOR VEHICLE,N,Y,UN,,NA,WHI,CHEVROLET,UNKNOWN,PICKUP,N,,2,NA,LEFT FRONT QUARTER DAMAGE ANGULAR IMPACT,DAMAGED 1 MINIMUM,1,NA,NA,NA,N,DRIVEN AWAY BY DRIVER,,NONE,NA,NA,EAST,N,0,0,0,1,0,0,0,1,DRIVER,FRONT LEFT,NOT INJURED,31,HISPANIC,FEMALE,NO,SHOULDER & LAP BELT,NOT DEPLOYED,NOT APPLICABLE,N,NONE,NA,NA,NONE,NOT APPLICABLE,NOT APPLICABLE,,DRIVER LICENSE,Texas,CLASS C,77477
14920728,1,MOTOR VEHICLE,N,Y,UN,,NA,WHI,DODGE,RAM TRUCK 3500,TRUCK,N,,2,NA,FRONT END (LEFT) DAMAGE PARTIAL CONTACT,DAMAGED 2,1,LEFT FRONT QUARTER DAMAGE ANGULAR IMPACT,DAMAGED 2,1,N,,,NA,NA,FAILED TO CONTROL SPEED,NORTHWEST,Y,0,0,0,0,1,0,0,1,DRIVER,FRONT LEFT,NOT INJURED,57,BLACK,FEMALE,NO,SHOULDER & LAP BELT,NOT DEPLOYED,NOT APPLICABLE,N,NONE,NA,NA,NONE,NOT APPLICABLE,NOT APPLICABLE,,DRIVER LICENSE,Texas,CLASS C,
14964523,1,MOTOR VEHICLE,N,Y,TX,1FTRW12W08FB27403,NA,99,FORD,F150,PICKUP,N,78840,1,LIABILITY INSURANCE POLICY,RIGHT BACK QUARTER DAMAGE ANGULAR IMPACT,DAMAGED 2,1,NA,NA,NA,Y,E AND J TOWING,102 HAZLET,PASSED IN NO PASSING LANE,HAD BEEN DRINKING,NA,SOUTHEAST,Y,0,0,0,1,0,0,0,1,DRIVER,FRONT LEFT,NOT INJURED,21,HISPANIC,MALE,NO,SHOULDER & LAP BELT,NOT DEPLOYED,NOT APPLICABLE,N,BREATH,Positive,0.17,NONE,NOT APPLICABLE,NOT APPLICABLE,,DRIVER LICENSE,Texas,CLASS C,78840
14964523,1,MOTOR VEHICLE,N,Y,TX,1FTRW12W08FB27403,NA,99,FORD,F150,PICKUP,N,78840,1,LIABILITY INSURANCE POLICY,RIGHT BACK QUARTER DAMAGE ANGULAR IMPACT,DAMAGED 2,1,NA,NA,NA,Y,E AND J TOWING,102 HAZLET,PASSED IN NO PASSING LANE,HAD BEEN DRINKING,NA,SOUTHEAST,Y,0,0,0,1,0,0,0,1,DRIVER,FRONT LEFT,NOT INJURED,23,WHITE,MALE,NO,SHOULDER & LAP BELT,NOT DEPLOYED,NOT APPLICABLE,N,NONE,NA,NA,NONE,NOT APPLICABLE,NOT APPLICABLE,,DRIVER LICENSE,Oklahoma,OTHER/OUT OF STATE,74085
14981370,1,MOTOR VEHICLE,N,Y,TX,JN1BZ34D07M501070,2007,BLK,NISSAN,350Z,"PASSENGER CAR, 2-DOOR",N,75211,2,NA,LEFT SIDE DAMAGE ANGULAR IMPACT,DAMAGED 3,9,FRONT END DAMAGE DISTRIBUTED IMPACT,DAMAGED 5,12,Y,BIG BASS WRECKER,GARLAND AUTO POUND,FAILED TO DRIVE IN SINGLE LANE,NA,UNSAFE SPEED,NORTHWEST,Y,0,0,0,1,0,0,0,1,DRIVER,FRONT LEFT,NOT INJURED,36,HISPANIC,MALE,NO,SHOULDER & LAP BELT,NOT DEPLOYED,NOT APPLICABLE,N,NONE,NA,NA,NONE,NOT APPLICABLE,NOT APPLICABLE,,DRIVER LICENSE,Texas,CLASS C,75254
14897839,1,MOTOR VEHICLE,N,Y,TX,1GCEC19Y77Z579828,2007,SIL,CHEVROLET,SILVERADO,PICKUP,N,78046,1,PROOF OF LIABILITY INSURANCE,FRONT END DAMAGE DISTRIBUTED IMPACT,DAMAGED 1 MINIMUM,12,NA,NA,NA,N,,,FAILED TO CONTROL SPEED,NA,NA,NORTH,Y,0,0,0,1,0,0,0,1,DRIVER,FRONT LEFT,NOT INJURED,33,HISPANIC,MALE,NO,SHOULDER & LAP BELT,NOT DEPLOYED,NOT APPLICABLE,N,NONE,NA,NA,NONE,NOT APPLICABLE,NOT APPLICABLE,,DRIVER LICENSE,Texas,CLASS C,78046
14882346,1,MOTOR VEHICLE,N,Y,TX,1D7HA16K23J541117,2003,MAR,DODGE,RAM 1500,PICKUP,N,75633,1,PROOF OF LIABILITY INSURANCE,FRONT END (LEFT) DAMAGE PARTIAL CONTACT,DAMAGED 3,12,NA,NA,NA,N,"FLED SCENE, DRIVEN BY",ROBERT NORMAN WATSON JR.,FAILED TO DRIVE IN SINGLE LANE,NA,NA,NORTH,Y,0,0,0,1,0,0,0,1,DRIVER,FRONT LEFT,NOT INJURED,48,WHITE,MALE,NO,SHOULDER & LAP BELT,NOT DEPLOYED,NOT APPLICABLE,N,NONE,NA,NA,NONE,NOT APPLICABLE,NOT APPLICABLE,,DRIVER LICENSE,Texas,CLASS C,75633
14882346,1,MOTOR VEHICLE,N,Y,TX,1D7HA16K23J541117,2003,MAR,DODGE,RAM 1500,PICKUP,N,75633,1,PROOF OF LIABILITY INSURANCE,FRONT END (LEFT) DAMAGE PARTIAL CONTACT,DAMAGED 3,12,NA,NA,NA,N,"FLED SCENE, DRIVEN BY",ROBERT NORMAN WATSON JR.,FAILED TO DRIVE IN SINGLE LANE,NA,NA,NORTH,Y,0,0,0,1,0,0,0,1,DRIVER,FRONT LEFT,NOT INJURED,47,WHITE,FEMALE,NO,SHOULDER & LAP BELT,DEPLOYED MULTIPLE,NOT APPLICABLE,N,NONE,NA,NA,NONE,NOT APPLICABLE,NOT APPLICABLE,,DRIVER LICENSE,Texas,CLASS C,75633
14910793,1,MOTOR VEHICLE,N,Y,TX,2GCEC19W821183925,2002,SIL,CHEVROLET,UNKNOWN,PICKUP,N,76903,1,LIABILITY INSURANCE POLICY,FRONT END (RIGHT)  DAMAGE PARTIAL CONTACT,DAMAGED 3,1,RIGHT FRONT QUARTER DAMAGE ANGULAR IMPACT,DAMAGED 3,1,N,DRIVER,DRIVEN AWAY,NA,NA,ANIMAL ON ROAD- DOMESTIC,EAST,Y,0,0,0,1,0,0,0,1,DRIVER,FRONT LEFT,NOT INJURED,41,UNKNOWN,FEMALE,NO,UNKNOWN,NOT DEPLOYED,NOT APPLICABLE,N,NONE,NA,NA,NONE,NOT APPLICABLE,NOT APPLICABLE,,DRIVER LICENSE,Texas,CLASS C,76903
14910940,1,MOTOR VEHICLE,N,Y,TX,5FNYF185X5B030896,2005,99,HONDA,PILOT,UNKNOWN,N,79106,1,PROOF OF LIABILITY INSURANCE,FRONT END DAMAGE CONCENTRATED IMPACT,DAMAGED 2,1,NA,NA,NA,N,LEFT AT  SCENE,LEFT AT SCENE,FAILED TO CONTROL SPEED,NA,NA,SOUTHEAST,Y,0,0,0,1,0,0,0,1,DRIVER,FRONT LEFT,NOT INJURED,22,WHITE,MALE,NO,SHOULDER & LAP BELT,NOT DEPLOYED,NOT APPLICABLE,N,NONE,NA,NA,NONE,NOT APPLICABLE,NOT APPLICABLE,,DRIVER LICENSE,Texas,CLASS C,79106
14948215,1,MOTOR VEHICLE,N,Y,TX,1N6BA0EC2BN317175,NA,GRY,NISSAN,TITAN,PICKUP,N,77354,1,PROOF OF LIABILITY INSURANCE,RIGHT SIDE DAMAGE ANGULAR IMPACT,DAMAGED 1 MINIMUM,1,NA,NA,NA,N,,,DRIVER INATTENTION,NA,NA,NORTH,Y,0,0,0,1,0,0,0,1,DRIVER,FRONT LEFT,NOT INJURED,54,WHITE,FEMALE,NO,SHOULDER & LAP BELT,NOT DEPLOYED,NOT APPLICABLE,N,NONE,NA,NA,NONE,NOT APPLICABLE,NOT APPLICABLE,,DRIVER LICENSE,Texas,CLASS C,77354
14981162,4,MOTOR VEHICLE,N,Y,UN,,NA,BLU,TOYOTA,UNKNOWN,VAN,N,,2,NA,FRONT END DAMAGE DISTRIBUTED IMPACT,DAMAGED 1 MINIMUM,1,NA,NA,NA,N,,FSGI,NONE,NA,NA,SOUTH,N,0,0,0,0,0,0,0,1,DRIVER,FRONT LEFT,NOT INJURED,25,HISPANIC,FEMALE,NO,SHOULDER & LAP BELT,NOT DEPLOYED,NOT APPLICABLE,N,NONE,NA,NA,NONE,NOT APPLICABLE,NOT APPLICABLE,,DRIVER LICENSE,Texas,CLASS C,77382
14981162,4,MOTOR VEHICLE,N,Y,UN,,NA,BLU,TOYOTA,UNKNOWN,VAN,N,,2,NA,FRONT END DAMAGE DISTRIBUTED IMPACT,DAMAGED 1 MINIMUM,1,NA,NA,NA,N,,FSGI,NONE,NA,NA,SOUTH,N,0,0,0,0,0,0,0,1,DRIVER,FRONT LEFT,NOT INJURED,58,BLACK,FEMALE,NO,SHOULDER & LAP BELT,NOT DEPLOYED,NOT APPLICABLE,N,NONE,NA,NA,NONE,NOT APPLICABLE,NOT APPLICABLE,,DRIVER LICENSE,Texas,CLASS C,77078
14981162,4,MOTOR VEHICLE,N,Y,UN,,NA,BLU,TOYOTA,UNKNOWN,VAN,N,,2,NA,FRONT END DAMAGE DISTRIBUTED IMPACT,DAMAGED 1 MINIMUM,1,NA,NA,NA,N,,FSGI,NONE,NA,NA,SOUTH,N,0,0,0,0,0,0,0,1,DRIVER,FRONT LEFT,NOT INJURED,27,BLACK,FEMALE,NO,SHOULDER & LAP BELT,"DEPLOYED, FRONT",NOT APPLICABLE,N,NONE,NA,NA,NONE,NOT APPLICABLE,NOT APPLICABLE,,DRIVER LICENSE,Texas,CLASS C,77038
14984061,2,MOTOR VEHICLE,N,Y,TX,1G6DM57N730139277,2003,WHI,CADILLAC,CTS,"PASSENGER CAR, 4-DOOR",N,78214,1,PROOF OF LIABILITY INSURANCE,LEFT FRONT QUARTER DAMAGE ANGULAR IMPACT,DAMAGED 2,10,FRONT END DAMAGE CONCENTRATED IMPACT,DAMAGED 7 HIGHEST,12,N,TEXAS TOWING,GROWDON POUND,FAILED TO CONTROL SPEED,FAILED TO DRIVE IN SINGLE LANE,NA,EAST,Y,0,1,0,0,0,1,0,1,DRIVER,FRONT LEFT,NOT INJURED,42,HISPANIC,MALE,NO,SHOULDER & LAP BELT,NOT DEPLOYED,NOT APPLICABLE,N,NONE,NA,NA,NONE,NOT APPLICABLE,NOT APPLICABLE,,DRIVER LICENSE,Texas,CLASS C,78221
14984061,2,MOTOR VEHICLE,N,Y,TX,1G6DM57N730139277,2003,WHI,CADILLAC,CTS,"PASSENGER CAR, 4-DOOR",N,78214,1,PROOF OF LIABILITY INSURANCE,LEFT FRONT QUARTER DAMAGE ANGULAR IMPACT,DAMAGED 2,10,FRONT END DAMAGE CONCENTRATED IMPACT,DAMAGED 7 HIGHEST,12,N,TEXAS TOWING,GROWDON POUND,FAILED TO CONTROL SPEED,FAILED TO DRIVE IN SINGLE LANE,NA,EAST,Y,0,1,0,0,0,1,0,1,DRIVER,FRONT LEFT,NON-INCAPACITATING INJURY,34,HISPANIC,MALE,NO,NONE,"DEPLOYED, FRONT",NOT APPLICABLE,N,NONE,NA,NA,NONE,NOT APPLICABLE,NOT APPLICABLE,,DRIVER LICENSE,Texas,CLASS C,78227