CRASH_ID,UNIT_NBR,UNIT_DESC_ID,VEH_PARKED_FL,VEH_HNR_FL,VEH_LIC_STATE_ID,VIN,VEH_MOD_YEAR,VEH_COLOR_ID,VEH_MAKE_ID,VEH_MOD_ID,VEH_BODY_STYL_ID,EMER_RESPNDR_FL,OWNR_ZIP,FIN_RESP_PROOF_ID,FIN_RESP_TYPE_ID,VEH_DMAG_AREA_1_ID,VEH_DMAG_SCL_1_ID,FORCE_DIR_1_ID,VEH_DMAG_AREA_2_ID,VEH_DMAG_SCL_2_ID,FORCE_DIR_2_ID,VEH_INVENTORIED_FL,VEH_TRANSP_NAME,VEH_TRANSP_DEST,CONTRIB_FACTR_1_ID,CONTRIB_FACTR_2_ID,CONTRIB_FACTR_P1_ID,VEH_TRVL_DIR_ID,FIRST_HARM_EVT_INV_ID,INCAP_INJRY_CNT,NONINCAP_INJRY_CNT,POSS_INJRY_CNT,NON_INJRY_CNT,UNKN_INJRY_CNT,TOT_INJRY_CNT,DEATH_CNT,PRSN_NBR,PRSN_TYPE_ID,PRSN_OCCPNT_POS_ID,PRSN_INJRY_SEV_ID,PRSN_AGE,PRSN_ETHNICITY_ID,PRSN_GNDR_ID,PRSN_EJCT_ID,PRSN_REST_ID,PRSN_AIRBAG_ID,PRSN_HELMET_ID,PRSN_SOL_FL,PRSN_ALC_SPEC_TYPE_ID,PRSN_ALC_RSLT_ID,PRSN_BAC_TEST_RSLT,PRSN_DRG_SPEC_TYPE_ID,PRSN_DRG_RSLT_ID,DRVR_DRG_CAT_1_ID,PRSN_DEATH_TIME,DRVR_LIC_TYPE_ID,DRVR_LIC_STATE_ID,DRVR_LIC_CLS_ID,DRVR_ZIP
14921873,3,MOTOR VEHICLE,N,Y,UN,,NA,WHI,UNKNOWN,UNKNOWN,UNKNOWN,N,,2,NA,FRONT END DAMAGE CONCENTRATED IMPACT,DAMAGED 1 MINIMUM,12,NA,NA,NA,N,,,NONE,NA,NA,EAST,N,0,0,0,1,0,0,0,1,DRIVER,FRONT LEFT,NOT INJURED,23,WHITE,MALE,NO,SHOULDER & LAP BELT,NOT DEPLOYED,NOT APPLICABLE,N,NONE,NA,NA,NONE,NOT APPLICABLE,NOT APPLICABLE,,DRIVER LICENSE,Texas,CLASS C,77581
14921873,3,MOTOR VEHICLE,N,Y,UN,,NA,WHI,UNKNOWN,UNKNOWN,UNKNOWN,N,,2,NA,FRONT END DAMAGE CONCENTRATED IMPACT,DAMAGED 1 MINIMUM,12,NA,NA,NA,N,,,NONE,NA,NA,EAST,N,0,0,0,1,0,0,0,1,DRIVER,FRONT LEFT,NOT INJURED,30,WHITE,MALE,NO,SHOULDER & LAP BELT,NOT DEPLOYED,NOT APPLICABLE,N,NONE,NA,NA,NONE,NOT APPLICABLE,NOT APPLICABLE,,DRIVER LICENSE,Texas,CLASS C,77041
14921873,3,MOTOR VEHICLE,N,Y,UN,,NA,WHI,UNKNOWN,UNKNOWN,UNKNOWN,N,,2,NA,FRONT END DAMAGE CONCENTRATED IMPACT,DAMAGED 1 MINIMUM,12,NA,NA,NA,N,,,NONE,NA,NA,EAST,N,0,0,0,1,0,0,0,1,DRIVER,FRONT LEFT,NOT INJURED,30,WHITE,MALE,NO,SHOULDER & LAP BELT,NOT DEPLOYED,NOT APPLICABLE,N,NONE,NA,NA,NONE,NOT APPLICABLE,NOT APPLICABLE,,DRIVER LICENSE,Texas,CLASS C,77041
14926107,1,MOTOR VEHICLE,N,Y,TX,1FAFP53U75A176648,2005,MAR,FORD,TAURUS,"PASSENGER CAR, 4-DOOR",N,76705,1,PROOF OF LIABILITY INSURANCE,FRONT END DAMAGE DISTRIBUTED IMPACT,DAMAGED 1 MINIMUM,12,NA,NA,NA,N,,,FAILED TO CONTROL SPEED,NA,NA,SOUTH,Y,0,0,0,1,0,0,0,1,DRIVER,FRONT LEFT,NOT INJURED,19,HISPANIC,MALE,NO,SHOULDER & LAP BELT,NOT DEPLOYED,NOT APPLICABLE,N,NONE,NA,NA,NONE,NOT APPLICABLE,NOT APPLICABLE,,DRIVER LICENSE,Texas,CLASS C,76705
14926107,1,MOTOR VEHICLE,N,Y,TX,1FAFP53U75A176648,2005,MAR,FORD,TAURUS,"PASSENGER CAR, 4-DOOR",N,76705,1,PROOF OF LIABILITY INSURANCE,FRONT END DAMAGE DISTRIBUTED IMPACT,DAMAGED 1 MINIMUM,12,NA,NA,NA,N,,,FAILED TO CONTROL SPEED,NA,NA,SOUTH,Y,0,0,0,1,0,0,0,1,DRIVER,FRONT LEFT,NOT INJURED,21,HISPANIC,FEMALE,NO,SHOULDER & LAP BELT,NOT DEPLOYED,NOT APPLICABLE,N,NONE,NA,NA,NONE,NOT APPLICABLE,NOT APPLICABLE,,DRIVER LICENSE,Texas,CLASS C,76701
14926441,1,MOTOR VEHICLE,N,Y,TX,5TBRT34142S318957,2002,GRN,TOYOTA,TUNDRA,PICKUP,N,77385,1,LIABILITY INSURANCE POLICY,DISTRIBUTED RIGHT SIDE DAMAGE PARALLEL IMPACT,DAMAGED 1 MINIMUM,2,NA,NA,NA,N,NOT TOWED,,FAILED TO CONTROL SPEED,DRIVER INATTENTION,NA,WEST,Y,0,0,0,1,0,0,0,1,DRIVER,FRONT LEFT,NOT INJURED,64,WHITE,MALE,NO,UNKNOWN,NOT DEPLOYED,NOT APPLICABLE,N,NONE,NA,NA,NONE,NOT APPLICABLE,NOT APPLICABLE,,DRIVER LICENSE,Texas,CLASS C,77385
14958134,1,MOTOR VEHICLE,N,Y,TX,2MEFM75WX1X679975,2001,WHI,MERCURY,GRAND MARQUIS,UNKNOWN,N,76707,1,PROOF OF LIABILITY INSURANCE,FRONT END DAMAGE DISTRIBUTED IMPACT,DAMAGED 3,12,NA,NA,NA,Y,TOW KING,1601 E TAYLOR WACO TX,FAILED TO YIELD ROW - STOP SIGN,NA,NA,EAST,Y,0,1,0,2,1,1,0,1,DRIVER,FRONT LEFT,NON-INCAPACITATING INJURY,27,HISPANIC,MALE,NO,SHOULDER & LAP BELT,NOT DEPLOYED,NOT APPLICABLE,Y,NONE,NA,NA,NONE,NOT APPLICABLE,NOT APPLICABLE,,DRIVER LICENSE,Texas,CLASS C,76707
14973448,1,MOTOR VEHICLE,N,Y,TX,1N6BA07D88N326283,NA,BLK,NISSAN,TITAN,PICKUP,N,77979,2,NA,FRONT END DAMAGE DISTRIBUTED IMPACT,DAMAGED 4,11,NA,NA,NA,Y,SID'S WRECKER SERVICE,"1826 US HIGHWAY 59 S EDNA, TEXAS 77957",HAD BEEN DRINKING,NA,NA,WEST,Y,0,0,0,1,0,0,0,1,DRIVER,FRONT LEFT,NOT INJURED,44,ASIAN,MALE,UNKNOWN,UNKNOWN,NOT DEPLOYED,NOT APPLICABLE,N,BREATH,Positive,0.207,NONE,NOT APPLICABLE,NOT APPLICABLE,,DRIVER LICENSE,Texas,CLASS C,77979
14885720,1,MOTOR VEHICLE,N,Y,TX,1B7GL22X7WS613595,1998,RED,DODGE,DAKOTA,PICKUP,N,78415,2,NA,FRONT END (LEFT) DAMAGE PARTIAL CONTACT,DAMAGED 2,12,NA,NA,NA,Y,TEXSTAR WRECKER SERVICE,IMPOUND LOT @ 5485 GREENWOOD DR,TURNED WHEN UNSAFE,NA,NA,WEST,Y,0,0,0,1,0,0,0,1,DRIVER,FRONT LEFT,NOT INJURED,31,HISPANIC,FEMALE,NO,SHOULDER & LAP BELT,NOT DEPLOYED,NOT APPLICABLE,N,NONE,NA,NA,NONE,NOT APPLICABLE,NOT APPLICABLE,,DRIVER LICENSE,Texas,CLASS C,78418
14935917,1,MOTOR VEHICLE,N,Y,TX,WDDDJ72X78A133173,NA,BLK,MERCEDES-BENZ,CLS-CLASS,"PASSENGER CAR, 2-DOOR",N,77379,1,LIABILITY INSURANCE POLICY,FRONT END (RIGHT)  DAMAGE PARTIAL CONTACT,DAMAGED 4,NA,FRONT END DAMAGE DISTRIBUTED IMPACT,DAMAGED 3,NA,Y,ASK-M TOWING,12639-B VETERANS MEMOR.HOUSTON TX 77014,FAILED TO DRIVE IN SINGLE LANE,NA,NA,EAST,Y,0,0,0,1,0,0,0,1,DRIVER,FRONT LEFT,NOT INJURED,56,BLACK,MALE,NO,SHOULDER & LAP BELT,NOT DEPLOYED,NOT APPLICABLE,N,NONE,NA,NA,NONE,NOT APPLICABLE,NOT APPLICABLE,,DRIVER LICENSE,Texas,CLASS C,77379
14935917,1,MOTOR VEHICLE,N,Y,TX,WDDDJ72X78A133173,NA,BLK,MERCEDES-BENZ,CLS-CLASS,"PASSENGER CAR, 2-DOOR",N,77379,1,LIABILITY INSURANCE POLICY,FRONT END (RIGHT)  DAMAGE PARTIAL CONTACT,DAMAGED 4,NA,FRONT END DAMAGE DISTRIBUTED IMPACT,DAMAGED 3,NA,Y,ASK-M TOWING,12639-B VETERANS MEMOR.HOUSTON TX 77014,FAILED TO DRIVE IN SINGLE LANE,NA,NA,EAST,Y,0,0,0,1,0,0,0,1,DRIVER,FRONT LEFT,NOT INJURED,29,BLACK,MALE,NO,SHOULDER & LAP BELT,NOT DEPLOYED,NOT APPLICABLE,N,NONE,NA,NA,NONE,NOT APPLICABLE,NOT APPLICABLE,,DRIVER LICENSE,Texas,CLASS C,77066
14942444,2,MOTOR VEHICLE,N,Y,TX,1FTRX07243KC19823,2003,RED,FORD,F150,PICKUP,N,78057,1,PROOF OF LIABILITY INSURANCE,FRONT END DAMAGE DISTRIBUTED IMPACT,DAMAGED 1 MINIMUM,12,NA,NA,NA,N,,,FOLLOWED TOO CLOSELY,FAILED TO CONTROL SPEED,NA,NORTHWEST,Y,0,0,0,1,0,0,0,1,DRIVER,FRONT LEFT,NOT INJURED,36,WHITE,MALE,NO,SHOULDER & LAP BELT,NOT DEPLOYED,NOT APPLICABLE,N,NONE,NA,NA,NONE,NOT APPLICABLE,NOT APPLICABLE,,DRIVER LICENSE,Texas,CLASS C,78233
14942444,1,MOTOR VEHICLE,N,Y,TX,WVWNA23BXYE260738,2002,SIL,VOLKSWAGEN,PASSAT,"PASSENGER CAR, 4-DOOR",N,78233,1,PROOF OF LIABILITY INSURANCE,BACK END DAMAGE DISTRIBUTED IMPACT,DAMAGED 2,6,NA,NA,NA,N,,,NONE,NA,NA,NORTHWEST,Y,0,0,0,1,0,0,0,1,DRIVER,FRONT LEFT,NOT INJURED,36,WHITE,MALE,NO,SHOULDER & LAP BELT,NOT DEPLOYED,NOT APPLICABLE,N,NONE,NA,NA,NONE,NOT APPLICABLE,NOT APPLICABLE,,DRIVER LICENSE,Texas,CLASS C,78233
14942444,2,MOTOR VEHICLE,N,Y,TX,1FTRX07243KC19823,2003,RED,FORD,F150,PICKUP,N,78057,1,PROOF OF LIABILITY INSURANCE,FRONT END DAMAGE DISTRIBUTED IMPACT,DAMAGED 1 MINIMUM,12,NA,NA,NA,N,,,FOLLOWED TOO CLOSELY,FAILED TO CONTROL SPEED,NA,NORTHWEST,Y,0,0,0,1,0,0,0,1,DRIVER,FRONT LEFT,NOT INJURED,56,HISPANIC,MALE,NO,SHOULDER & LAP BELT,NOT DEPLOYED,NOT APPLICABLE,N,NONE,NA,NA,NONE,NOT APPLICABLE,NOT APPLICABLE,,DRIVER LICENSE,Texas,CLASS C,78057
14942444,1,MOTOR VEHICLE,N,Y,TX,WVWNA23BXYE260738,2002,SIL,VOLKSWAGEN,PASSAT,"PASSENGER CAR, 4-DOOR",N,78233,1,PROOF OF LIABILITY INSURANCE,BACK END DAMAGE DISTRIBUTED IMPACT,DAMAGED 2,6,NA,NA,NA,N,,,NONE,NA,NA,NORTHWEST,Y,0,0,0,1,0,0,0,1,DRIVER,FRONT LEFT,NOT INJURED,56,HISPANIC,MALE,NO,SHOULDER & LAP BELT,NOT DEPLOYED,NOT APPLICABLE,N,NONE,NA,NA,NONE,NOT APPLICABLE,NOT APPLICABLE,,DRIVER LICENSE,Texas,CLASS C,78057
14844344,1,MOTOR VEHICLE,N,Y,TX,1FTPW14514KB31425,2004,RED,FORD,F150,PICKUP,N,79424,1,PROOF OF LIABILITY INSURANCE,FRONT END (RIGHT)  DAMAGE PARTIAL CONTACT,DAMAGED 3,2,NA,NA,NA,N,LUBBOCK WRECKER,PRECISION AUTOMOTIVE REPAIR 6201 GENOA A,UNSAFE SPEED,NA,NA,NORTH,Y,0,0,0,1,0,0,0,1,DRIVER,FRONT LEFT,NOT INJURED,19,WHITE,MALE,NO,SHOULDER & LAP BELT,NOT DEPLOYED,NOT APPLICABLE,N,NONE,NA,NA,NONE,NOT APPLICABLE,NOT APPLICABLE,,DRIVER LICENSE,Texas,CLASS C,79363
14867716,1,MOTOR VEHICLE,N,Y,TX,1GMDX03E01D265124,2001,TAN,PONTIAC,UNKNOWN,VAN,N,78521,1,LIABILITY INSURANCE POLICY,BACK END (RIGHT) DAMAGE PARTIAL CONTACT,DAMAGED 1 MINIMUM,7,NA,NA,NA,N,DRIVEN AWAY,BY DRIVER,BACKED WITHOUT SAFETY,NA,NA,WEST,Y,0,0,0,1,0,0,0,1,DRIVER,FRONT LEFT,NOT INJURED,77,HISPANIC,FEMALE,NO,SHOULDER & LAP BELT,NOT DEPLOYED,NOT APPLICABLE,N,NONE,NA,NA,NONE,NOT APPLICABLE,NOT APPLICABLE,,DRIVER LICENSE,Texas,CLASS C,78521
14871430,1,MOTOR VEHICLE,N,Y,TX,1FAFP40413F328471,2003,GRY,FORD,MUSTANG,"PASSENGER CAR, 2-DOOR",N,77598,2,NA,RIGHT FRONT QUARTER DAMAGE ANGULAR IMPACT,DAMAGED 2,1,DISTRIBUTED RIGHT SIDE DAMAGE PARALLEL IMPACT,DAMAGED 2,1,Y,DEWITT WRECKER,"13523 CONKLIN HOUSTON, TX 77034",UNDER INFLUENCE - ALCOHOL,NA,NA,SOUTH,Y,0,0,0,1,0,0,0,1,DRIVER,FRONT LEFT,NOT INJURED,22,BLACK,MALE,NO,SHOULDER & LAP BELT,NOT DEPLOYED,NOT APPLICABLE,N,NONE,NA,NA,NONE,NOT APPLICABLE,NOT APPLICABLE,,DRIVER LICENSE,Texas,CLASS C,77598
14888377,2,MOTOR VEHICLE,N,Y,TX,2CNBE634236905603,NA,GRY,CHEVROLET,TRACKER,SPORT UTILITY VEHICLE,N,,NA,NA,FRONT END DAMAGE DISTRIBUTED IMPACT,DAMAGED 1 MINIMUM,11,FRONT END DAMAGE CONCENTRATED IMPACT,DAMAGED 2,11,Y,CHAPARRAL TOWING,"15000 KING RD, FRISCO, TX 75034",FAILED TO DRIVE IN SINGLE LANE,WRONG SIDE - NOT PASSING,HAD BEEN DRINKING,EAST,Y,0,0,0,0,1,0,0,1,DRIVER,FRONT LEFT,NOT INJURED,44,WHITE,MALE,NO,SHOULDER & LAP BELT,NOT DEPLOYED,NOT APPLICABLE,N,NONE,NA,NA,NONE,NOT APPLICABLE,NOT APPLICABLE,,DRIVER LICENSE,Texas,CLASS C,75034
14888377,1,MOTOR VEHICLE,N,Y,TX,5TDKKRFH0FS048334,NA,99,TOYOTA,HIGHLANDER,SPORT UTILITY VEHICLE,N,75034,1,PROOF OF LIABILITY INSURANCE,FRONT END (LEFT) DAMAGE PARTIAL CONTACT,DAMAGED 1 MINIMUM,11,NA,NA,NA,N,LISTED DRIVER,DRIVEN FROM SCENE,NONE,NA,NA,WEST,N,0,0,0,1,0,0,0,1,DRIVER,FRONT LEFT,NOT INJURED,44,WHITE,MALE,NO,SHOULDER & LAP BELT,NOT DEPLOYED,NOT APPLICABLE,N,NONE,NA,NA,NONE,NOT APPLICABLE,NOT APPLICABLE,,DRIVER LICENSE,Texas,CLASS C,75034
14897263,2,MOTOR VEHICLE,N,Y,UN,UNK,NA,99,NA,NA,UNKNOWN,N,,NA,NA,LEFT FRONT QUARTER DAMAGE ANGULAR IMPACT,NA,NA,NA,NA,NA,,,,CHANGED LANE WHEN UNSAFE,NA,NA,SOUTH,Y,0,0,0,0,1,0,0,1,DRIVER,FRONT LEFT,NOT INJURED,39,WHITE,MALE,NO,SHOULDER & LAP BELT,NOT DEPLOYED,NOT APPLICABLE,N,NONE,NA,NA,NONE,NOT APPLICABLE,NOT APPLICABLE,,COMMERCIAL DRIVER LIC.,Texas,CLASS A,78006
14897263,2,MOTOR VEHICLE,N,Y,UN,UNK,NA,99,NA,NA,UNKNOWN,N,,NA,NA,LEFT FRONT QUARTER DAMAGE ANGULAR IMPACT,NA,NA,NA,NA,NA,,,,CHANGED LANE WHEN UNSAFE,NA,NA,SOUTH,Y,0,0,0,0,1,0,0,1,DRIVER,FRONT LEFT,NOT INJURED,32,WHITE,MALE,NO,SHOULDER & LAP BELT,NOT DEPLOYED,NOT APPLICABLE,N,NONE,NA,NA,NONE,NOT APPLICABLE,NOT APPLICABLE,,DRIVER LICENSE,Texas,CLASS C,78251
14933946,1,MOTOR VEHICLE,N,Y,TX,2G1FD3D36F9282365,NA,RED,CHEVROLET,CAMARO,"PASSENGER CAR, 2-DOOR",N,78719,1,LIABILITY INSURANCE POLICY,FRONT END (RIGHT)  DAMAGE PARTIAL CONTACT,DAMAGED 4,12,NA,NA,NA,Y,PRO TOW,"8545 W UNIVERSITY DR, DENTON, TX  76207",FAILED TO CONTROL SPEED,NA,OTHER (EXPLAIN IN NARRATIVE),WEST,Y,0,0,0,1,0,0,0,1,DRIVER,FRONT LEFT,NOT INJURED,37,AMER. INDIAN/ALASKAN NATIVE,MALE,NO,SHOULDER & LAP BELT,"DEPLOYED, FRONT",NOT APPLICABLE,Y,NONE,NA,NA,NONE,NOT APPLICABLE,NOT APPLICABLE,,DRIVER LICENSE,Oklahoma,OTHER/OUT OF STATE,78723
14938135,1,MOTOR VEHICLE,N,Y,TX,1FTRX17W3XKB38908,1999,MUL,FORD,F150,PICKUP,N,75126,2,NA,FRONT END (RIGHT)  DAMAGE PARTIAL CONTACT,DAMAGED 2,12,NA,NA,NA,Y,WOOTEN'S WRECKER,"5909 IH 30 GREENVILLE, TX 75126",UNDER INFLUENCE - ALCOHOL,NA,NA,NORTHEAST,Y,0,0,0,1,0,0,0,1,DRIVER,FRONT LEFT,NOT INJURED,28,WHITE,MALE,NO,NONE,NOT DEPLOYED,NOT APPLICABLE,N,BLOOD,Positive,0.25,NONE,NOT APPLICABLE,NOT APPLICABLE,,DRIVER LICENSE,Texas,CLASS C,75126
14950504,1,MOTOR VEHICLE,N,Y,TX,1FMRU16WX1LA82814,2001,GRN,FORD,EXPEDITION,SPORT UTILITY VEHICLE,N,75701,2,NA,FRONT END (RIGHT)  DAMAGE PARTIAL CONTACT,DAMAGED 2,1,FRONT END (LEFT) DAMAGE PARTIAL CONTACT,DAMAGED 4,11,Y,LIBERTY,WRECKER LOT,FAILED TO DRIVE IN SINGLE LANE,NA,NA,WEST,Y,0,0,0,1,0,0,0,1,DRIVER,FRONT LEFT,NOT INJURED,25,HISPANIC,MALE,NO,SHOULDER & LAP BELT,NOT DEPLOYED,NOT APPLICABLE,N,NONE,NA,NA,NONE,NOT APPLICABLE,NOT APPLICABLE,,DRIVER LICENSE,Texas,CLASS C,75701
14957860,1,MOTOR VEHICLE,N,Y,TX,1B3EL46R85N601291,2005,WHI,DODGE,STRATUS,"PASSENGER CAR, 4-DOOR",N,79907,1,LIABILITY INSURANCE POLICY,LEFT FRONT QUARTER DAMAGE ANGULAR IMPACT,DAMAGED 1 MINIMUM,10,NA,NA,NA,N,,,OVERTAKE AND PASS INSUFFICIENT CLEARANCE,NA,NA,NORTHWEST,Y,0,0,0,1,0,0,0,1,DRIVER,FRONT LEFT,NOT INJURED,54,HISPANIC,FEMALE,NO,SHOULDER & LAP BELT,NOT DEPLOYED,NOT APPLICABLE,N,NONE,NA,NA,NONE,NOT APPLICABLE,NOT APPLICABLE,,DRIVER LICENSE,Texas,CLASS C,79927
14969937,1,MOTOR VEHICLE,N,Y,TX,1GTCS199878110210,2007,BLU,GMC,CANYON,PICKUP,N,76059,1,LIABILITY INSURANCE POLICY,LEFT FRONT QUARTER DAMAGE ANGULAR IMPACT,DAMAGED 1 MINIMUM,2,NA,NA,NA,N,FELD THE SCENE,BY DRIVER,CHANGED LANE WHEN UNSAFE,NA,DRIVER INATTENTION,WEST,Y,0,0,0,1,0,0,0,1,DRIVER,FRONT LEFT,NOT INJURED,46,WHITE,MALE,NO,SHOULDER & LAP BELT,NOT DEPLOYED,NOT APPLICABLE,N,NONE,NA,NA,NONE,NOT APPLICABLE,NOT APPLICABLE,,DRIVER LICENSE,Texas,CLASS C,76028
14872761,1,MOTOR VEHICLE,N,Y,TX,JN1CV6AP9CM620052,NA,WHI,INFINITI,G37,"PASSENGER CAR, 4-DOOR",N,75002,1,PROOF OF LIABILITY INSURANCE,LEFT FRONT QUARTER DAMAGE ANGULAR IMPACT,DAMAGED 4,NA,NA,NA,NA,N,SIGNATURE TOWING,1204 MUNICIPAL AV,TURNED WHEN UNSAFE,NA,FAULTY EVASIVE ACTION,WEST,Y,0,0,0,1,0,0,0,1,DRIVER,FRONT LEFT,NOT INJURED,22,ASIAN,MALE,NO,SHOULDER & LAP BELT,DEPLOYED MULTIPLE,NOT APPLICABLE,N,NONE,NA,NA,NONE,NOT APPLICABLE,NOT APPLICABLE,,DRIVER LICENSE,Texas,CLASS C,75002
14969849,1,MOTOR VEHICLE,N,Y,TX,1G1PC5SB8E7133565,NA,SIL,CHEVROLET,CRUZE,"PASSENGER CAR, 4-DOOR",N,77571,1,PROOF OF LIABILITY INSURANCE,FRONT END (LEFT) DAMAGE PARTIAL CONTACT,DAMAGED 2,11,NA,NA,NA,N,PARKED,LEFT AT SCENE,UNDER INFLUENCE - ALCOHOL,NA,FAILED TO CONTROL SPEED,WEST,Y,0,0,0,1,0,0,0,1,DRIVER,FRONT LEFT,NOT INJURED,39,HISPANIC,MALE,NO,UNKNOWN,NOT DEPLOYED,NOT APPLICABLE,N,NONE,NA,NA,NONE,NOT APPLICABLE,NOT APPLICABLE,,DRIVER LICENSE,Texas,CLASS C,77506
15262509,1,MOTOR VEHICLE,N,Y,TX,1D7HA18K54J240002,2004,BLK,DODGE,RAM TRUCK 1500,PICKUP,N,77539,2,NA,FRONT END DAMAGE DISTRIBUTED IMPACT,DAMAGED 4,12,NA,NA,NA,Y,CHALLENGER TOWING,"8000 OLD GALVESTON HOUSTON, TX 77034",DISREGARD STOP SIGN OR LIGHT,HAD BEEN DRINKING,NA,EAST,Y,0,0,0,1,0,0,0,1,DRIVER,FRONT LEFT,NOT INJURED,22,WHITE,MALE,NO,UNKNOWN,NOT DEPLOYED,NOT APPLICABLE,Y,BLOOD,NA,NA,BLOOD,UNKNOWN,UNKNOWN,,DRIVER LICENSE,Texas,CLASS C,77539
15262509,1,MOTOR VEHICLE,N,Y,TX,1D7HA18K54J240002,2004,BLK,DODGE,RAM TRUCK 1500,PICKUP,N,77539,2,NA,FRONT END DAMAGE DISTRIBUTED IMPACT,DAMAGED 4,12,NA,NA,NA,Y,CHALLENGER TOWING,"8000 OLD GALVESTON HOUSTON, TX 77034",DISREGARD STOP SIGN OR LIGHT,HAD BEEN DRINKING,NA,EAST,Y,0,0,0,1,0,0,0,1,DRIVER,FRONT LEFT,NOT INJURED,35,ASIAN,FEMALE,NO,SHOULDER & LAP BELT,"DEPLOYED, SIDE",NOT APPLICABLE,N,NONE,NA,NA,NONE,NOT APPLICABLE,NOT APPLICABLE,,DRIVER LICENSE,Texas,CLASS C,77089
15262509,1,MOTOR VEHICLE,N,Y,TX,1D7HA18K54J240002,2004,BLK,DODGE,RAM TRUCK 1500,PICKUP,N,77539,2,NA,FRONT END DAMAGE DISTRIBUTED IMPACT,DAMAGED 4,12,NA,NA,NA,Y,CHALLENGER TOWING,"8000 OLD GALVESTON HOUSTON, TX 77034",DISREGARD STOP SIGN OR LIGHT,HAD BEEN DRINKING,NA,EAST,Y,0,0,0,1,0,0,0,1,DRIVER,FRONT LEFT,NOT INJURED,40,WHITE,MALE,NO,SHOULDER & LAP BELT,DEPLOYED MULTIPLE,NOT APPLICABLE,N,NONE,NA,NA,NONE,NOT APPLICABLE,NOT APPLICABLE,,DRIVER LICENSE,Texas,CLASS C,77571
14950946,1,MOTOR VEHICLE,N,Y,TX,1FAHP3FN1AW296122,NA,BLK,FORD,FOCUS,"PASSENGER CAR, 4-DOOR",N,75006,2,NA,FRONT END DAMAGE DISTRIBUTED IMPACT,DAMAGED 4,12,NA,NA,NA,Y,LWS,"15020 KING RD   FRISCO, TX 75034",FAILED TO CONTROL SPEED,NA,NA,SOUTH,Y,0,0,0,2,0,0,0,1,DRIVER,FRONT LEFT,NOT INJURED,42,BLACK,MALE,NO,SHOULDER & LAP BELT,NOT DEPLOYED,NOT APPLICABLE,N,NONE,NA,NA,NONE,NOT APPLICABLE,NOT APPLICABLE,,DRIVER LICENSE,Texas,CLASS C,75050
14838841,1,MOTOR VEHICLE,N,Y,TX,1G1JC5241W7259517,1998,WHI,CHEVROLET,CAVALIER,"PASSENGER CAR, 4-DOOR",N,79404,1,PROOF OF LIABILITY INSURANCE,FRONT END DAMAGE DISTRIBUTED IMPACT,DAMAGED 6,12,NA,NA,NA,N,LUBBOCK WRECKER,LUBBOCK WRECKER  3209 SLATON HWY   806-7,FAILED TO DRIVE IN SINGLE LANE,NA,NA,EAST,Y,0,0,0,1,0,0,0,1,DRIVER,FRONT LEFT,NOT INJURED,25,HISPANIC,FEMALE,UNKNOWN,UNKNOWN,NOT DEPLOYED,NOT APPLICABLE,N,NONE,NA,NA,NONE,NOT APPLICABLE,NOT APPLICABLE,,DRIVER LICENSE,Texas,CLASS C,79412
14892846,1,MOTOR VEHICLE,N,Y,NA,,NA,BLK,NA,NA,"PASSENGER CAR, 4-DOOR",N,,2,NA,NA,NA,NA,NA,NA,NA,N,LEFT THE SCENE,LEFT THE SCENE,FAILED TO CONTROL SPEED,NA,FAILED TO STOP AT PROPER PLACE,WEST,Y,0,0,0,0,1,0,0,1,DRIVER,FRONT LEFT,NOT INJURED,51,ASIAN,MALE,NO,SHOULDER & LAP BELT,NOT DEPLOYED,NOT APPLICABLE,N,NONE,NA,NA,NONE,NOT APPLICABLE,NOT APPLICABLE,,DRIVER LICENSE,Texas,CLASS C,76123
14892846,1,MOTOR VEHICLE,N,Y,NA,,NA,BLK,NA,NA,"PASSENGER CAR, 4-DOOR",N,,2,NA,NA,NA,NA,NA,NA,NA,N,LEFT THE SCENE,LEFT THE SCENE,FAILED TO CONTROL SPEED,NA,FAILED TO STOP AT PROPER PLACE,WEST,Y,0,0,0,0,1,0,0,1,DRIVER,FRONT LEFT,POSSIBLE INJURY,88,BLACK,MALE,NO,SHOULDER & LAP BELT,NOT DEPLOYED,NOT APPLICABLE,N,NONE,NA,NA,NONE,NOT APPLICABLE,NOT APPLICABLE,,DRIVER LICENSE,Texas,CLASS C,76134
14901469,1,MOTOR VEHICLE,N,Y,TX,1C4GP45R05B103357,2005,MAR,CHRYSLER,TOWN & COUNTRY,"PASSENGER CAR, 4-DOOR",N,78414,1,PROOF OF LIABILITY INSURANCE,FRONT END (LEFT) DAMAGE PARTIAL CONTACT,DAMAGED 1 MINIMUM,12,NA,NA,NA,Y,PARKED,6225 STRATFORD,FAILED TO CONTROL SPEED,NA,NA,SOUTH,Y,0,1,0,0,0,1,0,1,DRIVER,FRONT LEFT,NON-INCAPACITATING INJURY,42,HISPANIC,FEMALE,NO,SHOULDER & LAP BELT,NOT DEPLOYED,NOT APPLICABLE,N,NONE,NA,NA,NONE,NOT APPLICABLE,NOT APPLICABLE,,DRIVER LICENSE,Texas,CLASS C,78414