CRASH_ID,UNIT_NBR,UNIT_DESC_ID,VEH_PARKED_FL,VEH_HNR_FL,VEH_LIC_STATE_ID,VIN,VEH_MOD_YEAR,VEH_COLOR_ID,VEH_MAKE_ID,VEH_MOD_ID,VEH_BODY_STYL_ID,EMER_RESPNDR_FL,OWNR_ZIP,FIN_RESP_PROOF_ID,FIN_RESP_TYPE_ID,VEH_DMAG_AREA_1_ID,VEH_DMAG_SCL_1_ID,FORCE_DIR_1_ID,VEH_DMAG_AREA_2_ID,VEH_DMAG_SCL_2_ID,FORCE_DIR_2_ID,VEH_INVENTORIED_FL,VEH_TRANSP_NAME,VEH_TRANSP_DEST,CONTRIB_FACTR_1_ID,CONTRIB_FACTR_2_ID,CONTRIB_FACTR_P1_ID,VEH_TRVL_DIR_ID,FIRST_HARM_EVT_INV_ID,INCAP_INJRY_CNT,NONINCAP_INJRY_CNT,POSS_INJRY_CNT,NON_INJRY_CNT,UNKN_INJRY_CNT,TOT_INJRY_CNT,DEATH_CNT,PRSN_NBR,PRSN_TYPE_ID,PRSN_OCCPNT_POS_ID,PRSN_INJRY_SEV_ID,PRSN_AGE,PRSN_ETHNICITY_ID,PRSN_GNDR_ID,PRSN_EJCT_ID,PRSN_REST_ID,PRSN_AIRBAG_ID,PRSN_HELMET_ID,PRSN_SOL_FL,PRSN_ALC_SPEC_TYPE_ID,PRSN_ALC_RSLT_ID,PRSN_BAC_TEST_RSLT,PRSN_DRG_SPEC_TYPE_ID,PRSN_DRG_RSLT_ID,DRVR_DRG_CAT_1_ID,PRSN_DEATH_TIME,DRVR_LIC_TYPE_ID,DRVR_LIC_STATE_ID,DRVR_LIC_CLS_ID,DRVR_ZIP
14901991,1,MOTOR VEHICLE,N,Y,TX,2G1WB58K981209222,NA,BRO,CHEVROLET,IMPALA,"PASSENGER CAR, 4-DOOR",N,79772,1,PROOF OF LIABILITY INSURANCE,LEFT BACK QUARTER DAMAGE ANGULAR IMPACT,DAMAGED 1 MINIMUM,7,NA,NA,NA,N,LUBBOCK WRECKER,LUBBOCK WRECKER  3209 SLATON HWY   806-7,FAILED TO DRIVE IN SINGLE LANE,NA,NA,WEST,Y,0,0,0,1,0,0,0,1,DRIVER,FRONT LEFT,NOT INJURED,61,HISPANIC,MALE,NO,SHOULDER & LAP BELT,NOT DEPLOYED,NOT APPLICABLE,N,NONE,NA,NA,NONE,NOT APPLICABLE,NOT APPLICABLE,,DRIVER LICENSE,Texas,CLASS C,79772
14871426,1,MOTOR VEHICLE,N,Y,TX,1GNFC13027R379373,2007,TAN,CHEVROLET,TAHOE,SPORT UTILITY VEHICLE,N,77433,1,PROOF OF LIABILITY INSURANCE,FRONT END (RIGHT)  DAMAGE PARTIAL CONTACT,DAMAGED 2,1,NA,NA,NA,Y,ALL'S FAIR TOWING,"11815 1/2 MISTY VALLEY HOUSTON,TX 77066",FAILED TO CONTROL SPEED,NA,NA,NORTH,Y,0,0,0,1,0,0,0,1,DRIVER,FRONT LEFT,NOT INJURED,30,BLACK,MALE,NO,UNKNOWN,"DEPLOYED, FRONT",NOT APPLICABLE,N,NONE,NA,NA,NONE,NOT APPLICABLE,NOT APPLICABLE,,DRIVER LICENSE,Texas,CLASS C,77433
14871426,1,MOTOR VEHICLE,N,Y,TX,1GNFC13027R379373,2007,TAN,CHEVROLET,TAHOE,SPORT UTILITY VEHICLE,N,77433,1,PROOF OF LIABILITY INSURANCE,FRONT END (RIGHT)  DAMAGE PARTIAL CONTACT,DAMAGED 2,1,NA,NA,NA,Y,ALL'S FAIR TOWING,"11815 1/2 MISTY VALLEY HOUSTON,TX 77066",FAILED TO CONTROL SPEED,NA,NA,NORTH,Y,0,0,0,1,0,0,0,1,DRIVER,FRONT LEFT,NOT INJURED,40,BLACK,FEMALE,NO,SHOULDER & LAP BELT,NOT DEPLOYED,NOT APPLICABLE,N,NONE,NA,NA,NONE,NOT APPLICABLE,NOT APPLICABLE,,DRIVER LICENSE,Texas,CLASS C,77014
14922274,1,MOTOR VEHICLE,N,Y,TX,1G11E5SA1GF139742,NA,SIL,CHEVROLET,MALIBU,"PASSENGER CAR, 4-DOOR",N,74134,1,PROOF OF LIABILITY INSURANCE,FRONT END (RIGHT)  DAMAGE PARTIAL CONTACT,DAMAGED 5,1,NA,NA,NA,N,LEFT ON SCENE,UNKNOWN,NA,NA,DRIVER INATTENTION,SOUTH,Y,0,0,1,0,0,1,0,1,DRIVER,FRONT LEFT,POSSIBLE INJURY,35,WHITE,FEMALE,NO,SHOULDER & LAP BELT,NOT DEPLOYED,NOT APPLICABLE,N,NONE,NA,NA,NONE,NOT APPLICABLE,NOT APPLICABLE,,DRIVER LICENSE,Texas,CLASS C,78624
14931347,1,MOTOR VEHICLE,N,Y,TX,3VWJX7AJ8AM080031,NA,WHI,VOLKSWAGEN,JETTA,"PASSENGER CAR, 4-DOOR",N,76210,1,LIABILITY INSURANCE POLICY,FRONT END (LEFT) DAMAGE PARTIAL CONTACT,DAMAGED 2,12,NA,NA,NA,N,DRIVEN FROM SCENE BY WIFE.,DRIVEN FROM SCENE BY WIFE.,UNDER INFLUENCE - ALCOHOL,FOLLOWED TOO CLOSELY,NA,NORTH,Y,0,0,0,1,0,0,0,1,DRIVER,FRONT LEFT,NOT INJURED,25,HISPANIC,MALE,NO,SHOULDER & LAP BELT,NOT DEPLOYED,NOT APPLICABLE,N,REFUSED,NA,NA,REFUSED,NOT APPLICABLE,NOT APPLICABLE,,DRIVER LICENSE,Texas,CLASS C,76210
14931347,1,MOTOR VEHICLE,N,Y,TX,3VWJX7AJ8AM080031,NA,WHI,VOLKSWAGEN,JETTA,"PASSENGER CAR, 4-DOOR",N,76210,1,LIABILITY INSURANCE POLICY,FRONT END (LEFT) DAMAGE PARTIAL CONTACT,DAMAGED 2,12,NA,NA,NA,N,DRIVEN FROM SCENE BY WIFE.,DRIVEN FROM SCENE BY WIFE.,UNDER INFLUENCE - ALCOHOL,FOLLOWED TOO CLOSELY,NA,NORTH,Y,0,0,0,1,0,0,0,1,DRIVER,FRONT LEFT,NOT INJURED,44,WHITE,FEMALE,NO,SHOULDER & LAP BELT,NOT DEPLOYED,NOT APPLICABLE,N,NONE,NA,NA,NONE,NOT APPLICABLE,NOT APPLICABLE,,DRIVER LICENSE,Texas,CLASS C AND M,75077
14948475,1,MOTOR VEHICLE,N,Y,AK,JTKDE167680237786,NA,WHI,NA,NA,"PASSENGER CAR, 4-DOOR",N,77021,1,PROOF OF LIABILITY INSURANCE,FRONT END (RIGHT)  DAMAGE PARTIAL CONTACT,DAMAGED 7 HIGHEST,8,FRONT END (RIGHT)  DAMAGE PARTIAL CONTACT,DAMAGED 7 HIGHEST,8,N,LEFT AT SCENE,LEFT ON SCENE OFF ROADWAY,FAILED TO CONTROL SPEED,FAILED TO YIELD ROW - OPEN INTERSECTION,NA,EAST,Y,0,0,0,1,0,0,0,1,DRIVER,FRONT LEFT,NOT INJURED,30,BLACK,FEMALE,NO,SHOULDER & LAP BELT,NOT DEPLOYED,NOT APPLICABLE,N,NONE,NA,NA,NONE,NOT APPLICABLE,NOT APPLICABLE,,DRIVER LICENSE,Alaska,OTHER/OUT OF STATE,77021
14983435,1,MOTOR VEHICLE,N,Y,TX,1FTYR10U42PB47630,2002,WHI,FORD,RANGER,PICKUP,N,78251,1,PROOF OF LIABILITY INSURANCE,LEFT FRONT QUARTER DAMAGE ANGULAR IMPACT,DAMAGED 1 MINIMUM,11,NA,NA,NA,Y,A & A TOWING,STORAGE LOT,DRIVER INATTENTION,UNDER INFLUENCE - ALCOHOL,NA,SOUTH,Y,0,0,0,1,0,0,0,1,DRIVER,FRONT LEFT,NOT INJURED,23,HISPANIC,MALE,NO,SHOULDER & LAP BELT,NOT DEPLOYED,NOT APPLICABLE,N,REFUSED,NA,NA,BLOOD,UNKNOWN,UNKNOWN,,DRIVER LICENSE,Texas,CLASS C,78251
14880722,1,MOTOR VEHICLE,N,Y,TX,JT2BF22K4W0117518,1998,TAN,TOYOTA,CAMRY,"PASSENGER CAR, 4-DOOR",N,75233,2,NA,LEFT FRONT QUARTER DAMAGE ANGULAR IMPACT,DAMAGED 4,10,LEFT BACK QUARTER DAMAGE ANGULAR IMPACT,DAMAGED 3,8,Y,CONTRACT WRECKER,"1955 VILBIG, DALLAS, TEXAS",DISREGARD STOP SIGN OR LIGHT,NA,NA,SOUTH,Y,0,0,0,1,0,0,0,1,DRIVER,FRONT LEFT,POSSIBLE INJURY,27,BLACK,MALE,NO,SHOULDER & LAP BELT,"DEPLOYED, FRONT",NOT APPLICABLE,N,NONE,NA,NA,NONE,NOT APPLICABLE,NOT APPLICABLE,,DRIVER LICENSE,Louisiana,OTHER/OUT OF STATE,75154
14931438,1,MOTOR VEHICLE,N,Y,TX,YV1V527554F093575,2004,SIL,VOLVO,S40,"PASSENGER CAR, 4-DOOR",N,77009,1,PROOF OF LIABILITY INSURANCE,FRONT END (LEFT) DAMAGE PARTIAL CONTACT,DAMAGED 2,11,NA,NA,NA,N,CANNINO WEST INC T0294H,6125 INDUSTRIAL 713-221-1747,FAILED TO DRIVE IN SINGLE LANE,NA,HAD BEEN DRINKING,NORTH,Y,0,0,0,1,0,0,0,1,DRIVER,FRONT LEFT,NOT INJURED,39,HISPANIC,FEMALE,NO,SHOULDER & LAP BELT,NOT DEPLOYED,NOT APPLICABLE,N,NONE,NA,NA,NONE,NOT APPLICABLE,NOT APPLICABLE,,DRIVER LICENSE,Texas,CLASS C,77006
14950882,4,MOTOR VEHICLE,N,Y,UN,,NA,99,UNKNOWN,UNKNOWN,UNKNOWN,N,,NA,NA,BACK END DAMAGE CONCENTRATED IMPACT,NO DAMAGE,6,NA,NA,NA,N,LEFT THE SCENE,,NONE,NA,NA,SOUTHWEST,N,0,0,0,0,1,0,0,1,DRIVER,FRONT LEFT,POSSIBLE INJURY,56,HISPANIC,MALE,NO,SHOULDER & LAP BELT,NOT DEPLOYED,NOT APPLICABLE,N,NONE,NA,NA,NONE,NOT APPLICABLE,NOT APPLICABLE,,DRIVER LICENSE,Texas,CLASS C,78521
14950882,4,MOTOR VEHICLE,N,Y,UN,,NA,99,UNKNOWN,UNKNOWN,UNKNOWN,N,,NA,NA,BACK END DAMAGE CONCENTRATED IMPACT,NO DAMAGE,6,NA,NA,NA,N,LEFT THE SCENE,,NONE,NA,NA,SOUTHWEST,N,0,0,0,0,1,0,0,1,DRIVER,FRONT LEFT,POSSIBLE INJURY,56,HISPANIC,MALE,NO,SHOULDER & LAP BELT,NOT DEPLOYED,NOT APPLICABLE,N,NONE,NA,NA,NONE,NOT APPLICABLE,NOT APPLICABLE,,DRIVER LICENSE,Texas,CLASS C,78521
14950882,4,MOTOR VEHICLE,N,Y,UN,,NA,99,UNKNOWN,UNKNOWN,UNKNOWN,N,,NA,NA,BACK END DAMAGE CONCENTRATED IMPACT,NO DAMAGE,6,NA,NA,NA,N,LEFT THE SCENE,,NONE,NA,NA,SOUTHWEST,N,0,0,0,0,1,0,0,1,DRIVER,FRONT LEFT,NOT INJURED,60,HISPANIC,MALE,NO,SHOULDER & LAP BELT,NOT DEPLOYED,NOT APPLICABLE,N,NONE,NA,NA,NONE,NOT APPLICABLE,NOT APPLICABLE,,DRIVER LICENSE,Texas,CLASS C,78521
14950882,4,MOTOR VEHICLE,N,Y,UN,,NA,99,UNKNOWN,UNKNOWN,UNKNOWN,N,,NA,NA,BACK END DAMAGE CONCENTRATED IMPACT,NO DAMAGE,6,NA,NA,NA,N,LEFT THE SCENE,,NONE,NA,NA,SOUTHWEST,N,0,0,0,0,1,0,0,1,DRIVER,FRONT LEFT,NOT INJURED,60,HISPANIC,MALE,NO,SHOULDER & LAP BELT,NOT DEPLOYED,NOT APPLICABLE,N,NONE,NA,NA,NONE,NOT APPLICABLE,NOT APPLICABLE,,DRIVER LICENSE,Texas,CLASS C,78521
14878027,1,MOTOR VEHICLE,N,Y,UN,1G6DM57T670192640,2007,BLK,CADILLAC,CTS,UNKNOWN,N,75460,1,PROOF OF LIABILITY INSURANCE,BACK END (RIGHT) DAMAGE PARTIAL CONTACT,DAMAGED 2,6,NA,NA,NA,N,FLED THE SCENE,OF ACCIDENT,BACKED WITHOUT SAFETY,NA,NA,EAST,Y,0,0,0,0,1,0,0,1,DRIVER,FRONT LEFT,NOT INJURED,25,WHITE,FEMALE,NO,SHOULDER & LAP BELT,NOT DEPLOYED,NOT APPLICABLE,N,NONE,NA,NA,NONE,NOT APPLICABLE,NOT APPLICABLE,,DRIVER LICENSE,Texas,CLASS C,75460
14887996,4,MOTOR VEHICLE,N,Y,NA,,NA,NA,NA,NA,UNKNOWN,N,,NA,NA,NA,NA,NA,NA,NA,NA,N,,,NONE,NA,NA,EAST,N,0,0,0,0,0,0,0,1,DRIVER,FRONT LEFT,NOT INJURED,28,WHITE,FEMALE,NO,SHOULDER & LAP BELT,"DEPLOYED, FRONT",NOT APPLICABLE,N,NONE,NA,NA,NONE,NOT APPLICABLE,NOT APPLICABLE,,DRIVER LICENSE,Texas,CLASS C,77591
14887996,4,MOTOR VEHICLE,N,Y,NA,,NA,NA,NA,NA,UNKNOWN,N,,NA,NA,NA,NA,NA,NA,NA,NA,N,,,NONE,NA,NA,EAST,N,0,0,0,0,0,0,0,1,DRIVER,FRONT LEFT,NOT INJURED,19,WHITE,MALE,NO,SHOULDER & LAP BELT,"DEPLOYED, FRONT",NOT APPLICABLE,N,NONE,NA,NA,NONE,NOT APPLICABLE,NOT APPLICABLE,,DRIVER LICENSE,Texas,CLASS C,77494
14887996,4,MOTOR VEHICLE,N,Y,NA,,NA,NA,NA,NA,UNKNOWN,N,,NA,NA,NA,NA,NA,NA,NA,NA,N,,,NONE,NA,NA,EAST,N,0,0,0,0,0,0,0,1,DRIVER,FRONT LEFT,NOT INJURED,47,WHITE,FEMALE,NO,SHOULDER & LAP BELT,NOT DEPLOYED,NOT APPLICABLE,N,NONE,NA,NA,NONE,NOT APPLICABLE,NOT APPLICABLE,,DRIVER LICENSE,Texas,CLASS C,77584
14897509,1,MOTOR VEHICLE,N,Y,TX,1N4AL3AP5FC140440,NA,GRY,NISSAN,ALTIMA,"PASSENGER CAR, 4-DOOR",N,79606,1,PROOF OF LIABILITY INSURANCE,FRONT END (LEFT) DAMAGE PARTIAL CONTACT,DAMAGED 3,12,NA,NA,NA,N,FLORES TOWING,117 EN 7TH,FAILED TO CONTROL SPEED,NA,HAD BEEN DRINKING,SOUTHEAST,Y,0,0,0,1,0,0,0,1,DRIVER,FRONT LEFT,NOT INJURED,34,WHITE,FEMALE,NO,SHOULDER & LAP BELT,NOT DEPLOYED,NOT APPLICABLE,N,NONE,NA,NA,NONE,NOT APPLICABLE,NOT APPLICABLE,,DRIVER LICENSE,Texas,CLASS C,79606
14897509,1,MOTOR VEHICLE,N,Y,TX,1N4AL3AP5FC140440,NA,GRY,NISSAN,ALTIMA,"PASSENGER CAR, 4-DOOR",N,79606,1,PROOF OF LIABILITY INSURANCE,FRONT END (LEFT) DAMAGE PARTIAL CONTACT,DAMAGED 3,12,NA,NA,NA,N,FLORES TOWING,117 EN 7TH,FAILED TO CONTROL SPEED,NA,HAD BEEN DRINKING,SOUTHEAST,Y,0,0,0,1,0,0,0,1,DRIVER,FRONT LEFT,NOT INJURED,70,WHITE,FEMALE,NO,SHOULDER & LAP BELT,NOT DEPLOYED,NOT APPLICABLE,N,NONE,NA,NA,NONE,NOT APPLICABLE,NOT APPLICABLE,,DRIVER LICENSE,Texas,CLASS C,79605
14908952,1,MOTOR VEHICLE,N,Y,TX,1GKEC13T81R214969,2001,MAR,GMC,YUKON,SPORT UTILITY VEHICLE,N,75098,2,NA,FRONT END (LEFT) DAMAGE PARTIAL CONTACT,DAMAGED 2,11,NA,NA,NA,Y,,,UNDER INFLUENCE - ALCOHOL,NA,NA,SOUTH,Y,0,0,0,1,0,0,0,1,DRIVER,FRONT LEFT,NOT INJURED,36,WHITE,MALE,NO,SHOULDER & LAP BELT,NOT DEPLOYED,NOT APPLICABLE,N,BLOOD,Positive,0.31,BLOOD,UNKNOWN,UNKNOWN,,DRIVER LICENSE,Texas,CLASS C,75229
14908952,1,MOTOR VEHICLE,N,Y,TX,1GKEC13T81R214969,2001,MAR,GMC,YUKON,SPORT UTILITY VEHICLE,N,75098,2,NA,FRONT END (LEFT) DAMAGE PARTIAL CONTACT,DAMAGED 2,11,NA,NA,NA,Y,,,UNDER INFLUENCE - ALCOHOL,NA,NA,SOUTH,Y,0,0,0,1,0,0,0,1,DRIVER,FRONT LEFT,NOT INJURED,56,BLACK,FEMALE,NO,SHOULDER & LAP BELT,NOT DEPLOYED,NOT APPLICABLE,N,NONE,NA,NA,NONE,NOT APPLICABLE,NOT APPLICABLE,,DRIVER LICENSE,Texas,CLASS C,75034
14939556,1,MOTOR VEHICLE,N,Y,TX,1FTRX17W3XKB38908,1999,RED,FORD,F150,PICKUP,N,75126,2,NA,FRONT END DAMAGE DISTRIBUTED IMPACT,DAMAGED 2,12,NA,NA,NA,Y,WOOTENS WRECKER SERVICE,"5909 IH 30, GREENVILLE, TX 75401",UNDER INFLUENCE - ALCOHOL,NA,NA,SOUTHEAST,Y,0,0,0,1,0,0,0,1,DRIVER,FRONT LEFT,NOT INJURED,28,WHITE,MALE,NO,NONE,NOT DEPLOYED,NOT APPLICABLE,N,BLOOD,Positive,0.25,NONE,NOT APPLICABLE,NOT APPLICABLE,,DRIVER LICENSE,Texas,CLASS C,75126
14977347,1,MOTOR VEHICLE,N,Y,TX,1GHDX13E12D303840,2002,TAN,OLDSMOBILE,SILHOUETTE,VAN,N,75052,1,LIABILITY INSURANCE POLICY,FRONT END DAMAGE DISTRIBUTED IMPACT,DAMAGED 1 MINIMUM,12,NA,NA,NA,N,NOT TOWED,NOT TOWED,DRIVER INATTENTION,FAILED TO CONTROL SPEED,NA,WEST,Y,0,0,0,1,0,0,0,1,DRIVER,FRONT LEFT,NOT INJURED,21,WHITE,MALE,NO,SHOULDER & LAP BELT,NOT DEPLOYED,NOT APPLICABLE,N,NONE,NA,NA,NONE,NOT APPLICABLE,NOT APPLICABLE,,DRIVER LICENSE,Texas,CLASS C,75052
14977347,1,MOTOR VEHICLE,N,Y,TX,1GHDX13E12D303840,2002,TAN,OLDSMOBILE,SILHOUETTE,VAN,N,75052,1,LIABILITY INSURANCE POLICY,FRONT END DAMAGE DISTRIBUTED IMPACT,DAMAGED 1 MINIMUM,12,NA,NA,NA,N,NOT TOWED,NOT TOWED,DRIVER INATTENTION,FAILED TO CONTROL SPEED,NA,WEST,Y,0,0,0,1,0,0,0,1,DRIVER,FRONT LEFT,NOT INJURED,56,WHITE,MALE,NO,SHOULDER & LAP BELT,NOT DEPLOYED,NOT APPLICABLE,N,NONE,NA,NA,NONE,NOT APPLICABLE,NOT APPLICABLE,,DRIVER LICENSE,Texas,CLASS C,76018
14859701,1,MOTOR VEHICLE,N,Y,TX,3VWRA29M8YM100505,2000,BLK,VOLKSWAGEN,JETTA,"PASSENGER CAR, 4-DOOR",N,78741,1,PROOF OF LIABILITY INSURANCE,FRONT END (LEFT) DAMAGE PARTIAL CONTACT,DAMAGED 1 MINIMUM,NA,FRONT END (RIGHT)  DAMAGE PARTIAL CONTACT,DAMAGED 1 MINIMUM,NA,Y,SOUTHSIDE WRECKER INC,SOUTHSIDE WRECKER INC,HAD BEEN DRINKING,NA,NA,SOUTH,Y,0,0,0,1,0,0,0,1,PASSENGER/OCCUPANT,FRONT LEFT,NOT INJURED,28,WHITE,FEMALE,NO,SHOULDER & LAP BELT,NOT DEPLOYED,NOT APPLICABLE,N,NONE,NA,NA,NONE,NOT APPLICABLE,NOT APPLICABLE,,DRIVER LICENSE,Texas,CLASS C,78745
14875730,1,MOTOR VEHICLE,N,Y,UN,,NA,99,UNKNOWN,NA,UNKNOWN,N,,NA,NA,FRONT END DAMAGE DISTRIBUTED IMPACT,DAMAGED 3,1,NA,NA,NA,,DRIVER,TRAFFIC,FAILED TO CONTROL SPEED,NA,NA,EAST,Y,0,0,0,0,1,0,0,1,DRIVER,FRONT LEFT,NOT INJURED,28,HISPANIC,FEMALE,NO,SHOULDER & LAP BELT,NOT DEPLOYED,NOT APPLICABLE,N,NONE,NA,NA,NONE,NOT APPLICABLE,NOT APPLICABLE,,DRIVER LICENSE,Texas,CLASS C,79928
14887441,2,MOTOR VEHICLE,N,Y,TX,1N6BA0ED2BN325463,NA,WHI,NISSAN,TITAN,PICKUP,N,79903,1,PROOF OF LIABILITY INSURANCE,NA,NA,NA,NA,NA,NA,N,,,NONE,NA,NA,NORTH,Y,0,0,0,2,0,0,0,1,DRIVER,FRONT LEFT,NOT INJURED,47,HISPANIC,MALE,NO,SHOULDER & LAP BELT,NOT DEPLOYED,NOT APPLICABLE,N,NONE,NA,NA,NONE,NOT APPLICABLE,NOT APPLICABLE,,DRIVER LICENSE,Texas,CLASS C,79903
14888165,2,MOTOR VEHICLE,N,Y,UN,,NA,99,NISSAN,NA,"PASSENGER CAR, 4-DOOR",N,,NA,NA,NA,NA,NA,NA,NA,NA,,,,NONE,NA,NA,EAST,N,0,0,0,0,1,0,0,1,DRIVER,FRONT LEFT,NOT INJURED,73,WHITE,MALE,NO,SHOULDER & LAP BELT,NOT DEPLOYED,NOT APPLICABLE,N,NONE,NA,NA,NONE,NOT APPLICABLE,NOT APPLICABLE,,DRIVER LICENSE,Texas,CLASS C,77568
14888165,1,MOTOR VEHICLE,N,Y,UN,,NA,99,FORD,RANGER,PICKUP,N,,NA,NA,NA,NA,NA,NA,NA,NA,,,,NONE,NA,NA,EAST,N,0,0,0,0,1,0,0,1,DRIVER,FRONT LEFT,NOT INJURED,73,WHITE,MALE,NO,SHOULDER & LAP BELT,NOT DEPLOYED,NOT APPLICABLE,N,NONE,NA,NA,NONE,NOT APPLICABLE,NOT APPLICABLE,,DRIVER LICENSE,Texas,CLASS C,77568
14888165,2,MOTOR VEHICLE,N,Y,UN,,NA,99,NISSAN,NA,"PASSENGER CAR, 4-DOOR",N,,NA,NA,NA,NA,NA,NA,NA,NA,,,,NONE,NA,NA,EAST,N,0,0,0,0,1,0,0,1,DRIVER,FRONT LEFT,NOT INJURED,44,BLACK,MALE,NO,SHOULDER & LAP BELT,NOT DEPLOYED,NOT APPLICABLE,N,NONE,NA,NA,NONE,NOT APPLICABLE,NOT APPLICABLE,,DRIVER LICENSE,Texas,CLASS C,77590
14888165,1,MOTOR VEHICLE,N,Y,UN,,NA,99,FORD,RANGER,PICKUP,N,,NA,NA,NA,NA,NA,NA,NA,NA,,,,NONE,NA,NA,EAST,N,0,0,0,0,1,0,0,1,DRIVER,FRONT LEFT,NOT INJURED,44,BLACK,MALE,NO,SHOULDER & LAP BELT,NOT DEPLOYED,NOT APPLICABLE,N,NONE,NA,NA,NONE,NOT APPLICABLE,NOT APPLICABLE,,DRIVER LICENSE,Texas,CLASS C,77590
14894452,1,MOTOR VEHICLE,N,Y,TX,1GNEV18K8HF114685,1987,GRY,CHEVROLET,BLAZER,SPORT UTILITY VEHICLE,N,75801,2,NA,FRONT END (LEFT) DAMAGE PARTIAL CONTACT,DAMAGED 4,12,FRONT END DAMAGE CONCENTRATED IMPACT,DAMAGED 4,12,N,TUCKER FARRIS WRECKER,"306 N. PERRY, PALESTINE, TX",DRIVER INATTENTION,NA,FAILED TO CONTROL SPEED,WEST,Y,0,0,0,0,1,0,0,1,DRIVER,FRONT LEFT,UNKNOWN,24,HISPANIC,MALE,NO,UNKNOWN,NOT DEPLOYED,NOT APPLICABLE,N,NONE,NA,NA,NONE,NOT APPLICABLE,NOT APPLICABLE,,DRIVER LICENSE,Texas,CLASS C,75801
14894452,1,MOTOR VEHICLE,N,Y,TX,1GNEV18K8HF114685,1987,GRY,CHEVROLET,BLAZER,SPORT UTILITY VEHICLE,N,75801,2,NA,FRONT END (LEFT) DAMAGE PARTIAL CONTACT,DAMAGED 4,12,FRONT END DAMAGE CONCENTRATED IMPACT,DAMAGED 4,12,N,TUCKER FARRIS WRECKER,"306 N. PERRY, PALESTINE, TX",DRIVER INATTENTION,NA,FAILED TO CONTROL SPEED,WEST,Y,0,0,0,0,1,0,0,1,UNKNOWN,UNKNOWN,NOT INJURED,34,HISPANIC,MALE,NO,NOT APPLICABLE,NOT DEPLOYED,NOT APPLICABLE,N,NONE,NA,NA,NONE,NOT APPLICABLE,NOT APPLICABLE,,DRIVER LICENSE,Texas,CLASS C,75801
14899541,2,MOTOR VEHICLE,N,Y,UN,,NA,SIL,FORD,F150,PICKUP,N,,NA,NA,DISTRIBUTED RIGHT SIDE DAMAGE PARALLEL IMPACT,DAMAGED 1 MINIMUM,6,FRONT END DAMAGE DISTRIBUTED IMPACT,DAMAGED 1 MINIMUM,12,N,,,NONE,NA,NA,SOUTHWEST,Y,0,0,0,0,1,0,0,1,DRIVER,FRONT LEFT,NOT INJURED,41,HISPANIC,MALE,NO,SHOULDER & LAP BELT,NOT DEPLOYED,NOT APPLICABLE,N,NONE,NA,NA,NONE,NOT APPLICABLE,NOT APPLICABLE,,DRIVER LICENSE,Texas,CLASS C,77093
14903187,1,MOTOR VEHICLE,N,Y,UN,2MELM74W9TX630449,1996,99,MERCURY,GRAND MARQUIS,UNKNOWN,N,78474,2,NA,FRONT END DAMAGE DISTRIBUTED IMPACT,DAMAGED 2,12,NA,NA,NA,N,,,DISREGARD STOP SIGN OR LIGHT,NA,NA,SOUTH,Y,0,0,0,1,0,0,0,1,DRIVER,FRONT LEFT,NOT INJURED,25,HISPANIC,MALE,NO,SHOULDER & LAP BELT,NOT DEPLOYED,NOT APPLICABLE,N,NONE,NA,NA,NONE,NOT APPLICABLE,NOT APPLICABLE,,DRIVER LICENSE,Texas,CLASS C,78572
14912288,1,MOTOR VEHICLE,N,Y,TX,1GBJC34D56E218686,2006,WHI,CHEVROLET,SILVERADO,PICKUP,N,75061,1,PROOF OF LIABILITY INSURANCE,FRONT END DAMAGE DISTRIBUTED IMPACT,DAMAGED 1 MINIMUM,12,NA,NA,NA,N,OPERATOR,FLED SCENE,NONE,NA,NA,SOUTHWEST,Y,0,0,0,1,0,0,0,1,DRIVER,FRONT LEFT,NOT INJURED,35,WHITE,MALE,NO,UNKNOWN,NOT DEPLOYED,NOT APPLICABLE,N,NONE,NA,NA,NONE,NOT APPLICABLE,NOT APPLICABLE,,DRIVER LICENSE,Texas,CLASS C,75061
14912288,1,MOTOR VEHICLE,N,Y,TX,1GBJC34D56E218686,2006,WHI,CHEVROLET,SILVERADO,PICKUP,N,75061,1,PROOF OF LIABILITY INSURANCE,FRONT END DAMAGE DISTRIBUTED IMPACT,DAMAGED 1 MINIMUM,12,NA,NA,NA,N,OPERATOR,FLED SCENE,NONE,NA,NA,SOUTHWEST,Y,0,0,0,1,0,0,0,1,DRIVER,FRONT LEFT,POSSIBLE INJURY,38,WHITE,MALE,NO,SHOULDER & LAP BELT,NOT DEPLOYED,NOT APPLICABLE,N,NONE,NA,NA,NONE,NOT APPLICABLE,NOT APPLICABLE,,DRIVER LICENSE,Texas,CLASS C,75062
15315551,1,MOTOR VEHICLE,N,Y,TX,1G1JC52F847128681,2004,BLU,CHEVROLET,CAVALIER,"PASSENGER CAR, 4-DOOR",N,78570,2,NA,FRONT END (RIGHT)  DAMAGE PARTIAL CONTACT,DAMAGED 5,NA,RIGHT FRONT QUARTER DAMAGE ANGULAR IMPACT,DAMAGED 5,NA,Y,APOLLO WRECKER SERVICE,"316 S OHIO AVE., MERCEDES, TX 78570",UNDER INFLUENCE - ALCOHOL,NA,NA,WEST,Y,0,0,0,1,0,0,0,1,DRIVER,FRONT LEFT,NOT INJURED,32,WHITE,MALE,NO,UNKNOWN,NOT DEPLOYED,NOT APPLICABLE,N,NONE,NA,NA,NONE,NOT APPLICABLE,NOT APPLICABLE,,DRIVER LICENSE,Texas,CLASS C,78570