CRASH_ID,UNIT_NBR,UNIT_DESC_ID,VEH_PARKED_FL,VEH_HNR_FL,VEH_LIC_STATE_ID,VIN,VEH_MOD_YEAR,VEH_COLOR_ID,VEH_MAKE_ID,VEH_MOD_ID,VEH_BODY_STYL_ID,EMER_RESPNDR_FL,OWNR_ZIP,FIN_RESP_PROOF_ID,FIN_RESP_TYPE_ID,VEH_DMAG_AREA_1_ID,VEH_DMAG_SCL_1_ID,FORCE_DIR_1_ID,VEH_DMAG_AREA_2_ID,VEH_DMAG_SCL_2_ID,FORCE_DIR_2_ID,VEH_INVENTORIED_FL,VEH_TRANSP_NAME,VEH_TRANSP_DEST,CONTRIB_FACTR_1_ID,CONTRIB_FACTR_2_ID,CONTRIB_FACTR_P1_ID,VEH_TRVL_DIR_ID,FIRST_HARM_EVT_INV_ID,INCAP_INJRY_CNT,NONINCAP_INJRY_CNT,POSS_INJRY_CNT,NON_INJRY_CNT,UNKN_INJRY_CNT,TOT_INJRY_CNT,DEATH_CNT,PRSN_NBR,PRSN_TYPE_ID,PRSN_OCCPNT_POS_ID,PRSN_INJRY_SEV_ID,PRSN_AGE,PRSN_ETHNICITY_ID,PRSN_GNDR_ID,PRSN_EJCT_ID,PRSN_REST_ID,PRSN_AIRBAG_ID,PRSN_HELMET_ID,PRSN_SOL_FL,PRSN_ALC_SPEC_TYPE_ID,PRSN_ALC_RSLT_ID,PRSN_BAC_TEST_RSLT,PRSN_DRG_SPEC_TYPE_ID,PRSN_DRG_RSLT_ID,DRVR_DRG_CAT_1_ID,PRSN_DEATH_TIME,DRVR_LIC_TYPE_ID,DRVR_LIC_STATE_ID,DRVR_LIC_CLS_ID,DRVR_ZIP
14902457,1,MOTOR VEHICLE,N,Y,TX,JTHBE262172010239,2007,GRY,LEXUS,IS 350,"PASSENGER CAR, 4-DOOR",N,78737,1,PROOF OF LIABILITY INSURANCE,BACK END (LEFT) DAMAGE PARTIAL CONTACT,DAMAGED 1 MINIMUM,7,NA,NA,NA,N,,,BACKED WITHOUT SAFETY,NA,NA,NORTHEAST,Y,0,0,0,1,0,0,0,1,PASSENGER/OCCUPANT,FRONT LEFT,NOT INJURED,47,BLACK,MALE,NO,NONE,NOT DEPLOYED,NOT APPLICABLE,N,NONE,NA,NA,NONE,NOT APPLICABLE,NOT APPLICABLE,,DRIVER LICENSE,Texas,CLASS C,78613
14917866,1,MOTOR VEHICLE,N,Y,TX,1N4BA41E74C894046,2004,MAR,NISSAN,ALTIMA,"PASSENGER CAR, 4-DOOR",N,75080,1,PROOF OF LIABILITY INSURANCE,FRONT END (LEFT) DAMAGE PARTIAL CONTACT,DAMAGED 1 MINIMUM,11,NA,NA,NA,N,,,FLEEING OR EVADING POLICE,UNDER INFLUENCE - DRUG,UNSAFE SPEED,WEST,Y,0,0,0,0,1,0,0,1,DRIVER,FRONT LEFT,UNKNOWN,27,HISPANIC,MALE,NO,UNKNOWN,UNKNOWN,NOT APPLICABLE,N,NONE,NA,NA,NONE,NOT APPLICABLE,NOT APPLICABLE,,DRIVER LICENSE,Texas,CLASS C,75068
14964458,1,MOTOR VEHICLE,N,Y,TX,1HGCB7678PA115777,1993,GLD,HONDA,ACCORD,"PASSENGER CAR, 4-DOOR",N,78583,2,NA,FRONT END DAMAGE CONCENTRATED IMPACT,DAMAGED 6,12,NA,NA,NA,Y,,,OTHER (EXPLAIN IN NARRATIVE),NA,FAILED TO CONTROL SPEED,SOUTH,Y,0,0,0,0,1,0,0,1,DRIVER,FRONT LEFT,UNKNOWN,51,HISPANIC,MALE,NO,SHOULDER & LAP BELT,"DEPLOYED, FRONT",NOT APPLICABLE,N,NONE,NA,NA,NONE,NOT APPLICABLE,NOT APPLICABLE,,DRIVER LICENSE,Texas,CLASS C,78586
14867772,1,MOTOR VEHICLE,N,Y,TX,1FTCR10A7VUB07497,1997,TAN,FORD,RANGER,PICKUP,N,78523,2,NA,FRONT END (RIGHT)  DAMAGE PARTIAL CONTACT,DAMAGED 2,1,NA,NA,NA,Y,TONYS WRECKER,3461 BURTON DR,TURNED WHEN UNSAFE,NA,UNDER INFLUENCE - ALCOHOL,NORTHWEST,Y,0,0,0,1,0,0,0,1,DRIVER,FRONT LEFT,NOT INJURED,42,HISPANIC,MALE,NO,UNKNOWN,NOT DEPLOYED,NOT APPLICABLE,N,NONE,NA,NA,NONE,NOT APPLICABLE,NOT APPLICABLE,,DRIVER LICENSE,Texas,CLASS C,78520
14867772,1,MOTOR VEHICLE,N,Y,TX,1FTCR10A7VUB07497,1997,TAN,FORD,RANGER,PICKUP,N,78523,2,NA,FRONT END (RIGHT)  DAMAGE PARTIAL CONTACT,DAMAGED 2,1,NA,NA,NA,Y,TONYS WRECKER,3461 BURTON DR,TURNED WHEN UNSAFE,NA,UNDER INFLUENCE - ALCOHOL,NORTHWEST,Y,0,0,0,1,0,0,0,1,DRIVER,FRONT LEFT,NOT INJURED,22,HISPANIC,MALE,NO,SHOULDER & LAP BELT,NOT DEPLOYED,NOT APPLICABLE,N,NONE,NA,NA,NONE,NOT APPLICABLE,NOT APPLICABLE,,DRIVER LICENSE,Texas,CLASS C,78521
14897052,2,MOTOR VEHICLE,N,Y,TX,1G4CW52K6X4650070,1999,SIL,BUICK,PARK AVENUE,"PASSENGER CAR, 4-DOOR",N,78230,1,LIABILITY INSURANCE POLICY,FRONT END DAMAGE DISTRIBUTED IMPACT,DAMAGED 4,12,NA,NA,NA,N,3625 GROWDON RD,TEXAS ROADSIDE TOWING,FAILED TO CONTROL SPEED,HAD BEEN DRINKING,NA,NORTHWEST,Y,0,0,0,1,0,0,0,1,DRIVER,FRONT LEFT,NOT INJURED,38,WHITE,MALE,NO,SHOULDER & LAP BELT,NOT DEPLOYED,NOT APPLICABLE,N,NONE,NA,NA,NONE,NOT APPLICABLE,NOT APPLICABLE,,DRIVER LICENSE,Other,OTHER/OUT OF STATE,
14897052,2,MOTOR VEHICLE,N,Y,TX,1G4CW52K6X4650070,1999,SIL,BUICK,PARK AVENUE,"PASSENGER CAR, 4-DOOR",N,78230,1,LIABILITY INSURANCE POLICY,FRONT END DAMAGE DISTRIBUTED IMPACT,DAMAGED 4,12,NA,NA,NA,N,3625 GROWDON RD,TEXAS ROADSIDE TOWING,FAILED TO CONTROL SPEED,HAD BEEN DRINKING,NA,NORTHWEST,Y,0,0,0,1,0,0,0,1,DRIVER,FRONT LEFT,NOT INJURED,45,HISPANIC,MALE,NO,SHOULDER & LAP BELT,"DEPLOYED, FRONT",NOT APPLICABLE,N,BLOOD,Positive,0.124,NONE,NOT APPLICABLE,NOT APPLICABLE,,DRIVER LICENSE,Texas,CLASS C,78230
14911937,1,MOTOR VEHICLE,N,Y,TX,1FT7W2BT7FEB21183,NA,BLK,FORD,F250,TRUCK,N,76234,1,LIABILITY INSURANCE POLICY,FRONT END (LEFT) DAMAGE PARTIAL CONTACT,DAMAGED 1 MINIMUM,11,NA,NA,NA,N,DRIVEN AWAY BY DRIVER,DRIVEN AWAY BY DRIVER,ROAD RAGE,NA,HAD BEEN DRINKING,SOUTH,Y,0,0,0,1,0,0,0,1,DRIVER,FRONT LEFT,NOT INJURED,26,WHITE,MALE,NO,UNKNOWN,UNKNOWN,NOT APPLICABLE,N,NONE,NA,NA,NONE,NOT APPLICABLE,NOT APPLICABLE,,DRIVER LICENSE,Texas,CLASS C,76234
14925283,1,MOTOR VEHICLE,N,Y,TX,1GNEK18K2NJ346944,1992,BLU,CHEVROLET,BLAZER,SPORT UTILITY VEHICLE,N,75077,1,LIABILITY INSURANCE POLICY,FRONT END DAMAGE CONCENTRATED IMPACT,DAMAGED 1 MINIMUM,12,NA,NA,NA,N,DRIVER,DRIVEN AWAY,FAILED TO CONTROL SPEED,NA,NA,NORTHWEST,Y,0,0,0,1,0,0,0,1,DRIVER,FRONT LEFT,NOT INJURED,31,WHITE,FEMALE,NO,SHOULDER & LAP BELT,NOT DEPLOYED,NOT APPLICABLE,N,NONE,NA,NA,NONE,NOT APPLICABLE,NOT APPLICABLE,,DRIVER LICENSE,Texas,CLASS C,75077
14925283,1,MOTOR VEHICLE,N,Y,TX,1GNEK18K2NJ346944,1992,BLU,CHEVROLET,BLAZER,SPORT UTILITY VEHICLE,N,75077,1,LIABILITY INSURANCE POLICY,FRONT END DAMAGE CONCENTRATED IMPACT,DAMAGED 1 MINIMUM,12,NA,NA,NA,N,DRIVER,DRIVEN AWAY,FAILED TO CONTROL SPEED,NA,NA,NORTHWEST,Y,0,0,0,1,0,0,0,1,DRIVER,FRONT LEFT,NOT INJURED,51,BLACK,MALE,NO,SHOULDER & LAP BELT,NOT DEPLOYED,NOT APPLICABLE,N,NONE,NA,NA,NONE,NOT APPLICABLE,NOT APPLICABLE,,DRIVER LICENSE,Texas,CLASS C,75067
14967897,1,MOTOR VEHICLE,N,Y,TX,JM1BC1410W0225990,1998,MAR,MAZDA,PROTEGE,"PASSENGER CAR, 2-DOOR",N,78721,1,LIABILITY INSURANCE POLICY,FRONT END DAMAGE DISTRIBUTED IMPACT,DAMAGED 7 HIGHEST,12,NA,NA,NA,Y,SOUTHSIDE WRECKER INC,SOUTHSIDE WRECKER INC,UNDER INFLUENCE - ALCOHOL,NA,NA,SOUTH,Y,0,0,0,0,1,0,0,1,DRIVER,FRONT LEFT,UNKNOWN,49,BLACK,MALE,UNKNOWN,UNKNOWN,"DEPLOYED, FRONT",NOT APPLICABLE,N,OTHER (EXPLAIN IN NARRATIVE),NA,NA,OTHER (EXPLAIN IN NARRATIVE),UNKNOWN,UNKNOWN,,DRIVER LICENSE,Texas,CLASS C,78721
14967897,1,MOTOR VEHICLE,N,Y,TX,JM1BC1410W0225990,1998,MAR,MAZDA,PROTEGE,"PASSENGER CAR, 2-DOOR",N,78721,1,LIABILITY INSURANCE POLICY,FRONT END DAMAGE DISTRIBUTED IMPACT,DAMAGED 7 HIGHEST,12,NA,NA,NA,Y,SOUTHSIDE WRECKER INC,SOUTHSIDE WRECKER INC,UNDER INFLUENCE - ALCOHOL,NA,NA,SOUTH,Y,0,0,0,0,1,0,0,1,DRIVER,FRONT LEFT,NOT INJURED,52,WHITE,MALE,NO,SHOULDER & LAP BELT,NOT DEPLOYED,NOT APPLICABLE,N,NONE,NA,NA,NONE,NOT APPLICABLE,NOT APPLICABLE,,DRIVER LICENSE,Texas,CLASS C,78721
14889075,1,MOTOR VEHICLE,N,Y,TX,2GCEC19VX31250601,2003,GRY,CHEVROLET,SILVERADO C1500,PICKUP,N,79602,1,PROOF OF LIABILITY INSURANCE,LEFT FRONT QUARTER DAMAGE ANGULAR IMPACT,DAMAGED 1 MINIMUM,10,NA,NA,NA,N,NOT TOWED,,FAILED TO YIELD ROW - PRIVATE DRIVE,NA,NA,EAST,Y,0,0,0,1,0,0,0,1,DRIVER,FRONT LEFT,NOT INJURED,17,WHITE,MALE,NO,SHOULDER & LAP BELT,NOT DEPLOYED,NOT APPLICABLE,N,NONE,NA,NA,NONE,NOT APPLICABLE,NOT APPLICABLE,,DRIVER LICENSE,Texas,CLASS C,79602
14889075,1,MOTOR VEHICLE,N,Y,TX,2GCEC19VX31250601,2003,GRY,CHEVROLET,SILVERADO C1500,PICKUP,N,79602,1,PROOF OF LIABILITY INSURANCE,LEFT FRONT QUARTER DAMAGE ANGULAR IMPACT,DAMAGED 1 MINIMUM,10,NA,NA,NA,N,NOT TOWED,,FAILED TO YIELD ROW - PRIVATE DRIVE,NA,NA,EAST,Y,0,0,0,1,0,0,0,1,DRIVER,FRONT LEFT,NOT INJURED,30,WHITE,MALE,NO,SHOULDER & LAP BELT,NOT DEPLOYED,NOT APPLICABLE,N,NONE,NA,NA,NONE,NOT APPLICABLE,NOT APPLICABLE,,DRIVER LICENSE,Texas,CLASS C AND M,79601
14958218,1,MOTOR VEHICLE,N,Y,TX,,2004,MAR,RAM,NA,PICKUP,N,76567,1,PROOF OF LIABILITY INSURANCE,BACK END (LEFT) DAMAGE PARTIAL CONTACT,DAMAGED 2,7,NA,NA,NA,N,DRIVEN AWAY BY DRIVER,,BACKED WITHOUT SAFETY,NA,NA,WEST,Y,0,0,0,1,0,0,0,1,DRIVER,FRONT LEFT,NOT INJURED,18,HISPANIC,MALE,NO,SHOULDER & LAP BELT,NOT DEPLOYED,NOT APPLICABLE,N,NONE,NA,NA,NONE,NOT APPLICABLE,NOT APPLICABLE,,DRIVER LICENSE,Texas,CLASS C,76567
14879793,1,MOTOR VEHICLE,N,Y,TX,5N1ED28T2YC590471,2000,SIL,NISSAN,XTERRA,SPORT UTILITY VEHICLE,N,76308,1,PROOF OF LIABILITY INSURANCE,FRONT END DAMAGE DISTRIBUTED IMPACT,DAMAGED 3,NA,NA,NA,NA,Y,BIG DADDYS WRECKER SERVICE,3101 ARMORY RD,DISTRACTION IN VEHICLE,NA,NA,EAST,Y,0,0,0,1,0,0,0,1,DRIVER,FRONT LEFT,NOT INJURED,18,WHITE,MALE,NO,SHOULDER & LAP BELT,NOT DEPLOYED,NOT APPLICABLE,N,NONE,NA,NA,NONE,NOT APPLICABLE,NOT APPLICABLE,,DRIVER LICENSE,Texas,CLASS C,76308
14945671,1,MOTOR VEHICLE,N,Y,UN,,NA,WHI,UNKNOWN,UNKNOWN,UNKNOWN,N,,NA,NA,BACK END DAMAGE DISTRIBUTED IMPACT,DAMAGED 1 MINIMUM,6,NA,NA,NA,N,,,NONE,NA,NA,EAST,N,0,0,0,0,1,0,0,1,DRIVER,FRONT LEFT,NOT INJURED,60,WHITE,MALE,NO,SHOULDER & LAP BELT,NOT DEPLOYED,NOT APPLICABLE,N,NONE,NA,NA,NONE,NOT APPLICABLE,NOT APPLICABLE,,DRIVER LICENSE,Texas,CLASS C AND M,75235
14945671,1,MOTOR VEHICLE,N,Y,UN,,NA,WHI,UNKNOWN,UNKNOWN,UNKNOWN,N,,NA,NA,BACK END DAMAGE DISTRIBUTED IMPACT,DAMAGED 1 MINIMUM,6,NA,NA,NA,N,,,NONE,NA,NA,EAST,N,0,0,0,0,1,0,0,1,DRIVER,FRONT LEFT,NOT INJURED,60,WHITE,MALE,NO,SHOULDER & LAP BELT,NOT DEPLOYED,NOT APPLICABLE,N,NONE,NA,NA,NONE,NOT APPLICABLE,NOT APPLICABLE,,DRIVER LICENSE,Texas,CLASS C AND M,75235
14945671,1,MOTOR VEHICLE,N,Y,UN,,NA,WHI,UNKNOWN,UNKNOWN,UNKNOWN,N,,NA,NA,BACK END DAMAGE DISTRIBUTED IMPACT,DAMAGED 1 MINIMUM,6,NA,NA,NA,N,,,NONE,NA,NA,EAST,N,0,0,0,0,1,0,0,1,DRIVER,FRONT LEFT,NOT INJURED,19,WHITE,FEMALE,NO,SHOULDER & LAP BELT,NOT DEPLOYED,NOT APPLICABLE,N,NONE,NA,NA,NONE,NOT APPLICABLE,NOT APPLICABLE,,DRIVER LICENSE,Texas,CLASS C,75089
14945671,1,MOTOR VEHICLE,N,Y,UN,,NA,WHI,UNKNOWN,UNKNOWN,UNKNOWN,N,,NA,NA,BACK END DAMAGE DISTRIBUTED IMPACT,DAMAGED 1 MINIMUM,6,NA,NA,NA,N,,,NONE,NA,NA,EAST,N,0,0,0,0,1,0,0,1,DRIVER,FRONT LEFT,NOT INJURED,19,WHITE,FEMALE,NO,SHOULDER & LAP BELT,NOT DEPLOYED,NOT APPLICABLE,N,NONE,NA,NA,NONE,NOT APPLICABLE,NOT APPLICABLE,,DRIVER LICENSE,Texas,CLASS C,75089
14987135,1,MOTOR VEHICLE,N,Y,UN,,NA,WHI,UNKNOWN,UNKNOWN,UNKNOWN,N,,NA,NA,NA,NA,NA,NA,NA,NA,N,,,FAILED TO DRIVE IN SINGLE LANE,NA,NA,NORTH,Y,0,0,0,0,1,0,0,1,DRIVER,FRONT LEFT,NOT INJURED,27,BLACK,MALE,NO,SHOULDER & LAP BELT,NOT DEPLOYED,NOT APPLICABLE,N,NONE,NA,NA,NONE,NOT APPLICABLE,NOT APPLICABLE,,DRIVER LICENSE,Texas,CLASS C,77081
14987135,1,MOTOR VEHICLE,N,Y,UN,,NA,WHI,UNKNOWN,UNKNOWN,UNKNOWN,N,,NA,NA,NA,NA,NA,NA,NA,NA,N,,,FAILED TO DRIVE IN SINGLE LANE,NA,NA,NORTH,Y,0,0,0,0,1,0,0,1,DRIVER,FRONT LEFT,NOT INJURED,27,BLACK,MALE,NO,SHOULDER & LAP BELT,NOT DEPLOYED,NOT APPLICABLE,N,NONE,NA,NA,NONE,NOT APPLICABLE,NOT APPLICABLE,,DRIVER LICENSE,Texas,CLASS C,77081
14872470,1,MOTOR VEHICLE,N,Y,TX,3GCPCSE04BG228592,NA,WHI,CHEVROLET,SILVERADO,PICKUP,N,79424,1,PROOF OF LIABILITY INSURANCE,FRONT END DAMAGE DISTRIBUTED IMPACT,DAMAGED 7 HIGHEST,11,NA,NA,NA,N,LUBBOCK WRECKER,LUBBOCK WRECKER  3209 SLATON HWY   806-7,FAILED TO YIELD ROW - TURNING LEFT,NA,HAD BEEN DRINKING,NORTH,Y,0,0,1,0,0,1,0,1,DRIVER,FRONT LEFT,POSSIBLE INJURY,30,WHITE,MALE,NO,SHOULDER & LAP BELT,DEPLOYED MULTIPLE,NOT APPLICABLE,N,NONE,NA,NA,NONE,NOT APPLICABLE,NOT APPLICABLE,,DRIVER LICENSE,Texas,CLASS C,79424
14872470,1,MOTOR VEHICLE,N,Y,TX,3GCPCSE04BG228592,NA,WHI,CHEVROLET,SILVERADO,PICKUP,N,79424,1,PROOF OF LIABILITY INSURANCE,FRONT END DAMAGE DISTRIBUTED IMPACT,DAMAGED 7 HIGHEST,11,NA,NA,NA,N,LUBBOCK WRECKER,LUBBOCK WRECKER  3209 SLATON HWY   806-7,FAILED TO YIELD ROW - TURNING LEFT,NA,HAD BEEN DRINKING,NORTH,Y,0,0,1,0,0,1,0,1,DRIVER,FRONT LEFT,INCAPACITATING INJURY,23,WHITE,MALE,NO,SHOULDER & LAP BELT,DEPLOYED MULTIPLE,NOT APPLICABLE,N,NONE,NA,NA,NONE,NOT APPLICABLE,NOT APPLICABLE,,DRIVER LICENSE,Texas,CLASS C,79413
14877131,1,MOTOR VEHICLE,N,Y,TX,1C6RD6HT3CS313220,NA,BLK,DODGE,RAM 1500,PICKUP,N,78852,1,LIABILITY INSURANCE POLICY,FRONT END DAMAGE DISTRIBUTED IMPACT,DAMAGED 7 HIGHEST,12,NA,NA,NA,N,MARTINEZ WRECKER SERVICE,MARTINEZ'S YARD,NONE,NA,NA,EAST,Y,0,0,1,0,0,1,0,1,DRIVER,FRONT LEFT,POSSIBLE INJURY,35,HISPANIC,MALE,NO,UNKNOWN,"DEPLOYED, FRONT",NOT APPLICABLE,N,REFUSED,NA,NA,REFUSED,NOT APPLICABLE,NOT APPLICABLE,,DRIVER LICENSE,Texas,CLASS C,78852
14949252,2,MOTOR VEHICLE,N,Y,TX,3GNFC16058G186115,NA,GLD,CHEVROLET,C1500 SUBURBAN,"PASSENGER CAR, 4-DOOR",N,77077,1,LIABILITY INSURANCE POLICY,RIGHT BACK QUARTER DAMAGE ANGULAR IMPACT,DAMAGED 1 MINIMUM,5,NA,NA,NA,N,,,NONE,NA,NA,SOUTH,Y,0,0,0,4,0,0,0,1,DRIVER,FRONT LEFT,NOT INJURED,47,WHITE,MALE,NO,SHOULDER & LAP BELT,NOT DEPLOYED,NOT APPLICABLE,N,NONE,NA,NA,NONE,NOT APPLICABLE,NOT APPLICABLE,,DRIVER LICENSE,Texas,CLASS C,77379
14949252,1,MOTOR VEHICLE,N,Y,TX,WAUAH74F38N162768,NA,BLK,AUDI,Q5,"PASSENGER CAR, 4-DOOR",N,77379,1,LIABILITY INSURANCE POLICY,FRONT END (LEFT) DAMAGE PARTIAL CONTACT,DAMAGED 1 MINIMUM,11,NA,NA,NA,N,,,ANIMAL ON ROAD- WILD,NA,DRIVER INATTENTION,SOUTH,Y,0,0,0,1,0,0,0,1,DRIVER,FRONT LEFT,NOT INJURED,47,WHITE,MALE,NO,SHOULDER & LAP BELT,NOT DEPLOYED,NOT APPLICABLE,N,NONE,NA,NA,NONE,NOT APPLICABLE,NOT APPLICABLE,,DRIVER LICENSE,Texas,CLASS C,77379
14949252,2,MOTOR VEHICLE,N,Y,TX,3GNFC16058G186115,NA,GLD,CHEVROLET,C1500 SUBURBAN,"PASSENGER CAR, 4-DOOR",N,77077,1,LIABILITY INSURANCE POLICY,RIGHT BACK QUARTER DAMAGE ANGULAR IMPACT,DAMAGED 1 MINIMUM,5,NA,NA,NA,N,,,NONE,NA,NA,SOUTH,Y,0,0,0,4,0,0,0,1,DRIVER,FRONT LEFT,NOT INJURED,48,WHITE,MALE,NO,SHOULDER & LAP BELT,NOT DEPLOYED,NOT APPLICABLE,N,NONE,NA,NA,NONE,NOT APPLICABLE,NOT APPLICABLE,,DRIVER LICENSE,Texas,CLASS C,77077
14949252,1,MOTOR VEHICLE,N,Y,TX,WAUAH74F38N162768,NA,BLK,AUDI,Q5,"PASSENGER CAR, 4-DOOR",N,77379,1,LIABILITY INSURANCE POLICY,FRONT END (LEFT) DAMAGE PARTIAL CONTACT,DAMAGED 1 MINIMUM,11,NA,NA,NA,N,,,ANIMAL ON ROAD- WILD,NA,DRIVER INATTENTION,SOUTH,Y,0,0,0,1,0,0,0,1,DRIVER,FRONT LEFT,NOT INJURED,48,WHITE,MALE,NO,SHOULDER & LAP BELT,NOT DEPLOYED,NOT APPLICABLE,N,NONE,NA,NA,NONE,NOT APPLICABLE,NOT APPLICABLE,,DRIVER LICENSE,Texas,CLASS C,77077
14962636,1,MOTOR VEHICLE,N,Y,TX,1GCEK19V12E132663,2002,WHI,CHEVROLET,SILVERADO,PICKUP,N,78410,1,LIABILITY INSURANCE POLICY,DISTRIBUTED RIGHT SIDE DAMAGE PARALLEL IMPACT,DAMAGED 1 MINIMUM,NA,NA,NA,NA,N,DRIVER,RESIDENCE,PASSED IN NO PASSING LANE,NA,SPEEDING - (OVERLIMIT),WEST,Y,0,0,0,1,0,0,0,1,DRIVER,FRONT LEFT,NOT INJURED,23,WHITE,MALE,NO,SHOULDER & LAP BELT,NOT DEPLOYED,NOT APPLICABLE,N,NONE,NA,NA,NONE,NOT APPLICABLE,NOT APPLICABLE,,DRIVER LICENSE,Texas,CLASS C,78410
14962636,1,MOTOR VEHICLE,N,Y,TX,1GCEK19V12E132663,2002,WHI,CHEVROLET,SILVERADO,PICKUP,N,78410,1,LIABILITY INSURANCE POLICY,DISTRIBUTED RIGHT SIDE DAMAGE PARALLEL IMPACT,DAMAGED 1 MINIMUM,NA,NA,NA,NA,N,DRIVER,RESIDENCE,PASSED IN NO PASSING LANE,NA,SPEEDING - (OVERLIMIT),WEST,Y,0,0,0,1,0,0,0,1,DRIVER,FRONT LEFT,NOT INJURED,31,HISPANIC,MALE,NO,SHOULDER & LAP BELT,NOT DEPLOYED,NOT APPLICABLE,N,NONE,NA,NA,NONE,NOT APPLICABLE,NOT APPLICABLE,,DRIVER LICENSE,Texas,CLASS C,78410
14869929,1,MOTOR VEHICLE,N,Y,TX,1G1AK15F867778654,2006,GRY,CHEVROLET,COBALT,"PASSENGER CAR, 4-DOOR",N,78415,1,LIABILITY INSURANCE POLICY,FRONT END (RIGHT)  DAMAGE PARTIAL CONTACT,DAMAGED 3,2,NA,NA,NA,N,SANFORDS WRECKER,IMPOUND LOT,NONE,NA,NA,EAST,Y,0,0,0,1,0,0,0,1,DRIVER,FRONT LEFT,NOT INJURED,45,HISPANIC,MALE,NO,SHOULDER & LAP BELT,NOT DEPLOYED,NOT APPLICABLE,N,NONE,NA,NA,NONE,NOT APPLICABLE,NOT APPLICABLE,,DRIVER LICENSE,Texas,CLASS C,78415
14916642,1,MOTOR VEHICLE,N,Y,TX,1FTWW33F9YEA87535,2000,WHI,FORD,UNKNOWN,PICKUP,N,75028,1,PROOF OF LIABILITY INSURANCE,BACK END DAMAGE DISTRIBUTED IMPACT,DAMAGED 1 MINIMUM,6,NA,NA,NA,N,DRIVER,DRIVEN AWAY,BACKED WITHOUT SAFETY,NA,NA,SOUTHWEST,Y,0,0,0,1,0,0,0,1,DRIVER,FRONT LEFT,NOT INJURED,66,WHITE,MALE,NO,SHOULDER & LAP BELT,NOT DEPLOYED,NOT APPLICABLE,Y,NONE,NA,NA,NONE,NOT APPLICABLE,NOT APPLICABLE,,DRIVER LICENSE,Texas,CLASS C AND M,75028
14916642,1,MOTOR VEHICLE,N,Y,TX,1FTWW33F9YEA87535,2000,WHI,FORD,UNKNOWN,PICKUP,N,75028,1,PROOF OF LIABILITY INSURANCE,BACK END DAMAGE DISTRIBUTED IMPACT,DAMAGED 1 MINIMUM,6,NA,NA,NA,N,DRIVER,DRIVEN AWAY,BACKED WITHOUT SAFETY,NA,NA,SOUTHWEST,Y,0,0,0,1,0,0,0,1,DRIVER,FRONT LEFT,NOT INJURED,49,WHITE,MALE,NO,SHOULDER & LAP BELT,NOT DEPLOYED,NOT APPLICABLE,N,NONE,NA,NA,NONE,NOT APPLICABLE,NOT APPLICABLE,,DRIVER LICENSE,Texas,CLASS C,75028
15127267,2,MOTOR VEHICLE,N,Y,UN,JYADG19Y89A000410,NA,NA,NA,NA,MOTORCYCLE,N,92562-8544,1,LIABILITY INSURANCE POLICY,NA,NO DAMAGE,NA,NA,NA,NA,N,,LEFT AT SCENE,NONE,NA,NA,WEST,Y,1,0,0,0,0,1,0,1,DRIVER OF MOTORCYCLE TYPE VEHICLE,FRONT LEFT,INCAPACITATING INJURY,74,WHITE,MALE,NOT APPLICABLE,NOT APPLICABLE,NOT APPLICABLE,"WORN, DAMAGED",N,NONE,NA,NA,NONE,NOT APPLICABLE,NOT APPLICABLE,,DRIVER LICENSE,Texas,CLASS C AND M,78028
15127267,1,MOTOR VEHICLE,N,Y,TX,1FTPW14565KB55222,2005,WHI,FORD,F150,TRUCK,N,78612,1,PROOF OF LIABILITY INSURANCE,RIGHT SIDE DAMAGE ANGULAR IMPACT,DAMAGED 1 MINIMUM,1,NA,NA,NA,N,DRIVER,DRIVEN AWAY,DRIVER INATTENTION,NA,FOLLOWED TOO CLOSELY,WEST,Y,0,0,0,1,0,0,0,1,DRIVER OF MOTORCYCLE TYPE VEHICLE,FRONT LEFT,INCAPACITATING INJURY,74,WHITE,MALE,NOT APPLICABLE,NOT APPLICABLE,NOT APPLICABLE,"WORN, DAMAGED",N,NONE,NA,NA,NONE,NOT APPLICABLE,NOT APPLICABLE,,DRIVER LICENSE,Texas,CLASS C AND M,78028
14968457,1,MOTOR VEHICLE,N,Y,TX,3FA6P0H78DR268572,NA,SIL,FORD,FUSION,"PASSENGER CAR, 4-DOOR",N,78362,1,LIABILITY INSURANCE POLICY,FRONT END DAMAGE CONCENTRATED IMPACT,DAMAGED 4,12,NA,NA,NA,Y,E & J WRECKER SERVICE,"1225 N. COMMERCIAL, ARANSAS",DRIVER INATTENTION,FAILED TO CONTROL SPEED,NA,SOUTH,Y,0,0,0,0,1,0,0,1,DRIVER,FRONT LEFT,UNKNOWN,29,WHITE,MALE,NO,NONE,DEPLOYED MULTIPLE,NOT APPLICABLE,N,NONE,NA,NA,NONE,NOT APPLICABLE,NOT APPLICABLE,,DRIVER LICENSE,Texas,CLASS C,76528
14852917,1,MOTOR VEHICLE,N,Y,TX,1FTNW21F4YEB58438,2000,RED,FORD,F350,PICKUP,N,77022,1,LIABILITY INSURANCE POLICY,FRONT END DAMAGE DISTRIBUTED IMPACT,DAMAGED 7 HIGHEST,12,NA,NA,NA,Y,MILLER AUTO AND BODY REPAIR,707 W. 24TH STREET,FAILED TO CONTROL SPEED,FAILED TO DRIVE IN SINGLE LANE,NA,WEST,Y,0,0,0,1,0,0,0,1,DRIVER,FRONT LEFT,NOT INJURED,48,HISPANIC,MALE,NO,SHOULDER & LAP BELT,DEPLOYED MULTIPLE,NOT APPLICABLE,N,BREATH,Positive,0.18,NONE,NOT APPLICABLE,NOT APPLICABLE,,DRIVER LICENSE,Texas,CLASS C,77022