CRASH_ID,UNIT_NBR,UNIT_DESC_ID,VEH_PARKED_FL,VEH_HNR_FL,VEH_LIC_STATE_ID,VIN,VEH_MOD_YEAR,VEH_COLOR_ID,VEH_MAKE_ID,VEH_MOD_ID,VEH_BODY_STYL_ID,EMER_RESPNDR_FL,OWNR_ZIP,FIN_RESP_PROOF_ID,FIN_RESP_TYPE_ID,VEH_DMAG_AREA_1_ID,VEH_DMAG_SCL_1_ID,FORCE_DIR_1_ID,VEH_DMAG_AREA_2_ID,VEH_DMAG_SCL_2_ID,FORCE_DIR_2_ID,VEH_INVENTORIED_FL,VEH_TRANSP_NAME,VEH_TRANSP_DEST,CONTRIB_FACTR_1_ID,CONTRIB_FACTR_2_ID,CONTRIB_FACTR_P1_ID,VEH_TRVL_DIR_ID,FIRST_HARM_EVT_INV_ID,INCAP_INJRY_CNT,NONINCAP_INJRY_CNT,POSS_INJRY_CNT,NON_INJRY_CNT,UNKN_INJRY_CNT,TOT_INJRY_CNT,DEATH_CNT,PRSN_NBR,PRSN_TYPE_ID,PRSN_OCCPNT_POS_ID,PRSN_INJRY_SEV_ID,PRSN_AGE,PRSN_ETHNICITY_ID,PRSN_GNDR_ID,PRSN_EJCT_ID,PRSN_REST_ID,PRSN_AIRBAG_ID,PRSN_HELMET_ID,PRSN_SOL_FL,PRSN_ALC_SPEC_TYPE_ID,PRSN_ALC_RSLT_ID,PRSN_BAC_TEST_RSLT,PRSN_DRG_SPEC_TYPE_ID,PRSN_DRG_RSLT_ID,DRVR_DRG_CAT_1_ID,PRSN_DEATH_TIME,DRVR_LIC_TYPE_ID,DRVR_LIC_STATE_ID,DRVR_LIC_CLS_ID,DRVR_ZIP
14936910,1,MOTOR VEHICLE,N,Y,TX,1B4HR48Z62F189110,2002,SIL,DODGE,DURANGO,SPORT UTILITY VEHICLE,N,78043,1,LIABILITY INSURANCE POLICY,FRONT END DAMAGE DISTRIBUTED IMPACT,DAMAGED 5,12,LEFT BACK QUARTER DAMAGE ANGULAR IMPACT,DAMAGED 2,10,Y,HECTOR CABELLO WRECKER SERV.,TOWED AWAY BY OWNER,FAILED TO CONTROL SPEED,FAILED TO DRIVE IN SINGLE LANE,UNDER INFLUENCE - ALCOHOL,WEST,Y,0,1,0,0,0,1,0,1,DRIVER,FRONT LEFT,NON-INCAPACITATING INJURY,23,HISPANIC,MALE,NO,SHOULDER & LAP BELT,"DEPLOYED, FRONT",NOT APPLICABLE,N,NONE,NA,NA,NONE,NOT APPLICABLE,NOT APPLICABLE,,DRIVER LICENSE,Texas,CLASS C,78041
14976129,1,MOTOR VEHICLE,N,Y,TX,1D4HD48N15F621477,2005,MUL,DODGE,DURANGO,SPORT UTILITY VEHICLE,N,79331,2,NA,FRONT END (LEFT) DAMAGE PARTIAL CONTACT,DAMAGED 3,11,NA,NA,NA,Y,BIG SKY TOWING,"11600 W HWY 80 E ODESSA, TX 79765",UNDER INFLUENCE - ALCOHOL,NA,NA,NORTHWEST,Y,0,0,0,1,0,0,0,1,DRIVER,FRONT LEFT,NOT INJURED,26,HISPANIC,MALE,NO,SHOULDER & LAP BELT,NOT DEPLOYED,NOT APPLICABLE,N,BLOOD,Positive,0.242,BLOOD,NOT APPLICABLE,NOT APPLICABLE,,DRIVER LICENSE,Texas,CLASS C,79331
14976129,1,MOTOR VEHICLE,N,Y,TX,1D4HD48N15F621477,2005,MUL,DODGE,DURANGO,SPORT UTILITY VEHICLE,N,79331,2,NA,FRONT END (LEFT) DAMAGE PARTIAL CONTACT,DAMAGED 3,11,NA,NA,NA,Y,BIG SKY TOWING,"11600 W HWY 80 E ODESSA, TX 79765",UNDER INFLUENCE - ALCOHOL,NA,NA,NORTHWEST,Y,0,0,0,1,0,0,0,1,DRIVER,FRONT LEFT,NOT INJURED,20,HISPANIC,MALE,NO,SHOULDER & LAP BELT,NOT DEPLOYED,NOT APPLICABLE,N,NONE,NA,NA,NONE,NOT APPLICABLE,NOT APPLICABLE,,DRIVER LICENSE,Texas,CLASS C,79763
14840537,1,MOTOR VEHICLE,N,Y,UN,,NA,BLK,CHEVROLET,SILVERADO,PICKUP,N,,NA,NA,FRONT END DAMAGE DISTRIBUTED IMPACT,DAMAGED 2,12,NA,NA,NA,N,DRIVER,FLED SCENE,NA,NA,UNDER INFLUENCE - ALCOHOL,EAST,Y,0,0,0,0,1,0,0,1,DRIVER OF MOTORCYCLE TYPE VEHICLE,FRONT LEFT,NON-INCAPACITATING INJURY,44,HISPANIC,MALE,NOT APPLICABLE,NOT APPLICABLE,NOT APPLICABLE,"WORN, DAMAGED",N,NONE,NA,NA,NONE,NOT APPLICABLE,NOT APPLICABLE,,DRIVER LICENSE,Mexico,OTHER/OUT OF STATE,00000
14867804,3,MOTOR VEHICLE,N,Y,NA,,NA,NA,NA,NA,UNKNOWN,N,,NA,NA,NA,NA,NA,NA,NA,NA,,,,NONE,NA,NA,SOUTH,N,0,0,0,0,1,0,0,1,DRIVER,FRONT LEFT,NOT INJURED,46,WHITE,MALE,NO,SHOULDER & LAP BELT,NOT DEPLOYED,NOT APPLICABLE,N,NONE,NA,NA,NONE,NOT APPLICABLE,NOT APPLICABLE,,DRIVER LICENSE,Texas,CLASS C,78664
14867804,3,MOTOR VEHICLE,N,Y,NA,,NA,NA,NA,NA,UNKNOWN,N,,NA,NA,NA,NA,NA,NA,NA,NA,,,,NONE,NA,NA,SOUTH,N,0,0,0,0,1,0,0,1,DRIVER,FRONT LEFT,NOT INJURED,30,WHITE,FEMALE,NO,SHOULDER & LAP BELT,NOT DEPLOYED,NOT APPLICABLE,N,NONE,NA,NA,NONE,NOT APPLICABLE,NOT APPLICABLE,,DRIVER LICENSE,Texas,CLASS C,78701
15005952,3,MOTOR VEHICLE,N,Y,UN,,NA,99,NA,NA,UNKNOWN,N,,2,NA,BACK END DAMAGE DISTRIBUTED IMPACT,DAMAGED 1 MINIMUM,12,NA,NA,NA,N,DRIVER,DRIVEN AWAY,NONE,NA,NA,SOUTH,N,0,0,0,1,0,0,0,1,DRIVER,FRONT LEFT,NOT INJURED,62,HISPANIC,FEMALE,NO,SHOULDER & LAP BELT,NOT DEPLOYED,NOT APPLICABLE,N,NONE,NA,NA,NONE,NOT APPLICABLE,NOT APPLICABLE,,DRIVER LICENSE,Mexico,OTHER/OUT OF STATE,
14971984,3,MOTOR VEHICLE,N,Y,TX,1FMYU93145KA73623,2005,WHI,FORD,ESCAPE,SPORT UTILITY VEHICLE,N,77905,1,LIABILITY INSURANCE POLICY,FRONT END (RIGHT)  DAMAGE PARTIAL CONTACT,DAMAGED 2,1,NA,NA,NA,N,,,FAILED TO DRIVE IN SINGLE LANE,NA,NA,NORTHWEST,Y,0,0,0,1,0,0,0,1,DRIVER,FRONT LEFT,NOT INJURED,44,BLACK,MALE,NO,SHOULDER & LAP BELT,NOT APPLICABLE,NOT APPLICABLE,N,NONE,NA,NA,NONE,NOT APPLICABLE,NOT APPLICABLE,,COMMERCIAL DRIVER LIC.,Texas,CLASS A,77901
14971984,1,MOTOR VEHICLE,N,Y,TX,1M1AN07Y4DM011941,NA,WHI,MACK,UNKNOWN,TRUCK TRACTOR,N,77024,1,PROOF OF LIABILITY INSURANCE,NA,NA,NA,NA,NA,NA,N,,,NONE,NA,NA,SOUTH,Y,0,0,0,1,0,0,0,1,DRIVER,FRONT LEFT,NOT INJURED,44,BLACK,MALE,NO,SHOULDER & LAP BELT,NOT APPLICABLE,NOT APPLICABLE,N,NONE,NA,NA,NONE,NOT APPLICABLE,NOT APPLICABLE,,COMMERCIAL DRIVER LIC.,Texas,CLASS A,77901
14971984,1,MOTOR VEHICLE,N,Y,TX,1M1AN07Y4DM011941,NA,WHI,MACK,UNKNOWN,TRUCK TRACTOR,N,77024,1,PROOF OF LIABILITY INSURANCE,NA,NA,NA,NA,NA,NA,N,,,NONE,NA,NA,SOUTH,Y,0,0,0,1,0,0,0,1,DRIVER,FRONT LEFT,NOT INJURED,44,BLACK,MALE,NO,SHOULDER & LAP BELT,NOT APPLICABLE,NOT APPLICABLE,N,NONE,NA,NA,NONE,NOT APPLICABLE,NOT APPLICABLE,,COMMERCIAL DRIVER LIC.,Texas,CLASS A,77901
14971984,3,MOTOR VEHICLE,N,Y,TX,1FMYU93145KA73623,2005,WHI,FORD,ESCAPE,SPORT UTILITY VEHICLE,N,77905,1,LIABILITY INSURANCE POLICY,FRONT END (RIGHT)  DAMAGE PARTIAL CONTACT,DAMAGED 2,1,NA,NA,NA,N,,,FAILED TO DRIVE IN SINGLE LANE,NA,NA,NORTHWEST,Y,0,0,0,1,0,0,0,1,DRIVER,FRONT LEFT,NOT INJURED,61,WHITE,MALE,NO,SHOULDER & LAP BELT,NOT DEPLOYED,NOT APPLICABLE,N,NONE,NA,NA,NONE,NOT APPLICABLE,NOT APPLICABLE,,DRIVER LICENSE,Texas,CLASS C,77905
14971984,1,MOTOR VEHICLE,N,Y,TX,1M1AN07Y4DM011941,NA,WHI,MACK,UNKNOWN,TRUCK TRACTOR,N,77024,1,PROOF OF LIABILITY INSURANCE,NA,NA,NA,NA,NA,NA,N,,,NONE,NA,NA,SOUTH,Y,0,0,0,1,0,0,0,1,DRIVER,FRONT LEFT,NOT INJURED,61,WHITE,MALE,NO,SHOULDER & LAP BELT,NOT DEPLOYED,NOT APPLICABLE,N,NONE,NA,NA,NONE,NOT APPLICABLE,NOT APPLICABLE,,DRIVER LICENSE,Texas,CLASS C,77905
14971984,1,MOTOR VEHICLE,N,Y,TX,1M1AN07Y4DM011941,NA,WHI,MACK,UNKNOWN,TRUCK TRACTOR,N,77024,1,PROOF OF LIABILITY INSURANCE,NA,NA,NA,NA,NA,NA,N,,,NONE,NA,NA,SOUTH,Y,0,0,0,1,0,0,0,1,DRIVER,FRONT LEFT,NOT INJURED,61,WHITE,MALE,NO,SHOULDER & LAP BELT,NOT DEPLOYED,NOT APPLICABLE,N,NONE,NA,NA,NONE,NOT APPLICABLE,NOT APPLICABLE,,DRIVER LICENSE,Texas,CLASS C,77905
14846632,1,MOTOR VEHICLE,N,Y,UN,,NA,WHI,NA,NA,UNKNOWN,N,,NA,NA,UNKNOWN,NA,12,NA,NA,NA,,,,NONE,NA,NA,WEST,Y,0,0,0,0,1,0,0,1,DRIVER,FRONT LEFT,NOT INJURED,26,HISPANIC,FEMALE,NO,SHOULDER & LAP BELT,NOT DEPLOYED,NOT APPLICABLE,N,NONE,NA,NA,NONE,NOT APPLICABLE,NOT APPLICABLE,,DRIVER LICENSE,Texas,CLASS C,79934
14846632,1,MOTOR VEHICLE,N,Y,UN,,NA,WHI,NA,NA,UNKNOWN,N,,NA,NA,UNKNOWN,NA,12,NA,NA,NA,,,,NONE,NA,NA,WEST,Y,0,0,0,0,1,0,0,1,DRIVER,FRONT LEFT,POSSIBLE INJURY,48,HISPANIC,MALE,NO,SHOULDER & LAP BELT,NOT APPLICABLE,NOT APPLICABLE,N,NONE,NA,NA,NONE,NOT APPLICABLE,NOT APPLICABLE,,DRIVER LICENSE,Texas,CLASS C,79936
14865449,1,MOTOR VEHICLE,N,Y,TX,1A4GP45R36B644981,2006,SIL,CHRYSLER,TOWN & COUNTRY,VAN,N,78644,1,PROOF OF LIABILITY INSURANCE,BACK END (RIGHT) DAMAGE PARTIAL CONTACT,DAMAGED 1 MINIMUM,5,NA,NA,NA,N,BARRON'S WRECKER SERVICE,400 FM 20 E.,BACKED WITHOUT SAFETY,DRIVER INATTENTION,NA,WEST,Y,0,0,0,1,0,0,0,1,DRIVER,FRONT LEFT,NOT INJURED,30,WHITE,MALE,NO,UNKNOWN,NOT DEPLOYED,NOT APPLICABLE,N,NONE,NA,NA,NONE,NOT APPLICABLE,NOT APPLICABLE,,DRIVER LICENSE,Texas,CLASS C,78644
14897490,4,MOTOR VEHICLE,N,Y,UN,,NA,99,NA,NA,UNKNOWN,N,,NA,NA,NA,NA,NA,NA,NA,NA,,,,NONE,NA,NA,EAST,Y,0,0,0,0,1,0,0,1,DRIVER,FRONT LEFT,POSSIBLE INJURY,39,WHITE,FEMALE,NO,SHOULDER & LAP BELT,NOT DEPLOYED,NOT APPLICABLE,N,NONE,NA,NA,NONE,NOT APPLICABLE,NOT APPLICABLE,,DRIVER LICENSE,Texas,CLASS C,79503
14897490,2,MOTOR VEHICLE,N,Y,IN,1XKYDP9X5GJ491142,NA,WHI,KENWORTH,UNKNOWN,TRUCK TRACTOR,N,33178,1,PROOF OF LIABILITY INSURANCE,FRONT END (LEFT) DAMAGE PARTIAL CONTACT,DAMAGED 2,11,NA,NA,NA,N,,,NONE,NA,NA,EAST,N,0,0,0,1,0,0,0,1,DRIVER,FRONT LEFT,POSSIBLE INJURY,39,WHITE,FEMALE,NO,SHOULDER & LAP BELT,NOT DEPLOYED,NOT APPLICABLE,N,NONE,NA,NA,NONE,NOT APPLICABLE,NOT APPLICABLE,,DRIVER LICENSE,Texas,CLASS C,79503
14897490,2,MOTOR VEHICLE,N,Y,IN,1XKYDP9X5GJ491142,NA,WHI,KENWORTH,UNKNOWN,TRUCK TRACTOR,N,33178,1,PROOF OF LIABILITY INSURANCE,FRONT END (LEFT) DAMAGE PARTIAL CONTACT,DAMAGED 2,11,NA,NA,NA,N,,,NONE,NA,NA,EAST,N,0,0,0,1,0,0,0,1,DRIVER,FRONT LEFT,POSSIBLE INJURY,39,WHITE,FEMALE,NO,SHOULDER & LAP BELT,NOT DEPLOYED,NOT APPLICABLE,N,NONE,NA,NA,NONE,NOT APPLICABLE,NOT APPLICABLE,,DRIVER LICENSE,Texas,CLASS C,79503
14897490,1,MOTOR VEHICLE,N,Y,TX,3N1AB7AP0FY217682,NA,GRY,NISSAN,SENTRA,"PASSENGER CAR, 4-DOOR",N,79503,1,PROOF OF LIABILITY INSURANCE,RIGHT BACK QUARTER DAMAGE ANGULAR IMPACT,DAMAGED 2,3,FRONT END (LEFT) DAMAGE PARTIAL CONTACT,DAMAGED 6,11,N,JACKS TOWING,1302  MCGEE ABILENE,CHANGED LANE WHEN UNSAFE,NA,NA,EAST,Y,0,0,1,0,0,1,0,1,DRIVER,FRONT LEFT,POSSIBLE INJURY,39,WHITE,FEMALE,NO,SHOULDER & LAP BELT,NOT DEPLOYED,NOT APPLICABLE,N,NONE,NA,NA,NONE,NOT APPLICABLE,NOT APPLICABLE,,DRIVER LICENSE,Texas,CLASS C,79503
14897490,4,MOTOR VEHICLE,N,Y,UN,,NA,99,NA,NA,UNKNOWN,N,,NA,NA,NA,NA,NA,NA,NA,NA,,,,NONE,NA,NA,EAST,Y,0,0,0,0,1,0,0,1,DRIVER,FRONT LEFT,NOT INJURED,58,WHITE,MALE,NO,SHOULDER & LAP BELT,NOT DEPLOYED,NOT APPLICABLE,N,NONE,NA,NA,NONE,NOT APPLICABLE,NOT APPLICABLE,,COMMERCIAL DRIVER LIC.,Texas,CLASS A,79536
14897490,2,MOTOR VEHICLE,N,Y,IN,1XKYDP9X5GJ491142,NA,WHI,KENWORTH,UNKNOWN,TRUCK TRACTOR,N,33178,1,PROOF OF LIABILITY INSURANCE,FRONT END (LEFT) DAMAGE PARTIAL CONTACT,DAMAGED 2,11,NA,NA,NA,N,,,NONE,NA,NA,EAST,N,0,0,0,1,0,0,0,1,DRIVER,FRONT LEFT,NOT INJURED,58,WHITE,MALE,NO,SHOULDER & LAP BELT,NOT DEPLOYED,NOT APPLICABLE,N,NONE,NA,NA,NONE,NOT APPLICABLE,NOT APPLICABLE,,COMMERCIAL DRIVER LIC.,Texas,CLASS A,79536
14897490,2,MOTOR VEHICLE,N,Y,IN,1XKYDP9X5GJ491142,NA,WHI,KENWORTH,UNKNOWN,TRUCK TRACTOR,N,33178,1,PROOF OF LIABILITY INSURANCE,FRONT END (LEFT) DAMAGE PARTIAL CONTACT,DAMAGED 2,11,NA,NA,NA,N,,,NONE,NA,NA,EAST,N,0,0,0,1,0,0,0,1,DRIVER,FRONT LEFT,NOT INJURED,58,WHITE,MALE,NO,SHOULDER & LAP BELT,NOT DEPLOYED,NOT APPLICABLE,N,NONE,NA,NA,NONE,NOT APPLICABLE,NOT APPLICABLE,,COMMERCIAL DRIVER LIC.,Texas,CLASS A,79536
14897490,1,MOTOR VEHICLE,N,Y,TX,3N1AB7AP0FY217682,NA,GRY,NISSAN,SENTRA,"PASSENGER CAR, 4-DOOR",N,79503,1,PROOF OF LIABILITY INSURANCE,RIGHT BACK QUARTER DAMAGE ANGULAR IMPACT,DAMAGED 2,3,FRONT END (LEFT) DAMAGE PARTIAL CONTACT,DAMAGED 6,11,N,JACKS TOWING,1302  MCGEE ABILENE,CHANGED LANE WHEN UNSAFE,NA,NA,EAST,Y,0,0,1,0,0,1,0,1,DRIVER,FRONT LEFT,NOT INJURED,58,WHITE,MALE,NO,SHOULDER & LAP BELT,NOT DEPLOYED,NOT APPLICABLE,N,NONE,NA,NA,NONE,NOT APPLICABLE,NOT APPLICABLE,,COMMERCIAL DRIVER LIC.,Texas,CLASS A,79536
14908616,1,MOTOR VEHICLE,N,Y,TX,2GCEK19H6S1256908,1995,BLU,CHEVROLET,SILVERADO,PICKUP,N,77840,1,PROOF OF LIABILITY INSURANCE,DISTRIBUTED RIGHT SIDE DAMAGE PARALLEL IMPACT,DAMAGED 2,3,NA,NA,NA,N,,,DISREGARD TURN MARKS AT INTERSECTION,NA,HAD BEEN DRINKING,WEST,Y,0,0,0,1,0,0,0,1,DRIVER,FRONT LEFT,NOT INJURED,30,WHITE,MALE,NO,SHOULDER & LAP BELT,NOT DEPLOYED,NOT APPLICABLE,N,NONE,NA,NA,NONE,NOT APPLICABLE,NOT APPLICABLE,,DRIVER LICENSE,Texas,CLASS C,77840
14908616,1,MOTOR VEHICLE,N,Y,TX,2GCEK19H6S1256908,1995,BLU,CHEVROLET,SILVERADO,PICKUP,N,77840,1,PROOF OF LIABILITY INSURANCE,DISTRIBUTED RIGHT SIDE DAMAGE PARALLEL IMPACT,DAMAGED 2,3,NA,NA,NA,N,,,DISREGARD TURN MARKS AT INTERSECTION,NA,HAD BEEN DRINKING,WEST,Y,0,0,0,1,0,0,0,1,DRIVER,FRONT LEFT,NOT INJURED,28,WHITE,MALE,NO,SHOULDER & LAP BELT,NOT DEPLOYED,NOT APPLICABLE,N,NONE,NA,NA,NONE,NOT APPLICABLE,NOT APPLICABLE,,DRIVER LICENSE,Texas,CLASS C,77027
14911273,2,MOTOR VEHICLE,N,Y,UN,,NA,99,CHEVROLET,IMPALA,UNKNOWN,N,,NA,NA,NA,NA,NA,NA,NA,NA,N,,,NONE,NA,NA,NORTH,Y,0,0,0,0,1,0,0,1,DRIVER,FRONT LEFT,NOT INJURED,68,BLACK,MALE,NO,SHOULDER & LAP BELT,NOT DEPLOYED,NOT APPLICABLE,N,NONE,NA,NA,NONE,NOT APPLICABLE,NOT APPLICABLE,,DRIVER LICENSE,Texas,CLASS C,77591
14911273,2,MOTOR VEHICLE,N,Y,UN,,NA,99,CHEVROLET,IMPALA,UNKNOWN,N,,NA,NA,NA,NA,NA,NA,NA,NA,N,,,NONE,NA,NA,NORTH,Y,0,0,0,0,1,0,0,1,DRIVER,FRONT LEFT,NOT INJURED,26,HISPANIC,MALE,NO,SHOULDER & LAP BELT,NOT DEPLOYED,NOT APPLICABLE,N,NONE,NA,NA,NONE,NOT APPLICABLE,NOT APPLICABLE,,DRIVER LICENSE,Texas,CLASS C,77536
14918068,1,MOTOR VEHICLE,N,Y,UN,1HGEM21781L104156,2001,99,HONDA,UNKNOWN,UNKNOWN,N,30909,2,NA,FRONT END DAMAGE DISTRIBUTED IMPACT,DAMAGED 1 MINIMUM,12,NA,NA,NA,N,FLED THE SCENE,PERSON #1,DRIVER INATTENTION,NA,UNSAFE SPEED,NORTH,Y,0,0,0,0,1,0,0,1,DRIVER,FRONT LEFT,NOT INJURED,18,WHITE,MALE,NO,SHOULDER & LAP BELT,NOT DEPLOYED,NOT APPLICABLE,N,NONE,NA,NA,NONE,NOT APPLICABLE,NOT APPLICABLE,,DRIVER LICENSE,Texas,CLASS C,78233
14924046,1,MOTOR VEHICLE,N,Y,UN,JN8AS5MT8CW287772,NA,SIL,NISSAN,ROGUE,SPORT UTILITY VEHICLE,N,75062,1,PROOF OF LIABILITY INSURANCE,FRONT END (RIGHT)  DAMAGE PARTIAL CONTACT,DAMAGED 2,12,FRONT END (RIGHT)  DAMAGE PARTIAL CONTACT,DAMAGED 1 MINIMUM,12,N,OPERATOR,DRIVEN AWAY,FOLLOWED TOO CLOSELY,CHANGED LANE WHEN UNSAFE,NA,NORTH,Y,0,0,0,1,0,0,0,1,DRIVER,FRONT LEFT,NOT INJURED,46,ASIAN,MALE,NO,SHOULDER & LAP BELT,NOT DEPLOYED,NOT APPLICABLE,N,NONE,NA,NA,NONE,NOT APPLICABLE,NOT APPLICABLE,,DRIVER LICENSE,Texas,CLASS C,75062
14924046,1,MOTOR VEHICLE,N,Y,UN,JN8AS5MT8CW287772,NA,SIL,NISSAN,ROGUE,SPORT UTILITY VEHICLE,N,75062,1,PROOF OF LIABILITY INSURANCE,FRONT END (RIGHT)  DAMAGE PARTIAL CONTACT,DAMAGED 2,12,FRONT END (RIGHT)  DAMAGE PARTIAL CONTACT,DAMAGED 1 MINIMUM,12,N,OPERATOR,DRIVEN AWAY,FOLLOWED TOO CLOSELY,CHANGED LANE WHEN UNSAFE,NA,NORTH,Y,0,0,0,1,0,0,0,1,DRIVER,FRONT LEFT,NOT INJURED,29,HISPANIC,FEMALE,NO,SHOULDER & LAP BELT,NOT DEPLOYED,NOT APPLICABLE,N,NONE,NA,NA,NONE,NOT APPLICABLE,NOT APPLICABLE,,DRIVER LICENSE,Texas,CLASS C,75062
14948289,3,MOTOR VEHICLE,N,Y,TX,JTEZU5JR2B5029989,NA,MAR,TOYOTA,4RUNNER,SPORT UTILITY VEHICLE,N,77459,1,PROOF OF LIABILITY INSURANCE,FRONT END DAMAGE DISTRIBUTED IMPACT,DAMAGED 2,12,NA,NA,NA,N,DRIVEN AWAY,,FAILED TO CONTROL SPEED,FATIGUED OR ASLEEP,NA,WEST,N,0,0,0,1,0,0,0,1,DRIVER,FRONT LEFT,NON-INCAPACITATING INJURY,55,BLACK,FEMALE,NO,SHOULDER & LAP BELT,NOT DEPLOYED,NOT APPLICABLE,N,NONE,NA,NA,NONE,NOT APPLICABLE,NOT APPLICABLE,,DRIVER LICENSE,Texas,CLASS C,77035
14948289,2,MOTOR VEHICLE,N,Y,TX,1N4AL21E17C198474,2007,BLK,NISSAN,ALTIMA,"PASSENGER CAR, 4-DOOR",N,77035,1,PROOF OF LIABILITY INSURANCE,BACK END DAMAGE DISTRIBUTED IMPACT,DAMAGED 3,6,FRONT END DAMAGE DISTRIBUTED IMPACT,DAMAGED 3,12,N,PRIVATE WRECKER,UNKNOWN,NONE,NA,NA,WEST,Y,0,1,0,0,0,1,0,1,DRIVER,FRONT LEFT,NON-INCAPACITATING INJURY,55,BLACK,FEMALE,NO,SHOULDER & LAP BELT,NOT DEPLOYED,NOT APPLICABLE,N,NONE,NA,NA,NONE,NOT APPLICABLE,NOT APPLICABLE,,DRIVER LICENSE,Texas,CLASS C,77035
14948289,1,MOTOR VEHICLE,N,Y,UN,,NA,99,NA,NA,PICKUP,N,,NA,NA,NA,NA,NA,NA,NA,NA,N,DRIVEN AWAY,,NONE,NA,NA,WEST,Y,0,0,0,0,1,0,0,1,DRIVER,FRONT LEFT,NON-INCAPACITATING INJURY,55,BLACK,FEMALE,NO,SHOULDER & LAP BELT,NOT DEPLOYED,NOT APPLICABLE,N,NONE,NA,NA,NONE,NOT APPLICABLE,NOT APPLICABLE,,DRIVER LICENSE,Texas,CLASS C,77035
14948289,3,MOTOR VEHICLE,N,Y,TX,JTEZU5JR2B5029989,NA,MAR,TOYOTA,4RUNNER,SPORT UTILITY VEHICLE,N,77459,1,PROOF OF LIABILITY INSURANCE,FRONT END DAMAGE DISTRIBUTED IMPACT,DAMAGED 2,12,NA,NA,NA,N,DRIVEN AWAY,,FAILED TO CONTROL SPEED,FATIGUED OR ASLEEP,NA,WEST,N,0,0,0,1,0,0,0,1,DRIVER,FRONT LEFT,NOT INJURED,44,ASIAN,FEMALE,NO,SHOULDER & LAP BELT,NOT DEPLOYED,NOT APPLICABLE,N,NONE,NA,NA,NONE,NOT APPLICABLE,NOT APPLICABLE,,DRIVER LICENSE,Texas,CLASS C,77459
14948289,2,MOTOR VEHICLE,N,Y,TX,1N4AL21E17C198474,2007,BLK,NISSAN,ALTIMA,"PASSENGER CAR, 4-DOOR",N,77035,1,PROOF OF LIABILITY INSURANCE,BACK END DAMAGE DISTRIBUTED IMPACT,DAMAGED 3,6,FRONT END DAMAGE DISTRIBUTED IMPACT,DAMAGED 3,12,N,PRIVATE WRECKER,UNKNOWN,NONE,NA,NA,WEST,Y,0,1,0,0,0,1,0,1,DRIVER,FRONT LEFT,NOT INJURED,44,ASIAN,FEMALE,NO,SHOULDER & LAP BELT,NOT DEPLOYED,NOT APPLICABLE,N,NONE,NA,NA,NONE,NOT APPLICABLE,NOT APPLICABLE,,DRIVER LICENSE,Texas,CLASS C,77459
14948289,1,MOTOR VEHICLE,N,Y,UN,,NA,99,NA,NA,PICKUP,N,,NA,NA,NA,NA,NA,NA,NA,NA,N,DRIVEN AWAY,,NONE,NA,NA,WEST,Y,0,0,0,0,1,0,0,1,DRIVER,FRONT LEFT,NOT INJURED,44,ASIAN,FEMALE,NO,SHOULDER & LAP BELT,NOT DEPLOYED,NOT APPLICABLE,N,NONE,NA,NA,NONE,NOT APPLICABLE,NOT APPLICABLE,,DRIVER LICENSE,Texas,CLASS C,77459
14959320,3,MOTOR VEHICLE,N,Y,TX,1J4PP2GK7AW154940,NA,BLU,JEEP,LIBERTY,SPORT UTILITY VEHICLE,N,78332,1,LIABILITY INSURANCE POLICY,DISTRIBUTED RIGHT SIDE DAMAGE PARALLEL IMPACT,DAMAGED 4,5,NA,NA,NA,Y,F&B WRECKER SERVICE,"806 CR 201, FALFURRIAS, TX 78355",FAILED TO DRIVE IN SINGLE LANE,FAULTY EVASIVE ACTION,HAD BEEN DRINKING,NORTH,Y,0,0,0,0,1,0,0,1,DRIVER,FRONT LEFT,NOT INJURED,53,ASIAN,MALE,NO,SHOULDER & LAP BELT,NOT DEPLOYED,NOT APPLICABLE,N,NONE,NA,NA,NONE,NOT APPLICABLE,NOT APPLICABLE,,COMMERCIAL DRIVER LIC.,Texas,CLASS A,76123
14959320,3,MOTOR VEHICLE,N,Y,TX,1J4PP2GK7AW154940,NA,BLU,JEEP,LIBERTY,SPORT UTILITY VEHICLE,N,78332,1,LIABILITY INSURANCE POLICY,DISTRIBUTED RIGHT SIDE DAMAGE PARALLEL IMPACT,DAMAGED 4,5,NA,NA,NA,Y,F&B WRECKER SERVICE,"806 CR 201, FALFURRIAS, TX 78355",FAILED TO DRIVE IN SINGLE LANE,FAULTY EVASIVE ACTION,HAD BEEN DRINKING,NORTH,Y,0,0,0,0,1,0,0,1,DRIVER,FRONT LEFT,UNKNOWN,24,WHITE,FEMALE,NO,UNKNOWN,NOT DEPLOYED,NOT APPLICABLE,N,NONE,NA,NA,NONE,NOT APPLICABLE,NOT APPLICABLE,,DRIVER LICENSE,Texas,CLASS C,78332
14905247,1,MOTOR VEHICLE,N,Y,TX,4T3ZF13C6WU088588,1998,GRN,TOYOTA,SIENNA,VAN,N,76247,1,LIABILITY INSURANCE POLICY,FRONT END DAMAGE DISTRIBUTED IMPACT,DAMAGED 5,12,DISTRIBUTED RIGHT SIDE DAMAGE PARALLEL IMPACT,DAMAGED 5,3,Y,AMERICAN TOWING,2500 BRENNAN AVE,NONE,NA,NA,WEST,Y,0,0,0,1,0,0,0,1,DRIVER,FRONT LEFT,NOT INJURED,41,HISPANIC,MALE,NO,UNKNOWN,NOT DEPLOYED,NOT APPLICABLE,N,BREATH,Positive,0.23,NONE,NOT APPLICABLE,NOT APPLICABLE,,DRIVER LICENSE,Texas,CLASS C,76106