CRASH_ID,UNIT_NBR,UNIT_DESC_ID,VEH_PARKED_FL,VEH_HNR_FL,VEH_LIC_STATE_ID,VIN,VEH_MOD_YEAR,VEH_COLOR_ID,VEH_MAKE_ID,VEH_MOD_ID,VEH_BODY_STYL_ID,EMER_RESPNDR_FL,OWNR_ZIP,FIN_RESP_PROOF_ID,FIN_RESP_TYPE_ID,VEH_DMAG_AREA_1_ID,VEH_DMAG_SCL_1_ID,FORCE_DIR_1_ID,VEH_DMAG_AREA_2_ID,VEH_DMAG_SCL_2_ID,FORCE_DIR_2_ID,VEH_INVENTORIED_FL,VEH_TRANSP_NAME,VEH_TRANSP_DEST,CONTRIB_FACTR_1_ID,CONTRIB_FACTR_2_ID,CONTRIB_FACTR_P1_ID,VEH_TRVL_DIR_ID,FIRST_HARM_EVT_INV_ID,INCAP_INJRY_CNT,NONINCAP_INJRY_CNT,POSS_INJRY_CNT,NON_INJRY_CNT,UNKN_INJRY_CNT,TOT_INJRY_CNT,DEATH_CNT,PRSN_NBR,PRSN_TYPE_ID,PRSN_OCCPNT_POS_ID,PRSN_INJRY_SEV_ID,PRSN_AGE,PRSN_ETHNICITY_ID,PRSN_GNDR_ID,PRSN_EJCT_ID,PRSN_REST_ID,PRSN_AIRBAG_ID,PRSN_HELMET_ID,PRSN_SOL_FL,PRSN_ALC_SPEC_TYPE_ID,PRSN_ALC_RSLT_ID,PRSN_BAC_TEST_RSLT,PRSN_DRG_SPEC_TYPE_ID,PRSN_DRG_RSLT_ID,DRVR_DRG_CAT_1_ID,PRSN_DEATH_TIME,DRVR_LIC_TYPE_ID,DRVR_LIC_STATE_ID,DRVR_LIC_CLS_ID,DRVR_ZIP
14917138,1,MOTOR VEHICLE,N,Y,TX,5TFEM5F18BX022619,NA,SIL,TOYOTA,TUNDRA,TRUCK,N,77469,1,PROOF OF LIABILITY INSURANCE,RIGHT SIDE DAMAGE ANGULAR IMPACT,DAMAGED 2,NA,DISTRIBUTED RIGHT SIDE DAMAGE PARALLEL IMPACT,DAMAGED 1 MINIMUM,NA,Y,OFF THE HOOK TOWING & RECOVERY 495,"20090 A FRANZ RD. KATY, TX 77449",CHANGED LANE WHEN UNSAFE,NA,DRIVER INATTENTION,WEST,Y,0,0,0,1,0,0,0,1,DRIVER,FRONT LEFT,POSSIBLE INJURY,53,BLACK,FEMALE,NO,SHOULDER & LAP BELT,NOT DEPLOYED,NOT APPLICABLE,N,NONE,NA,NA,NONE,NOT APPLICABLE,NOT APPLICABLE,,DRIVER LICENSE,Texas,CLASS C,77083
14974147,2,MOTOR VEHICLE,N,Y,UN,,NA,99,NA,NA,UNKNOWN,N,,NA,NA,NA,NA,NA,NA,NA,NA,,,,NONE,NA,NA,EAST,Y,0,0,0,0,1,0,0,1,DRIVER,FRONT LEFT,NOT INJURED,63,WHITE,MALE,NO,SHOULDER & LAP BELT,NOT DEPLOYED,NOT APPLICABLE,N,BLOOD,NA,NA,NONE,NOT APPLICABLE,NOT APPLICABLE,,DRIVER LICENSE,Texas,CLASS C,75067
14859108,1,MOTOR VEHICLE,N,Y,TX,1FAFP44441F126909,2001,SIL,FORD,MUSTANG,"PASSENGER CAR, 2-DOOR",N,78045,1,PROOF OF LIABILITY INSURANCE,RIGHT FRONT QUARTER DAMAGE ANGULAR IMPACT,DAMAGED 2,1,NA,NA,NA,N,DRIVER,TOW COMPANY,FAILED TO CONTROL SPEED,NA,NA,WEST,Y,0,0,0,1,0,0,0,1,DRIVER,FRONT LEFT,NOT INJURED,22,HISPANIC,MALE,NO,SHOULDER & LAP BELT,"DEPLOYED, FRONT",NOT APPLICABLE,N,NONE,NA,NA,NONE,NOT APPLICABLE,NOT APPLICABLE,,DRIVER LICENSE,Texas,CLASS C,78046
14871422,1,MOTOR VEHICLE,N,Y,TX,1N4AL11D65N475848,2005,SIL,NISSAN,ALTIMA,"PASSENGER CAR, 4-DOOR",N,77539,1,PROOF OF LIABILITY INSURANCE,FRONT END (LEFT) DAMAGE PARTIAL CONTACT,DAMAGED 1 MINIMUM,11,NA,NA,NA,N,FLED THE SCENE,FLED THE SCENE,DRIVER INATTENTION,OTHER (EXPLAIN IN NARRATIVE),NA,WEST,Y,0,0,0,1,0,0,0,1,DRIVER,FRONT LEFT,NOT INJURED,24,BLACK,MALE,NOT APPLICABLE,SHOULDER & LAP BELT,NOT DEPLOYED,NOT APPLICABLE,N,NONE,NA,NA,NONE,NOT APPLICABLE,NOT APPLICABLE,,DRIVER LICENSE,Texas,CLASS C,77539
14871422,1,MOTOR VEHICLE,N,Y,TX,1N4AL11D65N475848,2005,SIL,NISSAN,ALTIMA,"PASSENGER CAR, 4-DOOR",N,77539,1,PROOF OF LIABILITY INSURANCE,FRONT END (LEFT) DAMAGE PARTIAL CONTACT,DAMAGED 1 MINIMUM,11,NA,NA,NA,N,FLED THE SCENE,FLED THE SCENE,DRIVER INATTENTION,OTHER (EXPLAIN IN NARRATIVE),NA,WEST,Y,0,0,0,1,0,0,0,1,DRIVER,FRONT LEFT,NOT INJURED,30,WHITE,MALE,NO,SHOULDER & LAP BELT,NOT DEPLOYED,NOT APPLICABLE,N,NONE,NA,NA,NONE,NOT APPLICABLE,NOT APPLICABLE,,DRIVER LICENSE,Texas,CLASS C,77571
14882497,3,MOTOR VEHICLE,N,Y,TX,2GCEK13Z171153727,2007,RED,CHEVROLET,C1500,PICKUP,N,75904,3,PROOF OF LIABILITY INSURANCE,FRONT END DAMAGE DISTRIBUTED IMPACT,DAMAGED 3,12,NA,NA,NA,Y,BILLY ROSS TOWING,"2028 DOUGLASS RD, NACOGDOCHES, TX",DISREGARD STOP AND GO SIGNAL,NA,UNDER INFLUENCE - ALCOHOL,SOUTH,Y,0,0,0,1,0,0,0,1,DRIVER,FRONT LEFT,NOT INJURED,50,HISPANIC,MALE,NO,SHOULDER & LAP BELT,NOT DEPLOYED,NOT APPLICABLE,N,NONE,NA,NA,NONE,NOT APPLICABLE,NOT APPLICABLE,,COMMERCIAL DRIVER LIC.,Texas,CLASS A,78522
14882497,1,MOTOR VEHICLE,N,Y,TX,1FUYDSEB6YLG17700,2000,WHI,FREIGHTLINER,UNKNOWN,TRUCK TRACTOR,N,78521,1,PROOF OF LIABILITY INSURANCE,RIGHT SIDE DAMAGE ANGULAR IMPACT,DAMAGED 3,3,NA,NA,NA,N,HOPKINS' TOWING,"514 CR 503, NACOGDOCHES, TX",NONE,NA,NA,NORTH,Y,0,0,0,1,0,0,0,1,DRIVER,FRONT LEFT,NOT INJURED,50,HISPANIC,MALE,NO,SHOULDER & LAP BELT,NOT DEPLOYED,NOT APPLICABLE,N,NONE,NA,NA,NONE,NOT APPLICABLE,NOT APPLICABLE,,COMMERCIAL DRIVER LIC.,Texas,CLASS A,78522
14882497,1,MOTOR VEHICLE,N,Y,TX,1FUYDSEB6YLG17700,2000,WHI,FREIGHTLINER,UNKNOWN,TRUCK TRACTOR,N,78521,1,PROOF OF LIABILITY INSURANCE,RIGHT SIDE DAMAGE ANGULAR IMPACT,DAMAGED 3,3,NA,NA,NA,N,HOPKINS' TOWING,"514 CR 503, NACOGDOCHES, TX",NONE,NA,NA,NORTH,Y,0,0,0,1,0,0,0,1,DRIVER,FRONT LEFT,NOT INJURED,50,HISPANIC,MALE,NO,SHOULDER & LAP BELT,NOT DEPLOYED,NOT APPLICABLE,N,NONE,NA,NA,NONE,NOT APPLICABLE,NOT APPLICABLE,,COMMERCIAL DRIVER LIC.,Texas,CLASS A,78522
14882497,3,MOTOR VEHICLE,N,Y,TX,2GCEK13Z171153727,2007,RED,CHEVROLET,C1500,PICKUP,N,75904,3,PROOF OF LIABILITY INSURANCE,FRONT END DAMAGE DISTRIBUTED IMPACT,DAMAGED 3,12,NA,NA,NA,Y,BILLY ROSS TOWING,"2028 DOUGLASS RD, NACOGDOCHES, TX",DISREGARD STOP AND GO SIGNAL,NA,UNDER INFLUENCE - ALCOHOL,SOUTH,Y,0,0,0,1,0,0,0,1,DRIVER,FRONT LEFT,NOT INJURED,23,WHITE,MALE,NO,SHOULDER & LAP BELT,NOT DEPLOYED,NOT APPLICABLE,N,BREATH,Positive,0.16,NONE,NOT APPLICABLE,NOT APPLICABLE,,DRIVER LICENSE,Texas,CLASS C,75904
14882497,1,MOTOR VEHICLE,N,Y,TX,1FUYDSEB6YLG17700,2000,WHI,FREIGHTLINER,UNKNOWN,TRUCK TRACTOR,N,78521,1,PROOF OF LIABILITY INSURANCE,RIGHT SIDE DAMAGE ANGULAR IMPACT,DAMAGED 3,3,NA,NA,NA,N,HOPKINS' TOWING,"514 CR 503, NACOGDOCHES, TX",NONE,NA,NA,NORTH,Y,0,0,0,1,0,0,0,1,DRIVER,FRONT LEFT,NOT INJURED,23,WHITE,MALE,NO,SHOULDER & LAP BELT,NOT DEPLOYED,NOT APPLICABLE,N,BREATH,Positive,0.16,NONE,NOT APPLICABLE,NOT APPLICABLE,,DRIVER LICENSE,Texas,CLASS C,75904
14882497,1,MOTOR VEHICLE,N,Y,TX,1FUYDSEB6YLG17700,2000,WHI,FREIGHTLINER,UNKNOWN,TRUCK TRACTOR,N,78521,1,PROOF OF LIABILITY INSURANCE,RIGHT SIDE DAMAGE ANGULAR IMPACT,DAMAGED 3,3,NA,NA,NA,N,HOPKINS' TOWING,"514 CR 503, NACOGDOCHES, TX",NONE,NA,NA,NORTH,Y,0,0,0,1,0,0,0,1,DRIVER,FRONT LEFT,NOT INJURED,23,WHITE,MALE,NO,SHOULDER & LAP BELT,NOT DEPLOYED,NOT APPLICABLE,N,BREATH,Positive,0.16,NONE,NOT APPLICABLE,NOT APPLICABLE,,DRIVER LICENSE,Texas,CLASS C,75904
14904490,1,MOTOR VEHICLE,N,Y,TX,2C3JA53G35H543714,2005,BLK,CHRYSLER,300,"PASSENGER CAR, 4-DOOR",N,75035,1,PROOF OF LIABILITY INSURANCE,FRONT END (RIGHT)  DAMAGE PARTIAL CONTACT,DAMAGED 1 MINIMUM,2,NA,NA,NA,N,PARKED AT 205. W. MCDERMOTT DR.,PARKED AT 205 W. MCDERMOTT DR.,FAILED TO CONTROL SPEED,NA,NA,SOUTHEAST,Y,0,0,0,1,0,0,0,1,DRIVER,FRONT LEFT,NOT INJURED,20,BLACK,MALE,NO,SHOULDER & LAP BELT,NOT DEPLOYED,NOT APPLICABLE,N,NONE,NA,NA,NONE,NOT APPLICABLE,NOT APPLICABLE,,DRIVER LICENSE,Texas,CLASS C,75070
14904490,1,MOTOR VEHICLE,N,Y,TX,2C3JA53G35H543714,2005,BLK,CHRYSLER,300,"PASSENGER CAR, 4-DOOR",N,75035,1,PROOF OF LIABILITY INSURANCE,FRONT END (RIGHT)  DAMAGE PARTIAL CONTACT,DAMAGED 1 MINIMUM,2,NA,NA,NA,N,PARKED AT 205. W. MCDERMOTT DR.,PARKED AT 205 W. MCDERMOTT DR.,FAILED TO CONTROL SPEED,NA,NA,SOUTHEAST,Y,0,0,0,1,0,0,0,1,DRIVER,FRONT LEFT,NOT INJURED,23,WHITE,FEMALE,NO,SHOULDER & LAP BELT,NOT DEPLOYED,NOT APPLICABLE,N,NONE,NA,NA,NONE,NOT APPLICABLE,NOT APPLICABLE,,DRIVER LICENSE,Texas,CLASS C,75035
14932588,3,MOTOR VEHICLE,N,Y,NA,,NA,RED,NA,NA,UNKNOWN,N,,NA,NA,NA,NA,NA,NA,NA,NA,N,,,NONE,NA,NA,EAST,N,0,0,0,0,1,0,0,1,DRIVER,FRONT LEFT,NOT INJURED,37,BLACK,MALE,NO,SHOULDER & LAP BELT,DEPLOYED MULTIPLE,NOT APPLICABLE,N,NONE,NA,NA,NONE,NOT APPLICABLE,NOT APPLICABLE,,DRIVER LICENSE,Georgia,OTHER/OUT OF STATE,30260-1421
14951330,1,MOTOR VEHICLE,N,Y,TX,1FMRU1560YLB82500,2000,BLK,FORD,EXPEDITION,SPORT UTILITY VEHICLE,N,78520,2,NA,BACK END DAMAGE DISTRIBUTED IMPACT,DAMAGED 2,6,FRONT END (RIGHT)  DAMAGE PARTIAL CONTACT,DAMAGED 6,1,N,DRIVEN AWAY BY DRIVER,,BACKED WITHOUT SAFETY,FAILED TO CONTROL SPEED,NA,UNKNOWN,Y,0,0,0,1,0,0,0,1,DRIVER,FRONT LEFT,POSSIBLE INJURY,28,HISPANIC,FEMALE,NO,SHOULDER & LAP BELT,NOT DEPLOYED,NOT APPLICABLE,N,NONE,NA,NA,NONE,NOT APPLICABLE,NOT APPLICABLE,,DRIVER LICENSE,Texas,CLASS C,78520
14965021,1,MOTOR VEHICLE,N,Y,TX,1ZVFT84N875354767,2007,WHI,FORD,MUSTANG,"PASSENGER CAR, 2-DOOR",N,78521,1,LIABILITY INSURANCE POLICY,FRONT END DAMAGE DISTRIBUTED IMPACT,DAMAGED 2,12,NA,NA,NA,N,,,FOLLOWED TOO CLOSELY,NA,NA,NORTH,Y,0,0,0,1,0,0,0,1,DRIVER,FRONT LEFT,NOT INJURED,36,WHITE,FEMALE,NO,SHOULDER & LAP BELT,NOT DEPLOYED,NOT APPLICABLE,N,NONE,NA,NA,NONE,NOT APPLICABLE,NOT APPLICABLE,,DRIVER LICENSE,Texas,CLASS C,78250
14967161,1,MOTOR VEHICLE,N,Y,UN,1G1ND52J33M579892,2003,WHI,CHEVROLET,MALIBU,"PASSENGER CAR, 4-DOOR",N,75243,1,PROOF OF LIABILITY INSURANCE,FRONT END (RIGHT)  DAMAGE PARTIAL CONTACT,DAMAGED 1 MINIMUM,1,NA,NA,NA,N,,,NA,NA,DRIVER INATTENTION,NORTH,Y,0,0,0,1,0,0,0,1,DRIVER,FRONT LEFT,NOT INJURED,41,WHITE,MALE,NO,SHOULDER & LAP BELT,NOT DEPLOYED,NOT APPLICABLE,N,NONE,NA,NA,NONE,NOT APPLICABLE,NOT APPLICABLE,,DRIVER LICENSE,Texas,CLASS C,75126
14977399,1,MOTOR VEHICLE,N,Y,TX,1B3EL46R85N617958,2005,WHI,DODGE,STRATUS,"PASSENGER CAR, 4-DOOR",N,78214,1,LIABILITY INSURANCE POLICY,FRONT END (RIGHT)  DAMAGE PARTIAL CONTACT,DAMAGED 2,12,NA,NA,NA,N,,,DRIVER INATTENTION,HAD BEEN DRINKING,NA,EAST,Y,0,0,0,1,0,0,0,1,DRIVER,FRONT LEFT,NOT INJURED,46,HISPANIC,MALE,NO,UNKNOWN,NOT DEPLOYED,NOT APPLICABLE,N,NONE,NA,NA,NONE,NOT APPLICABLE,NOT APPLICABLE,,DRIVER LICENSE,Texas,CLASS C,78240
14977399,1,MOTOR VEHICLE,N,Y,TX,1B3EL46R85N617958,2005,WHI,DODGE,STRATUS,"PASSENGER CAR, 4-DOOR",N,78214,1,LIABILITY INSURANCE POLICY,FRONT END (RIGHT)  DAMAGE PARTIAL CONTACT,DAMAGED 2,12,NA,NA,NA,N,,,DRIVER INATTENTION,HAD BEEN DRINKING,NA,EAST,Y,0,0,0,1,0,0,0,1,DRIVER,FRONT LEFT,NOT INJURED,32,HISPANIC,FEMALE,NO,SHOULDER & LAP BELT,NOT DEPLOYED,NOT APPLICABLE,N,NONE,NA,NA,NONE,NOT APPLICABLE,NOT APPLICABLE,,DRIVER LICENSE,Texas,CLASS C,78239
14985953,1,MOTOR VEHICLE,N,Y,UN,,NA,99,FORD,FOCUS,UNKNOWN,N,,2,NA,FRONT END DAMAGE DISTRIBUTED IMPACT,DAMAGED 1 MINIMUM,12,NA,NA,NA,N,,,FAILED TO CONTROL SPEED,NA,NA,NORTHWEST,Y,0,0,0,0,1,0,0,1,DRIVER,FRONT LEFT,NOT INJURED,20,WHITE,FEMALE,NO,SHOULDER & LAP BELT,NOT DEPLOYED,NOT APPLICABLE,N,NONE,NA,NA,NONE,NOT APPLICABLE,NOT APPLICABLE,,DRIVER LICENSE,Texas,CLASS C,75092
14903117,1,MOTOR VEHICLE,N,Y,TX,1N4AL11D43C249929,2003,MAR,NISSAN,ALTIMA,"PASSENGER CAR, 4-DOOR",N,78586,2,NA,RIGHT FRONT QUARTER DAMAGE ANGULAR IMPACT,DAMAGED 2,1,FRONT END (RIGHT)  DAMAGE PARTIAL CONTACT,DAMAGED 2,12,Y,PARTIDA'S WRECKER SERVICE,"1515 NORTH INTERNATIONAL BLVD, WESLACO",NA,FAILED TO DRIVE IN SINGLE LANE,DRIVER INATTENTION,SOUTH,Y,0,0,0,1,0,0,0,1,DRIVER,FRONT LEFT,NOT INJURED,20,HISPANIC,FEMALE,NO,SHOULDER & LAP BELT,NOT DEPLOYED,NOT APPLICABLE,N,NONE,NA,NA,NONE,NOT APPLICABLE,NOT APPLICABLE,,DRIVER LICENSE,Texas,CLASS C,78586
14903117,1,MOTOR VEHICLE,N,Y,TX,1N4AL11D43C249929,2003,MAR,NISSAN,ALTIMA,"PASSENGER CAR, 4-DOOR",N,78586,2,NA,RIGHT FRONT QUARTER DAMAGE ANGULAR IMPACT,DAMAGED 2,1,FRONT END (RIGHT)  DAMAGE PARTIAL CONTACT,DAMAGED 2,12,Y,PARTIDA'S WRECKER SERVICE,"1515 NORTH INTERNATIONAL BLVD, WESLACO",NA,FAILED TO DRIVE IN SINGLE LANE,DRIVER INATTENTION,SOUTH,Y,0,0,0,1,0,0,0,1,PEDESTRIAN,"PEDESTRIAN, PEDALCYCLIST, OR MOTORIZED CONVEYANCE",KILLED,36,HISPANIC,MALE,NOT APPLICABLE,NOT APPLICABLE,NOT APPLICABLE,NOT APPLICABLE,N,NONE,NA,NA,NONE,NOT APPLICABLE,NOT APPLICABLE,2024-08-18T11:00:00.000+05:30,DRIVER LICENSE,Texas,CLASS C,78586
14906172,1,MOTOR VEHICLE,N,Y,TX,1B7KM26C6MS358837,1991,BLK,DODGE,RAM TRUCK 3500,PICKUP,N,78133,1,PROOF OF LIABILITY INSURANCE,FRONT END (LEFT) DAMAGE PARTIAL CONTACT,DAMAGED 1 MINIMUM,12,NA,NA,NA,Y,INTERSTATE TOWING,"2601 IH 35 S, SAN MARCOS TX",UNDER INFLUENCE - ALCOHOL,UNSAFE SPEED,NA,NORTHWEST,Y,0,0,0,1,0,0,0,1,DRIVER,FRONT LEFT,NOT INJURED,29,WHITE,MALE,NO,UNKNOWN,NOT APPLICABLE,NOT APPLICABLE,N,REFUSED,NA,NA,REFUSED,NOT APPLICABLE,NOT APPLICABLE,,DRIVER LICENSE,Texas,CLASS C,78133
14906900,1,MOTOR VEHICLE,N,Y,TX,1FTRW07L23KA57377,2003,GRN,FORD,F150,PICKUP,N,75234,1,PROOF OF LIABILITY INSURANCE,DISTRIBUTED RIGHT SIDE DAMAGE PARALLEL IMPACT,DAMAGED 3,12,NA,NA,NA,N,FLED THE SCENE,,FAILED TO PASS TO LEFT SAFELY,NA,NA,WEST,Y,0,0,0,1,0,0,0,1,DRIVER,FRONT LEFT,NOT INJURED,20,HISPANIC,MALE,NO,SHOULDER & LAP BELT,"DEPLOYED, FRONT",NOT APPLICABLE,N,BLOOD,NA,NA,BLOOD,UNKNOWN,UNKNOWN,,DRIVER LICENSE,Texas,CLASS C,75234
14979091,1,MOTOR VEHICLE,N,Y,TX,1MEFM55S9YG638819,2000,RED,MERCURY,SABLE,"PASSENGER CAR, 4-DOOR",N,75002,1,PROOF OF LIABILITY INSURANCE,FRONT END DAMAGE DISTRIBUTED IMPACT,NO DAMAGE,12,NA,NA,NA,N,NOT TOWED,,FAILED TO CONTROL SPEED,NA,NA,NORTHEAST,Y,0,0,0,1,0,0,0,1,DRIVER,FRONT LEFT,NOT INJURED,21,WHITE,FEMALE,NO,UNKNOWN,NOT DEPLOYED,NOT APPLICABLE,N,NONE,NA,NA,NONE,NOT APPLICABLE,NOT APPLICABLE,,DRIVER LICENSE,Texas,CLASS C,75002
14965409,1,MOTOR VEHICLE,N,Y,TX,1VWAS7A34FC090421,NA,SIL,VOLKSWAGEN,PASSAT,"PASSENGER CAR, 4-DOOR",N,75062,1,LIABILITY INSURANCE POLICY,FRONT END DAMAGE CONCENTRATED IMPACT,DAMAGED 3,12,NA,NA,NA,Y,PRO TOW WRECKER,IRVING AUTO POUND,FAULTY EVASIVE ACTION,NA,NA,NORTHWEST,Y,0,0,0,1,0,0,0,1,DRIVER,FRONT LEFT,NOT INJURED,26,WHITE,MALE,NO,SHOULDER & LAP BELT,"DEPLOYED, SIDE",NOT APPLICABLE,N,NONE,NA,NA,NONE,NOT APPLICABLE,NOT APPLICABLE,,DRIVER LICENSE,Texas,UNKNOWN,75062
14875396,1,MOTOR VEHICLE,N,Y,TX,4T1BG22K7YU681434,2000,BLK,TOYOTA,CAMRY,"PASSENGER CAR, 4-DOOR",N,78753,1,LIABILITY INSURANCE POLICY,FRONT END DAMAGE CONCENTRATED IMPACT,DAMAGED 7 HIGHEST,12,NA,NA,NA,N,AUSTEX,,UNDER INFLUENCE - ALCOHOL,NA,NA,EAST,Y,0,1,0,0,0,1,0,1,DRIVER,FRONT LEFT,NON-INCAPACITATING INJURY,39,WHITE,MALE,NO,SHOULDER & LAP BELT,"DEPLOYED, FRONT",NOT APPLICABLE,N,REFUSED,NA,NA,NONE,NOT APPLICABLE,NOT APPLICABLE,,DRIVER LICENSE,Texas,CLASS C,78753
14881965,1,MOTOR VEHICLE,N,Y,TX,1HGEJ667XVL020094,1997,BLU,HONDA,CIVIC,"PASSENGER CAR, 4-DOOR",N,79423,1,PROOF OF LIABILITY INSURANCE,FRONT END (RIGHT)  DAMAGE PARTIAL CONTACT,DAMAGED 1 MINIMUM,2,NA,NA,NA,N,DRIVEN FROM SCENE BY OWNER,,FAILED TO PASS TO LEFT SAFELY,NA,NA,NORTH,Y,0,0,0,1,0,0,0,1,DRIVER,FRONT LEFT,NOT INJURED,92,WHITE,MALE,NO,SHOULDER & LAP BELT,NOT DEPLOYED,NOT APPLICABLE,N,NONE,NA,NA,NONE,NOT APPLICABLE,NOT APPLICABLE,,DRIVER LICENSE,Texas,CLASS C,79423
14881965,1,MOTOR VEHICLE,N,Y,TX,1HGEJ667XVL020094,1997,BLU,HONDA,CIVIC,"PASSENGER CAR, 4-DOOR",N,79423,1,PROOF OF LIABILITY INSURANCE,FRONT END (RIGHT)  DAMAGE PARTIAL CONTACT,DAMAGED 1 MINIMUM,2,NA,NA,NA,N,DRIVEN FROM SCENE BY OWNER,,FAILED TO PASS TO LEFT SAFELY,NA,NA,NORTH,Y,0,0,0,1,0,0,0,1,DRIVER,FRONT LEFT,NOT INJURED,71,WHITE,MALE,NO,SHOULDER & LAP BELT,NOT DEPLOYED,NOT APPLICABLE,N,NONE,NA,NA,NONE,NOT APPLICABLE,NOT APPLICABLE,,DRIVER LICENSE,Texas,CLASS C,79424
14919641,2,MOTOR VEHICLE,N,Y,TX,2GCEC13C571720014,2007,BLK,CHEVROLET,SILVERADO,PICKUP,N,78542,1,PROOF OF LIABILITY INSURANCE,LEFT SIDE DAMAGE ANGULAR IMPACT,DAMAGED 1 MINIMUM,9,NA,NA,NA,N,FLED THE SCENE,,TURNED WHEN UNSAFE,NA,NA,WEST,Y,0,0,0,1,0,0,0,1,DRIVER,FRONT LEFT,NOT INJURED,21,HISPANIC,MALE,NO,SHOULDER & LAP BELT,NOT DEPLOYED,NOT APPLICABLE,N,NONE,NA,NA,NONE,NOT APPLICABLE,NOT APPLICABLE,,DRIVER LICENSE,Texas,CLASS C,78593
14919641,2,MOTOR VEHICLE,N,Y,TX,2GCEC13C571720014,2007,BLK,CHEVROLET,SILVERADO,PICKUP,N,78542,1,PROOF OF LIABILITY INSURANCE,LEFT SIDE DAMAGE ANGULAR IMPACT,DAMAGED 1 MINIMUM,9,NA,NA,NA,N,FLED THE SCENE,,TURNED WHEN UNSAFE,NA,NA,WEST,Y,0,0,0,1,0,0,0,1,DRIVER,FRONT LEFT,NOT INJURED,59,HISPANIC,MALE,NO,SHOULDER & LAP BELT,NOT DEPLOYED,NOT APPLICABLE,N,NONE,NA,NA,NONE,NOT APPLICABLE,NOT APPLICABLE,,DRIVER LICENSE,Texas,CLASS C,78542
14976935,1,MOTOR VEHICLE,N,Y,TX,1J4FX58SXTC389767,1996,WHI,JEEP,CHEROKEE,SPORT UTILITY VEHICLE,N,78210,2,NA,FRONT END DAMAGE DISTRIBUTED IMPACT,DAMAGED 2,12,NA,NA,NA,Y,MISSION,GROWDEN,FAILED TO DRIVE IN SINGLE LANE,HAD BEEN DRINKING,NA,WEST,Y,0,0,0,1,0,0,0,1,DRIVER,FRONT LEFT,NOT INJURED,26,HISPANIC,MALE,NO,SHOULDER & LAP BELT,"DEPLOYED, FRONT",NOT APPLICABLE,N,BLOOD,Positive,0.263,NONE,NOT APPLICABLE,NOT APPLICABLE,,DRIVER LICENSE,Texas,CLASS C,78210
14907126,1,MOTOR VEHICLE,N,Y,TX,1GCEC14VX4Z349306,2004,TAN,CHEVROLET,SILVERADO,PICKUP,N,97214,1,PROOF OF LIABILITY INSURANCE,FRONT END (RIGHT)  DAMAGE PARTIAL CONTACT,DAMAGED 2,1,NA,NA,NA,N,RELEASED TO OWNER,,CHANGED LANE WHEN UNSAFE,NA,NA,NORTHWEST,Y,0,0,0,1,0,0,0,1,DRIVER,FRONT LEFT,NOT INJURED,48,WHITE,MALE,NO,SHOULDER & LAP BELT,NOT DEPLOYED,NOT APPLICABLE,N,NONE,NA,NA,NONE,NOT APPLICABLE,NOT APPLICABLE,,DRIVER LICENSE,Texas,CLASS C AND M,78130
14909141,1,MOTOR VEHICLE,N,Y,TX,2FMDK3KC3DBA65123,NA,GRN,FORD,EDGE,SPORT UTILITY VEHICLE,N,78759,1,LIABILITY INSURANCE POLICY,RIGHT FRONT QUARTER DAMAGE ANGULAR IMPACT,DAMAGED 1 MINIMUM,1,NA,NA,NA,N,,,UNDER INFLUENCE - ALCOHOL,DRIVER INATTENTION,NA,SOUTH,Y,0,0,0,1,0,0,0,1,DRIVER,FRONT LEFT,NOT INJURED,41,WHITE,FEMALE,NO,SHOULDER & LAP BELT,NOT DEPLOYED,NOT APPLICABLE,N,BREATH,Positive,0.196,NONE,NOT APPLICABLE,NOT APPLICABLE,,DRIVER LICENSE,Texas,CLASS C,78759
14909141,1,MOTOR VEHICLE,N,Y,TX,2FMDK3KC3DBA65123,NA,GRN,FORD,EDGE,SPORT UTILITY VEHICLE,N,78759,1,LIABILITY INSURANCE POLICY,RIGHT FRONT QUARTER DAMAGE ANGULAR IMPACT,DAMAGED 1 MINIMUM,1,NA,NA,NA,N,,,UNDER INFLUENCE - ALCOHOL,DRIVER INATTENTION,NA,SOUTH,Y,0,0,0,1,0,0,0,1,DRIVER,FRONT LEFT,NOT INJURED,51,WHITE,MALE,NO,SHOULDER & LAP BELT,NOT DEPLOYED,NOT APPLICABLE,N,NONE,NA,NA,NONE,NOT APPLICABLE,NOT APPLICABLE,,DRIVER LICENSE,Texas,CLASS C,78750
14935258,1,MOTOR VEHICLE,N,Y,UN,1B7FL26X5XS273337,1999,MUL,DODGE,DAKOTA,PICKUP,N,78577,1,PROOF OF LIABILITY INSURANCE,LEFT BACK QUARTER DAMAGE ANGULAR IMPACT,DAMAGED 1 MINIMUM,6,NA,NA,NA,N,DRIVER,UNKNOWN,BACKED WITHOUT SAFETY,NA,NA,EAST,Y,0,0,0,1,0,0,0,1,DRIVER,FRONT LEFT,NOT INJURED,52,WHITE,MALE,NO,SHOULDER & LAP BELT,NOT DEPLOYED,NOT APPLICABLE,N,NONE,NA,NA,NONE,NOT APPLICABLE,NOT APPLICABLE,,DRIVER LICENSE,Texas,CLASS C,78577