CRASH_ID,UNIT_NBR,UNIT_DESC_ID,VEH_PARKED_FL,VEH_HNR_FL,VEH_LIC_STATE_ID,VIN,VEH_MOD_YEAR,VEH_COLOR_ID,VEH_MAKE_ID,VEH_MOD_ID,VEH_BODY_STYL_ID,EMER_RESPNDR_FL,OWNR_ZIP,FIN_RESP_PROOF_ID,FIN_RESP_TYPE_ID,VEH_DMAG_AREA_1_ID,VEH_DMAG_SCL_1_ID,FORCE_DIR_1_ID,VEH_DMAG_AREA_2_ID,VEH_DMAG_SCL_2_ID,FORCE_DIR_2_ID,VEH_INVENTORIED_FL,VEH_TRANSP_NAME,VEH_TRANSP_DEST,CONTRIB_FACTR_1_ID,CONTRIB_FACTR_2_ID,CONTRIB_FACTR_P1_ID,VEH_TRVL_DIR_ID,FIRST_HARM_EVT_INV_ID,INCAP_INJRY_CNT,NONINCAP_INJRY_CNT,POSS_INJRY_CNT,NON_INJRY_CNT,UNKN_INJRY_CNT,TOT_INJRY_CNT,DEATH_CNT,PRSN_NBR,PRSN_TYPE_ID,PRSN_OCCPNT_POS_ID,PRSN_INJRY_SEV_ID,PRSN_AGE,PRSN_ETHNICITY_ID,PRSN_GNDR_ID,PRSN_EJCT_ID,PRSN_REST_ID,PRSN_AIRBAG_ID,PRSN_HELMET_ID,PRSN_SOL_FL,PRSN_ALC_SPEC_TYPE_ID,PRSN_ALC_RSLT_ID,PRSN_BAC_TEST_RSLT,PRSN_DRG_SPEC_TYPE_ID,PRSN_DRG_RSLT_ID,DRVR_DRG_CAT_1_ID,PRSN_DEATH_TIME,DRVR_LIC_TYPE_ID,DRVR_LIC_STATE_ID,DRVR_LIC_CLS_ID,DRVR_ZIP
14983587,1,MOTOR VEHICLE,N,Y,TX,3C6UD5DL6CG321667,NA,WHI,RAM,NA,PICKUP,N,75604,1,PROOF OF LIABILITY INSURANCE,FRONT END DAMAGE DISTRIBUTED IMPACT,DAMAGED 4,12,NA,NA,NA,Y,271 WRECKER SERVICE,"1825 E. BROADWAY GLADEWATER, TEXAS 75647",FAILED TO DRIVE IN SINGLE LANE,NA,UNDER INFLUENCE - ALCOHOL,NORTH,Y,0,0,0,0,1,0,0,1,DRIVER,FRONT LEFT,UNKNOWN,20,WHITE,MALE,NO,SHOULDER & LAP BELT,"DEPLOYED, FRONT",NOT APPLICABLE,N,NONE,NA,NA,NONE,NOT APPLICABLE,NOT APPLICABLE,,DRIVER LICENSE,Texas,CLASS C,75604
14854987,4,MOTOR VEHICLE,N,Y,TX,2B3LJ74W48H289961,NA,ONG,DODGE,CHALLENGER,"PASSENGER CAR, 2-DOOR",N,76548,1,PROOF OF LIABILITY INSURANCE,FRONT END DAMAGE DISTRIBUTED IMPACT,DAMAGED 3,12,NA,NA,NA,N,GOODE'S TOWING,4737 S. IH 35 BELTON,FAILED TO CONTROL SPEED,NA,NA,EAST,N,0,0,0,2,0,0,0,1,DRIVER,FRONT LEFT,NOT INJURED,30,WHITE,FEMALE,NO,SHOULDER & LAP BELT,NOT DEPLOYED,NOT APPLICABLE,N,NONE,NA,NA,NONE,NOT APPLICABLE,NOT APPLICABLE,,DRIVER LICENSE,Texas,CLASS C,76548
14854987,3,MOTOR VEHICLE,N,Y,TX,1J8HR58N26C202196,2006,MAR,JEEP,GRAND CHEROKEE,SPORT UTILITY VEHICLE,N,76548,1,PROOF OF LIABILITY INSURANCE,FRONT END DAMAGE DISTRIBUTED IMPACT,DAMAGED 1 MINIMUM,12,BACK END DAMAGE DISTRIBUTED IMPACT,DAMAGED 2,6,N,,,FAILED TO CONTROL SPEED,NA,NA,EAST,Y,0,0,0,1,0,0,0,1,DRIVER,FRONT LEFT,NOT INJURED,30,WHITE,FEMALE,NO,SHOULDER & LAP BELT,NOT DEPLOYED,NOT APPLICABLE,N,NONE,NA,NA,NONE,NOT APPLICABLE,NOT APPLICABLE,,DRIVER LICENSE,Texas,CLASS C,76548
14854987,1,MOTOR VEHICLE,N,Y,UN,,NA,99,NA,NA,UNKNOWN,N,,NA,NA,NA,NA,NA,NA,NA,NA,,,,NONE,NA,NA,EAST,Y,0,0,0,0,1,0,0,1,DRIVER,FRONT LEFT,NOT INJURED,30,WHITE,FEMALE,NO,SHOULDER & LAP BELT,NOT DEPLOYED,NOT APPLICABLE,N,NONE,NA,NA,NONE,NOT APPLICABLE,NOT APPLICABLE,,DRIVER LICENSE,Texas,CLASS C,76548
14854987,4,MOTOR VEHICLE,N,Y,TX,2B3LJ74W48H289961,NA,ONG,DODGE,CHALLENGER,"PASSENGER CAR, 2-DOOR",N,76548,1,PROOF OF LIABILITY INSURANCE,FRONT END DAMAGE DISTRIBUTED IMPACT,DAMAGED 3,12,NA,NA,NA,N,GOODE'S TOWING,4737 S. IH 35 BELTON,FAILED TO CONTROL SPEED,NA,NA,EAST,N,0,0,0,2,0,0,0,1,DRIVER,FRONT LEFT,NOT INJURED,23,BLACK,FEMALE,NO,SHOULDER & LAP BELT,NOT DEPLOYED,NOT APPLICABLE,N,NONE,NA,NA,NONE,NOT APPLICABLE,NOT APPLICABLE,,DRIVER LICENSE,Texas,CLASS C,76548
14854987,3,MOTOR VEHICLE,N,Y,TX,1J8HR58N26C202196,2006,MAR,JEEP,GRAND CHEROKEE,SPORT UTILITY VEHICLE,N,76548,1,PROOF OF LIABILITY INSURANCE,FRONT END DAMAGE DISTRIBUTED IMPACT,DAMAGED 1 MINIMUM,12,BACK END DAMAGE DISTRIBUTED IMPACT,DAMAGED 2,6,N,,,FAILED TO CONTROL SPEED,NA,NA,EAST,Y,0,0,0,1,0,0,0,1,DRIVER,FRONT LEFT,NOT INJURED,23,BLACK,FEMALE,NO,SHOULDER & LAP BELT,NOT DEPLOYED,NOT APPLICABLE,N,NONE,NA,NA,NONE,NOT APPLICABLE,NOT APPLICABLE,,DRIVER LICENSE,Texas,CLASS C,76548
14854987,1,MOTOR VEHICLE,N,Y,UN,,NA,99,NA,NA,UNKNOWN,N,,NA,NA,NA,NA,NA,NA,NA,NA,,,,NONE,NA,NA,EAST,Y,0,0,0,0,1,0,0,1,DRIVER,FRONT LEFT,NOT INJURED,23,BLACK,FEMALE,NO,SHOULDER & LAP BELT,NOT DEPLOYED,NOT APPLICABLE,N,NONE,NA,NA,NONE,NOT APPLICABLE,NOT APPLICABLE,,DRIVER LICENSE,Texas,CLASS C,76548
14882569,1,MOTOR VEHICLE,N,Y,TX,1FTYR14U3WPB53726,1998,RED,FORD,RANGER,PICKUP,N,78681,1,NA,FRONT END (RIGHT)  DAMAGE PARTIAL CONTACT,DAMAGED 4,12,NA,NA,NA,Y,AUS-TEX AUTO ENTERPRISES LLC,AUS-TEX AUTO ENTERPRISES LLC,FAILED TO CONTROL SPEED,NA,UNDER INFLUENCE - ALCOHOL,NORTH,Y,0,0,0,1,0,0,0,1,DRIVER,FRONT LEFT,NOT INJURED,26,WHITE,MALE,NO,SHOULDER & LAP BELT,"DEPLOYED, FRONT",NOT APPLICABLE,N,REFUSED,NA,NA,OTHER (EXPLAIN IN NARRATIVE),NOT APPLICABLE,NOT APPLICABLE,,DRIVER LICENSE,Texas,CLASS C,78681
14940071,1,MOTOR VEHICLE,N,Y,TX,1FTNE14W58DB41968,NA,WHI,FORD,ECONOLINE VAN,VAN,N,78542,1,LIABILITY INSURANCE POLICY,FRONT END DAMAGE DISTRIBUTED IMPACT,DAMAGED 2,12,NA,NA,NA,N,DRIVER,LEFT SCENE,FAILED TO YIELD ROW - PRIVATE DRIVE,NA,NA,NORTH,Y,0,0,0,1,0,0,0,1,DRIVER,FRONT LEFT,NOT INJURED,56,WHITE,MALE,NO,SHOULDER & LAP BELT,NOT DEPLOYED,NOT APPLICABLE,N,NONE,NA,NA,NONE,NOT APPLICABLE,NOT APPLICABLE,,DRIVER LICENSE,Texas,CLASS C,78577
14940071,1,MOTOR VEHICLE,N,Y,TX,1FTNE14W58DB41968,NA,WHI,FORD,ECONOLINE VAN,VAN,N,78542,1,LIABILITY INSURANCE POLICY,FRONT END DAMAGE DISTRIBUTED IMPACT,DAMAGED 2,12,NA,NA,NA,N,DRIVER,LEFT SCENE,FAILED TO YIELD ROW - PRIVATE DRIVE,NA,NA,NORTH,Y,0,0,0,1,0,0,0,1,DRIVER,FRONT LEFT,NOT INJURED,41,WHITE,MALE,NO,SHOULDER & LAP BELT,NOT DEPLOYED,NOT APPLICABLE,N,NONE,NA,NA,NONE,NOT APPLICABLE,NOT APPLICABLE,,DRIVER LICENSE,Mexico,OTHER/OUT OF STATE,78577
14950179,1,MOTOR VEHICLE,N,Y,TX,2GCEC19TXX1274336,1999,GRY,CHEVROLET,SILVERADO,PICKUP,N,79102,1,LIABILITY INSURANCE POLICY,NA,DAMAGED 5,9,NA,NA,NA,N,,,FAILED TO CONTROL SPEED,NA,UNSAFE SPEED,NORTH,Y,0,0,0,1,0,0,0,1,DRIVER,FRONT LEFT,NOT INJURED,19,HISPANIC,MALE,NO,SHOULDER & LAP BELT,NOT DEPLOYED,NOT APPLICABLE,N,NONE,NA,NA,NONE,NOT APPLICABLE,NOT APPLICABLE,,DRIVER LICENSE,Texas,CLASS C,79103
14910605,1,MOTOR VEHICLE,N,Y,TX,2GTFC13Y371500113,2007,BLU,GMC,NA,PICKUP,N,79764,1,PROOF OF LIABILITY INSURANCE,FRONT END DAMAGE CONCENTRATED IMPACT,DAMAGED 3,12,LEFT SIDE DAMAGE ANGULAR IMPACT,DAMAGED 3,9,Y,NEAL POOL,1117 S. GRANT,FAILED TO CONTROL SPEED,NA,NA,EAST,Y,0,0,0,1,0,0,0,1,DRIVER,FRONT LEFT,NOT INJURED,24,WHITE,MALE,NO,SHOULDER & LAP BELT,NOT DEPLOYED,NOT APPLICABLE,N,NONE,NA,NA,NONE,NOT APPLICABLE,NOT APPLICABLE,,DRIVER LICENSE,Texas,CLASS C,79764
14912034,1,MOTOR VEHICLE,N,Y,TX,1C3EL46XX2N123064,2002,TAN,CHRYSLER,SEBRING,"PASSENGER CAR, 4-DOOR",N,78253,1,LIABILITY INSURANCE POLICY,FRONT END DAMAGE CONCENTRATED IMPACT,DAMAGED 2,12,DISTRIBUTED RIGHT SIDE DAMAGE PARALLEL IMPACT,DAMAGED 1 MINIMUM,3,N,MISSION,GROWDEN,FAILED TO YIELD ROW - TURNING LEFT,NA,NA,EAST,Y,0,0,0,1,0,0,0,1,DRIVER,FRONT LEFT,NOT INJURED,38,WHITE,MALE,NO,SHOULDER & LAP BELT,NOT DEPLOYED,NOT APPLICABLE,N,BLOOD,Positive,0.191,REFUSED,NOT APPLICABLE,NOT APPLICABLE,,DRIVER LICENSE,Texas,CLASS A,78253
14912034,1,MOTOR VEHICLE,N,Y,TX,1C3EL46XX2N123064,2002,TAN,CHRYSLER,SEBRING,"PASSENGER CAR, 4-DOOR",N,78253,1,LIABILITY INSURANCE POLICY,FRONT END DAMAGE CONCENTRATED IMPACT,DAMAGED 2,12,DISTRIBUTED RIGHT SIDE DAMAGE PARALLEL IMPACT,DAMAGED 1 MINIMUM,3,N,MISSION,GROWDEN,FAILED TO YIELD ROW - TURNING LEFT,NA,NA,EAST,Y,0,0,0,1,0,0,0,1,DRIVER,FRONT LEFT,NOT INJURED,39,HISPANIC,FEMALE,NO,SHOULDER & LAP BELT,NOT DEPLOYED,NOT APPLICABLE,N,NONE,NA,NA,NONE,NOT APPLICABLE,NOT APPLICABLE,,DRIVER LICENSE,Texas,CLASS C,78251
14976011,1,MOTOR VEHICLE,N,Y,TX,3B7HC13Y2SM110856,1995,GRY,DODGE,RAM 1500,PICKUP,N,76304,1,PROOF OF LIABILITY INSURANCE,LEFT BACK QUARTER DAMAGE ANGULAR IMPACT,DAMAGED 1 MINIMUM,NA,NA,NA,NA,N,DRIVER,DRIVEN AWAY,DRIVER INATTENTION,FAILED TO PASS TO RIGHT SAFELY,NA,EAST,Y,0,0,0,1,0,0,0,1,DRIVER,FRONT LEFT,NOT INJURED,59,BLACK,MALE,NO,UNKNOWN,NOT DEPLOYED,NOT APPLICABLE,N,NONE,NA,NA,NONE,NOT APPLICABLE,NOT APPLICABLE,,DRIVER LICENSE,Texas,CLASS C,76304
14976011,1,MOTOR VEHICLE,N,Y,TX,3B7HC13Y2SM110856,1995,GRY,DODGE,RAM 1500,PICKUP,N,76304,1,PROOF OF LIABILITY INSURANCE,LEFT BACK QUARTER DAMAGE ANGULAR IMPACT,DAMAGED 1 MINIMUM,NA,NA,NA,NA,N,DRIVER,DRIVEN AWAY,DRIVER INATTENTION,FAILED TO PASS TO RIGHT SAFELY,NA,EAST,Y,0,0,0,1,0,0,0,1,DRIVER,FRONT LEFT,NOT INJURED,51,OTHER,FEMALE,NO,SHOULDER & LAP BELT,NOT DEPLOYED,NOT APPLICABLE,N,NONE,NA,NA,NONE,NOT APPLICABLE,NOT APPLICABLE,,DRIVER LICENSE,Texas,CLASS C,76310
14976637,6,MOTOR VEHICLE,N,Y,UN,,NA,RED,UNKNOWN,UNKNOWN,PICKUP,N,,2,NA,NA,NA,NA,NA,NA,NA,N,,,NONE,NA,NA,WEST,N,0,0,0,0,1,0,0,1,DRIVER,FRONT LEFT,NOT INJURED,45,WHITE,MALE,NO,SHOULDER & LAP BELT,NOT DEPLOYED,NOT APPLICABLE,N,NONE,NA,NA,NONE,NOT APPLICABLE,NOT APPLICABLE,,COMMERCIAL DRIVER LIC.,Texas,CLASS A,37091
14976637,6,MOTOR VEHICLE,N,Y,UN,,NA,RED,UNKNOWN,UNKNOWN,PICKUP,N,,2,NA,NA,NA,NA,NA,NA,NA,N,,,NONE,NA,NA,WEST,N,0,0,0,0,1,0,0,1,DRIVER,FRONT LEFT,NOT INJURED,45,WHITE,MALE,NO,SHOULDER & LAP BELT,NOT DEPLOYED,NOT APPLICABLE,N,NONE,NA,NA,NONE,NOT APPLICABLE,NOT APPLICABLE,,COMMERCIAL DRIVER LIC.,Texas,CLASS A,37091
14976637,6,MOTOR VEHICLE,N,Y,UN,,NA,RED,UNKNOWN,UNKNOWN,PICKUP,N,,2,NA,NA,NA,NA,NA,NA,NA,N,,,NONE,NA,NA,WEST,N,0,0,0,0,1,0,0,1,DRIVER,FRONT LEFT,NOT INJURED,58,HISPANIC,MALE,NO,SHOULDER & LAP BELT,NOT DEPLOYED,NOT APPLICABLE,N,NONE,NA,NA,NONE,NOT APPLICABLE,NOT APPLICABLE,,DRIVER LICENSE,Texas,CLASS C,77029
14976637,6,MOTOR VEHICLE,N,Y,UN,,NA,RED,UNKNOWN,UNKNOWN,PICKUP,N,,2,NA,NA,NA,NA,NA,NA,NA,N,,,NONE,NA,NA,WEST,N,0,0,0,0,1,0,0,1,DRIVER,FRONT LEFT,NOT INJURED,58,HISPANIC,MALE,NO,SHOULDER & LAP BELT,NOT DEPLOYED,NOT APPLICABLE,N,NONE,NA,NA,NONE,NOT APPLICABLE,NOT APPLICABLE,,DRIVER LICENSE,Texas,CLASS C,77029
14976637,6,MOTOR VEHICLE,N,Y,UN,,NA,RED,UNKNOWN,UNKNOWN,PICKUP,N,,2,NA,NA,NA,NA,NA,NA,NA,N,,,NONE,NA,NA,WEST,N,0,0,0,0,1,0,0,1,DRIVER,FRONT LEFT,NOT INJURED,41,WHITE,FEMALE,NO,SHOULDER & LAP BELT,NOT DEPLOYED,NOT APPLICABLE,N,NONE,NA,NA,NONE,NOT APPLICABLE,NOT APPLICABLE,,DRIVER LICENSE,Texas,CLASS C,80631
14976637,6,MOTOR VEHICLE,N,Y,UN,,NA,RED,UNKNOWN,UNKNOWN,PICKUP,N,,2,NA,NA,NA,NA,NA,NA,NA,N,,,NONE,NA,NA,WEST,N,0,0,0,0,1,0,0,1,DRIVER,FRONT LEFT,NOT INJURED,41,WHITE,FEMALE,NO,SHOULDER & LAP BELT,NOT DEPLOYED,NOT APPLICABLE,N,NONE,NA,NA,NONE,NOT APPLICABLE,NOT APPLICABLE,,DRIVER LICENSE,Texas,CLASS C,80631
14976637,6,MOTOR VEHICLE,N,Y,UN,,NA,RED,UNKNOWN,UNKNOWN,PICKUP,N,,2,NA,NA,NA,NA,NA,NA,NA,N,,,NONE,NA,NA,WEST,N,0,0,0,0,1,0,0,1,DRIVER,FRONT LEFT,NOT INJURED,29,BLACK,MALE,NO,SHOULDER & LAP BELT,NOT DEPLOYED,NOT APPLICABLE,N,NONE,NA,NA,NONE,NOT APPLICABLE,NOT APPLICABLE,,DRIVER LICENSE,Texas,CLASS C,77045
14976637,6,MOTOR VEHICLE,N,Y,UN,,NA,RED,UNKNOWN,UNKNOWN,PICKUP,N,,2,NA,NA,NA,NA,NA,NA,NA,N,,,NONE,NA,NA,WEST,N,0,0,0,0,1,0,0,1,DRIVER,FRONT LEFT,NOT INJURED,29,BLACK,MALE,NO,SHOULDER & LAP BELT,NOT DEPLOYED,NOT APPLICABLE,N,NONE,NA,NA,NONE,NOT APPLICABLE,NOT APPLICABLE,,DRIVER LICENSE,Texas,CLASS C,77045
14976637,6,MOTOR VEHICLE,N,Y,UN,,NA,RED,UNKNOWN,UNKNOWN,PICKUP,N,,2,NA,NA,NA,NA,NA,NA,NA,N,,,NONE,NA,NA,WEST,N,0,0,0,0,1,0,0,1,DRIVER,FRONT LEFT,POSSIBLE INJURY,33,BLACK,FEMALE,NO,SHOULDER & LAP BELT,NOT DEPLOYED,NOT APPLICABLE,N,NONE,NA,NA,NONE,NOT APPLICABLE,NOT APPLICABLE,,DRIVER LICENSE,Texas,CLASS C,77018
14976637,6,MOTOR VEHICLE,N,Y,UN,,NA,RED,UNKNOWN,UNKNOWN,PICKUP,N,,2,NA,NA,NA,NA,NA,NA,NA,N,,,NONE,NA,NA,WEST,N,0,0,0,0,1,0,0,1,DRIVER,FRONT LEFT,POSSIBLE INJURY,33,BLACK,FEMALE,NO,SHOULDER & LAP BELT,NOT DEPLOYED,NOT APPLICABLE,N,NONE,NA,NA,NONE,NOT APPLICABLE,NOT APPLICABLE,,DRIVER LICENSE,Texas,CLASS C,77018
14982864,2,MOTOR VEHICLE,N,Y,UN,UNKNOWN,NA,99,UNKNOWN,UNKNOWN,UNKNOWN,N,,NA,NA,NA,NA,NA,NA,NA,NA,,FLED THE SCENE,,NONE,NA,NA,EAST,Y,0,0,0,0,1,0,0,1,DRIVER,FRONT LEFT,NOT INJURED,19,HISPANIC,FEMALE,NO,SHOULDER & LAP BELT,NOT DEPLOYED,NOT APPLICABLE,N,NONE,NA,NA,NONE,NOT APPLICABLE,NOT APPLICABLE,,DRIVER LICENSE,Texas,CLASS C,
14982864,2,MOTOR VEHICLE,N,Y,UN,UNKNOWN,NA,99,UNKNOWN,UNKNOWN,UNKNOWN,N,,NA,NA,NA,NA,NA,NA,NA,NA,,FLED THE SCENE,,NONE,NA,NA,EAST,Y,0,0,0,0,1,0,0,1,DRIVER,FRONT LEFT,NOT INJURED,19,HISPANIC,FEMALE,NO,SHOULDER & LAP BELT,NOT DEPLOYED,NOT APPLICABLE,N,NONE,NA,NA,NONE,NOT APPLICABLE,NOT APPLICABLE,,DRIVER LICENSE,Texas,CLASS C,
14982864,1,MOTOR VEHICLE,N,Y,TX,1N4AL11D76N343120,2006,MAR,NISSAN,ALTIMA,"PASSENGER CAR, 4-DOOR",N,,1,LIABILITY INSURANCE POLICY,FRONT END DAMAGE DISTRIBUTED IMPACT,DAMAGED 4,12,NA,NA,NA,N,PRIVATE TOWING,RESIDENCE,FAILED TO CONTROL SPEED,NA,NA,EAST,Y,0,0,0,1,0,0,0,1,DRIVER,FRONT LEFT,NOT INJURED,19,HISPANIC,FEMALE,NO,SHOULDER & LAP BELT,NOT DEPLOYED,NOT APPLICABLE,N,NONE,NA,NA,NONE,NOT APPLICABLE,NOT APPLICABLE,,DRIVER LICENSE,Texas,CLASS C,
14894500,3,MOTOR VEHICLE,N,Y,NA,,NA,BLK,FORD,F150,PICKUP,N,,NA,NA,NA,NA,NA,NA,NA,NA,N,,,NONE,NA,NA,EAST,N,0,0,0,0,0,0,0,1,DRIVER,FRONT LEFT,NOT INJURED,29,WHITE,FEMALE,NO,SHOULDER & LAP BELT,UNKNOWN,NOT APPLICABLE,N,NONE,NA,NA,NONE,NOT APPLICABLE,NOT APPLICABLE,,DRIVER LICENSE,Texas,CLASS C,77336
14894500,3,MOTOR VEHICLE,N,Y,NA,,NA,BLK,FORD,F150,PICKUP,N,,NA,NA,NA,NA,NA,NA,NA,NA,N,,,NONE,NA,NA,EAST,N,0,0,0,0,0,0,0,1,DRIVER,FRONT LEFT,POSSIBLE INJURY,69,WHITE,MALE,NO,SHOULDER & LAP BELT,UNKNOWN,NOT APPLICABLE,N,NONE,NA,NA,NONE,NOT APPLICABLE,NOT APPLICABLE,,DRIVER LICENSE,Texas,CLASS C,77535
14939533,1,MOTOR VEHICLE,N,Y,TX,1C3CDZAB9CN171475,NA,BLK,DODGE,AVENGER,"PASSENGER CAR, 4-DOOR",N,78852,1,LIABILITY INSURANCE POLICY,FRONT END (RIGHT)  DAMAGE PARTIAL CONTACT,DAMAGED 5,12,NA,NA,NA,N,,,UNDER INFLUENCE - ALCOHOL,DISTRACTION IN VEHICLE,NA,SOUTH,Y,0,0,0,1,0,0,0,1,DRIVER,FRONT LEFT,NOT INJURED,27,HISPANIC,MALE,NO,UNKNOWN,NOT DEPLOYED,NOT APPLICABLE,N,REFUSED,NA,NA,REFUSED,NOT APPLICABLE,NOT APPLICABLE,,DRIVER LICENSE,Texas,CLASS C,78852
14953936,1,MOTOR VEHICLE,N,Y,TX,2GCEK13T261214836,2006,BLK,CHEVROLET,SILVERADO,PICKUP,N,76234,1,LIABILITY INSURANCE POLICY,FRONT END (RIGHT)  DAMAGE PARTIAL CONTACT,NO DAMAGE,2,NA,NA,NA,N,DRIVER,DRIVEN AWAY,DRIVER INATTENTION,TURNED WHEN UNSAFE,NA,SOUTHEAST,Y,0,0,0,1,0,0,0,1,DRIVER,FRONT LEFT,NOT INJURED,34,WHITE,MALE,NO,UNKNOWN,NOT DEPLOYED,NOT APPLICABLE,N,NONE,NA,NA,NONE,NOT APPLICABLE,NOT APPLICABLE,,DRIVER LICENSE,Texas,CLASS C AND M,76234
14907076,1,MOTOR VEHICLE,N,Y,TX,1N4AL2AP2AN552340,NA,BLK,NISSAN,ALTIMA,"PASSENGER CAR, 4-DOOR",N,78586,2,NA,FRONT END DAMAGE DISTRIBUTED IMPACT,DAMAGED 2,12,RIGHT SIDE DAMAGE ANGULAR IMPACT,DAMAGED 3,3,N,AMERICAN EAGLE,AMERICAN EAGLE,FAILED TO CONTROL SPEED,NA,UNSAFE SPEED,NORTH,Y,0,1,0,0,0,1,0,1,DRIVER,FRONT LEFT,NON-INCAPACITATING INJURY,38,HISPANIC,MALE,NO,SHOULDER & LAP BELT,"DEPLOYED, SIDE",NOT APPLICABLE,N,NONE,NA,NA,NONE,NOT APPLICABLE,NOT APPLICABLE,,DRIVER LICENSE,Texas,CLASS C,78552
14943620,1,MOTOR VEHICLE,N,Y,TX,2GCEK19R5T1179958,1996,BLK,CHEVROLET,SILVERADO,TRUCK,N,,1,LIABILITY INSURANCE POLICY,FRONT END (RIGHT)  DAMAGE PARTIAL CONTACT,DAMAGED 1 MINIMUM,1,NA,NA,NA,Y,ADVANCE TOW,FORT WORTH CITY IMPOUND,UNSAFE SPEED,DRIVER INATTENTION,NA,EAST,Y,0,0,0,1,0,0,0,1,DRIVER,FRONT LEFT,NOT INJURED,22,HISPANIC,MALE,NO,SHOULDER & LAP BELT,NOT DEPLOYED,NOT APPLICABLE,N,NONE,NA,NA,NONE,NOT APPLICABLE,NOT APPLICABLE,,DRIVER LICENSE,Texas,CLASS C,76137
14856218,1,MOTOR VEHICLE,N,Y,TX,1GNEC16Z85J168065,2005,MAR,CHEVROLET,SUBURBAN,SPORT UTILITY VEHICLE,N,79830,1,LIABILITY INSURANCE POLICY,FRONT END (LEFT) DAMAGE PARTIAL CONTACT,DAMAGED 6,10,NA,NA,NA,N,DRIVER,DRIVEN AWAY,FAILED TO YIELD ROW - YIELD SIGN,FAILED TO CONTROL SPEED,NA,NORTH,Y,0,0,0,1,0,0,0,1,DRIVER,FRONT LEFT,NOT INJURED,32,WHITE,MALE,NO,SHOULDER & LAP BELT,NOT DEPLOYED,NOT APPLICABLE,N,NONE,NA,NA,NONE,NOT APPLICABLE,NOT APPLICABLE,,DRIVER LICENSE,Texas,CLASS A,79830
14888425,1,MOTOR VEHICLE,N,Y,UN,1FDEE14H3SHB16628,1995,TAN,FORD,ECONOLINE VAN,VAN,N,78222,1,LIABILITY INSURANCE POLICY,FRONT END (RIGHT)  DAMAGE PARTIAL CONTACT,DAMAGED 2,1,NA,NA,NA,N,DRIVEN BY,DRIVER,DRIVER INATTENTION,DISREGARD STOP SIGN OR LIGHT,NA,NORTH,Y,0,0,0,1,0,0,0,1,DRIVER,FRONT LEFT,POSSIBLE INJURY,51,BLACK,MALE,NO,SHOULDER & LAP BELT,NOT DEPLOYED,NOT APPLICABLE,N,NONE,NA,NA,NONE,NOT APPLICABLE,NOT APPLICABLE,,DRIVER LICENSE,Texas,CLASS C,78222
14896948,1,MOTOR VEHICLE,N,Y,TX,1GNEC13ZX2R149924,2002,TAN,CHEVROLET,TAHOE,SPORT UTILITY VEHICLE,N,77038,1,PROOF OF LIABILITY INSURANCE,FRONT END DAMAGE DISTRIBUTED IMPACT,DAMAGED 2,12,NA,NA,NA,N,A.C.O. TOWING SERVICE,"11815 1/2 MISTY VALLEY HOUSTON,TX 77066",FAILED TO CONTROL SPEED,NA,DRIVER INATTENTION,EAST,Y,0,0,0,1,0,0,0,1,DRIVER,FRONT LEFT,NOT INJURED,23,BLACK,MALE,NO,SHOULDER & LAP BELT,NOT DEPLOYED,NOT APPLICABLE,N,NONE,NA,NA,NONE,NOT APPLICABLE,NOT APPLICABLE,,DRIVER LICENSE,Texas,CLASS C,77038
14919878,1,MOTOR VEHICLE,N,Y,TX,1FTPW12V18FA32377,NA,WHI,FORD,F150,PICKUP,N,79414,1,PROOF OF LIABILITY INSURANCE,FRONT END DAMAGE CONCENTRATED IMPACT,DAMAGED 3,12,NA,NA,NA,N,LUBBOCK WRECKER,LUBBOCK WRECKER  3209 SLATON HWY   806-7,FAILED TO DRIVE IN SINGLE LANE,NA,NA,EAST,Y,0,0,0,0,1,0,0,1,DRIVER,FRONT LEFT,UNKNOWN,44,HISPANIC,MALE,NO,UNKNOWN,NOT DEPLOYED,NOT APPLICABLE,N,NONE,NA,NA,NONE,NOT APPLICABLE,NOT APPLICABLE,,DRIVER LICENSE,Texas,CLASS C,79414
14861716,1,MOTOR VEHICLE,N,Y,TX,4A3AC54H61E076199,2001,SIL,MITSUBISHI,ECLIPSE,"PASSENGER CAR, 2-DOOR",N,75440,1,PROOF OF LIABILITY INSURANCE,FRONT END DAMAGE DISTRIBUTED IMPACT,DAMAGED 3,12,NA,NA,NA,N,OPERATOR,DRIVEN FROM SCENE,FAILED TO CONTROL SPEED,DRIVER INATTENTION,FATIGUED OR ASLEEP,WEST,Y,0,0,0,0,1,0,0,1,DRIVER,FRONT LEFT,NOT INJURED,28,HISPANIC,FEMALE,NO,SHOULDER & LAP BELT,NOT DEPLOYED,NOT APPLICABLE,N,NONE,NA,NA,NONE,NOT APPLICABLE,NOT APPLICABLE,,DRIVER LICENSE,Texas,CLASS C,75471
14908104,1,MOTOR VEHICLE,N,Y,TX,KNADH4A33A6680577,NA,WHI,KIA,RIO,"PASSENGER CAR, 4-DOOR",N,77379,2,NA,BACK END (LEFT) DAMAGE PARTIAL CONTACT,DAMAGED 1 MINIMUM,7,NA,NA,NA,N,DRIVEN FROM SCENE BY DRIVER,DRIVEN FROM SCENE,NONE,NA,NA,NORTH,Y,0,0,0,1,0,0,0,1,DRIVER,FRONT LEFT,NOT INJURED,27,WHITE,MALE,NO,SHOULDER & LAP BELT,NOT DEPLOYED,NOT APPLICABLE,N,NONE,NA,NA,NONE,NOT APPLICABLE,NOT APPLICABLE,,DRIVER LICENSE,Texas,CLASS C,77506