CRASH_ID,UNIT_NBR,UNIT_DESC_ID,VEH_PARKED_FL,VEH_HNR_FL,VEH_LIC_STATE_ID,VIN,VEH_MOD_YEAR,VEH_COLOR_ID,VEH_MAKE_ID,VEH_MOD_ID,VEH_BODY_STYL_ID,EMER_RESPNDR_FL,OWNR_ZIP,FIN_RESP_PROOF_ID,FIN_RESP_TYPE_ID,VEH_DMAG_AREA_1_ID,VEH_DMAG_SCL_1_ID,FORCE_DIR_1_ID,VEH_DMAG_AREA_2_ID,VEH_DMAG_SCL_2_ID,FORCE_DIR_2_ID,VEH_INVENTORIED_FL,VEH_TRANSP_NAME,VEH_TRANSP_DEST,CONTRIB_FACTR_1_ID,CONTRIB_FACTR_2_ID,CONTRIB_FACTR_P1_ID,VEH_TRVL_DIR_ID,FIRST_HARM_EVT_INV_ID,INCAP_INJRY_CNT,NONINCAP_INJRY_CNT,POSS_INJRY_CNT,NON_INJRY_CNT,UNKN_INJRY_CNT,TOT_INJRY_CNT,DEATH_CNT,PRSN_NBR,PRSN_TYPE_ID,PRSN_OCCPNT_POS_ID,PRSN_INJRY_SEV_ID,PRSN_AGE,PRSN_ETHNICITY_ID,PRSN_GNDR_ID,PRSN_EJCT_ID,PRSN_REST_ID,PRSN_AIRBAG_ID,PRSN_HELMET_ID,PRSN_SOL_FL,PRSN_ALC_SPEC_TYPE_ID,PRSN_ALC_RSLT_ID,PRSN_BAC_TEST_RSLT,PRSN_DRG_SPEC_TYPE_ID,PRSN_DRG_RSLT_ID,DRVR_DRG_CAT_1_ID,PRSN_DEATH_TIME,DRVR_LIC_TYPE_ID,DRVR_LIC_STATE_ID,DRVR_LIC_CLS_ID,DRVR_ZIP
14966614,1,MOTOR VEHICLE,N,Y,UN,,NA,99,UNKNOWN,NA,VAN,N,,2,LIABILITY INSURANCE POLICY,RIGHT SIDE DAMAGE ANGULAR IMPACT,DAMAGED 2,1,NA,NA,NA,N,DRIVER,DRIVEN AWAY,FAILED TO YIELD ROW - TURNING LEFT,NA,NA,NORTH,Y,0,0,0,0,1,0,0,1,DRIVER,FRONT LEFT,NOT INJURED,21,WHITE,MALE,NO,SHOULDER & LAP BELT,NOT DEPLOYED,NOT APPLICABLE,N,NONE,NA,NA,NONE,NOT APPLICABLE,NOT APPLICABLE,,DRIVER LICENSE,Texas,CLASS C,76865
14981335,1,MOTOR VEHICLE,N,Y,TX,1J4FF68S3XL515756,1999,BLK,JEEP,GRAND CHEROKEE,SPORT UTILITY VEHICLE,N,75070,1,PROOF OF LIABILITY INSURANCE,DISTRIBUTED LEFT SIDE DAMAGE PARALLEL IMPACT,DAMAGED 3,7,NA,NA,NA,N,,,UNDER INFLUENCE - ALCOHOL,SPEEDING - (OVERLIMIT),NA,WEST,Y,0,0,0,0,1,0,0,1,DRIVER,FRONT LEFT,UNKNOWN,29,WHITE,MALE,NO,UNKNOWN,NOT DEPLOYED,NOT APPLICABLE,N,NONE,NA,NA,NONE,NOT APPLICABLE,NOT APPLICABLE,,DRIVER LICENSE,Texas,UNKNOWN,75070
14981335,1,MOTOR VEHICLE,N,Y,TX,1J4FF68S3XL515756,1999,BLK,JEEP,GRAND CHEROKEE,SPORT UTILITY VEHICLE,N,75070,1,PROOF OF LIABILITY INSURANCE,DISTRIBUTED LEFT SIDE DAMAGE PARALLEL IMPACT,DAMAGED 3,7,NA,NA,NA,N,,,UNDER INFLUENCE - ALCOHOL,SPEEDING - (OVERLIMIT),NA,WEST,Y,0,0,0,0,1,0,0,1,PASSENGER/OCCUPANT,FRONT LEFT,NOT INJURED,18,WHITE,FEMALE,NO,NONE,NOT DEPLOYED,NOT APPLICABLE,N,NONE,NA,NA,NONE,NOT APPLICABLE,NOT APPLICABLE,,DRIVER LICENSE,Texas,CLASS C,75070
14845673,1,MOTOR VEHICLE,N,Y,TX,5NPDH4AEXBH061227,NA,GLD,HYUNDAI,ELANTRA,"PASSENGER CAR, 4-DOOR",N,78261,1,PROOF OF LIABILITY INSURANCE,FRONT END DAMAGE DISTRIBUTED IMPACT,DAMAGED 1 MINIMUM,12,NA,NA,NA,Y,JOHNNY'S WRECKER SERVICE (945-7766),JOHNNY'S WRECKER SERVICE (945-7766),UNDER INFLUENCE - ALCOHOL,NA,NA,EAST,Y,0,0,0,1,0,0,0,1,DRIVER,FRONT LEFT,NOT INJURED,41,WHITE,MALE,NO,SHOULDER & LAP BELT,NOT DEPLOYED,NOT APPLICABLE,N,BREATH,Positive,0.124,NONE,NOT APPLICABLE,NOT APPLICABLE,,DRIVER LICENSE,Texas,CLASS C,78261
14845673,1,MOTOR VEHICLE,N,Y,TX,5NPDH4AEXBH061227,NA,GLD,HYUNDAI,ELANTRA,"PASSENGER CAR, 4-DOOR",N,78261,1,PROOF OF LIABILITY INSURANCE,FRONT END DAMAGE DISTRIBUTED IMPACT,DAMAGED 1 MINIMUM,12,NA,NA,NA,Y,JOHNNY'S WRECKER SERVICE (945-7766),JOHNNY'S WRECKER SERVICE (945-7766),UNDER INFLUENCE - ALCOHOL,NA,NA,EAST,Y,0,0,0,1,0,0,0,1,DRIVER,FRONT LEFT,NOT INJURED,18,WHITE,FEMALE,NO,SHOULDER & LAP BELT,NOT DEPLOYED,NOT APPLICABLE,N,NONE,NA,NA,NONE,NOT APPLICABLE,NOT APPLICABLE,,DRIVER LICENSE,Texas,CLASS C,78148
14903239,1,MOTOR VEHICLE,N,Y,TX,1G4NV1534RC280206,1994,BLK,BUICK,UNKNOWN,"PASSENGER CAR, 4-DOOR",N,75104,3,PROOF OF LIABILITY INSURANCE,FRONT END DAMAGE DISTRIBUTED IMPACT,DAMAGED 2,12,NA,NA,NA,N,,,DISREGARD STOP SIGN OR LIGHT,NA,NA,EAST,Y,0,0,0,1,0,0,0,1,DRIVER,FRONT LEFT,POSSIBLE INJURY,50,WHITE,FEMALE,NO,SHOULDER & LAP BELT,NOT DEPLOYED,NOT APPLICABLE,N,NONE,NA,NA,NONE,NOT APPLICABLE,NOT APPLICABLE,,DRIVER LICENSE,Texas,CLASS C,75006
14948588,1,MOTOR VEHICLE,N,Y,TX,KMHCG35C55U335022,2005,BLU,HYUNDAI,ACCENT,"PASSENGER CAR, 2-DOOR",N,77449,1,PROOF OF LIABILITY INSURANCE,RIGHT FRONT QUARTER DAMAGE ANGULAR IMPACT,DAMAGED 4,NA,NA,NA,NA,Y,NORTH STATE 6 TOW 628,"17623 F.M. 529 HOUSTON, TX 77095",FAILED TO DRIVE IN SINGLE LANE,NA,UNDER INFLUENCE - DRUG,SOUTH,Y,0,0,0,1,0,0,0,1,DRIVER,FRONT LEFT,NOT INJURED,20,BLACK,FEMALE,NO,UNKNOWN,NOT DEPLOYED,NOT APPLICABLE,N,BLOOD,NA,NA,BLOOD,UNKNOWN,UNKNOWN,,DRIVER LICENSE,Texas,CLASS C,77449
14963833,1,MOTOR VEHICLE,N,Y,TX,1GNDS13S682103137,NA,GRY,CHEVROLET,TRAILBLAZER,SPORT UTILITY VEHICLE,N,75156,1,PROOF OF LIABILITY INSURANCE,FRONT END DAMAGE DISTRIBUTED IMPACT,DAMAGED 2,12,NA,NA,NA,N,,,UNSAFE SPEED,DISREGARD STOP SIGN OR LIGHT,NA,NORTHEAST,Y,0,0,0,1,0,0,0,1,DRIVER,FRONT LEFT,NOT INJURED,NA,WHITE,FEMALE,NO,SHOULDER & LAP BELT,NOT DEPLOYED,NOT APPLICABLE,N,NONE,NA,NA,NONE,NOT APPLICABLE,NOT APPLICABLE,,DRIVER LICENSE,Texas,CLASS C,75156
14865444,1,MOTOR VEHICLE,N,Y,TX,1N4AL2AP1CN532065,NA,BLK,NISSAN,ALTIMA,"PASSENGER CAR, 4-DOOR",N,77845,2,NA,FRONT END DAMAGE DISTRIBUTED IMPACT,DAMAGED 3,12,BACK END DAMAGE CONCENTRATED IMPACT,DAMAGED 3,6,Y,LAKESIDE TOWING (512)259-6620,"12400 ANDERSON MILL RD; AUSTIN, TX",NONE,NA,NA,NORTH,Y,0,0,0,1,0,0,0,1,DRIVER,FRONT LEFT,NOT INJURED,25,WHITE,MALE,NO,SHOULDER & LAP BELT,"DEPLOYED, FRONT",NOT APPLICABLE,N,NONE,NA,NA,NONE,NOT APPLICABLE,NOT APPLICABLE,,DRIVER LICENSE,Texas,CLASS C,77845
14881987,1,MOTOR VEHICLE,N,Y,TX,5NMSH13E17H028060,2007,WHI,HYUNDAI,SANTA FE,SPORT UTILITY VEHICLE,N,77064,1,PROOF OF LIABILITY INSURANCE,FRONT END (LEFT) DAMAGE PARTIAL CONTACT,DAMAGED 1 MINIMUM,11,NA,NA,NA,N,FLED THE SCENE,,UNDER INFLUENCE - ALCOHOL,NA,DROVE WITHOUT HEADLIGHTS,NORTH,Y,0,0,0,1,0,0,0,1,DRIVER,FRONT LEFT,NOT INJURED,21,WHITE,FEMALE,NO,SHOULDER & LAP BELT,NOT DEPLOYED,NOT APPLICABLE,N,BLOOD,NA,NA,BLOOD,UNKNOWN,UNKNOWN,,DRIVER LICENSE,Texas,CLASS C,
14899449,1,MOTOR VEHICLE,N,Y,UN,,NA,RED,NA,NA,UNKNOWN,N,,NA,NA,NA,NA,NA,NA,NA,NA,N,FLED THE SCENE,UNKNOWN LOCATION,NONE,NA,NA,EAST,Y,0,0,0,0,1,0,0,1,DRIVER,FRONT LEFT,NON-INCAPACITATING INJURY,57,HISPANIC,FEMALE,NO,UNKNOWN,NOT DEPLOYED,NOT APPLICABLE,N,NONE,NA,NA,NONE,NOT APPLICABLE,NOT APPLICABLE,,DRIVER LICENSE,Texas,CLASS C,78520
14899449,1,MOTOR VEHICLE,N,Y,UN,,NA,RED,NA,NA,UNKNOWN,N,,NA,NA,NA,NA,NA,NA,NA,NA,N,FLED THE SCENE,UNKNOWN LOCATION,NONE,NA,NA,EAST,Y,0,0,0,0,1,0,0,1,DRIVER,FRONT LEFT,NOT INJURED,23,HISPANIC,MALE,NO,UNKNOWN,NOT DEPLOYED,NOT APPLICABLE,N,NONE,NA,NA,NONE,NOT APPLICABLE,NOT APPLICABLE,,DRIVER LICENSE,Texas,CLASS C,78539
14902187,1,MOTOR VEHICLE,N,Y,UN,1HGCG1657YA081040,2000,99,HONDA,ACCORD,UNKNOWN,N,77471,1,PROOF OF LIABILITY INSURANCE,FRONT END (RIGHT)  DAMAGE PARTIAL CONTACT,DAMAGED 3,1,NA,NA,NA,Y,TWIN CITIES,4407 AVENUE H REAR,FAILED TO CONTROL SPEED,NA,NA,WEST,Y,0,0,0,1,0,0,0,1,DRIVER,FRONT LEFT,NOT INJURED,17,BLACK,MALE,NO,UNKNOWN,NOT DEPLOYED,NOT APPLICABLE,N,NONE,NA,NA,NONE,NOT APPLICABLE,NOT APPLICABLE,,DRIVER LICENSE,Texas,CLASS C,77406
14902187,1,MOTOR VEHICLE,N,Y,UN,1HGCG1657YA081040,2000,99,HONDA,ACCORD,UNKNOWN,N,77471,1,PROOF OF LIABILITY INSURANCE,FRONT END (RIGHT)  DAMAGE PARTIAL CONTACT,DAMAGED 3,1,NA,NA,NA,Y,TWIN CITIES,4407 AVENUE H REAR,FAILED TO CONTROL SPEED,NA,NA,WEST,Y,0,0,0,1,0,0,0,1,DRIVER,FRONT LEFT,NOT INJURED,23,HISPANIC,MALE,NO,SHOULDER & LAP BELT,NOT DEPLOYED,NOT APPLICABLE,N,NONE,NA,NA,NONE,NOT APPLICABLE,NOT APPLICABLE,,DRIVER LICENSE,Texas,CLASS C,77406
14934947,1,MOTOR VEHICLE,N,Y,TX,4T1BF12B3VU152054,1997,BGE,TOYOTA,AVALON,SPORT UTILITY VEHICLE,N,78232,1,PROOF OF LIABILITY INSURANCE,FRONT END (LEFT) DAMAGE PARTIAL CONTACT,DAMAGED 4,11,NA,NA,NA,N,NOT TOWED,FLED SCENE,UNSAFE SPEED,DRIVER INATTENTION,NA,NORTH,Y,0,0,0,1,0,0,0,1,DRIVER,FRONT LEFT,NOT INJURED,36,HISPANIC,FEMALE,NO,SHOULDER & LAP BELT,NOT DEPLOYED,NOT APPLICABLE,N,NONE,NA,NA,NONE,NOT APPLICABLE,NOT APPLICABLE,,DRIVER LICENSE,Texas,CLASS C,78212
14934947,1,MOTOR VEHICLE,N,Y,TX,4T1BF12B3VU152054,1997,BGE,TOYOTA,AVALON,SPORT UTILITY VEHICLE,N,78232,1,PROOF OF LIABILITY INSURANCE,FRONT END (LEFT) DAMAGE PARTIAL CONTACT,DAMAGED 4,11,NA,NA,NA,N,NOT TOWED,FLED SCENE,UNSAFE SPEED,DRIVER INATTENTION,NA,NORTH,Y,0,0,0,1,0,0,0,1,PEDESTRIAN,"PEDESTRIAN, PEDALCYCLIST, OR MOTORIZED CONVEYANCE",KILLED,28,HISPANIC,FEMALE,NOT APPLICABLE,NOT APPLICABLE,NOT APPLICABLE,NOT APPLICABLE,N,NONE,NA,NA,NONE,NOT APPLICABLE,NOT APPLICABLE,2024-08-18T05:32:00.000+05:30,DRIVER LICENSE,Texas,CLASS C,
14952870,1,MOTOR VEHICLE,N,Y,TX,1HGFA16849L000610,NA,BLU,HONDA,CIVIC,"PASSENGER CAR, 4-DOOR",N,76137,1,NA,FRONT END (LEFT) DAMAGE PARTIAL CONTACT,DAMAGED 1 MINIMUM,12,LEFT BACK QUARTER DAMAGE ANGULAR IMPACT,DAMAGED 3,NA,Y,CORNISH WRECKER,2557 S. RIVERSIDE,FAILED TO CONTROL SPEED,UNDER INFLUENCE - ALCOHOL,NA,WEST,Y,0,1,0,0,0,1,0,1,DRIVER,FRONT LEFT,NON-INCAPACITATING INJURY,40,WHITE,FEMALE,NO,SHOULDER & LAP BELT,NOT DEPLOYED,NOT APPLICABLE,N,NONE,NA,NA,NONE,NOT APPLICABLE,NOT APPLICABLE,,DRIVER LICENSE,Texas,CLASS C,75152
14955118,2,MOTOR VEHICLE,N,Y,TX,2GCEC19V841303314,2004,GLD,CHEVROLET,SILVERADO,PICKUP,N,75951,2,LIABILITY INSURANCE POLICY,FRONT END (RIGHT)  DAMAGE PARTIAL CONTACT,DAMAGED 2,1,NA,NA,NA,N,,,FAILED TO YIELD ROW - STOP SIGN,DRIVER INATTENTION,NA,NORTH,Y,0,0,0,1,0,0,0,1,DRIVER,FRONT LEFT,NOT INJURED,20,WHITE,FEMALE,NO,SHOULDER & LAP BELT,NOT DEPLOYED,NOT APPLICABLE,N,NONE,NA,NA,NONE,NOT APPLICABLE,NOT APPLICABLE,,DRIVER LICENSE,Texas,CLASS C,75951
14955118,2,MOTOR VEHICLE,N,Y,TX,2GCEC19V841303314,2004,GLD,CHEVROLET,SILVERADO,PICKUP,N,75951,2,LIABILITY INSURANCE POLICY,FRONT END (RIGHT)  DAMAGE PARTIAL CONTACT,DAMAGED 2,1,NA,NA,NA,N,,,FAILED TO YIELD ROW - STOP SIGN,DRIVER INATTENTION,NA,NORTH,Y,0,0,0,1,0,0,0,1,DRIVER,FRONT LEFT,NOT INJURED,41,WHITE,MALE,NO,SHOULDER & LAP BELT,NOT DEPLOYED,NOT APPLICABLE,N,NONE,NA,NA,NONE,NOT APPLICABLE,NOT APPLICABLE,,DRIVER LICENSE,Texas,CLASS C,75951
14959883,1,MOTOR VEHICLE,N,Y,UN,4T1SV21E8MU297965,1991,99,TOYOTA,CAMRY,UNKNOWN,N,75060,1,PROOF OF LIABILITY INSURANCE,FRONT END DAMAGE CONCENTRATED IMPACT,DAMAGED 4,12,NA,NA,NA,Y,PRO TOW,IRVING CITY POUND,TURNED IMPROPERLY - CUT CORNER ON LEFT,NA,NA,EAST,Y,0,0,0,1,0,0,0,1,DRIVER,FRONT LEFT,NOT INJURED,21,WHITE,MALE,NO,SHOULDER & LAP BELT,NOT DEPLOYED,NOT APPLICABLE,N,NONE,NA,NA,NONE,NOT APPLICABLE,NOT APPLICABLE,,DRIVER LICENSE,Texas,CLASS C,75060
14983322,1,MOTOR VEHICLE,N,Y,TX,5TBRN34182S230262,2002,SIL,TOYOTA,TUNDRA,PICKUP,N,78412,2,NA,FRONT END DAMAGE DISTRIBUTED IMPACT,DAMAGED 3,12,LEFT SIDE DAMAGE ANGULAR IMPACT,DAMAGED 2,10,Y,ERIKA'S WRECKER,2528 HOLLY RD,FAILED TO YIELD ROW - TURN ON RED,NA,NA,NORTHWEST,Y,0,0,0,1,0,0,0,1,DRIVER,FRONT LEFT,NOT INJURED,27,WHITE,MALE,NO,SHOULDER & LAP BELT,NOT DEPLOYED,NOT APPLICABLE,N,NONE,NA,NA,NONE,NOT APPLICABLE,NOT APPLICABLE,,DRIVER LICENSE,Texas,CLASS C AND M,78412
14983322,1,MOTOR VEHICLE,N,Y,TX,5TBRN34182S230262,2002,SIL,TOYOTA,TUNDRA,PICKUP,N,78412,2,NA,FRONT END DAMAGE DISTRIBUTED IMPACT,DAMAGED 3,12,LEFT SIDE DAMAGE ANGULAR IMPACT,DAMAGED 2,10,Y,ERIKA'S WRECKER,2528 HOLLY RD,FAILED TO YIELD ROW - TURN ON RED,NA,NA,NORTHWEST,Y,0,0,0,1,0,0,0,1,DRIVER,FRONT LEFT,NOT INJURED,38,HISPANIC,MALE,NO,SHOULDER & LAP BELT,NOT DEPLOYED,NOT APPLICABLE,N,NONE,NA,NA,NONE,NOT APPLICABLE,NOT APPLICABLE,,DRIVER LICENSE,New Mexico,OTHER/OUT OF STATE,78415
14889491,1,MOTOR VEHICLE,N,Y,TX,1GNCS18X93K132172,2003,WHI,CHEVROLET,BLAZER,SPORT UTILITY VEHICLE,N,79415,1,PROOF OF LIABILITY INSURANCE,FRONT END DAMAGE DISTRIBUTED IMPACT,DAMAGED 5,12,NA,NA,NA,N,LUBBOCK WRECKER,LUBBOCK WRECKER  3209 SLATON HWY   806-7,FAILED TO CONTROL SPEED,NA,UNDER INFLUENCE - ALCOHOL,NORTH,Y,0,0,0,1,0,0,0,1,DRIVER,FRONT LEFT,NOT INJURED,44,HISPANIC,MALE,NO,SHOULDER & LAP BELT,"DEPLOYED, FRONT",NOT APPLICABLE,N,NONE,NA,NA,NONE,NOT APPLICABLE,NOT APPLICABLE,,DRIVER LICENSE,Texas,CLASS C AND M,79415
14889491,1,MOTOR VEHICLE,N,Y,TX,1GNCS18X93K132172,2003,WHI,CHEVROLET,BLAZER,SPORT UTILITY VEHICLE,N,79415,1,PROOF OF LIABILITY INSURANCE,FRONT END DAMAGE DISTRIBUTED IMPACT,DAMAGED 5,12,NA,NA,NA,N,LUBBOCK WRECKER,LUBBOCK WRECKER  3209 SLATON HWY   806-7,FAILED TO CONTROL SPEED,NA,UNDER INFLUENCE - ALCOHOL,NORTH,Y,0,0,0,1,0,0,0,1,DRIVER,FRONT LEFT,NOT INJURED,37,WHITE,MALE,NO,SHOULDER & LAP BELT,NOT DEPLOYED,NOT APPLICABLE,N,NONE,NA,NA,NONE,NOT APPLICABLE,NOT APPLICABLE,,DRIVER LICENSE,Texas,CLASS C,79424
14890318,1,MOTOR VEHICLE,N,Y,TX,2FALP74W7VX229595,1997,99,FORD,CROWN VIC,UNKNOWN,N,75051,1,PROOF OF LIABILITY INSURANCE,FRONT END DAMAGE DISTRIBUTED IMPACT,DAMAGED 3,12,NA,NA,NA,Y,DAVE'S HWY WREKER,3110 HARD ROCK RD,FAILED TO CONTROL SPEED,DRIVER INATTENTION,NA,EAST,Y,0,0,0,1,0,0,0,1,DRIVER,FRONT LEFT,NOT INJURED,33,BLACK,MALE,NO,SHOULDER & LAP BELT,DEPLOYED MULTIPLE,NOT APPLICABLE,N,NONE,NA,NA,NONE,NOT APPLICABLE,NOT APPLICABLE,,DRIVER LICENSE,Texas,CLASS C,75052
14914343,1,MOTOR VEHICLE,N,Y,TX,1N4AL11D76C168430,2006,WHI,NISSAN,ALTIMA,"PASSENGER CAR, 4-DOOR",N,76112,1,PROOF OF LIABILITY INSURANCE,RIGHT FRONT QUARTER DAMAGE ANGULAR IMPACT,DAMAGED 3,NA,NA,NA,NA,Y,PRO-TOW WRECKER (972) 219-7090,"1006 E MAIN ST. LEWISVILLE, TX 75057",FAILED TO DRIVE IN SINGLE LANE,FAULTY EVASIVE ACTION,NA,NORTHEAST,Y,0,0,0,1,0,0,0,1,DRIVER,FRONT LEFT,NOT INJURED,25,BLACK,MALE,NO,SHOULDER & LAP BELT,NOT DEPLOYED,NOT APPLICABLE,N,BREATH,Positive,0.21,NONE,NOT APPLICABLE,NOT APPLICABLE,,DRIVER LICENSE,Texas,CLASS C,76112
14914343,1,MOTOR VEHICLE,N,Y,TX,1N4AL11D76C168430,2006,WHI,NISSAN,ALTIMA,"PASSENGER CAR, 4-DOOR",N,76112,1,PROOF OF LIABILITY INSURANCE,RIGHT FRONT QUARTER DAMAGE ANGULAR IMPACT,DAMAGED 3,NA,NA,NA,NA,Y,PRO-TOW WRECKER (972) 219-7090,"1006 E MAIN ST. LEWISVILLE, TX 75057",FAILED TO DRIVE IN SINGLE LANE,FAULTY EVASIVE ACTION,NA,NORTHEAST,Y,0,0,0,1,0,0,0,1,DRIVER,FRONT LEFT,NOT INJURED,62,ASIAN,MALE,NO,SHOULDER & LAP BELT,"DEPLOYED, SIDE",NOT APPLICABLE,N,NONE,NA,NA,NONE,NOT APPLICABLE,NOT APPLICABLE,,DRIVER LICENSE,Texas,CLASS C,75052
14934422,4,MOTOR VEHICLE,N,Y,UN,,NA,GLD,NA,NA,"PASSENGER CAR, 4-DOOR",N,,NA,NA,FRONT END DAMAGE CONCENTRATED IMPACT,DAMAGED 2,12,NA,NA,NA,N,,,FAILED TO CONTROL SPEED,FOLLOWED TOO CLOSELY,DRIVER INATTENTION,WEST,N,0,0,0,0,1,0,0,1,DRIVER,FRONT LEFT,NOT INJURED,37,HISPANIC,MALE,NO,SHOULDER & LAP BELT,NOT DEPLOYED,NOT APPLICABLE,N,NONE,NA,NA,NONE,NOT APPLICABLE,NOT APPLICABLE,,DRIVER LICENSE,Texas,CLASS C,75150
14966854,1,MOTOR VEHICLE,N,Y,TX,4A4AP3AU1EE024099,NA,BLK,MITSUBISHI,OUTLANDER,"PASSENGER CAR, 4-DOOR",N,79701,2,PROOF OF LIABILITY INSURANCE,FRONT END (RIGHT)  DAMAGE PARTIAL CONTACT,DAMAGED 3,1,FRONT END DAMAGE DISTRIBUTED IMPACT,DAMAGED 3,12,Y,NEAL POOL,1117 S GRANT AVE,FAILED TO DRIVE IN SINGLE LANE,NA,NA,EAST,Y,0,0,0,1,0,0,0,1,DRIVER,FRONT LEFT,NOT INJURED,26,WHITE,MALE,NO,SHOULDER & LAP BELT,UNKNOWN,NOT APPLICABLE,N,NONE,NA,NA,NONE,NOT APPLICABLE,NOT APPLICABLE,,DRIVER LICENSE,Texas,CLASS C,79701
14972636,1,MOTOR VEHICLE,N,Y,TX,KMHDU46D97U191651,2007,BLK,HYUNDAI,ELANTRA,"PASSENGER CAR, 4-DOOR",N,78414,1,LIABILITY INSURANCE POLICY,FRONT END (LEFT) DAMAGE PARTIAL CONTACT,DAMAGED 2,12,NA,NA,NA,N,OPERATOR,FLED SCENE,FAILED TO DRIVE IN SINGLE LANE,NA,UNDER INFLUENCE - ALCOHOL,SOUTH,Y,0,0,0,1,0,0,0,1,DRIVER,FRONT LEFT,NOT INJURED,NA,HISPANIC,MALE,NO,SHOULDER & LAP BELT,NOT DEPLOYED,NOT APPLICABLE,N,NONE,NA,NA,NONE,NOT APPLICABLE,NOT APPLICABLE,,DRIVER LICENSE,Texas,CLASS C,784130000
14864502,1,MOTOR VEHICLE,N,Y,UN,3D7KA28C34G120897,2004,99,DODGE,RAM 1500,UNKNOWN,N,77505,1,PROOF OF LIABILITY INSURANCE,DISTRIBUTED RIGHT SIDE DAMAGE PARALLEL IMPACT,DAMAGED 2,4,NA,NA,NA,Y,CITY OF PASADENA WRECKER,"3124 RED BLUFF, PASADENA",FAILED TO PASS TO LEFT SAFELY,NA,NA,NORTH,Y,0,0,0,1,0,0,0,1,DRIVER,FRONT LEFT,NOT INJURED,56,WHITE,MALE,NO,SHOULDER & LAP BELT,NOT DEPLOYED,NOT APPLICABLE,N,NONE,NA,NA,NONE,NOT APPLICABLE,NOT APPLICABLE,,DRIVER LICENSE,Texas,CLASS C,77505
14864502,1,MOTOR VEHICLE,N,Y,UN,3D7KA28C34G120897,2004,99,DODGE,RAM 1500,UNKNOWN,N,77505,1,PROOF OF LIABILITY INSURANCE,DISTRIBUTED RIGHT SIDE DAMAGE PARALLEL IMPACT,DAMAGED 2,4,NA,NA,NA,Y,CITY OF PASADENA WRECKER,"3124 RED BLUFF, PASADENA",FAILED TO PASS TO LEFT SAFELY,NA,NA,NORTH,Y,0,0,0,1,0,0,0,1,DRIVER,FRONT LEFT,NOT INJURED,34,WHITE,MALE,NO,SHOULDER & LAP BELT,NOT DEPLOYED,NOT APPLICABLE,N,NONE,NA,NA,NONE,NOT APPLICABLE,NOT APPLICABLE,,COMMERCIAL DRIVER LIC.,Texas,CLASS C,77506
14890373,1,MOTOR VEHICLE,N,Y,TX,3D7MS48C05G722238,2005,99,DODGE,RAM TRUCK 3500,PICKUP,N,76082,1,PROOF OF LIABILITY INSURANCE,BACK END (LEFT) DAMAGE PARTIAL CONTACT,DAMAGED 2,5,NA,NA,NA,Y,KEMP'S WRECKER SERVICE,"171 FM 2264 DECATUR, TX 76234",BACKED WITHOUT SAFETY,HAD BEEN DRINKING,NA,EAST,Y,0,0,0,1,0,0,0,1,DRIVER,FRONT LEFT,NOT INJURED,39,WHITE,MALE,NO,UNKNOWN,NOT DEPLOYED,NOT APPLICABLE,N,BLOOD,NA,NA,BLOOD,UNKNOWN,UNKNOWN,,DRIVER LICENSE,Texas,CLASS C,76082
14902713,1,MOTOR VEHICLE,N,Y,TX,1FMZU62K13ZA81731,2003,RED,FORD,ESCAPE,SPORT UTILITY VEHICLE,N,79412,1,PROOF OF LIABILITY INSURANCE,RIGHT FRONT QUARTER DAMAGE ANGULAR IMPACT,DAMAGED 2,2,NA,NA,NA,N,FLED THE SCENE,,DRIVER INATTENTION,NA,NA,WEST,Y,0,0,0,1,0,0,0,1,DRIVER,FRONT LEFT,NOT INJURED,25,HISPANIC,MALE,NO,SHOULDER & LAP BELT,NOT DEPLOYED,NOT APPLICABLE,N,NONE,NA,NA,NONE,NOT APPLICABLE,NOT APPLICABLE,,DRIVER LICENSE,Texas,CLASS C,79401
14926052,1,MOTOR VEHICLE,N,Y,TX,3N1AB61E87L718729,2007,BLK,NISSAN,SENTRA,"PASSENGER CAR, 4-DOOR",N,75062,1,PROOF OF LIABILITY INSURANCE,FRONT END (RIGHT)  DAMAGE PARTIAL CONTACT,DAMAGED 1 MINIMUM,1,NA,NA,NA,N,OPERATOR,DRIVEN AWAY,BACKED WITHOUT SAFETY,NA,NA,EAST,Y,0,0,0,1,0,0,0,1,DRIVER,FRONT LEFT,NOT INJURED,47,HISPANIC,FEMALE,NO,UNKNOWN,NOT DEPLOYED,NOT APPLICABLE,N,NONE,NA,NA,NONE,NOT APPLICABLE,NOT APPLICABLE,,DRIVER LICENSE,Texas,CLASS C,75062