CRASH_ID,UNIT_NBR,UNIT_DESC_ID,VEH_PARKED_FL,VEH_HNR_FL,VEH_LIC_STATE_ID,VIN,VEH_MOD_YEAR,VEH_COLOR_ID,VEH_MAKE_ID,VEH_MOD_ID,VEH_BODY_STYL_ID,EMER_RESPNDR_FL,OWNR_ZIP,FIN_RESP_PROOF_ID,FIN_RESP_TYPE_ID,VEH_DMAG_AREA_1_ID,VEH_DMAG_SCL_1_ID,FORCE_DIR_1_ID,VEH_DMAG_AREA_2_ID,VEH_DMAG_SCL_2_ID,FORCE_DIR_2_ID,VEH_INVENTORIED_FL,VEH_TRANSP_NAME,VEH_TRANSP_DEST,CONTRIB_FACTR_1_ID,CONTRIB_FACTR_2_ID,CONTRIB_FACTR_P1_ID,VEH_TRVL_DIR_ID,FIRST_HARM_EVT_INV_ID,INCAP_INJRY_CNT,NONINCAP_INJRY_CNT,POSS_INJRY_CNT,NON_INJRY_CNT,UNKN_INJRY_CNT,TOT_INJRY_CNT,DEATH_CNT,PRSN_NBR,PRSN_TYPE_ID,PRSN_OCCPNT_POS_ID,PRSN_INJRY_SEV_ID,PRSN_AGE,PRSN_ETHNICITY_ID,PRSN_GNDR_ID,PRSN_EJCT_ID,PRSN_REST_ID,PRSN_AIRBAG_ID,PRSN_HELMET_ID,PRSN_SOL_FL,PRSN_ALC_SPEC_TYPE_ID,PRSN_ALC_RSLT_ID,PRSN_BAC_TEST_RSLT,PRSN_DRG_SPEC_TYPE_ID,PRSN_DRG_RSLT_ID,DRVR_DRG_CAT_1_ID,PRSN_DEATH_TIME,DRVR_LIC_TYPE_ID,DRVR_LIC_STATE_ID,DRVR_LIC_CLS_ID,DRVR_ZIP
14932845,1,MOTOR VEHICLE,N,Y,TX,F14SRX90612,1977,GRN,FORD,F100,PICKUP,N,78570,1,PROOF OF LIABILITY INSURANCE,FRONT END DAMAGE DISTRIBUTED IMPACT,DAMAGED 3,12,NA,NA,NA,Y,EL RANCHO TOWING (956)381-4157,"4909 W. 107 EDINBURG TX, 78439",UNDER INFLUENCE - ALCOHOL,FAILED TO CONTROL SPEED,NA,EAST,Y,0,0,0,1,0,0,0,1,DRIVER,FRONT LEFT,NOT INJURED,32,HISPANIC,MALE,NO,SHOULDER & LAP BELT,NOT DEPLOYED,NOT APPLICABLE,N,BLOOD,Positive,0.211,REFUSED,NOT APPLICABLE,NOT APPLICABLE,,DRIVER LICENSE,Texas,CLASS C,78570
14932845,1,MOTOR VEHICLE,N,Y,TX,F14SRX90612,1977,GRN,FORD,F100,PICKUP,N,78570,1,PROOF OF LIABILITY INSURANCE,FRONT END DAMAGE DISTRIBUTED IMPACT,DAMAGED 3,12,NA,NA,NA,Y,EL RANCHO TOWING (956)381-4157,"4909 W. 107 EDINBURG TX, 78439",UNDER INFLUENCE - ALCOHOL,FAILED TO CONTROL SPEED,NA,EAST,Y,0,0,0,1,0,0,0,1,DRIVER,FRONT LEFT,POSSIBLE INJURY,19,HISPANIC,FEMALE,NO,SHOULDER & LAP BELT,NOT DEPLOYED,NOT APPLICABLE,N,NONE,NA,NA,NONE,NOT APPLICABLE,NOT APPLICABLE,,DRIVER LICENSE,Texas,CLASS C,78542
14934751,1,MOTOR VEHICLE,N,Y,OR,4V4NC9TH93N336888,2003,RED,VOLVO,UNKNOWN,TRUCK TRACTOR,N,97060,1,PROOF OF LIABILITY INSURANCE,FRONT END (RIGHT)  DAMAGE PARTIAL CONTACT,DAMAGED 3,1,NA,NA,NA,Y,INDUSTRIAL DIESEL,"917 HWY 81 N. BOWIE, TX 76230",OTHER (EXPLAIN IN NARRATIVE),NA,DRIVER INATTENTION,SOUTHEAST,Y,0,0,0,1,0,0,0,1,DRIVER,FRONT LEFT,NOT INJURED,26,WHITE,MALE,NO,SHOULDER & LAP BELT,NOT DEPLOYED,NOT APPLICABLE,N,NONE,NA,NA,NONE,NOT APPLICABLE,NOT APPLICABLE,,COMMERCIAL DRIVER LIC.,Oregon,OTHER/OUT OF STATE,97060
14934751,1,MOTOR VEHICLE,N,Y,OR,4V4NC9TH93N336888,2003,RED,VOLVO,UNKNOWN,TRUCK TRACTOR,N,97060,1,PROOF OF LIABILITY INSURANCE,FRONT END (RIGHT)  DAMAGE PARTIAL CONTACT,DAMAGED 3,1,NA,NA,NA,Y,INDUSTRIAL DIESEL,"917 HWY 81 N. BOWIE, TX 76230",OTHER (EXPLAIN IN NARRATIVE),NA,DRIVER INATTENTION,SOUTHEAST,Y,0,0,0,1,0,0,0,1,DRIVER,FRONT LEFT,NOT INJURED,26,WHITE,MALE,NO,SHOULDER & LAP BELT,NOT DEPLOYED,NOT APPLICABLE,N,NONE,NA,NA,NONE,NOT APPLICABLE,NOT APPLICABLE,,COMMERCIAL DRIVER LIC.,Oregon,OTHER/OUT OF STATE,97060
14934751,1,MOTOR VEHICLE,N,Y,OR,4V4NC9TH93N336888,2003,RED,VOLVO,UNKNOWN,TRUCK TRACTOR,N,97060,1,PROOF OF LIABILITY INSURANCE,FRONT END (RIGHT)  DAMAGE PARTIAL CONTACT,DAMAGED 3,1,NA,NA,NA,Y,INDUSTRIAL DIESEL,"917 HWY 81 N. BOWIE, TX 76230",OTHER (EXPLAIN IN NARRATIVE),NA,DRIVER INATTENTION,SOUTHEAST,Y,0,0,0,1,0,0,0,1,PASSENGER/OCCUPANT,FRONT LEFT,NON-INCAPACITATING INJURY,61,HISPANIC,FEMALE,NO,SHOULDER & LAP BELT,NOT DEPLOYED,NOT APPLICABLE,N,NONE,NA,NA,NONE,NOT APPLICABLE,NOT APPLICABLE,,DRIVER LICENSE,New Mexico,OTHER/OUT OF STATE,87102
14934751,1,MOTOR VEHICLE,N,Y,OR,4V4NC9TH93N336888,2003,RED,VOLVO,UNKNOWN,TRUCK TRACTOR,N,97060,1,PROOF OF LIABILITY INSURANCE,FRONT END (RIGHT)  DAMAGE PARTIAL CONTACT,DAMAGED 3,1,NA,NA,NA,Y,INDUSTRIAL DIESEL,"917 HWY 81 N. BOWIE, TX 76230",OTHER (EXPLAIN IN NARRATIVE),NA,DRIVER INATTENTION,SOUTHEAST,Y,0,0,0,1,0,0,0,1,PASSENGER/OCCUPANT,FRONT LEFT,NON-INCAPACITATING INJURY,61,HISPANIC,FEMALE,NO,SHOULDER & LAP BELT,NOT DEPLOYED,NOT APPLICABLE,N,NONE,NA,NA,NONE,NOT APPLICABLE,NOT APPLICABLE,,DRIVER LICENSE,New Mexico,OTHER/OUT OF STATE,87102
14934751,1,MOTOR VEHICLE,N,Y,OR,4V4NC9TH93N336888,2003,RED,VOLVO,UNKNOWN,TRUCK TRACTOR,N,97060,1,PROOF OF LIABILITY INSURANCE,FRONT END (RIGHT)  DAMAGE PARTIAL CONTACT,DAMAGED 3,1,NA,NA,NA,Y,INDUSTRIAL DIESEL,"917 HWY 81 N. BOWIE, TX 76230",OTHER (EXPLAIN IN NARRATIVE),NA,DRIVER INATTENTION,SOUTHEAST,Y,0,0,0,1,0,0,0,1,PEDESTRIAN,"PEDESTRIAN, PEDALCYCLIST, OR MOTORIZED CONVEYANCE",INCAPACITATING INJURY,68,WHITE,MALE,NOT APPLICABLE,NOT APPLICABLE,NOT APPLICABLE,NOT APPLICABLE,N,NONE,NA,NA,NONE,NOT APPLICABLE,NOT APPLICABLE,,DRIVER LICENSE,New Mexico,OTHER/OUT OF STATE,87102
14934751,1,MOTOR VEHICLE,N,Y,OR,4V4NC9TH93N336888,2003,RED,VOLVO,UNKNOWN,TRUCK TRACTOR,N,97060,1,PROOF OF LIABILITY INSURANCE,FRONT END (RIGHT)  DAMAGE PARTIAL CONTACT,DAMAGED 3,1,NA,NA,NA,Y,INDUSTRIAL DIESEL,"917 HWY 81 N. BOWIE, TX 76230",OTHER (EXPLAIN IN NARRATIVE),NA,DRIVER INATTENTION,SOUTHEAST,Y,0,0,0,1,0,0,0,1,PEDESTRIAN,"PEDESTRIAN, PEDALCYCLIST, OR MOTORIZED CONVEYANCE",INCAPACITATING INJURY,68,WHITE,MALE,NOT APPLICABLE,NOT APPLICABLE,NOT APPLICABLE,NOT APPLICABLE,N,NONE,NA,NA,NONE,NOT APPLICABLE,NOT APPLICABLE,,DRIVER LICENSE,New Mexico,OTHER/OUT OF STATE,87102
14935279,1,MOTOR VEHICLE,N,Y,UN,UNKNOWN,NA,99,UNKNOWN,NA,UNKNOWN,N,,NA,NA,NA,NA,NA,NA,NA,NA,N,,,OTHER (EXPLAIN IN NARRATIVE),NA,NA,WEST,Y,0,0,0,0,1,0,0,1,DRIVER,FRONT LEFT,NOT INJURED,47,HISPANIC,MALE,NO,SHOULDER & LAP BELT,NOT DEPLOYED,NOT APPLICABLE,N,NONE,NA,NA,NONE,NOT APPLICABLE,NOT APPLICABLE,,DRIVER LICENSE,Texas,CLASS C,79928
14966932,1,MOTOR VEHICLE,N,Y,TX,JN8DR09X73W709506,2003,WHI,NISSAN,PATHFINDER,UNKNOWN,N,78521,1,PROOF OF LIABILITY INSURANCE,RIGHT SIDE DAMAGE ANGULAR IMPACT,DAMAGED 2,1,NA,NA,NA,N,LEFT THE SCENE,,CHANGED LANE WHEN UNSAFE,NA,NA,SOUTHWEST,Y,0,0,0,1,0,0,0,1,DRIVER,FRONT LEFT,NOT INJURED,23,HISPANIC,MALE,NO,SHOULDER & LAP BELT,NOT DEPLOYED,NOT APPLICABLE,N,NONE,NA,NA,NONE,NOT APPLICABLE,NOT APPLICABLE,,DRIVER LICENSE,Texas,CLASS C,78521
14966932,1,MOTOR VEHICLE,N,Y,TX,JN8DR09X73W709506,2003,WHI,NISSAN,PATHFINDER,UNKNOWN,N,78521,1,PROOF OF LIABILITY INSURANCE,RIGHT SIDE DAMAGE ANGULAR IMPACT,DAMAGED 2,1,NA,NA,NA,N,LEFT THE SCENE,,CHANGED LANE WHEN UNSAFE,NA,NA,SOUTHWEST,Y,0,0,0,1,0,0,0,1,DRIVER,FRONT LEFT,NOT INJURED,62,HISPANIC,FEMALE,NO,SHOULDER & LAP BELT,NOT DEPLOYED,NOT APPLICABLE,N,NONE,NA,NA,NONE,NOT APPLICABLE,NOT APPLICABLE,,DRIVER LICENSE,Texas,CLASS C,78521
15151602,1,MOTOR VEHICLE,N,Y,TX,1C6RR6LT7FS562018,NA,RED,DODGE,RAM 1500,PICKUP,N,76240,1,PROOF OF LIABILITY INSURANCE,FRONT END (RIGHT)  DAMAGE PARTIAL CONTACT,DAMAGED 2,1,NA,NA,NA,N,,,FAILED TO CONTROL SPEED,FOLLOWED TOO CLOSELY,NA,SOUTH,Y,0,0,0,1,0,0,0,1,DRIVER,FRONT LEFT,NOT INJURED,16,HISPANIC,MALE,NO,UNKNOWN,UNKNOWN,NOT APPLICABLE,N,NONE,NA,NA,NONE,NOT APPLICABLE,NOT APPLICABLE,,DRIVER LICENSE,Texas,CLASS C,76240
15151602,1,MOTOR VEHICLE,N,Y,TX,1C6RR6LT7FS562018,NA,RED,DODGE,RAM 1500,PICKUP,N,76240,1,PROOF OF LIABILITY INSURANCE,FRONT END (RIGHT)  DAMAGE PARTIAL CONTACT,DAMAGED 2,1,NA,NA,NA,N,,,FAILED TO CONTROL SPEED,FOLLOWED TOO CLOSELY,NA,SOUTH,Y,0,0,0,1,0,0,0,1,DRIVER,FRONT LEFT,NOT INJURED,27,WHITE,MALE,NO,SHOULDER & LAP BELT,NOT DEPLOYED,NOT APPLICABLE,N,NONE,NA,NA,NONE,NOT APPLICABLE,NOT APPLICABLE,,DRIVER LICENSE,Texas,CLASS C,76240
14986229,1,MOTOR VEHICLE,N,Y,UN,,NA,WHI,CHEVROLET,UNKNOWN,"PASSENGER CAR, 4-DOOR",N,,NA,NA,UNKNOWN,NA,NA,NA,NA,NA,N,FLED SCENE,,FAILED TO DRIVE IN SINGLE LANE,FAULTY EVASIVE ACTION,NA,NORTH,Y,0,0,0,0,1,0,0,1,DRIVER,FRONT LEFT,NOT INJURED,21,BLACK,FEMALE,NO,SHOULDER & LAP BELT,NOT DEPLOYED,NOT APPLICABLE,N,NONE,NA,NA,NONE,NOT APPLICABLE,NOT APPLICABLE,,DRIVER LICENSE,Louisiana,OTHER/OUT OF STATE,75243
14986229,1,MOTOR VEHICLE,N,Y,UN,,NA,WHI,CHEVROLET,UNKNOWN,"PASSENGER CAR, 4-DOOR",N,,NA,NA,UNKNOWN,NA,NA,NA,NA,NA,N,FLED SCENE,,FAILED TO DRIVE IN SINGLE LANE,FAULTY EVASIVE ACTION,NA,NORTH,Y,0,0,0,0,1,0,0,1,DRIVER,FRONT LEFT,NOT INJURED,54,HISPANIC,MALE,NO,SHOULDER & LAP BELT,NOT DEPLOYED,NOT APPLICABLE,N,NONE,NA,NA,NONE,NOT APPLICABLE,NOT APPLICABLE,,DRIVER LICENSE,Texas,CLASS C,76645
14986229,1,MOTOR VEHICLE,N,Y,UN,,NA,WHI,CHEVROLET,UNKNOWN,"PASSENGER CAR, 4-DOOR",N,,NA,NA,UNKNOWN,NA,NA,NA,NA,NA,N,FLED SCENE,,FAILED TO DRIVE IN SINGLE LANE,FAULTY EVASIVE ACTION,NA,NORTH,Y,0,0,0,0,1,0,0,1,DRIVER,FRONT LEFT,NON-INCAPACITATING INJURY,42,HISPANIC,MALE,NO,SHOULDER & LAP BELT,NOT DEPLOYED,NOT APPLICABLE,N,NONE,NA,NA,NONE,NOT APPLICABLE,NOT APPLICABLE,,DRIVER LICENSE,California,OTHER/OUT OF STATE,75210
14913873,1,MOTOR VEHICLE,N,Y,TX,1FMDU32P5TZB23306,1996,BLU,FORD,EXPLORER,SPORT UTILITY VEHICLE,N,78390,1,LIABILITY INSURANCE POLICY,FRONT END DAMAGE DISTRIBUTED IMPACT,DAMAGED 1 MINIMUM,12,RIGHT FRONT QUARTER DAMAGE ANGULAR IMPACT,DAMAGED 1 MINIMUM,1,Y,B AND T TOWING,300 CUT-OFF ROAD,OTHER (EXPLAIN IN NARRATIVE),NA,NA,UNKNOWN,Y,0,0,0,1,0,0,0,1,DRIVER,FRONT LEFT,NOT INJURED,53,WHITE,MALE,NO,SHOULDER & LAP BELT,NOT DEPLOYED,NOT APPLICABLE,N,NONE,NA,NA,NONE,NOT APPLICABLE,NOT APPLICABLE,,DRIVER LICENSE,Texas,CLASS C,78390
14913873,1,MOTOR VEHICLE,N,Y,TX,1FMDU32P5TZB23306,1996,BLU,FORD,EXPLORER,SPORT UTILITY VEHICLE,N,78390,1,LIABILITY INSURANCE POLICY,FRONT END DAMAGE DISTRIBUTED IMPACT,DAMAGED 1 MINIMUM,12,RIGHT FRONT QUARTER DAMAGE ANGULAR IMPACT,DAMAGED 1 MINIMUM,1,Y,B AND T TOWING,300 CUT-OFF ROAD,OTHER (EXPLAIN IN NARRATIVE),NA,NA,UNKNOWN,Y,0,0,0,1,0,0,0,1,DRIVER,FRONT LEFT,NOT INJURED,55,WHITE,MALE,NO,SHOULDER & LAP BELT,NOT DEPLOYED,NOT APPLICABLE,N,NONE,NA,NA,NONE,NOT APPLICABLE,NOT APPLICABLE,,DRIVER LICENSE,Texas,CLASS A,78336
14928609,1,MOTOR VEHICLE,N,Y,TX,JTHBK262965007160,2006,BLK,LEXUS,GX,"PASSENGER CAR, 4-DOOR",N,78644,2,NA,FRONT END (RIGHT)  DAMAGE PARTIAL CONTACT,DAMAGED 3,12,NA,NA,NA,Y,A-EXCELLENCE WRECKER SERVICE,"3151 SE INNER LOOP GEORGETOWN, TEXAS",UNDER INFLUENCE - ALCOHOL,DISREGARD STOP AND GO SIGNAL,UNDER INFLUENCE - DRUG,SOUTH,Y,0,0,0,1,0,0,0,1,DRIVER OF MOTORCYCLE TYPE VEHICLE,FRONT LEFT,INCAPACITATING INJURY,25,WHITE,MALE,NOT APPLICABLE,NOT APPLICABLE,NOT APPLICABLE,"WORN, NOT DAMAGED",N,NONE,NA,NA,NONE,NOT APPLICABLE,NOT APPLICABLE,,DRIVER LICENSE,Louisiana,OTHER/OUT OF STATE,78660
14900862,1,MOTOR VEHICLE,N,Y,UN,1GNEC16K0RJ333809,1994,99,CHEVROLET,C1500 SUBURBAN,UNKNOWN,N,78579,1,PROOF OF LIABILITY INSURANCE,FRONT END DAMAGE CONCENTRATED IMPACT,DAMAGED 2,12,FRONT END DAMAGE CONCENTRATED IMPACT,DAMAGED 1 MINIMUM,12,N,MID VALLEY WRECKER,"417 MILE 4 W WESLACO, TX 78596",FAILED TO CONTROL SPEED,NA,HAD BEEN DRINKING,SOUTH,Y,0,0,0,1,0,0,0,1,DRIVER,FRONT LEFT,NOT INJURED,46,HISPANIC,MALE,NO,SHOULDER & LAP BELT,NOT DEPLOYED,NOT APPLICABLE,N,BREATH,Positive,0.17,NONE,NOT APPLICABLE,NOT APPLICABLE,,COMMERCIAL DRIVER LIC.,Texas,CLASS A,78579
14900862,1,MOTOR VEHICLE,N,Y,UN,1GNEC16K0RJ333809,1994,99,CHEVROLET,C1500 SUBURBAN,UNKNOWN,N,78579,1,PROOF OF LIABILITY INSURANCE,FRONT END DAMAGE CONCENTRATED IMPACT,DAMAGED 2,12,FRONT END DAMAGE CONCENTRATED IMPACT,DAMAGED 1 MINIMUM,12,N,MID VALLEY WRECKER,"417 MILE 4 W WESLACO, TX 78596",FAILED TO CONTROL SPEED,NA,HAD BEEN DRINKING,SOUTH,Y,0,0,0,1,0,0,0,1,DRIVER,FRONT LEFT,POSSIBLE INJURY,20,HISPANIC,MALE,NO,SHOULDER & LAP BELT,NOT DEPLOYED,NOT APPLICABLE,N,NONE,NA,NA,NONE,NOT APPLICABLE,NOT APPLICABLE,,DRIVER LICENSE,Texas,CLASS C,78579
14919884,1,MOTOR VEHICLE,N,Y,TX,1FTPW12V18FA32377,NA,WHI,FORD,F150,PICKUP,N,79403,1,PROOF OF LIABILITY INSURANCE,BACK END (LEFT) DAMAGE PARTIAL CONTACT,DAMAGED 4,1,NA,NA,NA,N,FLED THE SCENE,,BACKED WITHOUT SAFETY,NA,UNDER INFLUENCE - ALCOHOL,NORTHWEST,Y,0,0,0,0,1,0,0,1,DRIVER,FRONT LEFT,UNKNOWN,44,HISPANIC,MALE,NO,UNKNOWN,NOT DEPLOYED,NOT APPLICABLE,N,NONE,NA,NA,NONE,NOT APPLICABLE,NOT APPLICABLE,,DRIVER LICENSE,Texas,CLASS C,79414
14919884,1,MOTOR VEHICLE,N,Y,TX,1FTPW12V18FA32377,NA,WHI,FORD,F150,PICKUP,N,79403,1,PROOF OF LIABILITY INSURANCE,BACK END (LEFT) DAMAGE PARTIAL CONTACT,DAMAGED 4,1,NA,NA,NA,N,FLED THE SCENE,,BACKED WITHOUT SAFETY,NA,UNDER INFLUENCE - ALCOHOL,NORTHWEST,Y,0,0,0,0,1,0,0,1,DRIVER,FRONT LEFT,NOT INJURED,23,HISPANIC,MALE,NO,SHOULDER & LAP BELT,NOT DEPLOYED,NOT APPLICABLE,N,NONE,NA,NA,NONE,NOT APPLICABLE,NOT APPLICABLE,,DRIVER LICENSE,Texas,CLASS C,79416
14962626,1,MOTOR VEHICLE,N,Y,TX,2C3HE66G4XH578897,1999,TAN,CHRYSLER,300,"PASSENGER CAR, 4-DOOR",N,78613,1,PROOF OF LIABILITY INSURANCE,FRONT END DAMAGE DISTRIBUTED IMPACT,DAMAGED 6,NA,NA,NA,NA,Y,H&H,CITY IMPOUND LOT,FAILED TO CONTROL SPEED,UNDER INFLUENCE - ALCOHOL,NA,WEST,Y,0,0,0,0,1,0,0,1,DRIVER,FRONT LEFT,UNKNOWN,21,WHITE,FEMALE,NO,UNKNOWN,NOT DEPLOYED,NOT APPLICABLE,N,REFUSED,NA,NA,REFUSED,NOT APPLICABLE,NOT APPLICABLE,,DRIVER LICENSE,Texas,CLASS C,78404
14842185,1,MOTOR VEHICLE,N,Y,TX,JTJZK1BA5E2419838,NA,BLK,LEXUS,RX 350,SPORT UTILITY VEHICLE,N,78660,3,PROOF OF LIABILITY INSURANCE,RIGHT FRONT QUARTER DAMAGE ANGULAR IMPACT,DAMAGED 6,2,LEFT FRONT QUARTER DAMAGE ANGULAR IMPACT,DAMAGED 3,11,Y,AUS-TEX AUTO ENTERPRISES LLC,AUS-TEX AUTO ENTERPRISES LLC,UNDER INFLUENCE - ALCOHOL,NA,NA,EAST,Y,0,0,0,1,0,0,0,1,DRIVER,FRONT LEFT,NOT INJURED,28,HISPANIC,FEMALE,NO,UNKNOWN,DEPLOYED MULTIPLE,NOT APPLICABLE,N,BLOOD,NA,NA,NONE,NOT APPLICABLE,NOT APPLICABLE,,DRIVER LICENSE,Texas,CLASS C,78660
14842185,1,MOTOR VEHICLE,N,Y,TX,JTJZK1BA5E2419838,NA,BLK,LEXUS,RX 350,SPORT UTILITY VEHICLE,N,78660,3,PROOF OF LIABILITY INSURANCE,RIGHT FRONT QUARTER DAMAGE ANGULAR IMPACT,DAMAGED 6,2,LEFT FRONT QUARTER DAMAGE ANGULAR IMPACT,DAMAGED 3,11,Y,AUS-TEX AUTO ENTERPRISES LLC,AUS-TEX AUTO ENTERPRISES LLC,UNDER INFLUENCE - ALCOHOL,NA,NA,EAST,Y,0,0,0,1,0,0,0,1,DRIVER,FRONT LEFT,NOT INJURED,31,HISPANIC,MALE,NO,SHOULDER & LAP BELT,NOT DEPLOYED,NOT APPLICABLE,N,NONE,NA,NA,NONE,NOT APPLICABLE,NOT APPLICABLE,,DRIVER LICENSE,Texas,CLASS C,78653
14842185,1,MOTOR VEHICLE,N,Y,TX,JTJZK1BA5E2419838,NA,BLK,LEXUS,RX 350,SPORT UTILITY VEHICLE,N,78660,3,PROOF OF LIABILITY INSURANCE,RIGHT FRONT QUARTER DAMAGE ANGULAR IMPACT,DAMAGED 6,2,LEFT FRONT QUARTER DAMAGE ANGULAR IMPACT,DAMAGED 3,11,Y,AUS-TEX AUTO ENTERPRISES LLC,AUS-TEX AUTO ENTERPRISES LLC,UNDER INFLUENCE - ALCOHOL,NA,NA,EAST,Y,0,0,0,1,0,0,0,1,DRIVER,FRONT LEFT,NOT INJURED,55,WHITE,MALE,NO,SHOULDER & LAP BELT,NOT DEPLOYED,NOT APPLICABLE,N,NONE,NA,NA,NONE,NOT APPLICABLE,NOT APPLICABLE,,DRIVER LICENSE,Texas,CLASS C,78753
14842185,1,MOTOR VEHICLE,N,Y,TX,JTJZK1BA5E2419838,NA,BLK,LEXUS,RX 350,SPORT UTILITY VEHICLE,N,78660,3,PROOF OF LIABILITY INSURANCE,RIGHT FRONT QUARTER DAMAGE ANGULAR IMPACT,DAMAGED 6,2,LEFT FRONT QUARTER DAMAGE ANGULAR IMPACT,DAMAGED 3,11,Y,AUS-TEX AUTO ENTERPRISES LLC,AUS-TEX AUTO ENTERPRISES LLC,UNDER INFLUENCE - ALCOHOL,NA,NA,EAST,Y,0,0,0,1,0,0,0,1,DRIVER,FRONT LEFT,NOT INJURED,31,WHITE,MALE,NO,SHOULDER & LAP BELT,NOT DEPLOYED,NOT APPLICABLE,N,NONE,NA,NA,NONE,NOT APPLICABLE,NOT APPLICABLE,,DRIVER LICENSE,Texas,CLASS C AND M,78653
14850423,3,MOTOR VEHICLE,N,Y,UN,,NA,GRY,UNKNOWN,UNKNOWN,PICKUP,N,,NA,NA,BACK END DAMAGE DISTRIBUTED IMPACT,DAMAGED 1 MINIMUM,6,NA,NA,NA,N,DRIVEN FROM SCENE BY DRIVER,DRIVEN FROM SCENE,NONE,NA,NA,NORTH,N,0,0,0,0,1,0,0,1,DRIVER,FRONT LEFT,NOT INJURED,22,HISPANIC,FEMALE,NO,SHOULDER & LAP BELT,NOT DEPLOYED,NOT APPLICABLE,N,NONE,NA,NA,NONE,NOT APPLICABLE,NOT APPLICABLE,,DRIVER LICENSE,Texas,CLASS C,77375
14850423,3,MOTOR VEHICLE,N,Y,UN,,NA,GRY,UNKNOWN,UNKNOWN,PICKUP,N,,NA,NA,BACK END DAMAGE DISTRIBUTED IMPACT,DAMAGED 1 MINIMUM,6,NA,NA,NA,N,DRIVEN FROM SCENE BY DRIVER,DRIVEN FROM SCENE,NONE,NA,NA,NORTH,N,0,0,0,0,1,0,0,1,DRIVER,FRONT LEFT,NOT INJURED,22,HISPANIC,FEMALE,NO,SHOULDER & LAP BELT,NOT DEPLOYED,NOT APPLICABLE,N,NONE,NA,NA,NONE,NOT APPLICABLE,NOT APPLICABLE,,DRIVER LICENSE,Texas,CLASS C,77375
14850423,3,MOTOR VEHICLE,N,Y,UN,,NA,GRY,UNKNOWN,UNKNOWN,PICKUP,N,,NA,NA,BACK END DAMAGE DISTRIBUTED IMPACT,DAMAGED 1 MINIMUM,6,NA,NA,NA,N,DRIVEN FROM SCENE BY DRIVER,DRIVEN FROM SCENE,NONE,NA,NA,NORTH,N,0,0,0,0,1,0,0,1,DRIVER,FRONT LEFT,NOT INJURED,17,BLACK,MALE,NO,SHOULDER & LAP BELT,NOT DEPLOYED,NOT APPLICABLE,N,NONE,NA,NA,NONE,NOT APPLICABLE,NOT APPLICABLE,,DRIVER LICENSE,Texas,CLASS C,77375
14850423,3,MOTOR VEHICLE,N,Y,UN,,NA,GRY,UNKNOWN,UNKNOWN,PICKUP,N,,NA,NA,BACK END DAMAGE DISTRIBUTED IMPACT,DAMAGED 1 MINIMUM,6,NA,NA,NA,N,DRIVEN FROM SCENE BY DRIVER,DRIVEN FROM SCENE,NONE,NA,NA,NORTH,N,0,0,0,0,1,0,0,1,DRIVER,FRONT LEFT,NOT INJURED,17,BLACK,MALE,NO,SHOULDER & LAP BELT,NOT DEPLOYED,NOT APPLICABLE,N,NONE,NA,NA,NONE,NOT APPLICABLE,NOT APPLICABLE,,DRIVER LICENSE,Texas,CLASS C,77375
14917096,1,MOTOR VEHICLE,N,Y,TX,1FTPW14V48KC56540,NA,WHI,FORD,F150,PICKUP,N,79415,1,PROOF OF LIABILITY INSURANCE,FRONT END (LEFT) DAMAGE PARTIAL CONTACT,DAMAGED 4,12,NA,NA,NA,Y,LUBBOCK WRECKER,LUBBOCK WRECKER  3209 SLATON HWY   806-7,UNDER INFLUENCE - ALCOHOL,FAILED TO CONTROL SPEED,NA,NORTH,Y,0,0,0,1,0,0,0,1,DRIVER,FRONT LEFT,NOT INJURED,29,HISPANIC,MALE,NO,SHOULDER & LAP BELT,NOT DEPLOYED,NOT APPLICABLE,Y,REFUSED,NA,NA,REFUSED,NOT APPLICABLE,NOT APPLICABLE,,COMMERCIAL DRIVER LIC.,Texas,CLASS A,79415
14958126,1,MOTOR VEHICLE,N,Y,UN,1E+17,NA,99,NA,NA,UNKNOWN,N,99999,NA,NA,NA,NA,NA,NA,NA,NA,N,,,NA,NA,FOLLOWED TOO CLOSELY,EAST,Y,0,0,0,0,1,0,0,1,DRIVER,FRONT LEFT,NOT INJURED,42,WHITE,MALE,NO,SHOULDER & LAP BELT,NOT DEPLOYED,NOT APPLICABLE,N,NONE,NA,NA,NONE,NOT APPLICABLE,NOT APPLICABLE,,DRIVER LICENSE,Texas,CLASS C,78101
14966212,1,MOTOR VEHICLE,N,Y,TX,1FTRX12W94NA51631,2004,SIL,FORD,F150,PICKUP,N,75081,1,PROOF OF LIABILITY INSURANCE,FRONT END (LEFT) DAMAGE PARTIAL CONTACT,DAMAGED 3,12,NA,NA,NA,N,,,FAILED TO CONTROL SPEED,NA,HAD BEEN DRINKING,EAST,Y,0,0,0,1,0,0,0,1,DRIVER,FRONT LEFT,NOT INJURED,53,HISPANIC,MALE,NO,SHOULDER & LAP BELT,NOT DEPLOYED,NOT APPLICABLE,N,NONE,NA,NA,NONE,NOT APPLICABLE,NOT APPLICABLE,,DRIVER LICENSE,Texas,CLASS C,75081
14966212,1,MOTOR VEHICLE,N,Y,TX,1FTRX12W94NA51631,2004,SIL,FORD,F150,PICKUP,N,75081,1,PROOF OF LIABILITY INSURANCE,FRONT END (LEFT) DAMAGE PARTIAL CONTACT,DAMAGED 3,12,NA,NA,NA,N,,,FAILED TO CONTROL SPEED,NA,HAD BEEN DRINKING,EAST,Y,0,0,0,1,0,0,0,1,DRIVER,FRONT LEFT,NOT INJURED,73,WHITE,FEMALE,NO,SHOULDER & LAP BELT,NOT DEPLOYED,NOT APPLICABLE,N,NONE,NA,NA,NONE,NOT APPLICABLE,NOT APPLICABLE,,DRIVER LICENSE,Texas,CLASS C,75041