CRASH_ID,UNIT_NBR,UNIT_DESC_ID,VEH_PARKED_FL,VEH_HNR_FL,VEH_LIC_STATE_ID,VIN,VEH_MOD_YEAR,VEH_COLOR_ID,VEH_MAKE_ID,VEH_MOD_ID,VEH_BODY_STYL_ID,EMER_RESPNDR_FL,OWNR_ZIP,FIN_RESP_PROOF_ID,FIN_RESP_TYPE_ID,VEH_DMAG_AREA_1_ID,VEH_DMAG_SCL_1_ID,FORCE_DIR_1_ID,VEH_DMAG_AREA_2_ID,VEH_DMAG_SCL_2_ID,FORCE_DIR_2_ID,VEH_INVENTORIED_FL,VEH_TRANSP_NAME,VEH_TRANSP_DEST,CONTRIB_FACTR_1_ID,CONTRIB_FACTR_2_ID,CONTRIB_FACTR_P1_ID,VEH_TRVL_DIR_ID,FIRST_HARM_EVT_INV_ID,INCAP_INJRY_CNT,NONINCAP_INJRY_CNT,POSS_INJRY_CNT,NON_INJRY_CNT,UNKN_INJRY_CNT,TOT_INJRY_CNT,DEATH_CNT,PRSN_NBR,PRSN_TYPE_ID,PRSN_OCCPNT_POS_ID,PRSN_INJRY_SEV_ID,PRSN_AGE,PRSN_ETHNICITY_ID,PRSN_GNDR_ID,PRSN_EJCT_ID,PRSN_REST_ID,PRSN_AIRBAG_ID,PRSN_HELMET_ID,PRSN_SOL_FL,PRSN_ALC_SPEC_TYPE_ID,PRSN_ALC_RSLT_ID,PRSN_BAC_TEST_RSLT,PRSN_DRG_SPEC_TYPE_ID,PRSN_DRG_RSLT_ID,DRVR_DRG_CAT_1_ID,PRSN_DEATH_TIME,DRVR_LIC_TYPE_ID,DRVR_LIC_STATE_ID,DRVR_LIC_CLS_ID,DRVR_ZIP
15082896,1,MOTOR VEHICLE,N,Y,PA,3C7WRTCL3GG132170,NA,WHI,DODGE,NA,PICKUP,N,78759,1,PROOF OF LIABILITY INSURANCE,FRONT END DAMAGE CONCENTRATED IMPACT,DAMAGED 1 MINIMUM,12,RIGHT FRONT QUARTER DAMAGE ANGULAR IMPACT,DAMAGED 1 MINIMUM,12,N,,,WRONG SIDE - NOT PASSING,NA,NA,SOUTHWEST,Y,0,0,0,1,0,0,0,1,DRIVER,FRONT LEFT,NOT INJURED,23,WHITE,MALE,NO,SHOULDER & LAP BELT,NOT DEPLOYED,NOT APPLICABLE,N,NONE,NA,NA,NONE,NOT APPLICABLE,NOT APPLICABLE,,COMMERCIAL DRIVER LIC.,Texas,CLASS A AND M,78064
15091702,1,MOTOR VEHICLE,N,Y,TX,2B6HB11Y41K542889,2001,WHI,DODGE,RAM PICKUP OR VAN,VAN,N,78415,1,PROOF OF LIABILITY INSURANCE,FRONT END DAMAGE DISTRIBUTED IMPACT,DAMAGED 3,12,NA,NA,NA,N,LONE STAR,CITY POUND,FAILED TO DRIVE IN SINGLE LANE,FATIGUED OR ASLEEP,NA,SOUTHWEST,Y,0,0,0,1,0,0,0,1,DRIVER,FRONT LEFT,NOT INJURED,NA,WHITE,MALE,NO,SHOULDER & LAP BELT,NOT DEPLOYED,NOT APPLICABLE,N,NONE,NA,NA,NONE,NOT APPLICABLE,NOT APPLICABLE,,DRIVER LICENSE,Texas,CLASS C AND M,78414
15091702,1,MOTOR VEHICLE,N,Y,TX,2B6HB11Y41K542889,2001,WHI,DODGE,RAM PICKUP OR VAN,VAN,N,78415,1,PROOF OF LIABILITY INSURANCE,FRONT END DAMAGE DISTRIBUTED IMPACT,DAMAGED 3,12,NA,NA,NA,N,LONE STAR,CITY POUND,FAILED TO DRIVE IN SINGLE LANE,FATIGUED OR ASLEEP,NA,SOUTHWEST,Y,0,0,0,1,0,0,0,1,DRIVER,FRONT LEFT,NOT INJURED,57,WHITE,FEMALE,NO,SHOULDER & LAP BELT,NOT DEPLOYED,NOT APPLICABLE,Y,NONE,NA,NA,NONE,NOT APPLICABLE,NOT APPLICABLE,,DRIVER LICENSE,Texas,CLASS C,783800000
15097297,2,MOTOR VEHICLE,N,Y,TX,JN1BY1AP4BM321976,NA,BLU,INFINITI,M37,"PASSENGER CAR, 4-DOOR",N,77547,1,PROOF OF LIABILITY INSURANCE,BACK END DAMAGE DISTRIBUTED IMPACT,DAMAGED 2,6,NA,NA,NA,N,DRIVEN AWAY,BY DRIVER,NONE,NA,NA,SOUTH,Y,0,0,0,1,0,0,0,1,DRIVER,FRONT LEFT,NOT INJURED,59,WHITE,MALE,NO,SHOULDER & LAP BELT,NOT DEPLOYED,NOT APPLICABLE,N,NONE,NA,NA,NONE,NOT APPLICABLE,NOT APPLICABLE,,DRIVER LICENSE,Texas,CLASS C,77015
15097297,1,MOTOR VEHICLE,N,Y,TX,1G1JA6SH2E4206985,NA,WHI,CHEVROLET,COBALT,"PASSENGER CAR, 4-DOOR",N,,1,PROOF OF LIABILITY INSURANCE,FRONT END DAMAGE DISTRIBUTED IMPACT,DAMAGED 1 MINIMUM,12,NA,NA,NA,N,DRIVEN AWAY,BY DRIVER,FOLLOWED TOO CLOSELY,DRIVER INATTENTION,NA,SOUTH,Y,0,0,0,1,0,0,0,1,DRIVER,FRONT LEFT,NOT INJURED,59,WHITE,MALE,NO,SHOULDER & LAP BELT,NOT DEPLOYED,NOT APPLICABLE,N,NONE,NA,NA,NONE,NOT APPLICABLE,NOT APPLICABLE,,DRIVER LICENSE,Texas,CLASS C,77015
15097297,2,MOTOR VEHICLE,N,Y,TX,JN1BY1AP4BM321976,NA,BLU,INFINITI,M37,"PASSENGER CAR, 4-DOOR",N,77547,1,PROOF OF LIABILITY INSURANCE,BACK END DAMAGE DISTRIBUTED IMPACT,DAMAGED 2,6,NA,NA,NA,N,DRIVEN AWAY,BY DRIVER,NONE,NA,NA,SOUTH,Y,0,0,0,1,0,0,0,1,DRIVER,FRONT LEFT,NOT INJURED,28,HISPANIC,FEMALE,NO,SHOULDER & LAP BELT,NOT DEPLOYED,NOT APPLICABLE,N,NONE,NA,NA,NONE,NOT APPLICABLE,NOT APPLICABLE,,DRIVER LICENSE,Texas,CLASS C,77547
15097297,1,MOTOR VEHICLE,N,Y,TX,1G1JA6SH2E4206985,NA,WHI,CHEVROLET,COBALT,"PASSENGER CAR, 4-DOOR",N,,1,PROOF OF LIABILITY INSURANCE,FRONT END DAMAGE DISTRIBUTED IMPACT,DAMAGED 1 MINIMUM,12,NA,NA,NA,N,DRIVEN AWAY,BY DRIVER,FOLLOWED TOO CLOSELY,DRIVER INATTENTION,NA,SOUTH,Y,0,0,0,1,0,0,0,1,DRIVER,FRONT LEFT,NOT INJURED,28,HISPANIC,FEMALE,NO,SHOULDER & LAP BELT,NOT DEPLOYED,NOT APPLICABLE,N,NONE,NA,NA,NONE,NOT APPLICABLE,NOT APPLICABLE,,DRIVER LICENSE,Texas,CLASS C,77547
15107822,2,MOTOR VEHICLE,N,Y,UN,,NA,99,UNKNOWN,UNKNOWN,UNKNOWN,N,,NA,NA,UNKNOWN,NA,6,NA,NA,NA,,,,NONE,NA,NA,EAST,Y,0,0,0,0,1,0,0,1,DRIVER,FRONT LEFT,NON-INCAPACITATING INJURY,33,HISPANIC,MALE,NO,SHOULDER & LAP BELT,"DEPLOYED, FRONT",NOT APPLICABLE,N,BLOOD,Positive,0.33,REFUSED,NOT APPLICABLE,NOT APPLICABLE,,DRIVER LICENSE,Texas,CLASS C,79764
15107822,2,MOTOR VEHICLE,N,Y,UN,,NA,99,UNKNOWN,UNKNOWN,UNKNOWN,N,,NA,NA,UNKNOWN,NA,6,NA,NA,NA,,,,NONE,NA,NA,EAST,Y,0,0,0,0,1,0,0,1,DRIVER,FRONT LEFT,NON-INCAPACITATING INJURY,33,HISPANIC,MALE,NO,SHOULDER & LAP BELT,"DEPLOYED, FRONT",NOT APPLICABLE,N,BLOOD,Positive,0.33,REFUSED,NOT APPLICABLE,NOT APPLICABLE,,DRIVER LICENSE,Texas,CLASS C,79764
15107822,1,MOTOR VEHICLE,N,Y,TX,5N1AN08U68C527463,NA,BLK,NISSAN,XTERRA,SPORT UTILITY VEHICLE,N,79764,1,PROOF OF LIABILITY INSURANCE,FRONT END DAMAGE DISTRIBUTED IMPACT,DAMAGED 3,12,NA,NA,NA,Y,NEAL POOL REKERS,"1117 S GRANT AVE, ODESSA, TX 79761",UNDER INFLUENCE - ALCOHOL,NA,UNDER INFLUENCE - DRUG,EAST,Y,0,1,0,0,0,1,0,1,DRIVER,FRONT LEFT,NON-INCAPACITATING INJURY,33,HISPANIC,MALE,NO,SHOULDER & LAP BELT,"DEPLOYED, FRONT",NOT APPLICABLE,N,BLOOD,Positive,0.33,REFUSED,NOT APPLICABLE,NOT APPLICABLE,,DRIVER LICENSE,Texas,CLASS C,79764
15120698,1,MOTOR VEHICLE,N,Y,TX,3VWCR31C65M410526,2005,SIL,VOLKSWAGEN,BEETLE,"PASSENGER CAR, 2-DOOR",N,77612,1,PROOF OF LIABILITY INSURANCE,FRONT END DAMAGE DISTRIBUTED IMPACT,DAMAGED 2,12,NA,NA,NA,Y,HERRERA'S TOWING AND RECOVERY,"440 EAST FREEWAY - VIDOR, TX 77662",UNDER INFLUENCE - ALCOHOL,FAILED TO CONTROL SPEED,TAKING MEDICATION (EXPLAIN IN NARRATIVE),NORTHEAST,Y,0,0,0,1,0,0,0,1,DRIVER,FRONT LEFT,NOT INJURED,53,WHITE,FEMALE,NO,NONE,NOT DEPLOYED,NOT APPLICABLE,N,BLOOD,Positive,0.206,NONE,NOT APPLICABLE,NOT APPLICABLE,,DRIVER LICENSE,Texas,CLASS C,77612
15120698,1,MOTOR VEHICLE,N,Y,TX,3VWCR31C65M410526,2005,SIL,VOLKSWAGEN,BEETLE,"PASSENGER CAR, 2-DOOR",N,77612,1,PROOF OF LIABILITY INSURANCE,FRONT END DAMAGE DISTRIBUTED IMPACT,DAMAGED 2,12,NA,NA,NA,Y,HERRERA'S TOWING AND RECOVERY,"440 EAST FREEWAY - VIDOR, TX 77662",UNDER INFLUENCE - ALCOHOL,FAILED TO CONTROL SPEED,TAKING MEDICATION (EXPLAIN IN NARRATIVE),NORTHEAST,Y,0,0,0,1,0,0,0,1,DRIVER,FRONT LEFT,NOT INJURED,23,WHITE,MALE,NO,SHOULDER & LAP BELT,NOT DEPLOYED,NOT APPLICABLE,N,NONE,NA,NA,NONE,NOT APPLICABLE,NOT APPLICABLE,,DRIVER LICENSE,Texas,CLASS C,77662
15007502,1,MOTOR VEHICLE,N,Y,TX,4A3AA46GX1E181123,2001,GLD,MITSUBISHI,GALANT,"PASSENGER CAR, 4-DOOR",N,79413,2,NA,FRONT END DAMAGE CONCENTRATED IMPACT,DAMAGED 3,11,NA,NA,NA,N,LUBBOCK WRECKER,LUBBOCK WRECKER  3209 SLATON HWY   806-7,TURNED WHEN UNSAFE,NA,NA,NORTH,Y,0,0,0,0,1,0,0,1,DRIVER,FRONT LEFT,UNKNOWN,34,HISPANIC,FEMALE,NO,UNKNOWN,"DEPLOYED, FRONT",NOT APPLICABLE,N,NONE,NA,NA,NONE,NOT APPLICABLE,NOT APPLICABLE,,DRIVER LICENSE,Texas,CLASS C,79416
15037918,1,MOTOR VEHICLE,N,Y,TX,1JCCN88E2CT034584,1982,BRO,JEEP,UNKNOWN,SPORT UTILITY VEHICLE,N,77573,1,PROOF OF LIABILITY INSURANCE,FRONT END DAMAGE DISTRIBUTED IMPACT,DAMAGED 1 MINIMUM,12,BACK END (LEFT) DAMAGE PARTIAL CONTACT,DAMAGED 1 MINIMUM,7,Y,ACTION TOWING,ACTION TOWING,ROAD RAGE,NA,NA,WEST,Y,0,0,0,1,0,0,0,1,DRIVER,FRONT LEFT,NOT INJURED,17,WHITE,MALE,NO,SHOULDER & LAP BELT,NOT DEPLOYED,NOT APPLICABLE,N,NONE,NA,NA,NONE,NOT APPLICABLE,NOT APPLICABLE,,DRIVER LICENSE,Texas,CLASS C,77573
15037918,1,MOTOR VEHICLE,N,Y,TX,1JCCN88E2CT034584,1982,BRO,JEEP,UNKNOWN,SPORT UTILITY VEHICLE,N,77573,1,PROOF OF LIABILITY INSURANCE,FRONT END DAMAGE DISTRIBUTED IMPACT,DAMAGED 1 MINIMUM,12,BACK END (LEFT) DAMAGE PARTIAL CONTACT,DAMAGED 1 MINIMUM,7,Y,ACTION TOWING,ACTION TOWING,ROAD RAGE,NA,NA,WEST,Y,0,0,0,1,0,0,0,1,DRIVER,FRONT LEFT,NOT INJURED,39,WHITE,FEMALE,NO,SHOULDER & LAP BELT,NOT DEPLOYED,NOT APPLICABLE,N,NONE,NA,NA,NONE,NOT APPLICABLE,NOT APPLICABLE,,DRIVER LICENSE,Texas,CLASS C,77573
15037918,1,MOTOR VEHICLE,N,Y,TX,1JCCN88E2CT034584,1982,BRO,JEEP,UNKNOWN,SPORT UTILITY VEHICLE,N,77573,1,PROOF OF LIABILITY INSURANCE,FRONT END DAMAGE DISTRIBUTED IMPACT,DAMAGED 1 MINIMUM,12,BACK END (LEFT) DAMAGE PARTIAL CONTACT,DAMAGED 1 MINIMUM,7,Y,ACTION TOWING,ACTION TOWING,ROAD RAGE,NA,NA,WEST,Y,0,0,0,1,0,0,0,1,DRIVER,FRONT LEFT,NOT INJURED,29,WHITE,FEMALE,NO,SHOULDER & LAP BELT,NOT DEPLOYED,NOT APPLICABLE,N,NONE,NA,NA,NONE,NOT APPLICABLE,NOT APPLICABLE,,DRIVER LICENSE,Texas,CLASS C,77573
15046991,1,MOTOR VEHICLE,N,Y,TX,2T3YFREV3FW211563,NA,BLU,TOYOTA,RAV4,SPORT UTILITY VEHICLE,N,77502,1,PROOF OF LIABILITY INSURANCE,FRONT END DAMAGE DISTRIBUTED IMPACT,DAMAGED 3,12,NA,NA,NA,N,OWNER,SECURED AT RESIDENCE,FAILED TO CONTROL SPEED,FOLLOWED TOO CLOSELY,UNDER INFLUENCE - DRUG,NORTH,Y,0,0,0,1,0,0,0,1,DRIVER,FRONT LEFT,POSSIBLE INJURY,46,HISPANIC,FEMALE,NO,SHOULDER & LAP BELT,NOT DEPLOYED,NOT APPLICABLE,N,NONE,NA,NA,NONE,NOT APPLICABLE,NOT APPLICABLE,,DRIVER LICENSE,Texas,CLASS C,77587
15092555,1,MOTOR VEHICLE,N,Y,NM,1D7HA18N25S156628,2005,BLU,DODGE,RAM 1500,PICKUP,N,88101,3,PROOF OF LIABILITY INSURANCE,FRONT END (RIGHT)  DAMAGE PARTIAL CONTACT,DAMAGED 1 MINIMUM,11,NA,NA,NA,Y,,,HAD BEEN DRINKING,FAILED TO CONTROL SPEED,NA,SOUTH,Y,0,0,0,1,0,0,0,1,DRIVER,FRONT LEFT,NOT INJURED,42,HISPANIC,MALE,NO,UNKNOWN,NOT DEPLOYED,NOT APPLICABLE,N,BLOOD,Positive,0.188,NONE,NOT APPLICABLE,NOT APPLICABLE,,DRIVER LICENSE,New Mexico,OTHER/OUT OF STATE,88101
15092555,1,MOTOR VEHICLE,N,Y,NM,1D7HA18N25S156628,2005,BLU,DODGE,RAM 1500,PICKUP,N,88101,3,PROOF OF LIABILITY INSURANCE,FRONT END (RIGHT)  DAMAGE PARTIAL CONTACT,DAMAGED 1 MINIMUM,11,NA,NA,NA,Y,,,HAD BEEN DRINKING,FAILED TO CONTROL SPEED,NA,SOUTH,Y,0,0,0,1,0,0,0,1,DRIVER,FRONT LEFT,NOT INJURED,20,HISPANIC,MALE,NO,SHOULDER & LAP BELT,NOT DEPLOYED,NOT APPLICABLE,N,NONE,NA,NA,NONE,NOT APPLICABLE,NOT APPLICABLE,,DRIVER LICENSE,Texas,CLASS C,78574
15087896,1,MOTOR VEHICLE,N,Y,TX,KNDJB7233Y5631046,2000,RED,KIA,SPORTAGE,SPORT UTILITY VEHICLE,N,75044,1,PROOF OF LIABILITY INSURANCE,FRONT END DAMAGE DISTRIBUTED IMPACT,DAMAGED 5,12,NA,NA,NA,N,DRIVER,DRIVEN AWAY,DRIVER INATTENTION,NA,NA,NORTH,Y,0,0,0,1,0,0,0,1,DRIVER,FRONT LEFT,NOT INJURED,23,HISPANIC,MALE,NO,SHOULDER & LAP BELT,"DEPLOYED, FRONT",NOT APPLICABLE,N,NONE,NA,NA,NONE,NOT APPLICABLE,NOT APPLICABLE,,DRIVER LICENSE,Texas,CLASS C,75044
14990930,1,MOTOR VEHICLE,N,Y,UN,,NA,99,UNKNOWN,UNKNOWN,UNKNOWN,N,,2,NA,NA,NA,NA,NA,NA,NA,N,,,CHANGED LANE WHEN UNSAFE,NA,NA,EAST,Y,0,0,0,0,1,0,0,1,DRIVER,FRONT LEFT,NOT INJURED,30,WHITE,MALE,NO,SHOULDER & LAP BELT,NOT DEPLOYED,NOT APPLICABLE,N,NONE,NA,NA,NONE,NOT APPLICABLE,NOT APPLICABLE,,DRIVER LICENSE,Texas,CLASS C,
14990930,1,MOTOR VEHICLE,N,Y,UN,,NA,99,UNKNOWN,UNKNOWN,UNKNOWN,N,,2,NA,NA,NA,NA,NA,NA,NA,N,,,CHANGED LANE WHEN UNSAFE,NA,NA,EAST,Y,0,0,0,0,1,0,0,1,DRIVER,FRONT LEFT,NOT INJURED,30,WHITE,MALE,NO,SHOULDER & LAP BELT,NOT DEPLOYED,NOT APPLICABLE,N,NONE,NA,NA,NONE,NOT APPLICABLE,NOT APPLICABLE,,DRIVER LICENSE,Texas,CLASS C,
14990930,1,MOTOR VEHICLE,N,Y,UN,,NA,99,UNKNOWN,UNKNOWN,UNKNOWN,N,,2,NA,NA,NA,NA,NA,NA,NA,N,,,CHANGED LANE WHEN UNSAFE,NA,NA,EAST,Y,0,0,0,0,1,0,0,1,DRIVER,FRONT LEFT,NOT INJURED,23,BLACK,FEMALE,NO,SHOULDER & LAP BELT,NOT DEPLOYED,NOT APPLICABLE,N,NONE,NA,NA,NONE,NOT APPLICABLE,NOT APPLICABLE,,DRIVER LICENSE,Texas,CLASS C,91786
14990930,1,MOTOR VEHICLE,N,Y,UN,,NA,99,UNKNOWN,UNKNOWN,UNKNOWN,N,,2,NA,NA,NA,NA,NA,NA,NA,N,,,CHANGED LANE WHEN UNSAFE,NA,NA,EAST,Y,0,0,0,0,1,0,0,1,DRIVER,FRONT LEFT,NOT INJURED,23,BLACK,FEMALE,NO,SHOULDER & LAP BELT,NOT DEPLOYED,NOT APPLICABLE,N,NONE,NA,NA,NONE,NOT APPLICABLE,NOT APPLICABLE,,DRIVER LICENSE,Texas,CLASS C,91786
15010752,1,MOTOR VEHICLE,N,Y,TX,JM1BK32F291214128,NA,RED,MAZDA,MAZDA3,UNKNOWN,N,76179,1,LIABILITY INSURANCE POLICY,RIGHT BACK QUARTER DAMAGE ANGULAR IMPACT,DAMAGED 1 MINIMUM,4,NA,NA,NA,N,,,DRIVER INATTENTION,NA,PASSED IN NO PASSING LANE,SOUTHWEST,Y,0,0,0,1,0,0,0,1,DRIVER,FRONT LEFT,NOT INJURED,18,ASIAN,FEMALE,NO,SHOULDER & LAP BELT,NOT DEPLOYED,NOT APPLICABLE,N,NONE,NA,NA,NONE,NOT APPLICABLE,NOT APPLICABLE,,DRIVER LICENSE,Texas,CLASS C,76179
15010752,1,MOTOR VEHICLE,N,Y,TX,JM1BK32F291214128,NA,RED,MAZDA,MAZDA3,UNKNOWN,N,76179,1,LIABILITY INSURANCE POLICY,RIGHT BACK QUARTER DAMAGE ANGULAR IMPACT,DAMAGED 1 MINIMUM,4,NA,NA,NA,N,,,DRIVER INATTENTION,NA,PASSED IN NO PASSING LANE,SOUTHWEST,Y,0,0,0,1,0,0,0,1,DRIVER,FRONT LEFT,NOT INJURED,58,WHITE,FEMALE,NO,SHOULDER & LAP BELT,NOT DEPLOYED,NOT APPLICABLE,N,NONE,NA,NA,NONE,NOT APPLICABLE,NOT APPLICABLE,,DRIVER LICENSE,Texas,CLASS C,76106
15014360,3,MOTOR VEHICLE,N,Y,UN,,NA,99,NA,NA,UNKNOWN,N,,NA,NA,NA,NA,NA,NA,NA,NA,N,,,NONE,NA,NA,EAST,N,0,0,0,0,1,0,0,1,DRIVER,FRONT LEFT,NOT INJURED,17,BLACK,MALE,NO,SHOULDER & LAP BELT,DEPLOYED MULTIPLE,NOT APPLICABLE,N,NONE,NA,NA,NONE,NOT APPLICABLE,NOT APPLICABLE,,DRIVER LICENSE,Texas,CLASS C,77568
15014360,3,MOTOR VEHICLE,N,Y,UN,,NA,99,NA,NA,UNKNOWN,N,,NA,NA,NA,NA,NA,NA,NA,NA,N,,,NONE,NA,NA,EAST,N,0,0,0,0,1,0,0,1,DRIVER,FRONT LEFT,NOT INJURED,30,WHITE,FEMALE,NO,SHOULDER & LAP BELT,NOT DEPLOYED,NOT APPLICABLE,N,NONE,NA,NA,NONE,NOT APPLICABLE,NOT APPLICABLE,,DRIVER LICENSE,Texas,CLASS C,77539
15023288,3,MOTOR VEHICLE,N,Y,UN,,NA,99,UNKNOWN,UNKNOWN,UNKNOWN,N,,2,NA,BACK END DAMAGE CONCENTRATED IMPACT,DAMAGED 1 MINIMUM,1,NA,NA,NA,N,,,NONE,NA,NA,NORTH,N,0,0,0,1,0,0,0,1,DRIVER,FRONT LEFT,NOT INJURED,17,WHITE,MALE,NO,SHOULDER & LAP BELT,NOT DEPLOYED,NOT APPLICABLE,N,NONE,NA,NA,NONE,NOT APPLICABLE,NOT APPLICABLE,,DRIVER LICENSE,Texas,CLASS C,77059
15023288,3,MOTOR VEHICLE,N,Y,UN,,NA,99,UNKNOWN,UNKNOWN,UNKNOWN,N,,2,NA,BACK END DAMAGE CONCENTRATED IMPACT,DAMAGED 1 MINIMUM,1,NA,NA,NA,N,,,NONE,NA,NA,NORTH,N,0,0,0,1,0,0,0,1,DRIVER,FRONT LEFT,NOT INJURED,17,WHITE,MALE,NO,SHOULDER & LAP BELT,NOT DEPLOYED,NOT APPLICABLE,N,NONE,NA,NA,NONE,NOT APPLICABLE,NOT APPLICABLE,,DRIVER LICENSE,Texas,CLASS C,77059
15023288,3,MOTOR VEHICLE,N,Y,UN,,NA,99,UNKNOWN,UNKNOWN,UNKNOWN,N,,2,NA,BACK END DAMAGE CONCENTRATED IMPACT,DAMAGED 1 MINIMUM,1,NA,NA,NA,N,,,NONE,NA,NA,NORTH,N,0,0,0,1,0,0,0,1,DRIVER,FRONT LEFT,NOT INJURED,26,WHITE,MALE,NO,SHOULDER & LAP BELT,NOT DEPLOYED,NOT APPLICABLE,N,NONE,NA,NA,NONE,NOT APPLICABLE,NOT APPLICABLE,,DRIVER LICENSE,Texas,CLASS C,77005
15023288,3,MOTOR VEHICLE,N,Y,UN,,NA,99,UNKNOWN,UNKNOWN,UNKNOWN,N,,2,NA,BACK END DAMAGE CONCENTRATED IMPACT,DAMAGED 1 MINIMUM,1,NA,NA,NA,N,,,NONE,NA,NA,NORTH,N,0,0,0,1,0,0,0,1,DRIVER,FRONT LEFT,NOT INJURED,26,WHITE,MALE,NO,SHOULDER & LAP BELT,NOT DEPLOYED,NOT APPLICABLE,N,NONE,NA,NA,NONE,NOT APPLICABLE,NOT APPLICABLE,,DRIVER LICENSE,Texas,CLASS C,77005
15037596,1,MOTOR VEHICLE,N,Y,TX,3VWV67AT0DM613872,NA,RED,VOLKSWAGEN,NEW BEETLE,"PASSENGER CAR, 4-DOOR",N,75040,1,LIABILITY INSURANCE POLICY,BACK END (RIGHT) DAMAGE PARTIAL CONTACT,DAMAGED 1 MINIMUM,6,NA,NA,NA,N,,,BACKED WITHOUT SAFETY,NA,HAD BEEN DRINKING,NORTHEAST,Y,0,0,0,1,0,0,0,1,DRIVER,FRONT LEFT,NOT INJURED,27,BLACK,MALE,NO,UNKNOWN,UNKNOWN,NOT APPLICABLE,N,NONE,NA,NA,NONE,NOT APPLICABLE,NOT APPLICABLE,,DRIVER LICENSE,Texas,CLASS C,75042
15043860,1,MOTOR VEHICLE,N,Y,TX,3GKEC16R2XG541229,1999,RED,GMC,YUKON,"PASSENGER CAR, 4-DOOR",N,77091,1,LIABILITY INSURANCE POLICY,FRONT END DAMAGE DISTRIBUTED IMPACT,DAMAGED 4,12,NA,NA,NA,N,,,FAILED TO CONTROL SPEED,HAD BEEN DRINKING,NA,EAST,Y,0,0,0,1,0,0,0,1,DRIVER,FRONT LEFT,NOT INJURED,32,HISPANIC,MALE,NO,SHOULDER & LAP BELT,NOT DEPLOYED,NOT APPLICABLE,N,NONE,NA,NA,NONE,NOT APPLICABLE,NOT APPLICABLE,,DRIVER LICENSE,California,OTHER/OUT OF STATE,77091
15054514,1,MOTOR VEHICLE,N,Y,TX,1D7HA18246S546069,2006,BLK,DODGE,RAM 1500,TRUCK,N,78109,2,NA,FRONT END DAMAGE DISTRIBUTED IMPACT,DAMAGED 6,12,FRONT END (LEFT) DAMAGE PARTIAL CONTACT,DAMAGED 5,11,Y,TEXAS TOWING,422 STEVES,NONE,NA,NA,UNKNOWN,Y,0,0,0,0,1,0,0,1,DRIVER,FRONT LEFT,UNKNOWN,21,HISPANIC,FEMALE,NO,SHOULDER & LAP BELT,"DEPLOYED, FRONT",NOT APPLICABLE,N,NONE,NA,NA,NONE,NOT APPLICABLE,NOT APPLICABLE,,COMMERCIAL DRIVER LIC.,Texas,CLASS C,78109
15054514,1,MOTOR VEHICLE,N,Y,TX,1D7HA18246S546069,2006,BLK,DODGE,RAM 1500,TRUCK,N,78109,2,NA,FRONT END DAMAGE DISTRIBUTED IMPACT,DAMAGED 6,12,FRONT END (LEFT) DAMAGE PARTIAL CONTACT,DAMAGED 5,11,Y,TEXAS TOWING,422 STEVES,NONE,NA,NA,UNKNOWN,Y,0,0,0,0,1,0,0,1,UNKNOWN,OUTSIDE VEHICLE,NOT INJURED,41,BLACK,FEMALE,NOT APPLICABLE,NOT APPLICABLE,DEPLOYED MULTIPLE,NOT APPLICABLE,N,NONE,NA,NA,NONE,NOT APPLICABLE,NOT APPLICABLE,,DRIVER LICENSE,Texas,CLASS C,78109
15054514,1,MOTOR VEHICLE,N,Y,TX,1D7HA18246S546069,2006,BLK,DODGE,RAM 1500,TRUCK,N,78109,2,NA,FRONT END DAMAGE DISTRIBUTED IMPACT,DAMAGED 6,12,FRONT END (LEFT) DAMAGE PARTIAL CONTACT,DAMAGED 5,11,Y,TEXAS TOWING,422 STEVES,NONE,NA,NA,UNKNOWN,Y,0,0,0,0,1,0,0,1,UNKNOWN,OUTSIDE VEHICLE,NOT INJURED,50,HISPANIC,MALE,NOT APPLICABLE,NOT APPLICABLE,NOT DEPLOYED,NOT APPLICABLE,N,NONE,NA,NA,NONE,NOT APPLICABLE,NOT APPLICABLE,,COMMERCIAL DRIVER LIC.,Texas,CLASS C,78109
15105369,1,MOTOR VEHICLE,N,Y,TX,1NXBR32E77Z847458,2007,99,TOYOTA,COROLLA,UNKNOWN,N,79118,1,PROOF OF LIABILITY INSURANCE,FRONT END (RIGHT)  DAMAGE PARTIAL CONTACT,DAMAGED 3,2,NA,NA,NA,N,,,NONE,NA,NA,SOUTH,Y,0,0,0,1,0,0,0,1,DRIVER,FRONT LEFT,NOT INJURED,20,WHITE,MALE,NO,UNKNOWN,UNKNOWN,NOT APPLICABLE,N,NONE,NA,NA,NONE,NOT APPLICABLE,NOT APPLICABLE,,DRIVER LICENSE,Texas,CLASS C,79118
15122379,1,MOTOR VEHICLE,N,Y,TX,2G2WP522941212279,2004,SIL,PONTIAC,GRAND AM,UNKNOWN,N,79936,2,NA,FRONT END DAMAGE DISTRIBUTED IMPACT,DAMAGED 2,12,NA,NA,NA,N,DRIVER,TRAFFIC,FAILED TO CONTROL SPEED,NA,NA,EAST,Y,0,0,0,1,0,0,0,1,DRIVER,FRONT LEFT,NOT INJURED,35,HISPANIC,MALE,NO,SHOULDER & LAP BELT,NOT DEPLOYED,NOT APPLICABLE,N,NONE,NA,NA,NONE,NOT APPLICABLE,NOT APPLICABLE,,DRIVER LICENSE,Texas,CLASS C,79905