CRASH_ID,UNIT_NBR,UNIT_DESC_ID,VEH_PARKED_FL,VEH_HNR_FL,VEH_LIC_STATE_ID,VIN,VEH_MOD_YEAR,VEH_COLOR_ID,VEH_MAKE_ID,VEH_MOD_ID,VEH_BODY_STYL_ID,EMER_RESPNDR_FL,OWNR_ZIP,FIN_RESP_PROOF_ID,FIN_RESP_TYPE_ID,VEH_DMAG_AREA_1_ID,VEH_DMAG_SCL_1_ID,FORCE_DIR_1_ID,VEH_DMAG_AREA_2_ID,VEH_DMAG_SCL_2_ID,FORCE_DIR_2_ID,VEH_INVENTORIED_FL,VEH_TRANSP_NAME,VEH_TRANSP_DEST,CONTRIB_FACTR_1_ID,CONTRIB_FACTR_2_ID,CONTRIB_FACTR_P1_ID,VEH_TRVL_DIR_ID,FIRST_HARM_EVT_INV_ID,INCAP_INJRY_CNT,NONINCAP_INJRY_CNT,POSS_INJRY_CNT,NON_INJRY_CNT,UNKN_INJRY_CNT,TOT_INJRY_CNT,DEATH_CNT,PRSN_NBR,PRSN_TYPE_ID,PRSN_OCCPNT_POS_ID,PRSN_INJRY_SEV_ID,PRSN_AGE,PRSN_ETHNICITY_ID,PRSN_GNDR_ID,PRSN_EJCT_ID,PRSN_REST_ID,PRSN_AIRBAG_ID,PRSN_HELMET_ID,PRSN_SOL_FL,PRSN_ALC_SPEC_TYPE_ID,PRSN_ALC_RSLT_ID,PRSN_BAC_TEST_RSLT,PRSN_DRG_SPEC_TYPE_ID,PRSN_DRG_RSLT_ID,DRVR_DRG_CAT_1_ID,PRSN_DEATH_TIME,DRVR_LIC_TYPE_ID,DRVR_LIC_STATE_ID,DRVR_LIC_CLS_ID,DRVR_ZIP
15127699,2,MOTOR VEHICLE,N,Y,TX,1GNFC33J89R168881,NA,MAR,CHEVROLET,TAHOE,SPORT UTILITY VEHICLE,N,75701,1,LIABILITY INSURANCE POLICY,DISTRIBUTED LEFT SIDE DAMAGE PARALLEL IMPACT,DAMAGED 1 MINIMUM,1,NA,NA,NA,N,,,NONE,NA,NA,SOUTH,Y,0,0,0,1,0,0,0,1,DRIVER,FRONT LEFT,NOT INJURED,27,HISPANIC,MALE,NO,NONE,NOT DEPLOYED,NOT APPLICABLE,N,NONE,NA,NA,NONE,NOT APPLICABLE,NOT APPLICABLE,,DRIVER LICENSE,Texas,CLASS C,75791
15127699,1,MOTOR VEHICLE,N,Y,TX,2GCEC13T551341477,2005,RED,CHEVROLET,SILVERADO,PICKUP,N,,1,LIABILITY INSURANCE POLICY,BACK END DAMAGE CONCENTRATED IMPACT,DAMAGED 2,11,RIGHT FRONT QUARTER DAMAGE ANGULAR IMPACT,DAMAGED 2,4,Y,CROW WRECKER SERVICE,WHITEHOUSE PD IMPOUND,UNSAFE SPEED,FAILED TO YIELD ROW - EMERGENCY VEHICLE,NA,NORTH,Y,0,0,0,0,1,0,0,1,DRIVER,FRONT LEFT,NOT INJURED,27,HISPANIC,MALE,NO,NONE,NOT DEPLOYED,NOT APPLICABLE,N,NONE,NA,NA,NONE,NOT APPLICABLE,NOT APPLICABLE,,DRIVER LICENSE,Texas,CLASS C,75791
15027214,1,MOTOR VEHICLE,N,Y,TX,JHMCN36455C016354,2005,GRY,HONDA,ACCORD,"PASSENGER CAR, 4-DOOR",N,75087,1,PROOF OF LIABILITY INSURANCE,RIGHT SIDE DAMAGE ANGULAR IMPACT,DAMAGED 1 MINIMUM,3,NA,NA,NA,N,DROVE OFF,,DRIVER INATTENTION,NA,NA,NORTHWEST,Y,0,0,0,1,0,0,0,1,DRIVER,FRONT LEFT,NOT INJURED,17,BLACK,MALE,NO,SHOULDER & LAP BELT,NOT DEPLOYED,NOT APPLICABLE,N,NONE,NA,NA,NONE,NOT APPLICABLE,NOT APPLICABLE,,DRIVER LICENSE,Texas,CLASS C,75181
15027214,1,MOTOR VEHICLE,N,Y,TX,JHMCN36455C016354,2005,GRY,HONDA,ACCORD,"PASSENGER CAR, 4-DOOR",N,75087,1,PROOF OF LIABILITY INSURANCE,RIGHT SIDE DAMAGE ANGULAR IMPACT,DAMAGED 1 MINIMUM,3,NA,NA,NA,N,DROVE OFF,,DRIVER INATTENTION,NA,NA,NORTHWEST,Y,0,0,0,1,0,0,0,1,DRIVER,FRONT LEFT,NOT INJURED,17,BLACK,FEMALE,NO,NONE,NOT DEPLOYED,NOT APPLICABLE,N,NONE,NA,NA,NONE,NOT APPLICABLE,NOT APPLICABLE,,DRIVER LICENSE,Texas,CLASS C,97180
15088403,1,MOTOR VEHICLE,N,Y,UN,3FAFP31Z34R122058,2004,99,FORD,FOCUS,UNKNOWN,N,78539,1,PROOF OF LIABILITY INSURANCE,RIGHT FRONT QUARTER DAMAGE ANGULAR IMPACT,DAMAGED 2,3,NA,NA,NA,N,,,FAILED TO YIELD ROW - TURNING LEFT,NA,NA,EAST,Y,0,0,0,1,0,0,0,1,DRIVER,FRONT LEFT,NOT INJURED,73,HISPANIC,FEMALE,NO,SHOULDER & LAP BELT,NOT DEPLOYED,NOT APPLICABLE,N,NONE,NA,NA,NONE,NOT APPLICABLE,NOT APPLICABLE,,DRIVER LICENSE,Texas,CLASS C,78539
15088403,1,MOTOR VEHICLE,N,Y,UN,3FAFP31Z34R122058,2004,99,FORD,FOCUS,UNKNOWN,N,78539,1,PROOF OF LIABILITY INSURANCE,RIGHT FRONT QUARTER DAMAGE ANGULAR IMPACT,DAMAGED 2,3,NA,NA,NA,N,,,FAILED TO YIELD ROW - TURNING LEFT,NA,NA,EAST,Y,0,0,0,1,0,0,0,1,DRIVER OF MOTORCYCLE TYPE VEHICLE,FRONT LEFT,POSSIBLE INJURY,27,HISPANIC,MALE,NOT APPLICABLE,NOT APPLICABLE,NOT APPLICABLE,"WORN, DAMAGED",N,NONE,NA,NA,NONE,NOT APPLICABLE,NOT APPLICABLE,,DRIVER LICENSE,Texas,CLASS C,78539
15080154,1,MOTOR VEHICLE,N,Y,TX,1J4GX58S31C503089,2001,WHI,JEEP,GRAND CHEROKEE,SPORT UTILITY VEHICLE,N,78520,1,PROOF OF LIABILITY INSURANCE,FRONT END (LEFT) DAMAGE PARTIAL CONTACT,DAMAGED 3,1,NA,NA,NA,N,FLED THE SCENE,,TURNED WHEN UNSAFE,NA,NA,SOUTHWEST,Y,0,0,0,1,0,0,0,1,DRIVER,FRONT LEFT,NOT INJURED,66,HISPANIC,MALE,NO,SHOULDER & LAP BELT,NOT DEPLOYED,NOT APPLICABLE,N,NONE,NA,NA,NONE,NOT APPLICABLE,NOT APPLICABLE,,DRIVER LICENSE,Texas,CLASS C,78520
15108194,1,MOTOR VEHICLE,N,Y,TX,1N4AL2AP9CN532038,NA,SIL,NISSAN,ALTIMA,"PASSENGER CAR, 4-DOOR",N,77060,1,LIABILITY INSURANCE POLICY,FRONT END (LEFT) DAMAGE PARTIAL CONTACT,DAMAGED 3,12,NA,NA,NA,Y,BLACKSTAR TOWING AND RECOVERY,9402 WHITE CHAPEL LN,FAILED TO DRIVE IN SINGLE LANE,UNDER INFLUENCE - ALCOHOL,NA,NORTHWEST,Y,0,0,0,1,0,0,0,1,DRIVER,FRONT LEFT,NOT INJURED,37,HISPANIC,FEMALE,NO,OTHER (EXPLAIN IN NARRATIVE),NOT APPLICABLE,NOT APPLICABLE,N,NONE,NA,NA,NONE,NOT APPLICABLE,NOT APPLICABLE,,DRIVER LICENSE,Texas,CLASS C,77035
15009353,1,MOTOR VEHICLE,N,Y,TX,JS1GN7CA752109915,2005,BLU,SUZUKI,UNKNOWN,MOTORCYCLE,N,78415,1,LIABILITY INSURANCE POLICY,"MOTORCYCLE, SCOOTER, MOPED, ETC. ONLY",DAMAGED 1 MINIMUM,NA,NA,NA,NA,Y,TEXSTAR WRECKER,3041 HOLLY RD,FLEEING OR EVADING POLICE,NA,UNSAFE SPEED,WEST,Y,0,1,0,0,0,1,0,1,DRIVER,FRONT LEFT,NOT INJURED,63,BLACK,MALE,NO,SHOULDER & LAP BELT,NOT DEPLOYED,NOT APPLICABLE,N,NONE,NA,NA,NONE,NOT APPLICABLE,NOT APPLICABLE,,DRIVER LICENSE,Texas,CLASS C AND M,78416
15009353,1,MOTOR VEHICLE,N,Y,TX,JS1GN7CA752109915,2005,BLU,SUZUKI,UNKNOWN,MOTORCYCLE,N,78415,1,LIABILITY INSURANCE POLICY,"MOTORCYCLE, SCOOTER, MOPED, ETC. ONLY",DAMAGED 1 MINIMUM,NA,NA,NA,NA,Y,TEXSTAR WRECKER,3041 HOLLY RD,FLEEING OR EVADING POLICE,NA,UNSAFE SPEED,WEST,Y,0,1,0,0,0,1,0,1,DRIVER,FRONT LEFT,NOT INJURED,21,WHITE,MALE,NO,SHOULDER & LAP BELT,NOT DEPLOYED,NOT APPLICABLE,N,NONE,NA,NA,NONE,NOT APPLICABLE,NOT APPLICABLE,,DRIVER LICENSE,Texas,CLASS C,78413
15016418,1,MOTOR VEHICLE,N,Y,TX,WBANU5C53AC364702,NA,WHI,BMW,528,UNKNOWN,N,78703,1,LIABILITY INSURANCE POLICY,LEFT BACK QUARTER DAMAGE ANGULAR IMPACT,DAMAGED 2,9,NA,NA,NA,N,TEXAS TOWING,GROWDON IMPOUND,DISREGARD STOP SIGN OR LIGHT,NA,NA,WEST,Y,0,1,0,0,0,1,0,1,DRIVER,FRONT LEFT,NON-INCAPACITATING INJURY,44,WHITE,MALE,NO,SHOULDER & LAP BELT,"DEPLOYED, SIDE",NOT APPLICABLE,N,BREATH,Positive,0.157,NONE,NOT APPLICABLE,NOT APPLICABLE,,DRIVER LICENSE,Pennsylvania,OTHER/OUT OF STATE,19147
15016418,1,MOTOR VEHICLE,N,Y,TX,WBANU5C53AC364702,NA,WHI,BMW,528,UNKNOWN,N,78703,1,LIABILITY INSURANCE POLICY,LEFT BACK QUARTER DAMAGE ANGULAR IMPACT,DAMAGED 2,9,NA,NA,NA,N,TEXAS TOWING,GROWDON IMPOUND,DISREGARD STOP SIGN OR LIGHT,NA,NA,WEST,Y,0,1,0,0,0,1,0,1,DRIVER,FRONT LEFT,NOT INJURED,43,HISPANIC,MALE,NO,SHOULDER & LAP BELT,NOT DEPLOYED,NOT APPLICABLE,N,NONE,NA,NA,NONE,NOT APPLICABLE,NOT APPLICABLE,,DRIVER LICENSE,Texas,CLASS C,78208
15038885,1,MOTOR VEHICLE,N,Y,TX,1C6RD7FTXCS244633,NA,ONG,DODGE,RAM TRUCK 1500,PICKUP,N,78711,1,PROOF OF LIABILITY INSURANCE,FRONT END DAMAGE CONCENTRATED IMPACT,DAMAGED 6,12,NA,NA,NA,Y,ALLIED,9520 S. KIRKWOOD,FAILED TO CONTROL SPEED,NA,NA,NORTH,Y,0,0,0,0,1,0,0,1,DRIVER,FRONT LEFT,UNKNOWN,47,WHITE,MALE,UNKNOWN,UNKNOWN,DEPLOYED MULTIPLE,NOT APPLICABLE,N,NONE,NA,NA,NONE,NOT APPLICABLE,NOT APPLICABLE,,DRIVER LICENSE,Texas,CLASS C,77479
15116180,1,MOTOR VEHICLE,N,Y,UN,,NA,99,CHEVROLET,MALIBU,UNKNOWN,N,,NA,NA,FRONT END DAMAGE DISTRIBUTED IMPACT,DAMAGED 2,12,NA,NA,NA,N,,,DRIVER INATTENTION,FAILED TO CONTROL SPEED,NA,WEST,Y,0,0,0,0,1,0,0,1,DRIVER,FRONT LEFT,POSSIBLE INJURY,40,BLACK,FEMALE,NO,SHOULDER & LAP BELT,NOT DEPLOYED,NOT APPLICABLE,N,NONE,NA,NA,NONE,NOT APPLICABLE,NOT APPLICABLE,,DRIVER LICENSE,Texas,CLASS C,75115
15116180,1,MOTOR VEHICLE,N,Y,UN,,NA,99,CHEVROLET,MALIBU,UNKNOWN,N,,NA,NA,FRONT END DAMAGE DISTRIBUTED IMPACT,DAMAGED 2,12,NA,NA,NA,N,,,DRIVER INATTENTION,FAILED TO CONTROL SPEED,NA,WEST,Y,0,0,0,0,1,0,0,1,DRIVER,FRONT LEFT,NOT INJURED,36,BLACK,MALE,NO,SHOULDER & LAP BELT,NOT DEPLOYED,NOT APPLICABLE,N,NONE,NA,NA,NONE,NOT APPLICABLE,NOT APPLICABLE,,DRIVER LICENSE,Texas,CLASS C,76141
15125225,1,MOTOR VEHICLE,N,Y,TX,1GCEC14W51Z136901,2001,TAN,CHEVROLET,SILVERADO,PICKUP,N,75253,1,PROOF OF LIABILITY INSURANCE,FRONT END DAMAGE DISTRIBUTED IMPACT,NO DAMAGE,12,FRONT END (RIGHT)  DAMAGE PARTIAL CONTACT,NO DAMAGE,1,N,LEFT SCENE,"LOCATED AT 13525 C F HAWN, DALLAS, TEXAS",DRIVER INATTENTION,NA,FOLLOWED TOO CLOSELY,EAST,Y,0,0,0,1,0,0,0,1,DRIVER,FRONT LEFT,NOT INJURED,43,HISPANIC,MALE,NO,SHOULDER & LAP BELT,NOT DEPLOYED,NOT APPLICABLE,N,NONE,NA,NA,NONE,NOT APPLICABLE,NOT APPLICABLE,,DRIVER LICENSE,Texas,CLASS A,75253
15125225,1,MOTOR VEHICLE,N,Y,TX,1GCEC14W51Z136901,2001,TAN,CHEVROLET,SILVERADO,PICKUP,N,75253,1,PROOF OF LIABILITY INSURANCE,FRONT END DAMAGE DISTRIBUTED IMPACT,NO DAMAGE,12,FRONT END (RIGHT)  DAMAGE PARTIAL CONTACT,NO DAMAGE,1,N,LEFT SCENE,"LOCATED AT 13525 C F HAWN, DALLAS, TEXAS",DRIVER INATTENTION,NA,FOLLOWED TOO CLOSELY,EAST,Y,0,0,0,1,0,0,0,1,DRIVER,FRONT LEFT,NOT INJURED,48,WHITE,MALE,NO,SHOULDER & LAP BELT,NOT DEPLOYED,NOT APPLICABLE,N,NONE,NA,NA,NONE,NOT APPLICABLE,NOT APPLICABLE,,COMMERCIAL DRIVER LIC.,Texas,CLASS A,75142
15143152,1,MOTOR VEHICLE,N,Y,TX,1J4FA49S05P375821,2005,RED,JEEP,WRANGLER,SPORT UTILITY VEHICLE,N,78412,1,LIABILITY INSURANCE POLICY,FRONT END DAMAGE DISTRIBUTED IMPACT,DAMAGED 1 MINIMUM,12,NA,NA,NA,N,DRIVER,FLED SCENE,FAILED TO CONTROL SPEED,NA,NA,UNKNOWN,Y,0,0,0,1,0,0,0,1,DRIVER,FRONT LEFT,NOT INJURED,20,HISPANIC,MALE,NO,SHOULDER & LAP BELT,NOT DEPLOYED,NOT APPLICABLE,N,NONE,NA,NA,NONE,NOT APPLICABLE,NOT APPLICABLE,,DRIVER LICENSE,Texas,CLASS C,78414
15143152,1,MOTOR VEHICLE,N,Y,TX,1J4FA49S05P375821,2005,RED,JEEP,WRANGLER,SPORT UTILITY VEHICLE,N,78412,1,LIABILITY INSURANCE POLICY,FRONT END DAMAGE DISTRIBUTED IMPACT,DAMAGED 1 MINIMUM,12,NA,NA,NA,N,DRIVER,FLED SCENE,FAILED TO CONTROL SPEED,NA,NA,UNKNOWN,Y,0,0,0,1,0,0,0,1,DRIVER,FRONT LEFT,NOT INJURED,41,OTHER,MALE,NO,SHOULDER & LAP BELT,NOT DEPLOYED,NOT APPLICABLE,N,NONE,NA,NA,NONE,NOT APPLICABLE,NOT APPLICABLE,,DRIVER LICENSE,Texas,CLASS C,784050000
15015737,1,MOTOR VEHICLE,N,Y,TX,5TDZT34A23S164015,2003,WHI,TOYOTA,SEQUOIA,SPORT UTILITY VEHICLE,N,78214,1,LIABILITY INSURANCE POLICY,FRONT END DAMAGE DISTRIBUTED IMPACT,DAMAGED 3,12,DISTRIBUTED RIGHT SIDE DAMAGE PARALLEL IMPACT,DAMAGED 4,3,N,CONTRACT WRECKER,GROWDON POUND,NA,NA,DRIVER INATTENTION,SOUTH,Y,0,0,1,0,0,1,0,1,DRIVER,FRONT LEFT,POSSIBLE INJURY,28,WHITE,MALE,NO,UNKNOWN,NOT DEPLOYED,NOT APPLICABLE,N,NONE,NA,NA,NONE,NOT APPLICABLE,NOT APPLICABLE,,DRIVER LICENSE,Texas,CLASS C,78214
15015737,1,MOTOR VEHICLE,N,Y,TX,5TDZT34A23S164015,2003,WHI,TOYOTA,SEQUOIA,SPORT UTILITY VEHICLE,N,78214,1,LIABILITY INSURANCE POLICY,FRONT END DAMAGE DISTRIBUTED IMPACT,DAMAGED 3,12,DISTRIBUTED RIGHT SIDE DAMAGE PARALLEL IMPACT,DAMAGED 4,3,N,CONTRACT WRECKER,GROWDON POUND,NA,NA,DRIVER INATTENTION,SOUTH,Y,0,0,1,0,0,1,0,1,DRIVER,FRONT LEFT,NOT INJURED,32,WHITE,FEMALE,NO,SHOULDER & LAP BELT,NOT DEPLOYED,NOT APPLICABLE,N,NONE,NA,NA,NONE,NOT APPLICABLE,NOT APPLICABLE,,DRIVER LICENSE,Texas,CLASS C,78245
15079687,1,MOTOR VEHICLE,N,Y,TX,2GCEC19TXX1128826,1999,WHI,CHEVROLET,UNKNOWN,PICKUP,N,75090,2,NA,FRONT END (RIGHT)  DAMAGE PARTIAL CONTACT,DAMAGED 2,1,NA,NA,NA,N,FLED SCENE,FLED SCENE,DISREGARD STOP AND GO SIGNAL,NA,DRIVER INATTENTION,NORTH,Y,0,0,0,1,0,0,0,1,DRIVER,FRONT LEFT,NOT INJURED,30,WHITE,MALE,NO,SHOULDER & LAP BELT,NOT DEPLOYED,NOT APPLICABLE,N,NONE,NA,NA,NONE,NOT APPLICABLE,NOT APPLICABLE,,DRIVER LICENSE,Texas,CLASS C,75020
15079687,1,MOTOR VEHICLE,N,Y,TX,2GCEC19TXX1128826,1999,WHI,CHEVROLET,UNKNOWN,PICKUP,N,75090,2,NA,FRONT END (RIGHT)  DAMAGE PARTIAL CONTACT,DAMAGED 2,1,NA,NA,NA,N,FLED SCENE,FLED SCENE,DISREGARD STOP AND GO SIGNAL,NA,DRIVER INATTENTION,NORTH,Y,0,0,0,1,0,0,0,1,DRIVER,FRONT LEFT,NOT INJURED,52,WHITE,MALE,NO,SHOULDER & LAP BELT,NOT DEPLOYED,NOT APPLICABLE,N,NONE,NA,NA,NONE,NOT APPLICABLE,NOT APPLICABLE,,DRIVER LICENSE,Texas,CLASS C,75020
15105869,1,MOTOR VEHICLE,N,Y,UN,1FTCR14X1VPA08171,1997,99,FORD,RANGER,UNKNOWN,N,75094,1,LIABILITY INSURANCE POLICY,FRONT END (LEFT) DAMAGE PARTIAL CONTACT,DAMAGED 2,11,NA,NA,NA,N,,,FAILED TO YIELD ROW - STOP SIGN,OTHER (EXPLAIN IN NARRATIVE),NA,WEST,Y,0,0,0,1,0,0,0,1,DRIVER,FRONT LEFT,NOT INJURED,37,WHITE,FEMALE,NO,SHOULDER & LAP BELT,NOT DEPLOYED,NOT APPLICABLE,N,NONE,NA,NA,NONE,NOT APPLICABLE,NOT APPLICABLE,,DRIVER LICENSE,Texas,CLASS C,75094
15105869,1,MOTOR VEHICLE,N,Y,UN,1FTCR14X1VPA08171,1997,99,FORD,RANGER,UNKNOWN,N,75094,1,LIABILITY INSURANCE POLICY,FRONT END (LEFT) DAMAGE PARTIAL CONTACT,DAMAGED 2,11,NA,NA,NA,N,,,FAILED TO YIELD ROW - STOP SIGN,OTHER (EXPLAIN IN NARRATIVE),NA,WEST,Y,0,0,0,1,0,0,0,1,DRIVER,FRONT LEFT,NOT INJURED,54,WHITE,FEMALE,NO,SHOULDER & LAP BELT,NOT DEPLOYED,NOT APPLICABLE,N,NONE,NA,NA,NONE,NOT APPLICABLE,NOT APPLICABLE,,DRIVER LICENSE,Texas,CLASS C,75094
15117070,1,MOTOR VEHICLE,N,Y,TX,1N6DD26S22C378426,2002,WHI,NISSAN,FRONTIER,PICKUP,N,77017,2,NA,FRONT END (LEFT) DAMAGE PARTIAL CONTACT,DAMAGED 2,1,NA,NA,NA,Y,LA PORTE TOWING,202 N 11TH ST,UNDER INFLUENCE - ALCOHOL,TURNED IMPROPERLY - WIDE RIGHT,NA,WEST,Y,0,0,0,1,0,0,0,1,DRIVER,FRONT LEFT,NOT INJURED,23,WHITE,FEMALE,NO,SHOULDER & LAP BELT,NOT DEPLOYED,NOT APPLICABLE,N,NONE,NA,NA,NONE,NOT APPLICABLE,NOT APPLICABLE,,DRIVER LICENSE,Texas,CLASS C,77571
15023433,1,MOTOR VEHICLE,N,Y,TX,1G8AZ55F47Z151492,2007,SIL,SATURN,ION,"PASSENGER CAR, 4-DOOR",N,79835,1,PROOF OF LIABILITY INSURANCE,NA,NA,NA,NA,NA,NA,,,,NONE,NA,NA,NORTH,Y,0,0,0,0,3,0,0,1,DRIVER,FRONT LEFT,UNKNOWN,45,HISPANIC,MALE,NO,SHOULDER & LAP BELT,NOT DEPLOYED,NOT APPLICABLE,N,NONE,NA,NA,NONE,NOT APPLICABLE,NOT APPLICABLE,,DRIVER LICENSE,New Mexico,OTHER/OUT OF STATE,79835
15119254,1,MOTOR VEHICLE,N,Y,TX,3C6JR6DT2DG534417,NA,WHI,DODGE,RAM 1500,PICKUP,N,79356,1,PROOF OF LIABILITY INSURANCE,FRONT END DAMAGE DISTRIBUTED IMPACT,DAMAGED 5,12,NA,NA,NA,N,FLED THE SCENE,,FAILED TO DRIVE IN SINGLE LANE,NA,NA,NORTHWEST,Y,0,0,0,1,0,0,0,1,DRIVER,FRONT LEFT,NOT INJURED,46,WHITE,MALE,NO,SHOULDER & LAP BELT,"DEPLOYED, FRONT",NOT APPLICABLE,N,NONE,NA,NA,NONE,NOT APPLICABLE,NOT APPLICABLE,,DRIVER LICENSE,Texas,CLASS C,79414
15098994,1,MOTOR VEHICLE,N,Y,TX,2B3CJ4DV6AH215873,NA,BLK,DODGE,CHALLENGER,"PASSENGER CAR, 2-DOOR",N,75252,1,PROOF OF LIABILITY INSURANCE,FRONT END DAMAGE CONCENTRATED IMPACT,DAMAGED 5,12,FRONT END DAMAGE DISTRIBUTED IMPACT,DAMAGED 5,12,N,NOT TOWED,DRIVEN AWAY,SPEEDING - (OVERLIMIT),NA,NA,NORTH,Y,0,0,0,1,0,0,0,1,DRIVER,FRONT LEFT,NOT INJURED,20,WHITE,MALE,NO,UNKNOWN,NOT DEPLOYED,NOT APPLICABLE,N,NONE,NA,NA,NONE,NOT APPLICABLE,NOT APPLICABLE,,DRIVER LICENSE,Texas,CLASS C,75252
15144279,1,MOTOR VEHICLE,N,Y,TX,2C3JA53G15H164341,2005,BLK,CHRYSLER,300,"PASSENGER CAR, 4-DOOR",N,73888,1,LIABILITY INSURANCE POLICY,FRONT END (LEFT) DAMAGE PARTIAL CONTACT,DAMAGED 1 MINIMUM,10,NA,NA,NA,N,RELEASED TO OWNER,OWNER RECOVERED OR RELEASE TO OWNER,FAILED TO YIELD ROW - TURNING LEFT,NA,NA,SOUTH,Y,0,0,0,1,0,0,0,1,DRIVER,FRONT LEFT,NOT INJURED,27,WHITE,MALE,NO,SHOULDER & LAP BELT,NOT DEPLOYED,NOT APPLICABLE,N,NONE,NA,NA,NONE,NOT APPLICABLE,NOT APPLICABLE,,DRIVER LICENSE,Texas,CLASS C,77388
15144279,1,MOTOR VEHICLE,N,Y,TX,2C3JA53G15H164341,2005,BLK,CHRYSLER,300,"PASSENGER CAR, 4-DOOR",N,73888,1,LIABILITY INSURANCE POLICY,FRONT END (LEFT) DAMAGE PARTIAL CONTACT,DAMAGED 1 MINIMUM,10,NA,NA,NA,N,RELEASED TO OWNER,OWNER RECOVERED OR RELEASE TO OWNER,FAILED TO YIELD ROW - TURNING LEFT,NA,NA,SOUTH,Y,0,0,0,1,0,0,0,1,DRIVER,FRONT LEFT,NOT INJURED,43,BLACK,FEMALE,NO,SHOULDER & LAP BELT,NOT DEPLOYED,NOT APPLICABLE,N,NONE,NA,NA,NONE,NOT APPLICABLE,NOT APPLICABLE,,DRIVER LICENSE,Texas,CLASS C,77379
14990584,1,MOTOR VEHICLE,N,Y,TX,1G6DC67A050224230,2005,BLU,CADILLAC,STS,"PASSENGER CAR, 4-DOOR",N,77449,1,LIABILITY INSURANCE POLICY,RIGHT FRONT QUARTER DAMAGE ANGULAR IMPACT,DAMAGED 7 HIGHEST,1,NA,NA,NA,N,INFINITITY TOWING,8210 PINEMONT ST,NA,NA,DRIVER INATTENTION,EAST,Y,0,0,0,1,0,0,0,1,DRIVER,FRONT LEFT,NOT INJURED,21,WHITE,FEMALE,NO,SHOULDER BELT ONLY,NOT DEPLOYED,NOT APPLICABLE,N,NONE,NA,NA,NONE,NOT APPLICABLE,NOT APPLICABLE,,DRIVER LICENSE,Texas,CLASS C,77449
14990584,1,MOTOR VEHICLE,N,Y,TX,1G6DC67A050224230,2005,BLU,CADILLAC,STS,"PASSENGER CAR, 4-DOOR",N,77449,1,LIABILITY INSURANCE POLICY,RIGHT FRONT QUARTER DAMAGE ANGULAR IMPACT,DAMAGED 7 HIGHEST,1,NA,NA,NA,N,INFINITITY TOWING,8210 PINEMONT ST,NA,NA,DRIVER INATTENTION,EAST,Y,0,0,0,1,0,0,0,1,DRIVER,FRONT LEFT,NOT INJURED,31,WHITE,FEMALE,NO,SHOULDER BELT ONLY,NOT DEPLOYED,NOT APPLICABLE,N,NONE,NA,NA,NONE,NOT APPLICABLE,NOT APPLICABLE,,DRIVER LICENSE,Texas,CLASS C,77088
15001512,2,MOTOR VEHICLE,N,Y,UN,1G8AG52F35Z106258,2005,SIL,UNKNOWN,UNKNOWN,"PASSENGER CAR, 4-DOOR",N,77459,1,PROOF OF LIABILITY INSURANCE,BACK END DAMAGE DISTRIBUTED IMPACT,DAMAGED 4,6,NA,NA,NA,N,ALL AROUND WRECKER,14001 S MAIN,NONE,NA,NA,EAST,Y,0,0,0,0,2,0,0,1,DRIVER,FRONT LEFT,NOT INJURED,37,HISPANIC,MALE,NO,SHOULDER & LAP BELT,NOT DEPLOYED,NOT APPLICABLE,N,NONE,NA,NA,NONE,NOT APPLICABLE,NOT APPLICABLE,,DRIVER LICENSE,Texas,CLASS C,77018
15001512,2,MOTOR VEHICLE,N,Y,UN,1G8AG52F35Z106258,2005,SIL,UNKNOWN,UNKNOWN,"PASSENGER CAR, 4-DOOR",N,77459,1,PROOF OF LIABILITY INSURANCE,BACK END DAMAGE DISTRIBUTED IMPACT,DAMAGED 4,6,NA,NA,NA,N,ALL AROUND WRECKER,14001 S MAIN,NONE,NA,NA,EAST,Y,0,0,0,0,2,0,0,1,DRIVER,FRONT LEFT,NOT INJURED,37,HISPANIC,MALE,NO,SHOULDER & LAP BELT,NOT DEPLOYED,NOT APPLICABLE,N,NONE,NA,NA,NONE,NOT APPLICABLE,NOT APPLICABLE,,DRIVER LICENSE,Texas,CLASS C,77018
15044745,2,MOTOR VEHICLE,N,Y,TX,1FDUF5GY4GEA33648,NA,WHI,FORD,550,PICKUP,N,77092,1,PROOF OF LIABILITY INSURANCE,FRONT END (LEFT) DAMAGE PARTIAL CONTACT,DAMAGED 3,NA,DISTRIBUTED LEFT SIDE DAMAGE PARALLEL IMPACT,DAMAGED 3,NA,N,RELEASED TO OWNER,OWNER RECOVERED OR RELEASE TO OWNER,NONE,NA,NA,SOUTH,Y,0,0,1,0,0,1,0,1,DRIVER,FRONT LEFT,POSSIBLE INJURY,29,WHITE,MALE,NO,SHOULDER & LAP BELT,NOT DEPLOYED,NOT APPLICABLE,N,NONE,NA,NA,NONE,NOT APPLICABLE,NOT APPLICABLE,,DRIVER LICENSE,Texas,CLASS C,77306