CRASH_ID,UNIT_NBR,UNIT_DESC_ID,VEH_PARKED_FL,VEH_HNR_FL,VEH_LIC_STATE_ID,VIN,VEH_MOD_YEAR,VEH_COLOR_ID,VEH_MAKE_ID,VEH_MOD_ID,VEH_BODY_STYL_ID,EMER_RESPNDR_FL,OWNR_ZIP,FIN_RESP_PROOF_ID,FIN_RESP_TYPE_ID,VEH_DMAG_AREA_1_ID,VEH_DMAG_SCL_1_ID,FORCE_DIR_1_ID,VEH_DMAG_AREA_2_ID,VEH_DMAG_SCL_2_ID,FORCE_DIR_2_ID,VEH_INVENTORIED_FL,VEH_TRANSP_NAME,VEH_TRANSP_DEST,CONTRIB_FACTR_1_ID,CONTRIB_FACTR_2_ID,CONTRIB_FACTR_P1_ID,VEH_TRVL_DIR_ID,FIRST_HARM_EVT_INV_ID,INCAP_INJRY_CNT,NONINCAP_INJRY_CNT,POSS_INJRY_CNT,NON_INJRY_CNT,UNKN_INJRY_CNT,TOT_INJRY_CNT,DEATH_CNT,PRSN_NBR,PRSN_TYPE_ID,PRSN_OCCPNT_POS_ID,PRSN_INJRY_SEV_ID,PRSN_AGE,PRSN_ETHNICITY_ID,PRSN_GNDR_ID,PRSN_EJCT_ID,PRSN_REST_ID,PRSN_AIRBAG_ID,PRSN_HELMET_ID,PRSN_SOL_FL,PRSN_ALC_SPEC_TYPE_ID,PRSN_ALC_RSLT_ID,PRSN_BAC_TEST_RSLT,PRSN_DRG_SPEC_TYPE_ID,PRSN_DRG_RSLT_ID,DRVR_DRG_CAT_1_ID,PRSN_DEATH_TIME,DRVR_LIC_TYPE_ID,DRVR_LIC_STATE_ID,DRVR_LIC_CLS_ID,DRVR_ZIP
15078487,4,MOTOR VEHICLE,N,Y,UN,,NA,99,UNKNOWN,UNKNOWN,UNKNOWN,N,,2,NA,FRONT END DAMAGE DISTRIBUTED IMPACT,DAMAGED 1 MINIMUM,12,NA,NA,NA,N,,,NA,NA,DRIVER INATTENTION,NORTH,N,0,0,0,0,1,0,0,1,DRIVER,FRONT LEFT,NOT INJURED,49,WHITE,MALE,NO,SHOULDER & LAP BELT,"DEPLOYED, FRONT",NOT APPLICABLE,N,NONE,NA,NA,NONE,NOT APPLICABLE,NOT APPLICABLE,,DRIVER LICENSE,Texas,CLASS C,77401
15078487,4,MOTOR VEHICLE,N,Y,UN,,NA,99,UNKNOWN,UNKNOWN,UNKNOWN,N,,2,NA,FRONT END DAMAGE DISTRIBUTED IMPACT,DAMAGED 1 MINIMUM,12,NA,NA,NA,N,,,NA,NA,DRIVER INATTENTION,NORTH,N,0,0,0,0,1,0,0,1,DRIVER,FRONT LEFT,NOT INJURED,49,WHITE,MALE,NO,SHOULDER & LAP BELT,"DEPLOYED, FRONT",NOT APPLICABLE,N,NONE,NA,NA,NONE,NOT APPLICABLE,NOT APPLICABLE,,DRIVER LICENSE,Texas,CLASS C,77401
15078487,4,MOTOR VEHICLE,N,Y,UN,,NA,99,UNKNOWN,UNKNOWN,UNKNOWN,N,,2,NA,FRONT END DAMAGE DISTRIBUTED IMPACT,DAMAGED 1 MINIMUM,12,NA,NA,NA,N,,,NA,NA,DRIVER INATTENTION,NORTH,N,0,0,0,0,1,0,0,1,DRIVER,FRONT LEFT,NOT INJURED,58,WHITE,MALE,NO,SHOULDER & LAP BELT,NOT DEPLOYED,NOT APPLICABLE,N,NONE,NA,NA,NONE,NOT APPLICABLE,NOT APPLICABLE,,DRIVER LICENSE,Texas,CLASS C,77005
15078487,4,MOTOR VEHICLE,N,Y,UN,,NA,99,UNKNOWN,UNKNOWN,UNKNOWN,N,,2,NA,FRONT END DAMAGE DISTRIBUTED IMPACT,DAMAGED 1 MINIMUM,12,NA,NA,NA,N,,,NA,NA,DRIVER INATTENTION,NORTH,N,0,0,0,0,1,0,0,1,DRIVER,FRONT LEFT,NOT INJURED,58,WHITE,MALE,NO,SHOULDER & LAP BELT,NOT DEPLOYED,NOT APPLICABLE,N,NONE,NA,NA,NONE,NOT APPLICABLE,NOT APPLICABLE,,DRIVER LICENSE,Texas,CLASS C,77005
15078487,4,MOTOR VEHICLE,N,Y,UN,,NA,99,UNKNOWN,UNKNOWN,UNKNOWN,N,,2,NA,FRONT END DAMAGE DISTRIBUTED IMPACT,DAMAGED 1 MINIMUM,12,NA,NA,NA,N,,,NA,NA,DRIVER INATTENTION,NORTH,N,0,0,0,0,1,0,0,1,DRIVER,FRONT LEFT,NOT INJURED,26,WHITE,MALE,NO,SHOULDER & LAP BELT,NOT DEPLOYED,NOT APPLICABLE,N,NONE,NA,NA,NONE,NOT APPLICABLE,NOT APPLICABLE,,DRIVER LICENSE,Texas,CLASS C,78731
15078487,4,MOTOR VEHICLE,N,Y,UN,,NA,99,UNKNOWN,UNKNOWN,UNKNOWN,N,,2,NA,FRONT END DAMAGE DISTRIBUTED IMPACT,DAMAGED 1 MINIMUM,12,NA,NA,NA,N,,,NA,NA,DRIVER INATTENTION,NORTH,N,0,0,0,0,1,0,0,1,DRIVER,FRONT LEFT,NOT INJURED,26,WHITE,MALE,NO,SHOULDER & LAP BELT,NOT DEPLOYED,NOT APPLICABLE,N,NONE,NA,NA,NONE,NOT APPLICABLE,NOT APPLICABLE,,DRIVER LICENSE,Texas,CLASS C,78731
15041973,2,MOTOR VEHICLE,N,Y,NA,,NA,WHI,NA,NA,PICKUP,N,,2,NA,NA,NA,NA,NA,NA,NA,N,,,NONE,NA,NA,WEST,Y,0,0,0,0,1,0,0,1,DRIVER,FRONT LEFT,NON-INCAPACITATING INJURY,23,BLACK,MALE,NO,SHOULDER & LAP BELT,NOT DEPLOYED,NOT APPLICABLE,N,NONE,NA,NA,NONE,NOT APPLICABLE,NOT APPLICABLE,,DRIVER LICENSE,Texas,CLASS C,77338
15106490,1,MOTOR VEHICLE,N,Y,TX,5YFBURHE2FP243194,NA,BLK,TOYOTA,COROLLA,"PASSENGER CAR, 4-DOOR",N,76706,1,PROOF OF LIABILITY INSURANCE,FRONT END DAMAGE DISTRIBUTED IMPACT,DAMAGED 5,12,NA,NA,NA,Y,TOW KING,1601 E. TAYLOR WACO TX,HAD BEEN DRINKING,NA,NA,NORTH,Y,1,0,0,0,0,1,0,1,DRIVER,FRONT LEFT,INCAPACITATING INJURY,19,HISPANIC,MALE,NO,SHOULDER & LAP BELT,DEPLOYED MULTIPLE,NOT APPLICABLE,N,BLOOD,Positive,0.23,NONE,NOT APPLICABLE,NOT APPLICABLE,,DRIVER LICENSE,Texas,CLASS C,76706
15122908,1,MOTOR VEHICLE,N,Y,TX,2GCEK13Z571160406,2007,SIL,CHEVROLET,SILVERADO,PICKUP,N,77868,1,LIABILITY INSURANCE POLICY,BACK END (LEFT) DAMAGE PARTIAL CONTACT,DAMAGED 2,7,NA,NA,NA,N,DRIVEN,BY OWNER,BACKED WITHOUT SAFETY,NA,NA,UNKNOWN,Y,0,0,0,1,0,0,0,1,DRIVER,FRONT LEFT,NOT INJURED,24,WHITE,MALE,NO,UNKNOWN,NOT DEPLOYED,NOT APPLICABLE,N,NONE,NA,NA,NONE,NOT APPLICABLE,NOT APPLICABLE,,DRIVER LICENSE,Texas,CLASS C,77801
15122908,1,MOTOR VEHICLE,N,Y,TX,2GCEK13Z571160406,2007,SIL,CHEVROLET,SILVERADO,PICKUP,N,77868,1,LIABILITY INSURANCE POLICY,BACK END (LEFT) DAMAGE PARTIAL CONTACT,DAMAGED 2,7,NA,NA,NA,N,DRIVEN,BY OWNER,BACKED WITHOUT SAFETY,NA,NA,UNKNOWN,Y,0,0,0,1,0,0,0,1,PASSENGER/OCCUPANT,FRONT LEFT,POSSIBLE INJURY,25,WHITE,MALE,NO,NOT APPLICABLE,NOT DEPLOYED,NOT APPLICABLE,Y,NONE,NA,NA,NONE,NOT APPLICABLE,NOT APPLICABLE,,DRIVER LICENSE,Texas,CLASS C,77845
14997153,1,MOTOR VEHICLE,N,Y,UN,,NA,99,UNKNOWN,UNKNOWN,UNKNOWN,N,,2,NA,FRONT END DAMAGE DISTRIBUTED IMPACT,NO DAMAGE,12,NA,NA,NA,N,,DRIVEN AWAY BY DRIVER,NA,NA,FAILED TO CONTROL SPEED,NORTH,Y,0,0,0,1,0,0,0,1,DRIVER,FRONT LEFT,NOT INJURED,60,WHITE,MALE,NO,SHOULDER & LAP BELT,NOT DEPLOYED,NOT APPLICABLE,N,NONE,NA,NA,NONE,NOT APPLICABLE,NOT APPLICABLE,,DRIVER LICENSE,Texas,CLASS C,77092
14997153,1,MOTOR VEHICLE,N,Y,UN,,NA,99,UNKNOWN,UNKNOWN,UNKNOWN,N,,2,NA,FRONT END DAMAGE DISTRIBUTED IMPACT,NO DAMAGE,12,NA,NA,NA,N,,DRIVEN AWAY BY DRIVER,NA,NA,FAILED TO CONTROL SPEED,NORTH,Y,0,0,0,1,0,0,0,1,DRIVER,FRONT LEFT,NOT INJURED,60,WHITE,MALE,NO,SHOULDER & LAP BELT,NOT DEPLOYED,NOT APPLICABLE,N,NONE,NA,NA,NONE,NOT APPLICABLE,NOT APPLICABLE,,DRIVER LICENSE,Texas,CLASS C,77092
15003003,1,MOTOR VEHICLE,N,Y,TX,JT3GN87R6Y0140086,2000,GRY,TOYOTA,4RUNNER,SPORT UTILITY VEHICLE,N,77461,2,NA,FRONT END DAMAGE DISTRIBUTED IMPACT,DAMAGED 4,12,LEFT SIDE DAMAGE ANGULAR IMPACT,DAMAGED 3,9,Y,"GREENSPOINT TOWING, CHIP# 090","11360 EASTEX FRWY, TEL# 281-227-1550",DISREGARD STOP SIGN OR LIGHT,NA,UNDER INFLUENCE - DRUG,SOUTH,Y,0,0,0,1,0,0,0,1,DRIVER,FRONT LEFT,NOT INJURED,54,WHITE,FEMALE,NO,SHOULDER & LAP BELT,NOT DEPLOYED,NOT APPLICABLE,N,NONE,NA,NA,NONE,NOT APPLICABLE,NOT APPLICABLE,,DRIVER LICENSE,Texas,CLASS C,77388
15003003,1,MOTOR VEHICLE,N,Y,TX,JT3GN87R6Y0140086,2000,GRY,TOYOTA,4RUNNER,SPORT UTILITY VEHICLE,N,77461,2,NA,FRONT END DAMAGE DISTRIBUTED IMPACT,DAMAGED 4,12,LEFT SIDE DAMAGE ANGULAR IMPACT,DAMAGED 3,9,Y,"GREENSPOINT TOWING, CHIP# 090","11360 EASTEX FRWY, TEL# 281-227-1550",DISREGARD STOP SIGN OR LIGHT,NA,UNDER INFLUENCE - DRUG,SOUTH,Y,0,0,0,1,0,0,0,1,DRIVER,FRONT LEFT,NOT INJURED,52,WHITE,FEMALE,NO,SHOULDER & LAP BELT,NOT DEPLOYED,NOT APPLICABLE,N,NONE,NA,NA,NONE,NOT APPLICABLE,NOT APPLICABLE,,DRIVER LICENSE,Texas,CLASS C,77068
15017733,1,MOTOR VEHICLE,N,Y,TX,1G1ZT51F16F155122,2006,GRY,CHEVROLET,MALIBU,"PASSENGER CAR, 4-DOOR",N,79924,1,LIABILITY INSURANCE POLICY,FRONT END (LEFT) DAMAGE PARTIAL CONTACT,DAMAGED 1 MINIMUM,11,LEFT FRONT QUARTER DAMAGE ANGULAR IMPACT,DAMAGED 1 MINIMUM,11,N,,,FAILED TO DRIVE IN SINGLE LANE,CHANGED LANE WHEN UNSAFE,NA,EAST,Y,0,0,0,1,0,0,0,1,DRIVER,FRONT LEFT,NOT INJURED,51,HISPANIC,FEMALE,NO,SHOULDER & LAP BELT,NOT DEPLOYED,NOT APPLICABLE,N,NONE,NA,NA,NONE,NOT APPLICABLE,NOT APPLICABLE,,DRIVER LICENSE,Texas,CLASS C,79938
15023436,1,MOTOR VEHICLE,N,Y,TX,1GTR2VE7XCZ350594,NA,BLU,GMC,NA,PICKUP,N,76464,1,PROOF OF LIABILITY INSURANCE,RIGHT BACK QUARTER DAMAGE ANGULAR IMPACT,DAMAGED 1 MINIMUM,3,UNDERCARRIAGE DAMAGE ONLY,NO DAMAGE,NA,N,LEFT SCENE,,IMPROPER START FROM PARKED POSITION,NA,NA,SOUTH,Y,0,0,0,1,0,0,0,1,DRIVER,FRONT LEFT,NOT INJURED,83,WHITE,MALE,NO,SHOULDER & LAP BELT,NOT DEPLOYED,NOT APPLICABLE,N,NONE,NA,NA,NONE,NOT APPLICABLE,NOT APPLICABLE,,DRIVER LICENSE,Texas,CLASS C,76464
15109432,3,MOTOR VEHICLE,N,Y,UN,,NA,99,NA,NA,UNKNOWN,N,,NA,NA,NA,NA,NA,NA,NA,NA,,,,NONE,NA,NA,SOUTH,N,0,0,0,0,1,0,0,1,DRIVER,FRONT LEFT,NOT INJURED,20,HISPANIC,MALE,NO,SHOULDER & LAP BELT,"DEPLOYED, FRONT",NOT APPLICABLE,N,NONE,NA,NA,NONE,NOT APPLICABLE,NOT APPLICABLE,,DRIVER LICENSE,Texas,CLASS C,77373
15109432,2,MOTOR VEHICLE,N,Y,TX,5NPET4AC4AH596103,NA,WHI,HYUNDAI,SONATA,"PASSENGER CAR, 4-DOOR",N,77382,1,PROOF OF LIABILITY INSURANCE,BACK END (LEFT) DAMAGE PARTIAL CONTACT,DAMAGED 4,5,RIGHT FRONT QUARTER DAMAGE ANGULAR IMPACT,DAMAGED 3,4,N,NORTH FREEWAY AUTO 713-694-6604,"11360 EASTEX FREEWAY HOUSTON, TX 77093",NONE,NA,NA,SOUTH,Y,0,0,0,1,0,0,0,1,DRIVER,FRONT LEFT,NOT INJURED,20,HISPANIC,MALE,NO,SHOULDER & LAP BELT,"DEPLOYED, FRONT",NOT APPLICABLE,N,NONE,NA,NA,NONE,NOT APPLICABLE,NOT APPLICABLE,,DRIVER LICENSE,Texas,CLASS C,77373
15109432,1,MOTOR VEHICLE,N,Y,TX,4T4BF1FKXFR490598,NA,SIL,TOYOTA,CAMRY,"PASSENGER CAR, 4-DOOR",N,77373,1,PROOF OF LIABILITY INSURANCE,FRONT END DAMAGE CONCENTRATED IMPACT,DAMAGED 4,12,NA,NA,NA,N,LIGHTNING ROADSIDE 832-233-5621,"11360 EASTEX FREEWAY HOUSTON, TX 77093",FAULTY EVASIVE ACTION,CHANGED LANE WHEN UNSAFE,NA,SOUTH,Y,0,0,0,1,0,0,0,1,DRIVER,FRONT LEFT,NOT INJURED,20,HISPANIC,MALE,NO,SHOULDER & LAP BELT,"DEPLOYED, FRONT",NOT APPLICABLE,N,NONE,NA,NA,NONE,NOT APPLICABLE,NOT APPLICABLE,,DRIVER LICENSE,Texas,CLASS C,77373
15109432,3,MOTOR VEHICLE,N,Y,UN,,NA,99,NA,NA,UNKNOWN,N,,NA,NA,NA,NA,NA,NA,NA,NA,,,,NONE,NA,NA,SOUTH,N,0,0,0,0,1,0,0,1,DRIVER,FRONT LEFT,NOT INJURED,40,WHITE,FEMALE,NO,SHOULDER & LAP BELT,DEPLOYED MULTIPLE,NOT APPLICABLE,N,NONE,NA,NA,NONE,NOT APPLICABLE,NOT APPLICABLE,,DRIVER LICENSE,Texas,CLASS C AND M,77382
15109432,2,MOTOR VEHICLE,N,Y,TX,5NPET4AC4AH596103,NA,WHI,HYUNDAI,SONATA,"PASSENGER CAR, 4-DOOR",N,77382,1,PROOF OF LIABILITY INSURANCE,BACK END (LEFT) DAMAGE PARTIAL CONTACT,DAMAGED 4,5,RIGHT FRONT QUARTER DAMAGE ANGULAR IMPACT,DAMAGED 3,4,N,NORTH FREEWAY AUTO 713-694-6604,"11360 EASTEX FREEWAY HOUSTON, TX 77093",NONE,NA,NA,SOUTH,Y,0,0,0,1,0,0,0,1,DRIVER,FRONT LEFT,NOT INJURED,40,WHITE,FEMALE,NO,SHOULDER & LAP BELT,DEPLOYED MULTIPLE,NOT APPLICABLE,N,NONE,NA,NA,NONE,NOT APPLICABLE,NOT APPLICABLE,,DRIVER LICENSE,Texas,CLASS C AND M,77382
15109432,1,MOTOR VEHICLE,N,Y,TX,4T4BF1FKXFR490598,NA,SIL,TOYOTA,CAMRY,"PASSENGER CAR, 4-DOOR",N,77373,1,PROOF OF LIABILITY INSURANCE,FRONT END DAMAGE CONCENTRATED IMPACT,DAMAGED 4,12,NA,NA,NA,N,LIGHTNING ROADSIDE 832-233-5621,"11360 EASTEX FREEWAY HOUSTON, TX 77093",FAULTY EVASIVE ACTION,CHANGED LANE WHEN UNSAFE,NA,SOUTH,Y,0,0,0,1,0,0,0,1,DRIVER,FRONT LEFT,NOT INJURED,40,WHITE,FEMALE,NO,SHOULDER & LAP BELT,DEPLOYED MULTIPLE,NOT APPLICABLE,N,NONE,NA,NA,NONE,NOT APPLICABLE,NOT APPLICABLE,,DRIVER LICENSE,Texas,CLASS C AND M,77382
15134290,1,MOTOR VEHICLE,N,Y,TX,3B7HC13Z6VG740780,1997,GRY,DODGE,RAM 1500,PICKUP,N,78537,2,NA,FRONT END DAMAGE DISTRIBUTED IMPACT,DAMAGED 2,12,NA,NA,NA,N,,,UNDER INFLUENCE - ALCOHOL,NA,NA,NORTH,Y,0,0,0,1,0,0,0,1,DRIVER,FRONT LEFT,POSSIBLE INJURY,28,HISPANIC,MALE,NO,SHOULDER & LAP BELT,NOT DEPLOYED,NOT APPLICABLE,N,NONE,NA,NA,NONE,NOT APPLICABLE,NOT APPLICABLE,,DRIVER LICENSE,Texas,CLASS C,78516
15010103,1,MOTOR VEHICLE,N,Y,TX,WDBJF65H9XA747930,1999,BLK,MERCEDES-BENZ,E320,"PASSENGER CAR, 4-DOOR",N,77099,1,LIABILITY INSURANCE POLICY,RIGHT BACK QUARTER DAMAGE ANGULAR IMPACT,DAMAGED 2,4,NA,NA,NA,N,,,FAILED TO CONTROL SPEED,NA,UNSAFE SPEED,NORTHWEST,Y,0,0,0,1,0,0,0,1,DRIVER,FRONT LEFT,NOT INJURED,17,HISPANIC,MALE,NO,SHOULDER & LAP BELT,NOT DEPLOYED,NOT APPLICABLE,N,NONE,NA,NA,NONE,NOT APPLICABLE,NOT APPLICABLE,,DRIVER LICENSE,Texas,CLASS C,77099
15012641,1,MOTOR VEHICLE,N,Y,TX,2MEFM75W0YX723234,2000,WHI,MERCURY,GRAND MARQUIS,"PASSENGER CAR, 4-DOOR",N,76543,2,NA,FRONT END (RIGHT)  DAMAGE PARTIAL CONTACT,DAMAGED 3,1,FRONT END DAMAGE DISTRIBUTED IMPACT,DAMAGED 4,12,Y,GOODE TOWING  (254)526-2774,"5209 S 195  KILLEEN, TX  76549",FLEEING OR EVADING POLICE,FAULTY EVASIVE ACTION,NA,SOUTHEAST,Y,0,0,1,0,0,1,0,1,DRIVER,FRONT LEFT,POSSIBLE INJURY,26,BLACK,MALE,NO,NONE,"DEPLOYED, FRONT",NOT APPLICABLE,N,NONE,NA,NA,NONE,NOT APPLICABLE,NOT APPLICABLE,,DRIVER LICENSE,Texas,CLASS C,76543
15083244,2,MOTOR VEHICLE,N,Y,OK,1J4RR4GG1BC697794,NA,GRN,JEEP,GRAND CHEROKEE,SPORT UTILITY VEHICLE,N,74105,1,PROOF OF LIABILITY INSURANCE,FRONT END DAMAGE DISTRIBUTED IMPACT,DAMAGED 3,12,NA,NA,NA,N,,,FAILED TO CONTROL SPEED,DRIVER INATTENTION,NA,SOUTHEAST,Y,0,0,0,1,0,0,0,1,DRIVER,FRONT LEFT,NOT INJURED,58,WHITE,FEMALE,NO,SHOULDER & LAP BELT,NOT DEPLOYED,NOT APPLICABLE,N,NONE,NA,NA,NONE,NOT APPLICABLE,NOT APPLICABLE,,DRIVER LICENSE,Texas,CLASS C,75007
15083244,2,MOTOR VEHICLE,N,Y,OK,1J4RR4GG1BC697794,NA,GRN,JEEP,GRAND CHEROKEE,SPORT UTILITY VEHICLE,N,74105,1,PROOF OF LIABILITY INSURANCE,FRONT END DAMAGE DISTRIBUTED IMPACT,DAMAGED 3,12,NA,NA,NA,N,,,FAILED TO CONTROL SPEED,DRIVER INATTENTION,NA,SOUTHEAST,Y,0,0,0,1,0,0,0,1,DRIVER,FRONT LEFT,NOT INJURED,29,WHITE,MALE,NO,SHOULDER & LAP BELT,NOT DEPLOYED,NOT APPLICABLE,N,NONE,NA,NA,NONE,NOT APPLICABLE,NOT APPLICABLE,,DRIVER LICENSE,Oklahoma,OTHER/OUT OF STATE,75218
15105613,1,MOTOR VEHICLE,N,Y,TX,3VWFE21CX2M442149,2002,GRY,VOLKSWAGEN,BEETLE,"PASSENGER CAR, 2-DOOR",N,78586,1,PROOF OF LIABILITY INSURANCE,FRONT END DAMAGE CONCENTRATED IMPACT,DAMAGED 3,12,NA,NA,NA,Y,PARTIDAS WRECKER,"1555 S SAM HOUSTON BLVD, SAN BENITO, TX",UNDER INFLUENCE - ALCOHOL,FAILED TO CONTROL SPEED,NA,EAST,Y,0,0,0,1,0,0,0,1,DRIVER,FRONT LEFT,NOT INJURED,21,HISPANIC,MALE,NO,SHOULDER & LAP BELT,"DEPLOYED, FRONT",NOT APPLICABLE,N,BREATH,Positive,0.17,NONE,NOT APPLICABLE,NOT APPLICABLE,,DRIVER LICENSE,Texas,CLASS C,78586
15105613,1,MOTOR VEHICLE,N,Y,TX,3VWFE21CX2M442149,2002,GRY,VOLKSWAGEN,BEETLE,"PASSENGER CAR, 2-DOOR",N,78586,1,PROOF OF LIABILITY INSURANCE,FRONT END DAMAGE CONCENTRATED IMPACT,DAMAGED 3,12,NA,NA,NA,Y,PARTIDAS WRECKER,"1555 S SAM HOUSTON BLVD, SAN BENITO, TX",UNDER INFLUENCE - ALCOHOL,FAILED TO CONTROL SPEED,NA,EAST,Y,0,0,0,1,0,0,0,1,DRIVER,FRONT LEFT,NON-INCAPACITATING INJURY,55,HISPANIC,MALE,NO,SHOULDER & LAP BELT,NOT DEPLOYED,NOT APPLICABLE,N,NONE,NA,NA,NONE,NOT APPLICABLE,NOT APPLICABLE,,COMMERCIAL DRIVER LIC.,Texas,CLASS A AND M,78586
15122712,1,MOTOR VEHICLE,N,Y,TX,1FMEU31857UA31825,2007,GRY,FORD,EXPLORER SPORT TRAC,PICKUP,N,76708,1,PROOF OF LIABILITY INSURANCE,BACK END (LEFT) DAMAGE PARTIAL CONTACT,DAMAGED 1 MINIMUM,6,NA,NA,NA,N,,,BACKED WITHOUT SAFETY,DRIVER INATTENTION,OTHER (EXPLAIN IN NARRATIVE),NORTH,Y,0,0,0,1,0,0,0,1,DRIVER,FRONT LEFT,NOT INJURED,24,HISPANIC,MALE,NO,SHOULDER & LAP BELT,NOT DEPLOYED,NOT APPLICABLE,N,NONE,NA,NA,NONE,NOT APPLICABLE,NOT APPLICABLE,,DRIVER LICENSE,Texas,CLASS C,76706
15134008,1,MOTOR VEHICLE,N,Y,TX,2G1WT58K381336626,NA,SIL,CHEVROLET,IMPALA,"PASSENGER CAR, 4-DOOR",N,78643,1,PROOF OF LIABILITY INSURANCE,BACK END (RIGHT) DAMAGE PARTIAL CONTACT,DAMAGED 2,7,NA,NA,NA,N,,,BACKED WITHOUT SAFETY,UNDER INFLUENCE - ALCOHOL,NA,NORTHWEST,Y,0,0,0,0,1,0,0,1,DRIVER,FRONT LEFT,UNKNOWN,23,WHITE,MALE,NO,UNKNOWN,NOT DEPLOYED,NOT APPLICABLE,N,BLOOD,Positive,0.103,BLOOD,UNKNOWN,UNKNOWN,,DRIVER LICENSE,Texas,CLASS C,77065
15134008,1,MOTOR VEHICLE,N,Y,TX,2G1WT58K381336626,NA,SIL,CHEVROLET,IMPALA,"PASSENGER CAR, 4-DOOR",N,78643,1,PROOF OF LIABILITY INSURANCE,BACK END (RIGHT) DAMAGE PARTIAL CONTACT,DAMAGED 2,7,NA,NA,NA,N,,,BACKED WITHOUT SAFETY,UNDER INFLUENCE - ALCOHOL,NA,NORTHWEST,Y,0,0,0,0,1,0,0,1,DRIVER,FRONT LEFT,NOT INJURED,52,WHITE,MALE,NO,SHOULDER & LAP BELT,NOT DEPLOYED,NOT APPLICABLE,N,NONE,NA,NA,NONE,NOT APPLICABLE,NOT APPLICABLE,,DRIVER LICENSE,Texas,CLASS C,78669
15008857,1,MOTOR VEHICLE,N,Y,TX,1G1YA2DW3A5101377,NA,BLK,CHEVROLET,CORVETTE,"PASSENGER CAR, 2-DOOR",N,75115,1,PROOF OF LIABILITY INSURANCE,DISTRIBUTED LEFT SIDE DAMAGE PARALLEL IMPACT,DAMAGED 2,11,FRONT END (RIGHT)  DAMAGE PARTIAL CONTACT,DAMAGED 2,1,Y,24 HR WRECKER SERVICE,"616 N JEFFERSON ST.  LANCASTER, TX.",HAD BEEN DRINKING,NA,NA,NORTHEAST,Y,0,0,0,1,0,0,0,1,DRIVER,FRONT LEFT,NOT INJURED,45,BLACK,MALE,NO,SHOULDER & LAP BELT,NOT DEPLOYED,NOT APPLICABLE,N,BLOOD,NA,NA,NONE,NOT APPLICABLE,NOT APPLICABLE,,DRIVER LICENSE,Texas,CLASS C,75115
15008857,1,MOTOR VEHICLE,N,Y,TX,1G1YA2DW3A5101377,NA,BLK,CHEVROLET,CORVETTE,"PASSENGER CAR, 2-DOOR",N,75115,1,PROOF OF LIABILITY INSURANCE,DISTRIBUTED LEFT SIDE DAMAGE PARALLEL IMPACT,DAMAGED 2,11,FRONT END (RIGHT)  DAMAGE PARTIAL CONTACT,DAMAGED 2,1,Y,24 HR WRECKER SERVICE,"616 N JEFFERSON ST.  LANCASTER, TX.",HAD BEEN DRINKING,NA,NA,NORTHEAST,Y,0,0,0,1,0,0,0,1,PEDESTRIAN,"PEDESTRIAN, PEDALCYCLIST, OR MOTORIZED CONVEYANCE",POSSIBLE INJURY,37,BLACK,MALE,NOT APPLICABLE,NOT APPLICABLE,NOT APPLICABLE,NOT APPLICABLE,N,NONE,NA,NA,NONE,NOT APPLICABLE,NOT APPLICABLE,,DRIVER LICENSE,Texas,CLASS C,75104
15044532,1,MOTOR VEHICLE,N,Y,TX,1FTRX07W1YKA69373,2000,GRY,FORD,F150,PICKUP,N,75062,1,PROOF OF LIABILITY INSURANCE,RIGHT SIDE DAMAGE ANGULAR IMPACT,DAMAGED 2,3,FRONT END (LEFT) DAMAGE PARTIAL CONTACT,DAMAGED 1 MINIMUM,11,N,OPERATOR,DRIVEN AWAY,FAILED TO YIELD ROW - TURNING LEFT,NA,NA,SOUTH,Y,0,0,0,1,0,0,0,1,DRIVER,FRONT LEFT,NOT INJURED,18,HISPANIC,MALE,NO,SHOULDER & LAP BELT,NOT DEPLOYED,NOT APPLICABLE,N,NONE,NA,NA,NONE,NOT APPLICABLE,NOT APPLICABLE,,DRIVER LICENSE,Texas,CLASS C,75062
15044532,1,MOTOR VEHICLE,N,Y,TX,1FTRX07W1YKA69373,2000,GRY,FORD,F150,PICKUP,N,75062,1,PROOF OF LIABILITY INSURANCE,RIGHT SIDE DAMAGE ANGULAR IMPACT,DAMAGED 2,3,FRONT END (LEFT) DAMAGE PARTIAL CONTACT,DAMAGED 1 MINIMUM,11,N,OPERATOR,DRIVEN AWAY,FAILED TO YIELD ROW - TURNING LEFT,NA,NA,SOUTH,Y,0,0,0,1,0,0,0,1,DRIVER,FRONT LEFT,NOT INJURED,46,BLACK,MALE,NO,SHOULDER & LAP BELT,NOT DEPLOYED,NOT APPLICABLE,N,NONE,NA,NA,NONE,NOT APPLICABLE,NOT APPLICABLE,,DRIVER LICENSE,Texas,CLASS C,75062
15044532,1,MOTOR VEHICLE,N,Y,TX,1FTRX07W1YKA69373,2000,GRY,FORD,F150,PICKUP,N,75062,1,PROOF OF LIABILITY INSURANCE,RIGHT SIDE DAMAGE ANGULAR IMPACT,DAMAGED 2,3,FRONT END (LEFT) DAMAGE PARTIAL CONTACT,DAMAGED 1 MINIMUM,11,N,OPERATOR,DRIVEN AWAY,FAILED TO YIELD ROW - TURNING LEFT,NA,NA,SOUTH,Y,0,0,0,1,0,0,0,1,DRIVER,FRONT LEFT,NOT INJURED,44,HISPANIC,MALE,NO,SHOULDER & LAP BELT,NOT DEPLOYED,NOT APPLICABLE,N,NONE,NA,NA,NONE,NOT APPLICABLE,NOT APPLICABLE,,COMMERCIAL DRIVER LIC.,Texas,CLASS C AND M,75062