CRASH_ID,UNIT_NBR,UNIT_DESC_ID,VEH_PARKED_FL,VEH_HNR_FL,VEH_LIC_STATE_ID,VIN,VEH_MOD_YEAR,VEH_COLOR_ID,VEH_MAKE_ID,VEH_MOD_ID,VEH_BODY_STYL_ID,EMER_RESPNDR_FL,OWNR_ZIP,FIN_RESP_PROOF_ID,FIN_RESP_TYPE_ID,VEH_DMAG_AREA_1_ID,VEH_DMAG_SCL_1_ID,FORCE_DIR_1_ID,VEH_DMAG_AREA_2_ID,VEH_DMAG_SCL_2_ID,FORCE_DIR_2_ID,VEH_INVENTORIED_FL,VEH_TRANSP_NAME,VEH_TRANSP_DEST,CONTRIB_FACTR_1_ID,CONTRIB_FACTR_2_ID,CONTRIB_FACTR_P1_ID,VEH_TRVL_DIR_ID,FIRST_HARM_EVT_INV_ID,INCAP_INJRY_CNT,NONINCAP_INJRY_CNT,POSS_INJRY_CNT,NON_INJRY_CNT,UNKN_INJRY_CNT,TOT_INJRY_CNT,DEATH_CNT,PRSN_NBR,PRSN_TYPE_ID,PRSN_OCCPNT_POS_ID,PRSN_INJRY_SEV_ID,PRSN_AGE,PRSN_ETHNICITY_ID,PRSN_GNDR_ID,PRSN_EJCT_ID,PRSN_REST_ID,PRSN_AIRBAG_ID,PRSN_HELMET_ID,PRSN_SOL_FL,PRSN_ALC_SPEC_TYPE_ID,PRSN_ALC_RSLT_ID,PRSN_BAC_TEST_RSLT,PRSN_DRG_SPEC_TYPE_ID,PRSN_DRG_RSLT_ID,DRVR_DRG_CAT_1_ID,PRSN_DEATH_TIME,DRVR_LIC_TYPE_ID,DRVR_LIC_STATE_ID,DRVR_LIC_CLS_ID,DRVR_ZIP
15022271,1,MOTOR VEHICLE,N,Y,TX,3VW2K7AJ9CM402892,NA,WHI,VOLKSWAGEN,JETTA,"PASSENGER CAR, 4-DOOR",N,79928,1,LIABILITY INSURANCE POLICY,FRONT END DAMAGE DISTRIBUTED IMPACT,DAMAGED 4,12,LEFT FRONT QUARTER DAMAGE ANGULAR IMPACT,DAMAGED 4,10,N,SOHLE TOWING,331 INVERNESS,OTHER (EXPLAIN IN NARRATIVE),NA,NA,EAST,Y,0,0,0,1,0,0,0,1,DRIVER,FRONT LEFT,NOT INJURED,18,HISPANIC,FEMALE,NO,SHOULDER & LAP BELT,NOT DEPLOYED,NOT APPLICABLE,N,NONE,NA,NA,NONE,NOT APPLICABLE,NOT APPLICABLE,,DRIVER LICENSE,Texas,CLASS C,79928
15022271,2,MOTOR VEHICLE,N,Y,TX,1GNDM19W1WB115097,1998,WHI,CHEVROLET,ASTRO,VAN,N,79838,1,LIABILITY INSURANCE POLICY,FRONT END DAMAGE DISTRIBUTED IMPACT,DAMAGED 2,12,LEFT SIDE DAMAGE ANGULAR IMPACT,DAMAGED 3,9,Y,SOHLE TOWING,11615 RAILROAD,NONE,NA,NA,EAST,N,0,0,1,0,0,1,0,1,DRIVER,FRONT LEFT,POSSIBLE INJURY,57,HISPANIC,MALE,NO,SHOULDER & LAP BELT,NOT DEPLOYED,NOT APPLICABLE,N,NONE,NA,NA,NONE,NOT APPLICABLE,NOT APPLICABLE,,COMMERCIAL DRIVER LIC.,Texas,CLASS A,79838
15022271,1,MOTOR VEHICLE,N,Y,TX,3VW2K7AJ9CM402892,NA,WHI,VOLKSWAGEN,JETTA,"PASSENGER CAR, 4-DOOR",N,79928,1,LIABILITY INSURANCE POLICY,FRONT END DAMAGE DISTRIBUTED IMPACT,DAMAGED 4,12,LEFT FRONT QUARTER DAMAGE ANGULAR IMPACT,DAMAGED 4,10,N,SOHLE TOWING,331 INVERNESS,OTHER (EXPLAIN IN NARRATIVE),NA,NA,EAST,Y,0,0,0,1,0,0,0,1,DRIVER,FRONT LEFT,POSSIBLE INJURY,57,HISPANIC,MALE,NO,SHOULDER & LAP BELT,NOT DEPLOYED,NOT APPLICABLE,N,NONE,NA,NA,NONE,NOT APPLICABLE,NOT APPLICABLE,,COMMERCIAL DRIVER LIC.,Texas,CLASS A,79838
15034058,1,MOTOR VEHICLE,N,Y,TX,1FMZU63P0YZB26336,2000,BLU,FORD,EXPLORER,"PASSENGER CAR, 4-DOOR",N,77429,1,LIABILITY INSURANCE POLICY,FRONT END DAMAGE DISTRIBUTED IMPACT,DAMAGED 1 MINIMUM,11,BACK END DAMAGE DISTRIBUTED IMPACT,DAMAGED 1 MINIMUM,7,Y,CROWN WRECKER,"11837 WEST MONTGOMERY HOUSTON,TX 77086",FAILED TO DRIVE IN SINGLE LANE,NA,NA,EAST,Y,0,0,0,1,0,0,0,1,DRIVER,FRONT LEFT,NOT INJURED,29,WHITE,MALE,NO,SHOULDER & LAP BELT,DEPLOYED MULTIPLE,NOT APPLICABLE,N,NONE,NA,NA,NONE,NOT APPLICABLE,NOT APPLICABLE,,DRIVER LICENSE,Texas,CLASS C,77429
15055129,3,MOTOR VEHICLE,N,Y,TX,1FMRU17W91LA84973,2001,BLK,FORD,UNKNOWN,SPORT UTILITY VEHICLE,N,77013,2,NA,NA,NA,NA,NA,NA,NA,N,,,NONE,NA,NA,NORTH,N,0,0,0,0,1,0,0,1,DRIVER,FRONT LEFT,NOT INJURED,26,HISPANIC,MALE,NO,SHOULDER & LAP BELT,DEPLOYED MULTIPLE,NOT APPLICABLE,N,NONE,NA,NA,NONE,NOT APPLICABLE,NOT APPLICABLE,,DRIVER LICENSE,Texas,CLASS C,77020
15055129,3,MOTOR VEHICLE,N,Y,TX,1FMRU17W91LA84973,2001,BLK,FORD,UNKNOWN,SPORT UTILITY VEHICLE,N,77013,2,NA,NA,NA,NA,NA,NA,NA,N,,,NONE,NA,NA,NORTH,N,0,0,0,0,1,0,0,1,DRIVER,FRONT LEFT,NOT INJURED,36,HISPANIC,FEMALE,NO,SHOULDER & LAP BELT,NOT DEPLOYED,NOT APPLICABLE,N,NONE,NA,NA,NONE,NOT APPLICABLE,NOT APPLICABLE,,DRIVER LICENSE,Texas,CLASS C,77530
15092259,1,MOTOR VEHICLE,N,Y,TX,1FTNX21F82ED00679,2002,BLK,FORD,F250,PICKUP,N,77551,1,PROOF OF LIABILITY INSURANCE,FRONT END DAMAGE DISTRIBUTED IMPACT,DAMAGED 3,12,NA,NA,NA,Y,LEFT ON SCENE,LEFT ON SCENE,FAILED TO YIELD ROW - STOP SIGN,NA,NA,NORTHWEST,Y,0,0,0,1,0,0,0,1,DRIVER,FRONT LEFT,NOT INJURED,30,WHITE,MALE,NO,SHOULDER & LAP BELT,NOT DEPLOYED,NOT APPLICABLE,N,BLOOD,NA,NA,BLOOD,UNKNOWN,UNKNOWN,,DRIVER LICENSE,Texas,CLASS C,77590
15084701,1,MOTOR VEHICLE,N,Y,TX,5TBBT48181S219803,2001,GRN,TOYOTA,TUNDRA,TRUCK,N,76543,1,PROOF OF LIABILITY INSURANCE,DISTRIBUTED RIGHT SIDE DAMAGE PARALLEL IMPACT,DAMAGED 2,12,NA,NA,NA,N,,,FAILED TO PASS TO LEFT SAFELY,NA,NA,NORTH,Y,0,0,0,1,0,0,0,1,DRIVER,FRONT LEFT,NOT INJURED,68,OTHER,MALE,NO,SHOULDER & LAP BELT,NOT DEPLOYED,NOT APPLICABLE,N,NONE,NA,NA,NONE,NOT APPLICABLE,NOT APPLICABLE,,DRIVER LICENSE,Texas,CLASS C,76543
15084701,1,MOTOR VEHICLE,N,Y,TX,5TBBT48181S219803,2001,GRN,TOYOTA,TUNDRA,TRUCK,N,76543,1,PROOF OF LIABILITY INSURANCE,DISTRIBUTED RIGHT SIDE DAMAGE PARALLEL IMPACT,DAMAGED 2,12,NA,NA,NA,N,,,FAILED TO PASS TO LEFT SAFELY,NA,NA,NORTH,Y,0,0,0,1,0,0,0,1,PASSENGER/OCCUPANT,FRONT LEFT,NOT INJURED,39,WHITE,FEMALE,NO,SHOULDER & LAP BELT,NOT DEPLOYED,NOT APPLICABLE,N,NONE,NA,NA,NONE,NOT APPLICABLE,NOT APPLICABLE,,DRIVER LICENSE,Texas,CLASS C,76543
15131777,1,MOTOR VEHICLE,N,Y,TX,1B7HC13Z8WJ206244,1998,WHI,DODGE,RAM 1500,PICKUP,N,75773,1,PROOF OF LIABILITY INSURANCE,FRONT END (LEFT) DAMAGE PARTIAL CONTACT,DAMAGED 1 MINIMUM,11,NA,NA,NA,N,,,FAILED TO PASS TO RIGHT SAFELY,NA,NA,EAST,Y,0,0,0,1,0,0,0,1,DRIVER,FRONT LEFT,NOT INJURED,55,WHITE,MALE,NO,SHOULDER & LAP BELT,NOT DEPLOYED,NOT APPLICABLE,N,NONE,NA,NA,NONE,NOT APPLICABLE,NOT APPLICABLE,,DRIVER LICENSE,Texas,CLASS C,75773
15131777,1,MOTOR VEHICLE,N,Y,TX,1B7HC13Z8WJ206244,1998,WHI,DODGE,RAM 1500,PICKUP,N,75773,1,PROOF OF LIABILITY INSURANCE,FRONT END (LEFT) DAMAGE PARTIAL CONTACT,DAMAGED 1 MINIMUM,11,NA,NA,NA,N,,,FAILED TO PASS TO RIGHT SAFELY,NA,NA,EAST,Y,0,0,0,1,0,0,0,1,DRIVER,FRONT LEFT,NOT INJURED,58,WHITE,MALE,NO,SHOULDER & LAP BELT,NOT DEPLOYED,NOT APPLICABLE,N,NONE,NA,NA,NONE,NOT APPLICABLE,NOT APPLICABLE,,DRIVER LICENSE,Texas,CLASS C AND M,75707
15040960,1,MOTOR VEHICLE,N,Y,TX,1GKDT13W1W2560691,1998,GRN,GMC,JIMMY,UNKNOWN,N,79336,1,PROOF OF LIABILITY INSURANCE,BACK END (RIGHT) DAMAGE PARTIAL CONTACT,DAMAGED 1 MINIMUM,6,NA,NA,NA,N,FLED THE SCENE,,BACKED WITHOUT SAFETY,NA,NA,NORTHEAST,Y,0,0,0,0,1,0,0,1,DRIVER,FRONT LEFT,UNKNOWN,36,WHITE,FEMALE,NO,UNKNOWN,NOT DEPLOYED,NOT APPLICABLE,N,NONE,NA,NA,NONE,NOT APPLICABLE,NOT APPLICABLE,,DRIVER LICENSE,Texas,CLASS C,79336
15104427,1,MOTOR VEHICLE,N,Y,TX,1GNUCBE02AR106919,NA,WHI,CHEVROLET,TAHOE,SPORT UTILITY VEHICLE,N,77007,1,LIABILITY INSURANCE POLICY,FRONT END DAMAGE DISTRIBUTED IMPACT,DAMAGED 1 MINIMUM,12,TOP DAMAGE ONLY,NO DAMAGE,12,Y,ACE WRECKER,4320 WINNIE STREET,HAD BEEN DRINKING,NA,NA,NORTH,Y,0,0,0,1,0,0,0,1,DRIVER,FRONT LEFT,NOT INJURED,35,WHITE,FEMALE,NO,SHOULDER & LAP BELT,NOT DEPLOYED,NOT APPLICABLE,N,BLOOD,NA,NA,NONE,NOT APPLICABLE,NOT APPLICABLE,,DRIVER LICENSE,Texas,CLASS C,77007
15077963,1,MOTOR VEHICLE,N,Y,TX,1G1JF12F247309985,2004,BLK,CHEVROLET,CAVALIER,"PASSENGER CAR, 2-DOOR",N,77523,1,LIABILITY INSURANCE POLICY,FRONT END (LEFT) DAMAGE PARTIAL CONTACT,DAMAGED 1 MINIMUM,11,NA,NA,NA,N,KOSTKA,6106 BAYWAY DR.  PH # (713)  586-9253,WRONG SIDE - APPROACH OR INTERSECTION,NA,NA,SOUTHEAST,Y,0,0,0,1,0,0,0,1,DRIVER,FRONT LEFT,NOT INJURED,35,BLACK,FEMALE,NO,UNKNOWN,NOT DEPLOYED,NOT APPLICABLE,N,NONE,NA,NA,NONE,NOT APPLICABLE,NOT APPLICABLE,,DRIVER LICENSE,Texas,CLASS C,77523
15077963,1,MOTOR VEHICLE,N,Y,TX,1G1JF12F247309985,2004,BLK,CHEVROLET,CAVALIER,"PASSENGER CAR, 2-DOOR",N,77523,1,LIABILITY INSURANCE POLICY,FRONT END (LEFT) DAMAGE PARTIAL CONTACT,DAMAGED 1 MINIMUM,11,NA,NA,NA,N,KOSTKA,6106 BAYWAY DR.  PH # (713)  586-9253,WRONG SIDE - APPROACH OR INTERSECTION,NA,NA,SOUTHEAST,Y,0,0,0,1,0,0,0,1,DRIVER,FRONT LEFT,NOT INJURED,29,BLACK,MALE,NO,SHOULDER & LAP BELT,NOT DEPLOYED,NOT APPLICABLE,N,NONE,NA,NA,NONE,NOT APPLICABLE,NOT APPLICABLE,,DRIVER LICENSE,Texas,CLASS C,77520
15078271,2,MOTOR VEHICLE,N,Y,UN,JTLKT324264039633,2006,MAR,TOYOTA,SCION XB,"PASSENGER CAR, 4-DOOR",N,77085,2,NA,RIGHT FRONT QUARTER DAMAGE ANGULAR IMPACT,DAMAGED 2,3,DISTRIBUTED LEFT SIDE DAMAGE PARALLEL IMPACT,DAMAGED 1 MINIMUM,7,N,DRIVER,UNKNOWN LOCATION,NA,NA,DISREGARD STOP AND GO SIGNAL,WEST,Y,0,0,0,0,1,0,0,1,DRIVER,FRONT LEFT,NOT INJURED,31,WHITE,MALE,NO,SHOULDER & LAP BELT,NOT DEPLOYED,NOT APPLICABLE,N,NONE,NA,NA,NONE,NOT APPLICABLE,NOT APPLICABLE,,DRIVER LICENSE,Texas,CLASS C,77511
15127873,1,MOTOR VEHICLE,N,Y,TX,1G1AK55F377152115,2007,BGE,CHEVROLET,COBALT,"PASSENGER CAR, 4-DOOR",N,78572,1,PROOF OF LIABILITY INSURANCE,FRONT END DAMAGE DISTRIBUTED IMPACT,DAMAGED 1 MINIMUM,1,NA,NA,NA,N,ESCALERA WRECKER,1515 W 3 MILE,FAILED TO STOP AT PROPER PLACE,NA,NA,NORTH,Y,0,0,0,1,0,0,0,1,DRIVER,FRONT LEFT,NOT INJURED,25,HISPANIC,FEMALE,NO,SHOULDER & LAP BELT,NOT DEPLOYED,NOT APPLICABLE,N,NONE,NA,NA,NONE,NOT APPLICABLE,NOT APPLICABLE,,DRIVER LICENSE,Texas,CLASS C,78572
15127873,1,MOTOR VEHICLE,N,Y,TX,1G1AK55F377152115,2007,BGE,CHEVROLET,COBALT,"PASSENGER CAR, 4-DOOR",N,78572,1,PROOF OF LIABILITY INSURANCE,FRONT END DAMAGE DISTRIBUTED IMPACT,DAMAGED 1 MINIMUM,1,NA,NA,NA,N,ESCALERA WRECKER,1515 W 3 MILE,FAILED TO STOP AT PROPER PLACE,NA,NA,NORTH,Y,0,0,0,1,0,0,0,1,DRIVER,FRONT LEFT,NOT INJURED,32,HISPANIC,FEMALE,NO,SHOULDER & LAP BELT,NOT DEPLOYED,NOT APPLICABLE,N,NONE,NA,NA,NONE,NOT APPLICABLE,NOT APPLICABLE,,DRIVER LICENSE,Texas,CLASS C,78573
15134815,1,MOTOR VEHICLE,N,Y,TX,5N1AN0NW9FN655784,NA,BLU,NISSAN,XTERRA,SPORT UTILITY VEHICLE,N,79410,1,PROOF OF LIABILITY INSURANCE,FRONT END DAMAGE DISTRIBUTED IMPACT,DAMAGED 3,12,NA,NA,NA,N,DRIVEN FROM SCENE BY OWNER,,FAILED TO DRIVE IN SINGLE LANE,NA,NA,EAST,Y,0,0,0,1,0,0,0,1,DRIVER,FRONT LEFT,NOT INJURED,31,WHITE,FEMALE,NO,SHOULDER BELT ONLY,NOT DEPLOYED,NOT APPLICABLE,N,NONE,NA,NA,NONE,NOT APPLICABLE,NOT APPLICABLE,,DRIVER LICENSE,Texas,CLASS C,79410
15137617,1,MOTOR VEHICLE,N,Y,TX,1GKS2KE78CR158160,NA,BLK,GMC,YUKON,POLICE CAR/TRUCK,N,75231,1,PROOF OF LIABILITY INSURANCE,FRONT END (LEFT) DAMAGE PARTIAL CONTACT,DAMAGED 4,11,RIGHT SIDE AND TOP DAMAGE ROLLOVER EFFECTS,DAMAGED 2,3,Y,SIGNATURE TOWING,"(127924) 1204 MUNICIPAL DR, PLANO, TX",FAILED TO DRIVE IN SINGLE LANE,NA,UNDER INFLUENCE - ALCOHOL,UNKNOWN,Y,0,0,0,1,0,0,0,1,DRIVER,FRONT LEFT,NOT INJURED,43,BLACK,MALE,NO,SHOULDER & LAP BELT,DEPLOYED MULTIPLE,NOT APPLICABLE,N,NONE,NA,NA,NONE,NOT APPLICABLE,NOT APPLICABLE,,DRIVER LICENSE,Texas,CLASS C,75231
15003084,1,MOTOR VEHICLE,N,Y,TX,1D7HA16K53J607403,2003,RED,DODGE,RAM 1500,PICKUP,N,76706,1,LIABILITY INSURANCE POLICY,FRONT END DAMAGE DISTRIBUTED IMPACT,DAMAGED 5,12,NA,NA,NA,Y,TOW KING,1601 E. TAYLOR,HAD BEEN DRINKING,NA,NA,SOUTH,Y,0,0,0,1,0,0,0,1,DRIVER,FRONT LEFT,NOT INJURED,44,HISPANIC,MALE,NO,SHOULDER & LAP BELT,NOT DEPLOYED,NOT APPLICABLE,N,BLOOD,NA,NA,BLOOD,UNKNOWN,UNKNOWN,,DRIVER LICENSE,Texas,CLASS C,76706
15003084,1,MOTOR VEHICLE,N,Y,TX,1D7HA16K53J607403,2003,RED,DODGE,RAM 1500,PICKUP,N,76706,1,LIABILITY INSURANCE POLICY,FRONT END DAMAGE DISTRIBUTED IMPACT,DAMAGED 5,12,NA,NA,NA,Y,TOW KING,1601 E. TAYLOR,HAD BEEN DRINKING,NA,NA,SOUTH,Y,0,0,0,1,0,0,0,1,DRIVER,FRONT LEFT,NOT INJURED,50,HISPANIC,FEMALE,NO,SHOULDER & LAP BELT,NOT DEPLOYED,NOT APPLICABLE,N,NONE,NA,NA,NONE,NOT APPLICABLE,NOT APPLICABLE,,DRIVER LICENSE,Texas,CLASS C,76707
15071813,1,MOTOR VEHICLE,N,Y,UN,1FTSE34L45HB01860,2005,99,FORD,ECONOLINE VAN,UNKNOWN,N,77087,1,PROOF OF LIABILITY INSURANCE,FRONT END DAMAGE DISTRIBUTED IMPACT,DAMAGED 1 MINIMUM,12,NA,NA,NA,N,CULLEN TOWING,13065 FONDREN ROAD,FAILED TO CONTROL SPEED,NA,NA,SOUTH,Y,0,0,0,1,0,0,0,1,DRIVER,FRONT LEFT,NOT INJURED,60,HISPANIC,MALE,NO,SHOULDER & LAP BELT,NOT DEPLOYED,NOT APPLICABLE,N,NONE,NA,NA,NONE,NOT APPLICABLE,NOT APPLICABLE,,DRIVER LICENSE,Texas,CLASS C,77087
15071813,1,MOTOR VEHICLE,N,Y,UN,1FTSE34L45HB01860,2005,99,FORD,ECONOLINE VAN,UNKNOWN,N,77087,1,PROOF OF LIABILITY INSURANCE,FRONT END DAMAGE DISTRIBUTED IMPACT,DAMAGED 1 MINIMUM,12,NA,NA,NA,N,CULLEN TOWING,13065 FONDREN ROAD,FAILED TO CONTROL SPEED,NA,NA,SOUTH,Y,0,0,0,1,0,0,0,1,DRIVER,FRONT LEFT,NOT INJURED,43,WHITE,FEMALE,NO,SHOULDER & LAP BELT,NOT DEPLOYED,NOT APPLICABLE,N,NONE,NA,NA,NONE,NOT APPLICABLE,NOT APPLICABLE,,DRIVER LICENSE,Texas,CLASS C,77089
15083049,3,MOTOR VEHICLE,N,Y,UN,,NA,99,NA,NA,UNKNOWN,N,,NA,NA,NA,NA,NA,NA,NA,NA,,,,NONE,NA,NA,EAST,Y,0,0,0,0,1,0,0,1,DRIVER,FRONT LEFT,NOT INJURED,46,WHITE,FEMALE,NO,SHOULDER & LAP BELT,NOT DEPLOYED,NOT APPLICABLE,N,NONE,NA,NA,NONE,NOT APPLICABLE,NOT APPLICABLE,,COMMERCIAL DRIVER LIC.,Texas,CLASS C AND M,78727
15083049,2,MOTOR VEHICLE,N,Y,UN,,NA,99,NA,NA,UNKNOWN,N,,NA,NA,NA,NA,NA,NA,NA,NA,,,,NONE,NA,NA,EAST,N,0,0,0,0,1,0,0,1,DRIVER,FRONT LEFT,NOT INJURED,46,WHITE,FEMALE,NO,SHOULDER & LAP BELT,NOT DEPLOYED,NOT APPLICABLE,N,NONE,NA,NA,NONE,NOT APPLICABLE,NOT APPLICABLE,,COMMERCIAL DRIVER LIC.,Texas,CLASS C AND M,78727
15106676,1,MOTOR VEHICLE,N,Y,TX,1GCVKREC4EZ393379,NA,WHI,CHEVROLET,SILVERADO,PICKUP,N,79424,1,PROOF OF LIABILITY INSURANCE,FRONT END (LEFT) DAMAGE PARTIAL CONTACT,DAMAGED 2,12,NA,NA,NA,N,FLED THE SCENE,,FAILED TO CONTROL SPEED,NA,NA,SOUTHEAST,Y,0,0,0,1,0,0,0,1,DRIVER,FRONT LEFT,NOT INJURED,26,WHITE,MALE,NO,UNKNOWN,NOT DEPLOYED,NOT APPLICABLE,N,NONE,NA,NA,NONE,NOT APPLICABLE,NOT APPLICABLE,,DRIVER LICENSE,Texas,CLASS C,79424
15135646,1,MOTOR VEHICLE,N,Y,TX,1LNHM87A7YY828429,2000,99,LINCOLN,LS,"PASSENGER CAR, 4-DOOR",N,78411,2,NA,FRONT END (LEFT) DAMAGE PARTIAL CONTACT,DAMAGED 3,11,NA,NA,NA,N,DRIVER,FLED THE SCENE,TURNED WHEN UNSAFE,FAULTY EVASIVE ACTION,NA,WEST,Y,0,0,0,1,0,0,0,1,DRIVER,FRONT LEFT,POSSIBLE INJURY,29,HISPANIC,MALE,NO,SHOULDER & LAP BELT,NOT DEPLOYED,NOT APPLICABLE,N,NONE,NA,NA,NONE,NOT APPLICABLE,NOT APPLICABLE,,DRIVER LICENSE,Texas,CLASS C,78405
15009455,1,MOTOR VEHICLE,N,Y,TX,1FTEX15N9NKA91888,1992,BRZ,FORD,F150,PICKUP,N,78881,1,PROOF OF LIABILITY INSURANCE,FRONT END DAMAGE DISTRIBUTED IMPACT,DAMAGED 1 MINIMUM,12,NA,NA,NA,N,DRIVEN BY OWNER,UNKNOWN,FAILED TO CONTROL SPEED,NA,NA,NORTH,Y,0,0,0,1,0,0,0,1,DRIVER,FRONT LEFT,NOT INJURED,22,WHITE,MALE,NO,UNKNOWN,NOT DEPLOYED,NOT APPLICABLE,N,NONE,NA,NA,NONE,NOT APPLICABLE,NOT APPLICABLE,,DRIVER LICENSE,Texas,CLASS C,78881
15009455,1,MOTOR VEHICLE,N,Y,TX,1FTEX15N9NKA91888,1992,BRZ,FORD,F150,PICKUP,N,78881,1,PROOF OF LIABILITY INSURANCE,FRONT END DAMAGE DISTRIBUTED IMPACT,DAMAGED 1 MINIMUM,12,NA,NA,NA,N,DRIVEN BY OWNER,UNKNOWN,FAILED TO CONTROL SPEED,NA,NA,NORTH,Y,0,0,0,1,0,0,0,1,DRIVER,FRONT LEFT,POSSIBLE INJURY,48,WHITE,MALE,NO,SHOULDER & LAP BELT,NOT DEPLOYED,NOT APPLICABLE,N,NONE,NA,NA,NONE,NOT APPLICABLE,NOT APPLICABLE,,DRIVER LICENSE,Texas,CLASS C,78801
15024518,1,MOTOR VEHICLE,N,Y,TX,5TEKU72N15Z059760,2005,SIL,TOYOTA,TUNDRA,PICKUP,N,76306,2,NA,FRONT END DAMAGE DISTRIBUTED IMPACT,DAMAGED 2,12,NA,NA,NA,N,DRIVER,DRIVEN AWAY,FAILED TO CONTROL SPEED,ROAD RAGE,HAD BEEN DRINKING,SOUTH,Y,0,0,0,0,1,0,0,1,DRIVER,FRONT LEFT,UNKNOWN,29,WHITE,MALE,NO,SHOULDER & LAP BELT,UNKNOWN,NOT APPLICABLE,N,NONE,NA,NA,NONE,NOT APPLICABLE,NOT APPLICABLE,,DRIVER LICENSE,Texas,CLASS C,76306
15024518,1,MOTOR VEHICLE,N,Y,TX,5TEKU72N15Z059760,2005,SIL,TOYOTA,TUNDRA,PICKUP,N,76306,2,NA,FRONT END DAMAGE DISTRIBUTED IMPACT,DAMAGED 2,12,NA,NA,NA,N,DRIVER,DRIVEN AWAY,FAILED TO CONTROL SPEED,ROAD RAGE,HAD BEEN DRINKING,SOUTH,Y,0,0,0,0,1,0,0,1,DRIVER,FRONT LEFT,NOT INJURED,27,WHITE,FEMALE,NO,SHOULDER & LAP BELT,NOT DEPLOYED,NOT APPLICABLE,N,NONE,NA,NA,NONE,NOT APPLICABLE,NOT APPLICABLE,,DRIVER LICENSE,Texas,CLASS C,76302
15028018,1,MOTOR VEHICLE,N,Y,UN,,NA,BRO,TOYOTA,COROLLA,"PASSENGER CAR, 4-DOOR",N,,NA,NA,RIGHT FRONT QUARTER DAMAGE ANGULAR IMPACT,DAMAGED 2,2,NA,NA,NA,N,,,FAILED TO YIELD ROW - TURNING LEFT,NA,NA,NORTH,Y,0,0,0,1,0,0,0,1,DRIVER OF MOTORCYCLE TYPE VEHICLE,FRONT LEFT,NOT INJURED,24,BLACK,MALE,NOT APPLICABLE,NOT APPLICABLE,NOT APPLICABLE,"WORN, NOT DAMAGED",N,NONE,NA,NA,NONE,NOT APPLICABLE,NOT APPLICABLE,,DRIVER LICENSE,Texas,CLASS C AND M,77095
15104909,1,MOTOR VEHICLE,N,Y,TX,5TBBT44102S308997,2002,SIL,TOYOTA,TUNDRA,PICKUP,N,79414,1,PROOF OF LIABILITY INSURANCE,FRONT END DAMAGE DISTRIBUTED IMPACT,DAMAGED 2,12,NA,NA,NA,N,DRIVEN FROM SCENE BY DRIVER,,FAILED TO CONTROL SPEED,NA,NA,SOUTH,Y,0,0,0,1,0,0,0,1,DRIVER,FRONT LEFT,NOT INJURED,76,WHITE,MALE,NO,SHOULDER & LAP BELT,NOT DEPLOYED,NOT APPLICABLE,N,NONE,NA,NA,NONE,NOT APPLICABLE,NOT APPLICABLE,,DRIVER LICENSE,Texas,CLASS C,79414
15104909,1,MOTOR VEHICLE,N,Y,TX,5TBBT44102S308997,2002,SIL,TOYOTA,TUNDRA,PICKUP,N,79414,1,PROOF OF LIABILITY INSURANCE,FRONT END DAMAGE DISTRIBUTED IMPACT,DAMAGED 2,12,NA,NA,NA,N,DRIVEN FROM SCENE BY DRIVER,,FAILED TO CONTROL SPEED,NA,NA,SOUTH,Y,0,0,0,1,0,0,0,1,DRIVER,FRONT LEFT,POSSIBLE INJURY,30,HISPANIC,MALE,NO,SHOULDER & LAP BELT,NOT DEPLOYED,NOT APPLICABLE,N,NONE,NA,NA,NONE,NOT APPLICABLE,NOT APPLICABLE,,DRIVER LICENSE,Texas,CLASS C,79404
15106368,1,MOTOR VEHICLE,N,Y,CO,1GNSKBKC9FR571245,NA,SIL,CHEVROLET,TAHOE,SPORT UTILITY VEHICLE,N,77032,2,NA,RIGHT FRONT QUARTER DAMAGE ANGULAR IMPACT,DAMAGED 2,1,RIGHT BACK QUARTER DAMAGE ANGULAR IMPACT,DAMAGED 2,5,N,ZONE 3 COLLISION,8310 E. HARDY,FAILED TO DRIVE IN SINGLE LANE,NA,NA,WEST,Y,0,0,0,0,1,0,0,1,DRIVER,FRONT LEFT,UNKNOWN,26,WHITE,MALE,NO,UNKNOWN,DEPLOYED MULTIPLE,NOT APPLICABLE,N,NONE,NA,NA,NONE,NOT APPLICABLE,NOT APPLICABLE,,DRIVER LICENSE,Texas,CLASS C,77063
15106368,1,MOTOR VEHICLE,N,Y,CO,1GNSKBKC9FR571245,NA,SIL,CHEVROLET,TAHOE,SPORT UTILITY VEHICLE,N,77032,2,NA,RIGHT FRONT QUARTER DAMAGE ANGULAR IMPACT,DAMAGED 2,1,RIGHT BACK QUARTER DAMAGE ANGULAR IMPACT,DAMAGED 2,5,N,ZONE 3 COLLISION,8310 E. HARDY,FAILED TO DRIVE IN SINGLE LANE,NA,NA,WEST,Y,0,0,0,0,1,0,0,1,DRIVER,FRONT LEFT,POSSIBLE INJURY,53,HISPANIC,FEMALE,NO,SHOULDER & LAP BELT,NOT DEPLOYED,NOT APPLICABLE,N,NONE,NA,NA,NONE,NOT APPLICABLE,NOT APPLICABLE,,DRIVER LICENSE,Louisiana,OTHER/OUT OF STATE,70560
15106368,1,MOTOR VEHICLE,N,Y,CO,1GNSKBKC9FR571245,NA,SIL,CHEVROLET,TAHOE,SPORT UTILITY VEHICLE,N,77032,2,NA,RIGHT FRONT QUARTER DAMAGE ANGULAR IMPACT,DAMAGED 2,1,RIGHT BACK QUARTER DAMAGE ANGULAR IMPACT,DAMAGED 2,5,N,ZONE 3 COLLISION,8310 E. HARDY,FAILED TO DRIVE IN SINGLE LANE,NA,NA,WEST,Y,0,0,0,0,1,0,0,1,DRIVER,FRONT LEFT,POSSIBLE INJURY,35,WHITE,MALE,NO,SHOULDER & LAP BELT,NOT DEPLOYED,NOT APPLICABLE,N,NONE,NA,NA,NONE,NOT APPLICABLE,NOT APPLICABLE,,DRIVER LICENSE,Texas,CLASS C,77002