CRASH_ID,UNIT_NBR,UNIT_DESC_ID,VEH_PARKED_FL,VEH_HNR_FL,VEH_LIC_STATE_ID,VIN,VEH_MOD_YEAR,VEH_COLOR_ID,VEH_MAKE_ID,VEH_MOD_ID,VEH_BODY_STYL_ID,EMER_RESPNDR_FL,OWNR_ZIP,FIN_RESP_PROOF_ID,FIN_RESP_TYPE_ID,VEH_DMAG_AREA_1_ID,VEH_DMAG_SCL_1_ID,FORCE_DIR_1_ID,VEH_DMAG_AREA_2_ID,VEH_DMAG_SCL_2_ID,FORCE_DIR_2_ID,VEH_INVENTORIED_FL,VEH_TRANSP_NAME,VEH_TRANSP_DEST,CONTRIB_FACTR_1_ID,CONTRIB_FACTR_2_ID,CONTRIB_FACTR_P1_ID,VEH_TRVL_DIR_ID,FIRST_HARM_EVT_INV_ID,INCAP_INJRY_CNT,NONINCAP_INJRY_CNT,POSS_INJRY_CNT,NON_INJRY_CNT,UNKN_INJRY_CNT,TOT_INJRY_CNT,DEATH_CNT,PRSN_NBR,PRSN_TYPE_ID,PRSN_OCCPNT_POS_ID,PRSN_INJRY_SEV_ID,PRSN_AGE,PRSN_ETHNICITY_ID,PRSN_GNDR_ID,PRSN_EJCT_ID,PRSN_REST_ID,PRSN_AIRBAG_ID,PRSN_HELMET_ID,PRSN_SOL_FL,PRSN_ALC_SPEC_TYPE_ID,PRSN_ALC_RSLT_ID,PRSN_BAC_TEST_RSLT,PRSN_DRG_SPEC_TYPE_ID,PRSN_DRG_RSLT_ID,DRVR_DRG_CAT_1_ID,PRSN_DEATH_TIME,DRVR_LIC_TYPE_ID,DRVR_LIC_STATE_ID,DRVR_LIC_CLS_ID,DRVR_ZIP
15132501,1,MOTOR VEHICLE,N,Y,TX,KNDJD736475670889,2007,BLU,KIA,SORENTO,SPORT UTILITY VEHICLE,N,75028,1,PROOF OF LIABILITY INSURANCE,FRONT END (RIGHT)  DAMAGE PARTIAL CONTACT,DAMAGED 2,12,NA,NA,NA,N,DRIVEN AWAY,DRIVER,DISREGARD STOP AND GO SIGNAL,NA,NA,EAST,Y,0,0,0,1,0,0,0,1,DRIVER,FRONT LEFT,NOT INJURED,17,WHITE,MALE,NO,SHOULDER & LAP BELT,NOT DEPLOYED,NOT APPLICABLE,N,NONE,NA,NA,NONE,NOT APPLICABLE,NOT APPLICABLE,,DRIVER LICENSE,Texas,CLASS C,75028
15132501,1,MOTOR VEHICLE,N,Y,TX,KNDJD736475670889,2007,BLU,KIA,SORENTO,SPORT UTILITY VEHICLE,N,75028,1,PROOF OF LIABILITY INSURANCE,FRONT END (RIGHT)  DAMAGE PARTIAL CONTACT,DAMAGED 2,12,NA,NA,NA,N,DRIVEN AWAY,DRIVER,DISREGARD STOP AND GO SIGNAL,NA,NA,EAST,Y,0,0,0,1,0,0,0,1,DRIVER,FRONT LEFT,POSSIBLE INJURY,39,WHITE,FEMALE,NO,SHOULDER & LAP BELT,NOT DEPLOYED,NOT APPLICABLE,N,NONE,NA,NA,NONE,NOT APPLICABLE,NOT APPLICABLE,,DRIVER LICENSE,Texas,CLASS C,75028
15067731,2,MOTOR VEHICLE,N,Y,TX,1FMYU03192KA95091,2002,RED,FORD,ESCAPE,SPORT UTILITY VEHICLE,N,78526,1,PROOF OF LIABILITY INSURANCE,RIGHT FRONT QUARTER DAMAGE ANGULAR IMPACT,DAMAGED 1 MINIMUM,3,NA,NA,NA,N,FLED SCENE,,FAILED TO YIELD ROW - PRIVATE DRIVE,NA,NA,SOUTHWEST,Y,0,0,0,1,0,0,0,1,DRIVER,FRONT LEFT,NOT INJURED,27,WHITE,FEMALE,NO,SHOULDER & LAP BELT,NOT DEPLOYED,NOT APPLICABLE,N,NONE,NA,NA,NONE,NOT APPLICABLE,NOT APPLICABLE,,DRIVER LICENSE,Texas,CLASS C,78520
15112319,1,MOTOR VEHICLE,N,Y,SD,1FDWF36FX1ED07245,2001,WHI,FORD,F350,PICKUP,N,75074,1,PROOF OF LIABILITY INSURANCE,RIGHT FRONT QUARTER DAMAGE ANGULAR IMPACT,DAMAGED 1 MINIMUM,3,NA,NA,NA,N,,,FAILED TO DRIVE IN SINGLE LANE,NA,NA,SOUTH,Y,0,0,0,1,0,0,0,1,DRIVER,FRONT LEFT,NOT INJURED,61,HISPANIC,MALE,NO,SHOULDER & LAP BELT,NOT DEPLOYED,NOT APPLICABLE,N,NONE,NA,NA,NONE,NOT APPLICABLE,NOT APPLICABLE,,DRIVER LICENSE,Texas,CLASS C,75041
15112319,1,MOTOR VEHICLE,N,Y,SD,1FDWF36FX1ED07245,2001,WHI,FORD,F350,PICKUP,N,75074,1,PROOF OF LIABILITY INSURANCE,RIGHT FRONT QUARTER DAMAGE ANGULAR IMPACT,DAMAGED 1 MINIMUM,3,NA,NA,NA,N,,,FAILED TO DRIVE IN SINGLE LANE,NA,NA,SOUTH,Y,0,0,0,1,0,0,0,1,DRIVER,FRONT LEFT,NOT INJURED,71,WHITE,FEMALE,NOT APPLICABLE,SHOULDER & LAP BELT,NOT DEPLOYED,NOT APPLICABLE,N,NONE,NA,NA,NONE,NOT APPLICABLE,NOT APPLICABLE,,DRIVER LICENSE,Texas,CLASS C,75044
15116996,1,MOTOR VEHICLE,N,Y,TX,2G1WT55K569142134,2006,SIL,CHEVROLET,IMPALA,"PASSENGER CAR, 4-DOOR",N,77584,1,PROOF OF LIABILITY INSURANCE,FRONT END (LEFT) DAMAGE PARTIAL CONTACT,DAMAGED 1 MINIMUM,1,NA,NA,NA,N,,,CHANGED LANE WHEN UNSAFE,FAILED TO CONTROL SPEED,NA,WEST,Y,0,0,0,1,0,0,0,1,DRIVER,FRONT LEFT,NOT INJURED,38,BLACK,FEMALE,NO,SHOULDER & LAP BELT,NOT DEPLOYED,NOT APPLICABLE,N,NONE,NA,NA,NONE,NOT APPLICABLE,NOT APPLICABLE,,DRIVER LICENSE,Texas,CLASS C,77545
15138366,1,MOTOR VEHICLE,N,Y,UN,,NA,99,UNKNOWN,UNKNOWN,UNKNOWN,N,,2,NA,NA,NA,NA,NA,NA,NA,N,UNKNOWN,UNKNOWN,CHANGED LANE WHEN UNSAFE,NA,NA,NORTH,Y,0,0,0,0,1,0,0,1,DRIVER,FRONT LEFT,NOT INJURED,31,BLACK,MALE,NO,SHOULDER & LAP BELT,NOT DEPLOYED,NOT APPLICABLE,N,NONE,NA,NA,NONE,NOT APPLICABLE,NOT APPLICABLE,,DRIVER LICENSE,Texas,CLASS C,77459
15138366,1,MOTOR VEHICLE,N,Y,UN,,NA,99,UNKNOWN,UNKNOWN,UNKNOWN,N,,2,NA,NA,NA,NA,NA,NA,NA,N,UNKNOWN,UNKNOWN,CHANGED LANE WHEN UNSAFE,NA,NA,NORTH,Y,0,0,0,0,1,0,0,1,DRIVER,FRONT LEFT,NOT INJURED,31,BLACK,MALE,NO,SHOULDER & LAP BELT,NOT DEPLOYED,NOT APPLICABLE,N,NONE,NA,NA,NONE,NOT APPLICABLE,NOT APPLICABLE,,DRIVER LICENSE,Texas,CLASS C,77459
15138366,1,MOTOR VEHICLE,N,Y,UN,,NA,99,UNKNOWN,UNKNOWN,UNKNOWN,N,,2,NA,NA,NA,NA,NA,NA,NA,N,UNKNOWN,UNKNOWN,CHANGED LANE WHEN UNSAFE,NA,NA,NORTH,Y,0,0,0,0,1,0,0,1,DRIVER,FRONT LEFT,NOT INJURED,24,WHITE,MALE,NO,SHOULDER & LAP BELT,NOT DEPLOYED,NOT APPLICABLE,N,NONE,NA,NA,NONE,NOT APPLICABLE,NOT APPLICABLE,,DRIVER LICENSE,Texas,CLASS C,77449
15138366,1,MOTOR VEHICLE,N,Y,UN,,NA,99,UNKNOWN,UNKNOWN,UNKNOWN,N,,2,NA,NA,NA,NA,NA,NA,NA,N,UNKNOWN,UNKNOWN,CHANGED LANE WHEN UNSAFE,NA,NA,NORTH,Y,0,0,0,0,1,0,0,1,DRIVER,FRONT LEFT,NOT INJURED,24,WHITE,MALE,NO,SHOULDER & LAP BELT,NOT DEPLOYED,NOT APPLICABLE,N,NONE,NA,NA,NONE,NOT APPLICABLE,NOT APPLICABLE,,DRIVER LICENSE,Texas,CLASS C,77449
15138366,1,MOTOR VEHICLE,N,Y,UN,,NA,99,UNKNOWN,UNKNOWN,UNKNOWN,N,,2,NA,NA,NA,NA,NA,NA,NA,N,UNKNOWN,UNKNOWN,CHANGED LANE WHEN UNSAFE,NA,NA,NORTH,Y,0,0,0,0,1,0,0,1,DRIVER,FRONT LEFT,NOT INJURED,34,BLACK,MALE,NO,SHOULDER & LAP BELT,NOT DEPLOYED,NOT APPLICABLE,N,NONE,NA,NA,NONE,NOT APPLICABLE,NOT APPLICABLE,,DRIVER LICENSE,Texas,CLASS C,77044
15138366,1,MOTOR VEHICLE,N,Y,UN,,NA,99,UNKNOWN,UNKNOWN,UNKNOWN,N,,2,NA,NA,NA,NA,NA,NA,NA,N,UNKNOWN,UNKNOWN,CHANGED LANE WHEN UNSAFE,NA,NA,NORTH,Y,0,0,0,0,1,0,0,1,DRIVER,FRONT LEFT,NOT INJURED,34,BLACK,MALE,NO,SHOULDER & LAP BELT,NOT DEPLOYED,NOT APPLICABLE,N,NONE,NA,NA,NONE,NOT APPLICABLE,NOT APPLICABLE,,DRIVER LICENSE,Texas,CLASS C,77044
15005683,1,MOTOR VEHICLE,N,Y,TX,1FTRX12W94KD93338,2004,WHI,FORD,F150,PICKUP,N,78415,1,PROOF OF LIABILITY INSURANCE,LEFT BACK QUARTER DAMAGE ANGULAR IMPACT,DAMAGED 1 MINIMUM,7,NA,NA,NA,N,UNKNOWN DRIVER,UNKNOWN LOCATION,BACKED WITHOUT SAFETY,NA,NA,SOUTH,Y,0,0,0,1,0,0,0,1,DRIVER,FRONT LEFT,NOT INJURED,54,WHITE,FEMALE,NO,SHOULDER & LAP BELT,NOT DEPLOYED,NOT APPLICABLE,N,NONE,NA,NA,NONE,NOT APPLICABLE,NOT APPLICABLE,,DRIVER LICENSE,Texas,CLASS C,78415
15050067,2,MOTOR VEHICLE,N,Y,UN,,NA,99,NA,NA,UNKNOWN,N,,NA,NA,NA,NA,NA,NA,NA,NA,,,,NONE,NA,NA,NORTH,Y,0,0,0,0,1,0,0,1,DRIVER OF MOTORCYCLE TYPE VEHICLE,FRONT LEFT,POSSIBLE INJURY,46,WHITE,MALE,NOT APPLICABLE,NOT APPLICABLE,NOT APPLICABLE,NOT WORN,N,NONE,NA,NA,NONE,NOT APPLICABLE,NOT APPLICABLE,,DRIVER LICENSE,Texas,CLASS C,78747
15068373,1,MOTOR VEHICLE,N,Y,TX,1FTEW1C80FKE37358,NA,SIL,FORD,F150,PICKUP,N,78029,1,LIABILITY INSURANCE POLICY,FRONT END (LEFT) DAMAGE PARTIAL CONTACT,DAMAGED 4,11,NA,NA,NA,Y,CONTRACT,GROWDON POUND,FAILED TO CONTROL SPEED,HAD BEEN DRINKING,NA,EAST,Y,0,0,0,1,0,0,0,1,DRIVER,FRONT LEFT,NOT INJURED,54,WHITE,FEMALE,NO,SHOULDER & LAP BELT,NOT DEPLOYED,NOT APPLICABLE,N,BLOOD,Positive,0.19,NONE,NOT APPLICABLE,NOT APPLICABLE,,DRIVER LICENSE,Texas,CLASS C,78029
15068373,1,MOTOR VEHICLE,N,Y,TX,1FTEW1C80FKE37358,NA,SIL,FORD,F150,PICKUP,N,78029,1,LIABILITY INSURANCE POLICY,FRONT END (LEFT) DAMAGE PARTIAL CONTACT,DAMAGED 4,11,NA,NA,NA,Y,CONTRACT,GROWDON POUND,FAILED TO CONTROL SPEED,HAD BEEN DRINKING,NA,EAST,Y,0,0,0,1,0,0,0,1,DRIVER,FRONT LEFT,NOT INJURED,55,UNKNOWN,FEMALE,NO,SHOULDER & LAP BELT,NOT DEPLOYED,NOT APPLICABLE,N,NONE,NA,NA,NONE,NOT APPLICABLE,NOT APPLICABLE,,DRIVER LICENSE,Texas,CLASS C,78232
15034062,3,MOTOR VEHICLE,N,Y,UN,,NA,WHI,UNKNOWN,UNKNOWN,PICKUP,N,,NA,NA,BACK END DAMAGE DISTRIBUTED IMPACT,NO DAMAGE,6,NA,NA,NA,N,DRIVER,OWNER RECOVERED OR RELEASE TO OWNER,NONE,NA,NA,WEST,Y,0,0,0,0,1,0,0,1,DRIVER,FRONT LEFT,NOT INJURED,34,WHITE,MALE,NO,SHOULDER & LAP BELT,NOT DEPLOYED,NOT APPLICABLE,N,NONE,NA,NA,NONE,NOT APPLICABLE,NOT APPLICABLE,,DRIVER LICENSE,Texas,CLASS C,77379
15034062,3,MOTOR VEHICLE,N,Y,UN,,NA,WHI,UNKNOWN,UNKNOWN,PICKUP,N,,NA,NA,BACK END DAMAGE DISTRIBUTED IMPACT,NO DAMAGE,6,NA,NA,NA,N,DRIVER,OWNER RECOVERED OR RELEASE TO OWNER,NONE,NA,NA,WEST,Y,0,0,0,0,1,0,0,1,DRIVER,FRONT LEFT,NOT INJURED,34,WHITE,MALE,NO,SHOULDER & LAP BELT,NOT DEPLOYED,NOT APPLICABLE,N,NONE,NA,NA,NONE,NOT APPLICABLE,NOT APPLICABLE,,DRIVER LICENSE,Texas,CLASS C,77379
15034062,3,MOTOR VEHICLE,N,Y,UN,,NA,WHI,UNKNOWN,UNKNOWN,PICKUP,N,,NA,NA,BACK END DAMAGE DISTRIBUTED IMPACT,NO DAMAGE,6,NA,NA,NA,N,DRIVER,OWNER RECOVERED OR RELEASE TO OWNER,NONE,NA,NA,WEST,Y,0,0,0,0,1,0,0,1,DRIVER,FRONT LEFT,NOT INJURED,29,WHITE,MALE,NO,SHOULDER & LAP BELT,NOT DEPLOYED,NOT APPLICABLE,N,NONE,NA,NA,NONE,NOT APPLICABLE,NOT APPLICABLE,,DRIVER LICENSE,Texas,CLASS C,77447
15034062,3,MOTOR VEHICLE,N,Y,UN,,NA,WHI,UNKNOWN,UNKNOWN,PICKUP,N,,NA,NA,BACK END DAMAGE DISTRIBUTED IMPACT,NO DAMAGE,6,NA,NA,NA,N,DRIVER,OWNER RECOVERED OR RELEASE TO OWNER,NONE,NA,NA,WEST,Y,0,0,0,0,1,0,0,1,DRIVER,FRONT LEFT,NOT INJURED,29,WHITE,MALE,NO,SHOULDER & LAP BELT,NOT DEPLOYED,NOT APPLICABLE,N,NONE,NA,NA,NONE,NOT APPLICABLE,NOT APPLICABLE,,DRIVER LICENSE,Texas,CLASS C,77447
15036384,1,MOTOR VEHICLE,N,Y,UN,4T1CE38P16U658005,2006,99,TOYOTA,NA,UNKNOWN,N,77357,2,NA,FRONT END DAMAGE DISTRIBUTED IMPACT,DAMAGED 4,12,NA,NA,NA,N,DRIVEN AWAY,BY DRIVER,UNDER INFLUENCE - ALCOHOL,UNSAFE SPEED,NA,NORTH,Y,0,0,0,1,0,0,0,1,DRIVER,FRONT LEFT,NOT INJURED,44,BLACK,MALE,NO,SHOULDER & LAP BELT,NOT DEPLOYED,NOT APPLICABLE,N,BLOOD,Positive,0.22,NONE,NOT APPLICABLE,NOT APPLICABLE,,DRIVER LICENSE,Texas,CLASS C,77357
15036384,1,MOTOR VEHICLE,N,Y,UN,4T1CE38P16U658005,2006,99,TOYOTA,NA,UNKNOWN,N,77357,2,NA,FRONT END DAMAGE DISTRIBUTED IMPACT,DAMAGED 4,12,NA,NA,NA,N,DRIVEN AWAY,BY DRIVER,UNDER INFLUENCE - ALCOHOL,UNSAFE SPEED,NA,NORTH,Y,0,0,0,1,0,0,0,1,DRIVER,FRONT LEFT,NOT INJURED,26,WHITE,FEMALE,NO,SHOULDER & LAP BELT,NOT DEPLOYED,NOT APPLICABLE,N,NONE,NA,NA,NONE,NOT APPLICABLE,NOT APPLICABLE,,DRIVER LICENSE,Texas,CLASS C,77060
15082267,1,MOTOR VEHICLE,N,Y,UN,1J8HS58N38C213389,NA,99,JEEP,GRAND CHEROKEE,UNKNOWN,N,75022,1,PROOF OF LIABILITY INSURANCE,RIGHT SIDE AND TOP DAMAGE ROLLOVER EFFECTS,DAMAGED 5,1,NA,NA,NA,Y,PRO-TOW WRECKER,"1006 E MAIN, LEWISVILLE, TX 75057",FAILED TO CONTROL SPEED,HAD BEEN DRINKING,NA,WEST,Y,0,0,0,1,0,0,0,1,DRIVER,FRONT LEFT,NOT INJURED,25,WHITE,MALE,NO,UNKNOWN,"DEPLOYED, FRONT",NOT APPLICABLE,N,BLOOD,Positive,0.104,BLOOD,UNKNOWN,UNKNOWN,,DRIVER LICENSE,Texas,CLASS C,75022
15004123,1,MOTOR VEHICLE,N,Y,UN,2G1FP22G622148515,2002,99,CHEVROLET,CAMARO,UNKNOWN,N,77520,1,PROOF OF LIABILITY INSURANCE,FRONT END (RIGHT)  DAMAGE PARTIAL CONTACT,DAMAGED 4,1,NA,NA,NA,N,BAYTOWN TOWING,"6915 N HWY 146 BAYTOWN, TX",HAD BEEN DRINKING,NA,NA,SOUTH,Y,0,0,0,1,0,0,0,1,DRIVER,FRONT LEFT,NOT INJURED,19,WHITE,MALE,NO,SHOULDER & LAP BELT,"DEPLOYED, FRONT",NOT APPLICABLE,N,NONE,NA,NA,NONE,NOT APPLICABLE,NOT APPLICABLE,,DRIVER LICENSE,Texas,CLASS C,77520
15141259,1,MOTOR VEHICLE,N,Y,TX,1FTRW12W75KF11939,2005,BLU,FORD,F150,PICKUP,N,78213,2,LIABILITY INSURANCE POLICY,FRONT END (LEFT) DAMAGE PARTIAL CONTACT,DAMAGED 3,12,NA,NA,NA,N,DRIVER,FLED SCENE,FAILED TO CONTROL SPEED,NA,UNDER INFLUENCE - ALCOHOL,SOUTHWEST,Y,0,0,0,1,0,0,0,1,DRIVER,FRONT LEFT,NOT INJURED,46,HISPANIC,MALE,NO,SHOULDER & LAP BELT,NOT DEPLOYED,NOT APPLICABLE,N,NONE,NA,NA,NONE,NOT APPLICABLE,NOT APPLICABLE,,DRIVER LICENSE,Texas,CLASS C,78213
15141259,1,MOTOR VEHICLE,N,Y,TX,1FTRW12W75KF11939,2005,BLU,FORD,F150,PICKUP,N,78213,2,LIABILITY INSURANCE POLICY,FRONT END (LEFT) DAMAGE PARTIAL CONTACT,DAMAGED 3,12,NA,NA,NA,N,DRIVER,FLED SCENE,FAILED TO CONTROL SPEED,NA,UNDER INFLUENCE - ALCOHOL,SOUTHWEST,Y,0,0,0,1,0,0,0,1,DRIVER,FRONT LEFT,NOT INJURED,45,HISPANIC,FEMALE,NO,SHOULDER & LAP BELT,NOT DEPLOYED,NOT APPLICABLE,N,NONE,NA,NA,NONE,NOT APPLICABLE,NOT APPLICABLE,,DRIVER LICENSE,Texas,CLASS C,78109
15127978,1,MOTOR VEHICLE,N,Y,TX,5TDKK3DC5CS193630,NA,GLD,TOYOTA,SIENNA,UNKNOWN,N,78108,1,PROOF OF LIABILITY INSURANCE,FRONT END (RIGHT)  DAMAGE PARTIAL CONTACT,DAMAGED 3,1,NA,NA,NA,N,UNKNOWN,CALIBER COLLISION,NA,NA,ANIMAL ON ROAD- DOMESTIC,EAST,Y,0,0,0,1,0,0,0,1,DRIVER,FRONT LEFT,NOT INJURED,53,WHITE,MALE,NO,UNKNOWN,NOT DEPLOYED,NOT APPLICABLE,N,NONE,NA,NA,NONE,NOT APPLICABLE,NOT APPLICABLE,,DRIVER LICENSE,Texas,CLASS C,78108
15132576,2,MOTOR VEHICLE,N,Y,UN,,NA,99,NA,NA,UNKNOWN,N,,NA,NA,NA,NA,NA,NA,NA,NA,,,,FAILED TO PASS TO LEFT SAFELY,NA,NA,SOUTH,Y,0,0,0,0,1,0,0,1,DRIVER,FRONT LEFT,INCAPACITATING INJURY,32,WHITE,FEMALE,NO,SHOULDER & LAP BELT,UNKNOWN,NOT APPLICABLE,N,BLOOD,Positive,0.131,NONE,NOT APPLICABLE,NOT APPLICABLE,,DRIVER LICENSE,Florida,OTHER/OUT OF STATE,75554
15132576,1,MOTOR VEHICLE,N,Y,TX,3GNEC16R6XG212343,1999,TAN,CHEVROLET,C1500 SUBURBAN,SPORT UTILITY VEHICLE,N,75554,1,PROOF OF LIABILITY INSURANCE,VEHICLE BURNED,DAMAGED 7 HIGHEST,NA,NA,NA,NA,N,PITCOCKS WRECKER 904-784-6722,"1234 HWY 82 W. CLARKSVILLE, TX 75426",NONE,NA,NA,SOUTH,Y,1,0,0,0,0,1,0,1,DRIVER,FRONT LEFT,INCAPACITATING INJURY,32,WHITE,FEMALE,NO,SHOULDER & LAP BELT,UNKNOWN,NOT APPLICABLE,N,BLOOD,Positive,0.131,NONE,NOT APPLICABLE,NOT APPLICABLE,,DRIVER LICENSE,Florida,OTHER/OUT OF STATE,75554
15137993,1,MOTOR VEHICLE,N,Y,UN,,NA,99,NA,NA,UNKNOWN,N,,NA,NA,NA,NA,NA,NA,NA,NA,N,,,NONE,NA,NA,NORTH,Y,0,0,0,0,1,0,0,1,DRIVER,FRONT LEFT,POSSIBLE INJURY,30,WHITE,MALE,NO,SHOULDER & LAP BELT,"DEPLOYED, FRONT",NOT APPLICABLE,N,NONE,NA,NA,NONE,NOT APPLICABLE,NOT APPLICABLE,,DRIVER LICENSE,Texas,CLASS C,75034
15137993,1,MOTOR VEHICLE,N,Y,UN,,NA,99,NA,NA,UNKNOWN,N,,NA,NA,NA,NA,NA,NA,NA,NA,N,,,NONE,NA,NA,NORTH,Y,0,0,0,0,1,0,0,1,DRIVER,FRONT LEFT,NOT INJURED,39,WHITE,MALE,NO,SHOULDER & LAP BELT,NOT DEPLOYED,NOT APPLICABLE,N,NONE,NA,NA,NONE,NOT APPLICABLE,NOT APPLICABLE,,DRIVER LICENSE,Texas,CLASS C,75407
15052876,1,MOTOR VEHICLE,N,Y,TX,WDDGF8BBXAR111278,NA,BLK,MERCEDES-BENZ,C-CLASS,"PASSENGER CAR, 4-DOOR",N,76016,1,LIABILITY INSURANCE POLICY,FRONT END DAMAGE CONCENTRATED IMPACT,DAMAGED 5,12,FRONT END (RIGHT)  DAMAGE PARTIAL CONTACT,DAMAGED 6,1,Y,DAVES HIWAY WRECKER,3010 HARDROCK,FAILED TO CONTROL SPEED,NA,OTHER (EXPLAIN IN NARRATIVE),EAST,Y,0,0,0,1,0,0,0,1,DRIVER,FRONT LEFT,NOT INJURED,28,WHITE,MALE,NO,SHOULDER & LAP BELT,NOT DEPLOYED,NOT APPLICABLE,N,NONE,NA,NA,NONE,NOT APPLICABLE,NOT APPLICABLE,,DRIVER LICENSE,Texas,CLASS C,75043
15084403,1,MOTOR VEHICLE,N,Y,TX,1FAFP57S6WG130154,NA,BRO,FORD,TAURUS,"PASSENGER CAR, 4-DOOR",N,78840,1,LIABILITY INSURANCE POLICY,FRONT END DAMAGE CONCENTRATED IMPACT,DAMAGED 4,12,NA,NA,NA,Y,DEL RIO TOWING,"DEL RIO TOWING, 4204 HIGHWAY 90 EAST, DE",UNDER INFLUENCE - ALCOHOL,SPEEDING - (OVERLIMIT),NA,SOUTH,Y,0,0,0,1,0,0,0,1,DRIVER,FRONT LEFT,NOT INJURED,40,HISPANIC,FEMALE,NO,UNKNOWN,NOT DEPLOYED,NOT APPLICABLE,N,NONE,NA,NA,NONE,NOT APPLICABLE,NOT APPLICABLE,,DRIVER LICENSE,Texas,CLASS C,78840
15087035,1,MOTOR VEHICLE,N,Y,TX,1HGCD5625TA063389,1996,WHI,HONDA,CIVIC,"PASSENGER CAR, 4-DOOR",N,79701,3,PROOF OF LIABILITY INSURANCE,RIGHT FRONT QUARTER DAMAGE ANGULAR IMPACT,DAMAGED 3,NA,NA,NA,NA,Y,ACTION WRECKER SERVICE,1109 S MIDLAND DR MIDLAND TX 79703,UNDER INFLUENCE - ALCOHOL,FAILED TO DRIVE IN SINGLE LANE,NA,WEST,Y,0,0,0,1,0,0,0,1,DRIVER,FRONT LEFT,NOT INJURED,23,WHITE,FEMALE,NO,NONE,"DEPLOYED, FRONT",NOT APPLICABLE,N,BLOOD,NA,NA,NONE,NOT APPLICABLE,NOT APPLICABLE,,DRIVER LICENSE,California,OTHER/OUT OF STATE,79703
15090106,1,MOTOR VEHICLE,N,Y,UN,1N6BA06A45N543123,2005,99,NISSAN,TITAN,PICKUP,N,79701,1,PROOF OF LIABILITY INSURANCE,FRONT END (LEFT) DAMAGE PARTIAL CONTACT,DAMAGED 3,NA,NA,NA,NA,Y,ACTION WRECKER SERVICE,1109 S MIDLAND DR MIDLAND TX 79703,HAD BEEN DRINKING,OVERTAKE AND PASS INSUFFICIENT CLEARANCE,NA,NORTH,Y,0,0,0,1,0,0,0,1,DRIVER,FRONT LEFT,NOT INJURED,26,HISPANIC,MALE,NO,SHOULDER & LAP BELT,NOT DEPLOYED,NOT APPLICABLE,N,BLOOD,NA,NA,NONE,NOT APPLICABLE,NOT APPLICABLE,,DRIVER LICENSE,Texas,CLASS C,79701
15090106,1,MOTOR VEHICLE,N,Y,UN,1N6BA06A45N543123,2005,99,NISSAN,TITAN,PICKUP,N,79701,1,PROOF OF LIABILITY INSURANCE,FRONT END (LEFT) DAMAGE PARTIAL CONTACT,DAMAGED 3,NA,NA,NA,NA,Y,ACTION WRECKER SERVICE,1109 S MIDLAND DR MIDLAND TX 79703,HAD BEEN DRINKING,OVERTAKE AND PASS INSUFFICIENT CLEARANCE,NA,NORTH,Y,0,0,0,1,0,0,0,1,DRIVER,FRONT LEFT,NOT INJURED,40,HISPANIC,FEMALE,NO,SHOULDER & LAP BELT,NOT DEPLOYED,NOT APPLICABLE,N,NONE,NA,NA,NONE,NOT APPLICABLE,NOT APPLICABLE,,DRIVER LICENSE,Texas,CLASS C,79703
14996113,3,MOTOR VEHICLE,N,Y,UN,UNKNOWN,NA,WHI,HONDA,UNKNOWN,UNKNOWN,N,UNKNWON,NA,NA,BACK END DAMAGE DISTRIBUTED IMPACT,DAMAGED 1 MINIMUM,6,NA,NA,NA,N,DRIVER OF VEHICLE,DRIVEN AWAY FROM SCENE,NONE,NA,NA,SOUTH,N,0,0,0,0,1,0,0,1,DRIVER,FRONT LEFT,NOT INJURED,23,HISPANIC,MALE,NO,SHOULDER & LAP BELT,NOT DEPLOYED,NOT APPLICABLE,N,NONE,NA,NA,NONE,NOT APPLICABLE,NOT APPLICABLE,,DRIVER LICENSE,Texas,CLASS C,75104
14996113,2,MOTOR VEHICLE,N,Y,TX,JHMCG66001C007810,2001,BLK,HONDA,ACCORD,"PASSENGER CAR, 4-DOOR",N,77081,1,PROOF OF LIABILITY INSURANCE,BACK END DAMAGE DISTRIBUTED IMPACT,DAMAGED 4,6,FRONT END DAMAGE DISTRIBUTED IMPACT,DAMAGED 2,12,N,DRIVER OF VEHICLE,DRIVEN AWAY FROM SCENE,NONE,NA,NA,SOUTH,Y,0,0,0,4,0,0,0,1,DRIVER,FRONT LEFT,NOT INJURED,23,HISPANIC,MALE,NO,SHOULDER & LAP BELT,NOT DEPLOYED,NOT APPLICABLE,N,NONE,NA,NA,NONE,NOT APPLICABLE,NOT APPLICABLE,,DRIVER LICENSE,Texas,CLASS C,75104
14996113,1,MOTOR VEHICLE,N,Y,TX,1GNEC13T81R206342,2001,BLK,CHEVROLET,TAHOE,"PASSENGER CAR, 4-DOOR",N,75227,1,PROOF OF LIABILITY INSURANCE,FRONT END DAMAGE DISTRIBUTED IMPACT,DAMAGED 3,12,NA,NA,NA,N,DRIVER OF VEHICLE,DRIVEN AWAY FROM SCENE,FAILED TO CONTROL SPEED,NA,NA,SOUTH,Y,0,0,0,1,0,0,0,1,DRIVER,FRONT LEFT,NOT INJURED,23,HISPANIC,MALE,NO,SHOULDER & LAP BELT,NOT DEPLOYED,NOT APPLICABLE,N,NONE,NA,NA,NONE,NOT APPLICABLE,NOT APPLICABLE,,DRIVER LICENSE,Texas,CLASS C,75104