CRASH_ID,UNIT_NBR,UNIT_DESC_ID,VEH_PARKED_FL,VEH_HNR_FL,VEH_LIC_STATE_ID,VIN,VEH_MOD_YEAR,VEH_COLOR_ID,VEH_MAKE_ID,VEH_MOD_ID,VEH_BODY_STYL_ID,EMER_RESPNDR_FL,OWNR_ZIP,FIN_RESP_PROOF_ID,FIN_RESP_TYPE_ID,VEH_DMAG_AREA_1_ID,VEH_DMAG_SCL_1_ID,FORCE_DIR_1_ID,VEH_DMAG_AREA_2_ID,VEH_DMAG_SCL_2_ID,FORCE_DIR_2_ID,VEH_INVENTORIED_FL,VEH_TRANSP_NAME,VEH_TRANSP_DEST,CONTRIB_FACTR_1_ID,CONTRIB_FACTR_2_ID,CONTRIB_FACTR_P1_ID,VEH_TRVL_DIR_ID,FIRST_HARM_EVT_INV_ID,INCAP_INJRY_CNT,NONINCAP_INJRY_CNT,POSS_INJRY_CNT,NON_INJRY_CNT,UNKN_INJRY_CNT,TOT_INJRY_CNT,DEATH_CNT,PRSN_NBR,PRSN_TYPE_ID,PRSN_OCCPNT_POS_ID,PRSN_INJRY_SEV_ID,PRSN_AGE,PRSN_ETHNICITY_ID,PRSN_GNDR_ID,PRSN_EJCT_ID,PRSN_REST_ID,PRSN_AIRBAG_ID,PRSN_HELMET_ID,PRSN_SOL_FL,PRSN_ALC_SPEC_TYPE_ID,PRSN_ALC_RSLT_ID,PRSN_BAC_TEST_RSLT,PRSN_DRG_SPEC_TYPE_ID,PRSN_DRG_RSLT_ID,DRVR_DRG_CAT_1_ID,PRSN_DEATH_TIME,DRVR_LIC_TYPE_ID,DRVR_LIC_STATE_ID,DRVR_LIC_CLS_ID,DRVR_ZIP
15002741,3,MOTOR VEHICLE,N,Y,UN,,NA,99,NA,NA,UNKNOWN,N,,NA,NA,FRONT END DAMAGE DISTRIBUTED IMPACT,DAMAGED 2,12,NA,NA,NA,N,FLED SCENE EASTBOUND,,DRIVER INATTENTION,FAILED TO CONTROL SPEED,NA,SOUTHEAST,N,0,0,0,0,1,0,0,1,DRIVER,FRONT LEFT,NOT INJURED,24,HISPANIC,MALE,NO,SHOULDER & LAP BELT,NOT DEPLOYED,NOT APPLICABLE,N,NONE,NA,NA,NONE,NOT APPLICABLE,NOT APPLICABLE,,DRIVER LICENSE,Texas,CLASS C,78228
15002741,2,MOTOR VEHICLE,N,Y,TX,JT3GN87RXX0132605,1999,BGE,TOYOTA,4RUNNER,SPORT UTILITY VEHICLE,N,78006,1,PROOF OF LIABILITY INSURANCE,BACK END DAMAGE DISTRIBUTED IMPACT,DAMAGED 2,6,NA,NA,NA,N,DRIVEN AWAY  BY DRIVER,,NONE,NA,NA,SOUTHEAST,Y,0,0,1,0,0,1,0,1,DRIVER,FRONT LEFT,NOT INJURED,24,HISPANIC,MALE,NO,SHOULDER & LAP BELT,NOT DEPLOYED,NOT APPLICABLE,N,NONE,NA,NA,NONE,NOT APPLICABLE,NOT APPLICABLE,,DRIVER LICENSE,Texas,CLASS C,78228
15002741,1,MOTOR VEHICLE,N,Y,TX,3N1CE2CP7EL412108,NA,GRY,NISSAN,VERSA,"PASSENGER CAR, 4-DOOR",N,78228,1,PROOF OF LIABILITY INSURANCE,BACK END DAMAGE DISTRIBUTED IMPACT,DAMAGED 2,6,FRONT END DAMAGE DISTRIBUTED IMPACT,DAMAGED 2,12,N,DRIVEN AWAY BY LICENSED FRIEND,,NONE,NA,NA,SOUTHEAST,Y,0,0,0,1,0,0,0,1,DRIVER,FRONT LEFT,NOT INJURED,24,HISPANIC,MALE,NO,SHOULDER & LAP BELT,NOT DEPLOYED,NOT APPLICABLE,N,NONE,NA,NA,NONE,NOT APPLICABLE,NOT APPLICABLE,,DRIVER LICENSE,Texas,CLASS C,78228
15002741,3,MOTOR VEHICLE,N,Y,UN,,NA,99,NA,NA,UNKNOWN,N,,NA,NA,FRONT END DAMAGE DISTRIBUTED IMPACT,DAMAGED 2,12,NA,NA,NA,N,FLED SCENE EASTBOUND,,DRIVER INATTENTION,FAILED TO CONTROL SPEED,NA,SOUTHEAST,N,0,0,0,0,1,0,0,1,DRIVER,FRONT LEFT,POSSIBLE INJURY,50,WHITE,MALE,NO,SHOULDER & LAP BELT,NOT DEPLOYED,NOT APPLICABLE,N,NONE,NA,NA,NONE,NOT APPLICABLE,NOT APPLICABLE,,DRIVER LICENSE,Texas,CLASS C,78006
15002741,2,MOTOR VEHICLE,N,Y,TX,JT3GN87RXX0132605,1999,BGE,TOYOTA,4RUNNER,SPORT UTILITY VEHICLE,N,78006,1,PROOF OF LIABILITY INSURANCE,BACK END DAMAGE DISTRIBUTED IMPACT,DAMAGED 2,6,NA,NA,NA,N,DRIVEN AWAY  BY DRIVER,,NONE,NA,NA,SOUTHEAST,Y,0,0,1,0,0,1,0,1,DRIVER,FRONT LEFT,POSSIBLE INJURY,50,WHITE,MALE,NO,SHOULDER & LAP BELT,NOT DEPLOYED,NOT APPLICABLE,N,NONE,NA,NA,NONE,NOT APPLICABLE,NOT APPLICABLE,,DRIVER LICENSE,Texas,CLASS C,78006
15002741,1,MOTOR VEHICLE,N,Y,TX,3N1CE2CP7EL412108,NA,GRY,NISSAN,VERSA,"PASSENGER CAR, 4-DOOR",N,78228,1,PROOF OF LIABILITY INSURANCE,BACK END DAMAGE DISTRIBUTED IMPACT,DAMAGED 2,6,FRONT END DAMAGE DISTRIBUTED IMPACT,DAMAGED 2,12,N,DRIVEN AWAY BY LICENSED FRIEND,,NONE,NA,NA,SOUTHEAST,Y,0,0,0,1,0,0,0,1,DRIVER,FRONT LEFT,POSSIBLE INJURY,50,WHITE,MALE,NO,SHOULDER & LAP BELT,NOT DEPLOYED,NOT APPLICABLE,N,NONE,NA,NA,NONE,NOT APPLICABLE,NOT APPLICABLE,,DRIVER LICENSE,Texas,CLASS C,78006
15022964,3,MOTOR VEHICLE,N,Y,UN,,NA,BLU,MINI,COOPER,UNKNOWN,N,,NA,NA,BACK END DAMAGE DISTRIBUTED IMPACT,DAMAGED 1 MINIMUM,6,NA,NA,NA,N,,,NONE,NA,NA,NORTH,N,0,0,0,0,1,0,0,1,DRIVER,FRONT LEFT,NOT INJURED,17,WHITE,MALE,NO,SHOULDER & LAP BELT,NOT DEPLOYED,NOT APPLICABLE,N,NONE,NA,NA,NONE,NOT APPLICABLE,NOT APPLICABLE,,DRIVER LICENSE,Texas,CLASS C,76226
15022964,3,MOTOR VEHICLE,N,Y,UN,,NA,BLU,MINI,COOPER,UNKNOWN,N,,NA,NA,BACK END DAMAGE DISTRIBUTED IMPACT,DAMAGED 1 MINIMUM,6,NA,NA,NA,N,,,NONE,NA,NA,NORTH,N,0,0,0,0,1,0,0,1,DRIVER,FRONT LEFT,NOT INJURED,32,OTHER,FEMALE,NO,SHOULDER & LAP BELT,NOT DEPLOYED,NOT APPLICABLE,N,NONE,NA,NA,NONE,NOT APPLICABLE,NOT APPLICABLE,,DRIVER LICENSE,Texas,CLASS C,762050000
15051268,1,MOTOR VEHICLE,N,Y,TX,1HGEJ6670WL005492,1998,MAR,HONDA,CIVIC,"PASSENGER CAR, 4-DOOR",N,75243,1,LIABILITY INSURANCE POLICY,FRONT END DAMAGE DISTRIBUTED IMPACT,DAMAGED 4,1,NA,NA,NA,Y,SIGNATURE TOWING,"1204 MUNICIPAL AVE. PLANO, TX",FAILED TO DRIVE IN SINGLE LANE,NA,UNDER INFLUENCE - ALCOHOL,SOUTH,Y,0,0,0,0,1,0,0,1,DRIVER,FRONT LEFT,NON-INCAPACITATING INJURY,44,ASIAN,FEMALE,NO,SHOULDER & LAP BELT,"DEPLOYED, FRONT",NOT APPLICABLE,N,NONE,NA,NA,NONE,NOT APPLICABLE,NOT APPLICABLE,,DRIVER LICENSE,Texas,CLASS C,75002
15108466,1,MOTOR VEHICLE,N,Y,TX,1GKFC13C27R360197,2007,RED,GMC,YUKON,SPORT UTILITY VEHICLE,N,76006,2,NA,BACK END DAMAGE DISTRIBUTED IMPACT,DAMAGED 5,NA,FRONT END DAMAGE DISTRIBUTED IMPACT,DAMAGED 4,NA,Y,KELLY MCKNIGHT WRECKER 817-265-1336,"1108  HARRISON AVE, ARLINGTON, TX, 76011",FAILED TO CONTROL SPEED,NA,NA,NORTH,Y,0,0,0,1,0,0,0,1,DRIVER,FRONT LEFT,NOT INJURED,32,BLACK,MALE,NO,SHOULDER & LAP BELT,NOT DEPLOYED,NOT APPLICABLE,N,NONE,NA,NA,NONE,NOT APPLICABLE,NOT APPLICABLE,,DRIVER LICENSE,Texas,CLASS C,76006
15108466,1,MOTOR VEHICLE,N,Y,TX,1GKFC13C27R360197,2007,RED,GMC,YUKON,SPORT UTILITY VEHICLE,N,76006,2,NA,BACK END DAMAGE DISTRIBUTED IMPACT,DAMAGED 5,NA,FRONT END DAMAGE DISTRIBUTED IMPACT,DAMAGED 4,NA,Y,KELLY MCKNIGHT WRECKER 817-265-1336,"1108  HARRISON AVE, ARLINGTON, TX, 76011",FAILED TO CONTROL SPEED,NA,NA,NORTH,Y,0,0,0,1,0,0,0,1,DRIVER,FRONT LEFT,NON-INCAPACITATING INJURY,76,BLACK,MALE,NO,SHOULDER & LAP BELT,"DEPLOYED, FRONT",NOT APPLICABLE,N,NONE,NA,NA,NONE,NOT APPLICABLE,NOT APPLICABLE,,DRIVER LICENSE,Texas,CLASS C,76001
15108466,1,MOTOR VEHICLE,N,Y,TX,1GKFC13C27R360197,2007,RED,GMC,YUKON,SPORT UTILITY VEHICLE,N,76006,2,NA,BACK END DAMAGE DISTRIBUTED IMPACT,DAMAGED 5,NA,FRONT END DAMAGE DISTRIBUTED IMPACT,DAMAGED 4,NA,Y,KELLY MCKNIGHT WRECKER 817-265-1336,"1108  HARRISON AVE, ARLINGTON, TX, 76011",FAILED TO CONTROL SPEED,NA,NA,NORTH,Y,0,0,0,1,0,0,0,1,DRIVER,FRONT LEFT,NOT INJURED,41,WHITE,MALE,NO,SHOULDER & LAP BELT,NOT DEPLOYED,NOT APPLICABLE,N,NONE,NA,NA,NONE,NOT APPLICABLE,NOT APPLICABLE,,DRIVER LICENSE,Texas,CLASS C,75028
15117058,1,MOTOR VEHICLE,N,Y,TX,1FAFP45X9XF161074,1999,RED,FORD,MUSTANG,"PASSENGER CAR, 2-DOOR",N,77581,1,PROOF OF LIABILITY INSURANCE,LEFT FRONT QUARTER DAMAGE ANGULAR IMPACT,DAMAGED 1 MINIMUM,8,NA,NA,NA,N,BILL LAWRENCE WRECKER,BILL LAWRENCE WRECKER,FAILED TO CONTROL SPEED,NA,HAD BEEN DRINKING,NORTH,Y,0,0,0,1,0,0,0,1,DRIVER,FRONT LEFT,NOT INJURED,20,WHITE,MALE,NO,SHOULDER & LAP BELT,NOT DEPLOYED,NOT APPLICABLE,N,BREATH,Positive,0.155,NONE,NOT APPLICABLE,NOT APPLICABLE,,DRIVER LICENSE,Texas,CLASS C AND M,77581
15020893,1,MOTOR VEHICLE,N,Y,TX,2G1FB1E3XF9191446,NA,RED,CHEVROLET,CAMARO,"PASSENGER CAR, 2-DOOR",N,76708,1,PROOF OF LIABILITY INSURANCE,RIGHT FRONT QUARTER DAMAGE ANGULAR IMPACT,DAMAGED 4,12,NA,NA,NA,Y,TOW KING,"1601 E. TAYLOR, WACO, TX",UNDER INFLUENCE - ALCOHOL,NA,NA,SOUTH,Y,0,1,0,0,0,1,0,1,DRIVER,FRONT LEFT,NON-INCAPACITATING INJURY,44,WHITE,MALE,NO,UNKNOWN,NOT DEPLOYED,NOT APPLICABLE,N,BLOOD,Positive,0.266,NONE,NOT APPLICABLE,NOT APPLICABLE,,DRIVER LICENSE,Texas,CLASS C,76708
15092091,1,MOTOR VEHICLE,N,Y,TX,4F4CR12A4RTM32690,1994,BLK,MAZDA,B-SERIES PICKUP,PICKUP,N,,1,LIABILITY INSURANCE POLICY,FRONT END DAMAGE DISTRIBUTED IMPACT,DAMAGED 3,12,NA,NA,NA,Y,AMERICAN TOW,FWPD AUTO POUND,NONE,NA,NA,EAST,Y,0,0,0,1,0,0,0,1,DRIVER,FRONT LEFT,NOT INJURED,49,WHITE,FEMALE,NO,SHOULDER & LAP BELT,NOT DEPLOYED,NOT APPLICABLE,N,NONE,NA,NA,NONE,NOT APPLICABLE,NOT APPLICABLE,,DRIVER LICENSE,Texas,CLASS C,76116
15092091,1,MOTOR VEHICLE,N,Y,TX,4F4CR12A4RTM32690,1994,BLK,MAZDA,B-SERIES PICKUP,PICKUP,N,,1,LIABILITY INSURANCE POLICY,FRONT END DAMAGE DISTRIBUTED IMPACT,DAMAGED 3,12,NA,NA,NA,Y,AMERICAN TOW,FWPD AUTO POUND,NONE,NA,NA,EAST,Y,0,0,0,1,0,0,0,1,DRIVER,FRONT LEFT,POSSIBLE INJURY,45,BLACK,FEMALE,NO,SHOULDER & LAP BELT,NOT DEPLOYED,NOT APPLICABLE,N,NONE,NA,NA,NONE,NOT APPLICABLE,NOT APPLICABLE,,DRIVER LICENSE,Texas,CLASS C,76033
15113910,1,MOTOR VEHICLE,N,Y,UN,,NA,WHI,UNKNOWN,UNKNOWN,UNKNOWN,N,,2,NA,FRONT END (LEFT) DAMAGE PARTIAL CONTACT,DAMAGED 1 MINIMUM,2,NA,NA,NA,N,,,DISREGARD STOP AND GO SIGNAL,NA,NA,WEST,Y,0,0,0,0,1,0,0,1,DRIVER,FRONT LEFT,POSSIBLE INJURY,40,ASIAN,FEMALE,NO,SHOULDER & LAP BELT,NOT DEPLOYED,NOT APPLICABLE,N,NONE,NA,NA,NONE,NOT APPLICABLE,NOT APPLICABLE,,DRIVER LICENSE,Texas,CLASS C,
15113910,1,MOTOR VEHICLE,N,Y,UN,,NA,WHI,UNKNOWN,UNKNOWN,UNKNOWN,N,,2,NA,FRONT END (LEFT) DAMAGE PARTIAL CONTACT,DAMAGED 1 MINIMUM,2,NA,NA,NA,N,,,DISREGARD STOP AND GO SIGNAL,NA,NA,WEST,Y,0,0,0,0,1,0,0,1,DRIVER,FRONT LEFT,POSSIBLE INJURY,40,ASIAN,FEMALE,NO,SHOULDER & LAP BELT,NOT DEPLOYED,NOT APPLICABLE,N,NONE,NA,NA,NONE,NOT APPLICABLE,NOT APPLICABLE,,DRIVER LICENSE,Texas,CLASS C,
15113910,1,MOTOR VEHICLE,N,Y,UN,,NA,WHI,UNKNOWN,UNKNOWN,UNKNOWN,N,,2,NA,FRONT END (LEFT) DAMAGE PARTIAL CONTACT,DAMAGED 1 MINIMUM,2,NA,NA,NA,N,,,DISREGARD STOP AND GO SIGNAL,NA,NA,WEST,Y,0,0,0,0,1,0,0,1,DRIVER,FRONT LEFT,POSSIBLE INJURY,40,ASIAN,FEMALE,NO,SHOULDER & LAP BELT,NOT DEPLOYED,NOT APPLICABLE,N,NONE,NA,NA,NONE,NOT APPLICABLE,NOT APPLICABLE,,DRIVER LICENSE,Texas,CLASS C,
15113910,1,MOTOR VEHICLE,N,Y,UN,,NA,WHI,UNKNOWN,UNKNOWN,UNKNOWN,N,,2,NA,FRONT END (LEFT) DAMAGE PARTIAL CONTACT,DAMAGED 1 MINIMUM,2,NA,NA,NA,N,,,DISREGARD STOP AND GO SIGNAL,NA,NA,WEST,Y,0,0,0,0,1,0,0,1,DRIVER,FRONT LEFT,POSSIBLE INJURY,40,ASIAN,FEMALE,NO,SHOULDER & LAP BELT,NOT DEPLOYED,NOT APPLICABLE,N,NONE,NA,NA,NONE,NOT APPLICABLE,NOT APPLICABLE,,DRIVER LICENSE,Texas,CLASS C,
15033750,1,MOTOR VEHICLE,N,Y,TX,1ZVBP8AM1E5237527,NA,RED,FORD,MUSTANG,"PASSENGER CAR, 2-DOOR",N,79072,1,PROOF OF LIABILITY INSURANCE,FRONT END DAMAGE DISTRIBUTED IMPACT,DAMAGED 4,12,NA,NA,NA,N,NOT TOWED,FLED SCENE,CHANGED LANE WHEN UNSAFE,FAILED TO CONTROL SPEED,NA,EAST,Y,0,0,0,1,0,0,0,1,DRIVER,FRONT LEFT,NOT INJURED,19,HISPANIC,MALE,NO,UNKNOWN,NOT DEPLOYED,NOT APPLICABLE,N,NONE,NA,NA,NONE,NOT APPLICABLE,NOT APPLICABLE,,DRIVER LICENSE,Texas,CLASS C,78249
15033750,1,MOTOR VEHICLE,N,Y,TX,1ZVBP8AM1E5237527,NA,RED,FORD,MUSTANG,"PASSENGER CAR, 2-DOOR",N,79072,1,PROOF OF LIABILITY INSURANCE,FRONT END DAMAGE DISTRIBUTED IMPACT,DAMAGED 4,12,NA,NA,NA,N,NOT TOWED,FLED SCENE,CHANGED LANE WHEN UNSAFE,FAILED TO CONTROL SPEED,NA,EAST,Y,0,0,0,1,0,0,0,1,DRIVER,FRONT LEFT,NOT INJURED,42,HISPANIC,MALE,NO,SHOULDER & LAP BELT,NOT DEPLOYED,NOT APPLICABLE,N,NONE,NA,NA,NONE,NOT APPLICABLE,NOT APPLICABLE,,DRIVER LICENSE,Texas,CLASS C,78249
15047832,2,MOTOR VEHICLE,N,Y,UN,,NA,99,UNKNOWN,UNKNOWN,UNKNOWN,N,,2,NA,NA,NA,NA,NA,NA,NA,N,,,FAILED TO DRIVE IN SINGLE LANE,NA,NA,WEST,N,0,0,0,0,1,0,0,1,DRIVER,FRONT LEFT,POSSIBLE INJURY,37,WHITE,MALE,NO,SHOULDER & LAP BELT,DEPLOYED MULTIPLE,NOT APPLICABLE,N,NONE,NA,NA,NONE,NOT APPLICABLE,NOT APPLICABLE,,DRIVER LICENSE,Texas,CLASS C AND M,77505
15047832,2,MOTOR VEHICLE,N,Y,UN,,NA,99,UNKNOWN,UNKNOWN,UNKNOWN,N,,2,NA,NA,NA,NA,NA,NA,NA,N,,,FAILED TO DRIVE IN SINGLE LANE,NA,NA,WEST,N,0,0,0,0,1,0,0,1,DRIVER,FRONT LEFT,POSSIBLE INJURY,37,WHITE,MALE,NO,SHOULDER & LAP BELT,DEPLOYED MULTIPLE,NOT APPLICABLE,N,NONE,NA,NA,NONE,NOT APPLICABLE,NOT APPLICABLE,,DRIVER LICENSE,Texas,CLASS C AND M,77505
15050190,6,MOTOR VEHICLE,N,Y,TX,1G1JC5SH8C4137835,NA,BLK,CHEVROLET,SONIC,"PASSENGER CAR, 4-DOOR",N,75125,1,PROOF OF LIABILITY INSURANCE,FRONT END DAMAGE DISTRIBUTED IMPACT,DAMAGED 2,12,NA,NA,NA,N,DAVE'S HI-WAY WRECKER SERVICE,OWNER'S REQUEST,FAULTY EVASIVE ACTION,FAILED TO CONTROL SPEED,NA,WEST,N,0,0,0,1,0,0,0,1,DRIVER,FRONT LEFT,NOT INJURED,51,WHITE,MALE,NO,SHOULDER & LAP BELT,NOT DEPLOYED,NOT APPLICABLE,N,NONE,NA,NA,NONE,NOT APPLICABLE,NOT APPLICABLE,,COMMERCIAL DRIVER LIC.,Arkansas,OTHER/OUT OF STATE,72019
15050190,5,MOTOR VEHICLE,N,Y,UN,,NA,99,NA,NA,UNKNOWN,N,,NA,NA,NA,NA,NA,NA,NA,NA,,,,NONE,NA,NA,WEST,N,0,0,0,0,1,0,0,1,DRIVER,FRONT LEFT,NOT INJURED,51,WHITE,MALE,NO,SHOULDER & LAP BELT,NOT DEPLOYED,NOT APPLICABLE,N,NONE,NA,NA,NONE,NOT APPLICABLE,NOT APPLICABLE,,COMMERCIAL DRIVER LIC.,Arkansas,OTHER/OUT OF STATE,72019
15050190,4,MOTOR VEHICLE,N,Y,TX,1N4BL21E57C144096,2007,BLK,NISSAN,ALTIMA,"PASSENGER CAR, 4-DOOR",N,75165,1,PROOF OF LIABILITY INSURANCE,RIGHT SIDE DAMAGE ANGULAR IMPACT,DAMAGED 3,3,BACK END (LEFT) DAMAGE PARTIAL CONTACT,DAMAGED 3,7,Y,DAVE'S HI-WAY WRECKER SERVICE,3010 HARDRCOK GRAND PRAIRIE TX 75050,NONE,NA,NA,WEST,N,0,0,1,0,0,1,0,1,DRIVER,FRONT LEFT,NOT INJURED,51,WHITE,MALE,NO,SHOULDER & LAP BELT,NOT DEPLOYED,NOT APPLICABLE,N,NONE,NA,NA,NONE,NOT APPLICABLE,NOT APPLICABLE,,COMMERCIAL DRIVER LIC.,Arkansas,OTHER/OUT OF STATE,72019
15050190,3,MOTOR VEHICLE,N,Y,TX,1G1ZS52F85F146708,2005,BGE,CHEVROLET,MALIBU,"PASSENGER CAR, 4-DOOR",N,75115,1,PROOF OF LIABILITY INSURANCE,LEFT BACK QUARTER DAMAGE ANGULAR IMPACT,DAMAGED 1 MINIMUM,9,BACK END (LEFT) DAMAGE PARTIAL CONTACT,DAMAGED 2,7,Y,DAVE'S HI-WAY WRECKER SERVICE,3010 HARDROCK  GRAND PRAIRIE TX 75050,NONE,NA,NA,WEST,Y,0,0,0,1,0,0,0,1,DRIVER,FRONT LEFT,NOT INJURED,51,WHITE,MALE,NO,SHOULDER & LAP BELT,NOT DEPLOYED,NOT APPLICABLE,N,NONE,NA,NA,NONE,NOT APPLICABLE,NOT APPLICABLE,,COMMERCIAL DRIVER LIC.,Arkansas,OTHER/OUT OF STATE,72019
15050190,1,MOTOR VEHICLE,N,Y,AR,3AKJGLDR1ESFK5634,NA,WHI,FREIGHTLINER,NA,TRUCK TRACTOR,N,72117,1,PROOF OF LIABILITY INSURANCE,RIGHT FRONT QUARTER DAMAGE ANGULAR IMPACT,DAMAGED 1 MINIMUM,3,NA,NA,NA,N,,,CHANGED LANE WHEN UNSAFE,NA,NA,WEST,Y,0,0,0,1,0,0,0,1,DRIVER,FRONT LEFT,NOT INJURED,51,WHITE,MALE,NO,SHOULDER & LAP BELT,NOT DEPLOYED,NOT APPLICABLE,N,NONE,NA,NA,NONE,NOT APPLICABLE,NOT APPLICABLE,,COMMERCIAL DRIVER LIC.,Arkansas,OTHER/OUT OF STATE,72019
15050190,1,MOTOR VEHICLE,N,Y,AR,3AKJGLDR1ESFK5634,NA,WHI,FREIGHTLINER,NA,TRUCK TRACTOR,N,72117,1,PROOF OF LIABILITY INSURANCE,RIGHT FRONT QUARTER DAMAGE ANGULAR IMPACT,DAMAGED 1 MINIMUM,3,NA,NA,NA,N,,,CHANGED LANE WHEN UNSAFE,NA,NA,WEST,Y,0,0,0,1,0,0,0,1,DRIVER,FRONT LEFT,NOT INJURED,51,WHITE,MALE,NO,SHOULDER & LAP BELT,NOT DEPLOYED,NOT APPLICABLE,N,NONE,NA,NA,NONE,NOT APPLICABLE,NOT APPLICABLE,,COMMERCIAL DRIVER LIC.,Arkansas,OTHER/OUT OF STATE,72019
15050190,6,MOTOR VEHICLE,N,Y,TX,1G1JC5SH8C4137835,NA,BLK,CHEVROLET,SONIC,"PASSENGER CAR, 4-DOOR",N,75125,1,PROOF OF LIABILITY INSURANCE,FRONT END DAMAGE DISTRIBUTED IMPACT,DAMAGED 2,12,NA,NA,NA,N,DAVE'S HI-WAY WRECKER SERVICE,OWNER'S REQUEST,FAULTY EVASIVE ACTION,FAILED TO CONTROL SPEED,NA,WEST,N,0,0,0,1,0,0,0,1,DRIVER,FRONT LEFT,NOT INJURED,59,HISPANIC,MALE,NO,SHOULDER & LAP BELT,"DEPLOYED, FRONT",NOT APPLICABLE,N,NONE,NA,NA,NONE,NOT APPLICABLE,NOT APPLICABLE,,DRIVER LICENSE,Texas,CLASS C,75115
15050190,5,MOTOR VEHICLE,N,Y,UN,,NA,99,NA,NA,UNKNOWN,N,,NA,NA,NA,NA,NA,NA,NA,NA,,,,NONE,NA,NA,WEST,N,0,0,0,0,1,0,0,1,DRIVER,FRONT LEFT,NOT INJURED,59,HISPANIC,MALE,NO,SHOULDER & LAP BELT,"DEPLOYED, FRONT",NOT APPLICABLE,N,NONE,NA,NA,NONE,NOT APPLICABLE,NOT APPLICABLE,,DRIVER LICENSE,Texas,CLASS C,75115
15050190,4,MOTOR VEHICLE,N,Y,TX,1N4BL21E57C144096,2007,BLK,NISSAN,ALTIMA,"PASSENGER CAR, 4-DOOR",N,75165,1,PROOF OF LIABILITY INSURANCE,RIGHT SIDE DAMAGE ANGULAR IMPACT,DAMAGED 3,3,BACK END (LEFT) DAMAGE PARTIAL CONTACT,DAMAGED 3,7,Y,DAVE'S HI-WAY WRECKER SERVICE,3010 HARDRCOK GRAND PRAIRIE TX 75050,NONE,NA,NA,WEST,N,0,0,1,0,0,1,0,1,DRIVER,FRONT LEFT,NOT INJURED,59,HISPANIC,MALE,NO,SHOULDER & LAP BELT,"DEPLOYED, FRONT",NOT APPLICABLE,N,NONE,NA,NA,NONE,NOT APPLICABLE,NOT APPLICABLE,,DRIVER LICENSE,Texas,CLASS C,75115
15050190,3,MOTOR VEHICLE,N,Y,TX,1G1ZS52F85F146708,2005,BGE,CHEVROLET,MALIBU,"PASSENGER CAR, 4-DOOR",N,75115,1,PROOF OF LIABILITY INSURANCE,LEFT BACK QUARTER DAMAGE ANGULAR IMPACT,DAMAGED 1 MINIMUM,9,BACK END (LEFT) DAMAGE PARTIAL CONTACT,DAMAGED 2,7,Y,DAVE'S HI-WAY WRECKER SERVICE,3010 HARDROCK  GRAND PRAIRIE TX 75050,NONE,NA,NA,WEST,Y,0,0,0,1,0,0,0,1,DRIVER,FRONT LEFT,NOT INJURED,59,HISPANIC,MALE,NO,SHOULDER & LAP BELT,"DEPLOYED, FRONT",NOT APPLICABLE,N,NONE,NA,NA,NONE,NOT APPLICABLE,NOT APPLICABLE,,DRIVER LICENSE,Texas,CLASS C,75115
15050190,1,MOTOR VEHICLE,N,Y,AR,3AKJGLDR1ESFK5634,NA,WHI,FREIGHTLINER,NA,TRUCK TRACTOR,N,72117,1,PROOF OF LIABILITY INSURANCE,RIGHT FRONT QUARTER DAMAGE ANGULAR IMPACT,DAMAGED 1 MINIMUM,3,NA,NA,NA,N,,,CHANGED LANE WHEN UNSAFE,NA,NA,WEST,Y,0,0,0,1,0,0,0,1,DRIVER,FRONT LEFT,NOT INJURED,59,HISPANIC,MALE,NO,SHOULDER & LAP BELT,"DEPLOYED, FRONT",NOT APPLICABLE,N,NONE,NA,NA,NONE,NOT APPLICABLE,NOT APPLICABLE,,DRIVER LICENSE,Texas,CLASS C,75115
15050190,1,MOTOR VEHICLE,N,Y,AR,3AKJGLDR1ESFK5634,NA,WHI,FREIGHTLINER,NA,TRUCK TRACTOR,N,72117,1,PROOF OF LIABILITY INSURANCE,RIGHT FRONT QUARTER DAMAGE ANGULAR IMPACT,DAMAGED 1 MINIMUM,3,NA,NA,NA,N,,,CHANGED LANE WHEN UNSAFE,NA,NA,WEST,Y,0,0,0,1,0,0,0,1,DRIVER,FRONT LEFT,NOT INJURED,59,HISPANIC,MALE,NO,SHOULDER & LAP BELT,"DEPLOYED, FRONT",NOT APPLICABLE,N,NONE,NA,NA,NONE,NOT APPLICABLE,NOT APPLICABLE,,DRIVER LICENSE,Texas,CLASS C,75115
15050190,6,MOTOR VEHICLE,N,Y,TX,1G1JC5SH8C4137835,NA,BLK,CHEVROLET,SONIC,"PASSENGER CAR, 4-DOOR",N,75125,1,PROOF OF LIABILITY INSURANCE,FRONT END DAMAGE DISTRIBUTED IMPACT,DAMAGED 2,12,NA,NA,NA,N,DAVE'S HI-WAY WRECKER SERVICE,OWNER'S REQUEST,FAULTY EVASIVE ACTION,FAILED TO CONTROL SPEED,NA,WEST,N,0,0,0,1,0,0,0,1,DRIVER,FRONT LEFT,NOT INJURED,48,HISPANIC,MALE,NO,SHOULDER & LAP BELT,"DEPLOYED, FRONT",NOT APPLICABLE,N,NONE,NA,NA,NONE,NOT APPLICABLE,NOT APPLICABLE,,DRIVER LICENSE,Texas,CLASS C,75125