CRASH_ID,UNIT_NBR,UNIT_DESC_ID,VEH_PARKED_FL,VEH_HNR_FL,VEH_LIC_STATE_ID,VIN,VEH_MOD_YEAR,VEH_COLOR_ID,VEH_MAKE_ID,VEH_MOD_ID,VEH_BODY_STYL_ID,EMER_RESPNDR_FL,OWNR_ZIP,FIN_RESP_PROOF_ID,FIN_RESP_TYPE_ID,VEH_DMAG_AREA_1_ID,VEH_DMAG_SCL_1_ID,FORCE_DIR_1_ID,VEH_DMAG_AREA_2_ID,VEH_DMAG_SCL_2_ID,FORCE_DIR_2_ID,VEH_INVENTORIED_FL,VEH_TRANSP_NAME,VEH_TRANSP_DEST,CONTRIB_FACTR_1_ID,CONTRIB_FACTR_2_ID,CONTRIB_FACTR_P1_ID,VEH_TRVL_DIR_ID,FIRST_HARM_EVT_INV_ID,INCAP_INJRY_CNT,NONINCAP_INJRY_CNT,POSS_INJRY_CNT,NON_INJRY_CNT,UNKN_INJRY_CNT,TOT_INJRY_CNT,DEATH_CNT,PRSN_NBR,PRSN_TYPE_ID,PRSN_OCCPNT_POS_ID,PRSN_INJRY_SEV_ID,PRSN_AGE,PRSN_ETHNICITY_ID,PRSN_GNDR_ID,PRSN_EJCT_ID,PRSN_REST_ID,PRSN_AIRBAG_ID,PRSN_HELMET_ID,PRSN_SOL_FL,PRSN_ALC_SPEC_TYPE_ID,PRSN_ALC_RSLT_ID,PRSN_BAC_TEST_RSLT,PRSN_DRG_SPEC_TYPE_ID,PRSN_DRG_RSLT_ID,DRVR_DRG_CAT_1_ID,PRSN_DEATH_TIME,DRVR_LIC_TYPE_ID,DRVR_LIC_STATE_ID,DRVR_LIC_CLS_ID,DRVR_ZIP
15050190,5,MOTOR VEHICLE,N,Y,UN,,NA,99,NA,NA,UNKNOWN,N,,NA,NA,NA,NA,NA,NA,NA,NA,,,,NONE,NA,NA,WEST,N,0,0,0,0,1,0,0,1,DRIVER,FRONT LEFT,NOT INJURED,48,HISPANIC,MALE,NO,SHOULDER & LAP BELT,"DEPLOYED, FRONT",NOT APPLICABLE,N,NONE,NA,NA,NONE,NOT APPLICABLE,NOT APPLICABLE,,DRIVER LICENSE,Texas,CLASS C,75125
15050190,4,MOTOR VEHICLE,N,Y,TX,1N4BL21E57C144096,2007,BLK,NISSAN,ALTIMA,"PASSENGER CAR, 4-DOOR",N,75165,1,PROOF OF LIABILITY INSURANCE,RIGHT SIDE DAMAGE ANGULAR IMPACT,DAMAGED 3,3,BACK END (LEFT) DAMAGE PARTIAL CONTACT,DAMAGED 3,7,Y,DAVE'S HI-WAY WRECKER SERVICE,3010 HARDRCOK GRAND PRAIRIE TX 75050,NONE,NA,NA,WEST,N,0,0,1,0,0,1,0,1,DRIVER,FRONT LEFT,NOT INJURED,48,HISPANIC,MALE,NO,SHOULDER & LAP BELT,"DEPLOYED, FRONT",NOT APPLICABLE,N,NONE,NA,NA,NONE,NOT APPLICABLE,NOT APPLICABLE,,DRIVER LICENSE,Texas,CLASS C,75125
15050190,3,MOTOR VEHICLE,N,Y,TX,1G1ZS52F85F146708,2005,BGE,CHEVROLET,MALIBU,"PASSENGER CAR, 4-DOOR",N,75115,1,PROOF OF LIABILITY INSURANCE,LEFT BACK QUARTER DAMAGE ANGULAR IMPACT,DAMAGED 1 MINIMUM,9,BACK END (LEFT) DAMAGE PARTIAL CONTACT,DAMAGED 2,7,Y,DAVE'S HI-WAY WRECKER SERVICE,3010 HARDROCK  GRAND PRAIRIE TX 75050,NONE,NA,NA,WEST,Y,0,0,0,1,0,0,0,1,DRIVER,FRONT LEFT,NOT INJURED,48,HISPANIC,MALE,NO,SHOULDER & LAP BELT,"DEPLOYED, FRONT",NOT APPLICABLE,N,NONE,NA,NA,NONE,NOT APPLICABLE,NOT APPLICABLE,,DRIVER LICENSE,Texas,CLASS C,75125
15050190,1,MOTOR VEHICLE,N,Y,AR,3AKJGLDR1ESFK5634,NA,WHI,FREIGHTLINER,NA,TRUCK TRACTOR,N,72117,1,PROOF OF LIABILITY INSURANCE,RIGHT FRONT QUARTER DAMAGE ANGULAR IMPACT,DAMAGED 1 MINIMUM,3,NA,NA,NA,N,,,CHANGED LANE WHEN UNSAFE,NA,NA,WEST,Y,0,0,0,1,0,0,0,1,DRIVER,FRONT LEFT,NOT INJURED,48,HISPANIC,MALE,NO,SHOULDER & LAP BELT,"DEPLOYED, FRONT",NOT APPLICABLE,N,NONE,NA,NA,NONE,NOT APPLICABLE,NOT APPLICABLE,,DRIVER LICENSE,Texas,CLASS C,75125
15050190,1,MOTOR VEHICLE,N,Y,AR,3AKJGLDR1ESFK5634,NA,WHI,FREIGHTLINER,NA,TRUCK TRACTOR,N,72117,1,PROOF OF LIABILITY INSURANCE,RIGHT FRONT QUARTER DAMAGE ANGULAR IMPACT,DAMAGED 1 MINIMUM,3,NA,NA,NA,N,,,CHANGED LANE WHEN UNSAFE,NA,NA,WEST,Y,0,0,0,1,0,0,0,1,DRIVER,FRONT LEFT,NOT INJURED,48,HISPANIC,MALE,NO,SHOULDER & LAP BELT,"DEPLOYED, FRONT",NOT APPLICABLE,N,NONE,NA,NA,NONE,NOT APPLICABLE,NOT APPLICABLE,,DRIVER LICENSE,Texas,CLASS C,75125
15053632,1,MOTOR VEHICLE,N,Y,TX,VWCD21C63M435965,2003,BLU,VOLKSWAGEN,BEETLE,"PASSENGER CAR, 4-DOOR",N,78572,1,PROOF OF LIABILITY INSURANCE,BACK END (RIGHT) DAMAGE PARTIAL CONTACT,DAMAGED 1 MINIMUM,6,NA,NA,NA,N,,,BACKED WITHOUT SAFETY,NA,NA,SOUTHEAST,Y,0,0,0,1,0,0,0,1,DRIVER,FRONT LEFT,NOT INJURED,18,HISPANIC,FEMALE,NO,SHOULDER & LAP BELT,NOT DEPLOYED,NOT APPLICABLE,N,NONE,NA,NA,NONE,NOT APPLICABLE,NOT APPLICABLE,,DRIVER LICENSE,Texas,CLASS C,78572
15054553,1,MOTOR VEHICLE,N,Y,UN,,NA,99,NA,NA,UNKNOWN,N,,2,NA,NA,NA,NA,NA,NA,NA,N,,,FAILED TO CONTROL SPEED,NA,NA,NORTH,Y,0,0,0,0,1,0,0,1,DRIVER,FRONT LEFT,NOT INJURED,30,HISPANIC,FEMALE,NO,SHOULDER & LAP BELT,NOT DEPLOYED,NOT APPLICABLE,N,NONE,NA,NA,NONE,NOT APPLICABLE,NOT APPLICABLE,,DRIVER LICENSE,Texas,CLASS C,75217
15054553,1,MOTOR VEHICLE,N,Y,UN,,NA,99,NA,NA,UNKNOWN,N,,2,NA,NA,NA,NA,NA,NA,NA,N,,,FAILED TO CONTROL SPEED,NA,NA,NORTH,Y,0,0,0,0,1,0,0,1,DRIVER,FRONT LEFT,NOT INJURED,52,WHITE,FEMALE,NO,SHOULDER & LAP BELT,NOT DEPLOYED,NOT APPLICABLE,N,NONE,NA,NA,NONE,NOT APPLICABLE,NOT APPLICABLE,,DRIVER LICENSE,Texas,CLASS C,75159
15105206,1,MOTOR VEHICLE,N,Y,TX,1GCGK29U3XZ178081,1999,TAN,CHEVROLET,SILVERADO K1500,PICKUP,N,78468,1,LIABILITY INSURANCE POLICY,FRONT END DAMAGE DISTRIBUTED IMPACT,DAMAGED 1 MINIMUM,12,NA,NA,NA,N,DRIVER,DRIVEN AWAY,FAILED TO CONTROL SPEED,NA,NA,SOUTH,Y,0,0,0,1,0,0,0,1,DRIVER,FRONT LEFT,NOT INJURED,43,HISPANIC,MALE,NO,UNKNOWN,NOT DEPLOYED,NOT APPLICABLE,N,NONE,NA,NA,NONE,NOT APPLICABLE,NOT APPLICABLE,,DRIVER LICENSE,Texas,CLASS C,78468
15105206,1,MOTOR VEHICLE,N,Y,TX,1GCGK29U3XZ178081,1999,TAN,CHEVROLET,SILVERADO K1500,PICKUP,N,78468,1,LIABILITY INSURANCE POLICY,FRONT END DAMAGE DISTRIBUTED IMPACT,DAMAGED 1 MINIMUM,12,NA,NA,NA,N,DRIVER,DRIVEN AWAY,FAILED TO CONTROL SPEED,NA,NA,SOUTH,Y,0,0,0,1,0,0,0,1,DRIVER,FRONT LEFT,NOT INJURED,41,WHITE,FEMALE,NO,SHOULDER & LAP BELT,NOT DEPLOYED,NOT APPLICABLE,N,NONE,NA,NA,NONE,NOT APPLICABLE,NOT APPLICABLE,,DRIVER LICENSE,Texas,CLASS C,78382
15113762,1,MOTOR VEHICLE,N,Y,TX,3GCEK13Y57G532471,2007,99,CHEVROLET,UNKNOWN,PICKUP,N,75125,1,LIABILITY INSURANCE POLICY,FRONT END (RIGHT)  DAMAGE PARTIAL CONTACT,DAMAGED 1 MINIMUM,12,NA,NA,NA,N,,,IMPAIRED VISIBILITY (EXPLAIN IN NARRATIVE),NA,DRIVER INATTENTION,EAST,Y,0,0,0,1,0,0,0,1,DRIVER,FRONT LEFT,NOT INJURED,44,WHITE,MALE,NO,UNKNOWN,NOT DEPLOYED,NOT APPLICABLE,N,NONE,NA,NA,NONE,NOT APPLICABLE,NOT APPLICABLE,,DRIVER LICENSE,Texas,CLASS C AND M,75125
15128298,1,MOTOR VEHICLE,N,Y,TX,1ZVHT82H675283042,2007,GRY,FORD,MUSTANG,"PASSENGER CAR, 2-DOOR",N,75150,1,PROOF OF LIABILITY INSURANCE,BACK END (RIGHT) DAMAGE PARTIAL CONTACT,DAMAGED 3,5,NA,NA,NA,N,NOT TOWED,NOT TOWED,SPEEDING - (OVERLIMIT),NA,DRIVER INATTENTION,EAST,Y,0,0,0,0,1,0,0,1,DRIVER,FRONT LEFT,UNKNOWN,44,WHITE,MALE,NO,UNKNOWN,NOT DEPLOYED,NOT APPLICABLE,N,NONE,NA,NA,NONE,NOT APPLICABLE,NOT APPLICABLE,,DRIVER LICENSE,Texas,CLASS C,75150
15133585,1,MOTOR VEHICLE,N,Y,TX,JT2BG22K9W0223900,1998,GLD,TOYOTA,CAMRY,"PASSENGER CAR, 4-DOOR",N,79605,2,NA,FRONT END (RIGHT)  DAMAGE PARTIAL CONTACT,NO DAMAGE,1,NA,NA,NA,N,FLED,SCENE,FAILED TO CONTROL SPEED,OTHER (EXPLAIN IN NARRATIVE),NA,NORTH,Y,0,0,0,1,0,0,0,1,DRIVER,FRONT LEFT,NOT INJURED,23,BLACK,FEMALE,NO,SHOULDER & LAP BELT,NOT DEPLOYED,NOT APPLICABLE,N,NONE,NA,NA,NONE,NOT APPLICABLE,NOT APPLICABLE,,DRIVER LICENSE,Texas,CLASS C,79605
15133585,1,MOTOR VEHICLE,N,Y,TX,JT2BG22K9W0223900,1998,GLD,TOYOTA,CAMRY,"PASSENGER CAR, 4-DOOR",N,79605,2,NA,FRONT END (RIGHT)  DAMAGE PARTIAL CONTACT,NO DAMAGE,1,NA,NA,NA,N,FLED,SCENE,FAILED TO CONTROL SPEED,OTHER (EXPLAIN IN NARRATIVE),NA,NORTH,Y,0,0,0,1,0,0,0,1,DRIVER,FRONT LEFT,NOT INJURED,25,OTHER,FEMALE,NO,SHOULDER & LAP BELT,NOT DEPLOYED,NOT APPLICABLE,N,NONE,NA,NA,NONE,NOT APPLICABLE,NOT APPLICABLE,,DRIVER LICENSE,Texas,CLASS C,79601
15015021,1,MOTOR VEHICLE,N,Y,TX,1GNFC13037J101922,2007,WHI,CHEVROLET,TAHOE,SPORT UTILITY VEHICLE,N,79603,2,NA,BACK END (RIGHT) DAMAGE PARTIAL CONTACT,DAMAGED 2,5,NA,NA,NA,N,FLED SCENE,,FAILED TO YIELD ROW - PRIVATE DRIVE,BACKED WITHOUT SAFETY,NA,NORTH,Y,0,0,0,1,0,0,0,1,DRIVER,FRONT LEFT,NOT INJURED,64,WHITE,FEMALE,NO,SHOULDER & LAP BELT,NOT DEPLOYED,NOT APPLICABLE,N,NONE,NA,NA,NONE,NOT APPLICABLE,NOT APPLICABLE,,DRIVER LICENSE,Texas,CLASS C,79605
15097212,2,MOTOR VEHICLE,N,Y,UN,,NA,99,NA,NA,UNKNOWN,N,,2,NA,NA,NA,NA,NA,NA,NA,N,,,NONE,NA,NA,WEST,Y,0,0,0,0,1,0,0,1,DRIVER,FRONT LEFT,NOT INJURED,19,HISPANIC,FEMALE,NO,SHOULDER & LAP BELT,NOT DEPLOYED,NOT APPLICABLE,N,NONE,NA,NA,NONE,NOT APPLICABLE,NOT APPLICABLE,,DRIVER LICENSE,Texas,CLASS C,78041
15097212,2,MOTOR VEHICLE,N,Y,UN,,NA,99,NA,NA,UNKNOWN,N,,2,NA,NA,NA,NA,NA,NA,NA,N,,,NONE,NA,NA,WEST,Y,0,0,0,0,1,0,0,1,DRIVER,FRONT LEFT,POSSIBLE INJURY,30,HISPANIC,FEMALE,NO,SHOULDER & LAP BELT,"DEPLOYED, FRONT",NOT APPLICABLE,N,NONE,NA,NA,NONE,NOT APPLICABLE,NOT APPLICABLE,,DRIVER LICENSE,Texas,CLASS C,78046
15111241,1,MOTOR VEHICLE,N,Y,UN,1FTRX14W45NA48313,2005,99,FORD,F150,UNKNOWN,N,78840,1,PROOF OF LIABILITY INSURANCE,FRONT END DAMAGE DISTRIBUTED IMPACT,DAMAGED 1 MINIMUM,12,NA,NA,NA,N,,,DRIVER INATTENTION,NA,NA,SOUTH,Y,0,0,0,1,0,0,0,1,DRIVER,FRONT LEFT,NOT INJURED,19,HISPANIC,MALE,NO,SHOULDER & LAP BELT,NOT DEPLOYED,NOT APPLICABLE,N,NONE,NA,NA,NONE,NOT APPLICABLE,NOT APPLICABLE,,DRIVER LICENSE,Texas,CLASS C,78840
15111241,1,MOTOR VEHICLE,N,Y,UN,1FTRX14W45NA48313,2005,99,FORD,F150,UNKNOWN,N,78840,1,PROOF OF LIABILITY INSURANCE,FRONT END DAMAGE DISTRIBUTED IMPACT,DAMAGED 1 MINIMUM,12,NA,NA,NA,N,,,DRIVER INATTENTION,NA,NA,SOUTH,Y,0,0,0,1,0,0,0,1,DRIVER,FRONT LEFT,NOT INJURED,44,HISPANIC,FEMALE,NO,SHOULDER & LAP BELT,NOT DEPLOYED,NOT APPLICABLE,N,NONE,NA,NA,NONE,NOT APPLICABLE,NOT APPLICABLE,,DRIVER LICENSE,Texas,CLASS C,78840
15033863,2,MOTOR VEHICLE,N,Y,UN,,NA,SIL,CHEVROLET,UNKNOWN,SPORT UTILITY VEHICLE,N,,NA,NA,BACK END DAMAGE CONCENTRATED IMPACT,NA,6,NA,NA,NA,N,,,NONE,NA,NA,NORTHWEST,Y,0,0,0,0,1,0,0,1,DRIVER OF MOTORCYCLE TYPE VEHICLE,FRONT LEFT,INCAPACITATING INJURY,28,WHITE,MALE,NOT APPLICABLE,NOT APPLICABLE,NOT APPLICABLE,NOT WORN,N,NONE,NA,NA,NONE,NOT APPLICABLE,NOT APPLICABLE,,DRIVER LICENSE,Texas,CLASS C,75077
15040249,2,MOTOR VEHICLE,N,Y,TX,2C2CDYAG6CH285755,NA,WHI,DODGE,CHALLENGER,"PASSENGER CAR, 2-DOOR",Y,77019,1,LIABILITY INSURANCE POLICY,RIGHT SIDE DAMAGE ANGULAR IMPACT,DAMAGED 3,NA,NA,NA,NA,Y,LONG'S TOWING,9520 KIRKWOOD DRIVE,NONE,NA,NA,NORTH,Y,0,0,0,2,0,0,0,1,DRIVER,FRONT LEFT,NON-INCAPACITATING INJURY,25,WHITE,MALE,NO,SHOULDER BELT ONLY,NOT DEPLOYED,NOT APPLICABLE,N,NONE,NA,NA,NONE,NOT APPLICABLE,NOT APPLICABLE,,DRIVER LICENSE,Texas,CLASS C,77449
15040249,1,MOTOR VEHICLE,N,Y,TX,1GKEC13T71J195765,2001,GRY,GMC,YUKON,SPORT UTILITY VEHICLE,Y,77040,2,NA,FRONT END (LEFT) DAMAGE PARTIAL CONTACT,DAMAGED 3,NA,LEFT BACK QUARTER DAMAGE ANGULAR IMPACT,DAMAGED 4,NA,Y,TTRS,5114 HWY. 6 NORTH,FAILED TO CONTROL SPEED,FAILED TO DRIVE IN SINGLE LANE,NA,NORTH,Y,0,1,0,0,0,1,0,1,DRIVER,FRONT LEFT,NON-INCAPACITATING INJURY,25,WHITE,MALE,NO,SHOULDER BELT ONLY,NOT DEPLOYED,NOT APPLICABLE,N,NONE,NA,NA,NONE,NOT APPLICABLE,NOT APPLICABLE,,DRIVER LICENSE,Texas,CLASS C,77449
15040249,2,MOTOR VEHICLE,N,Y,TX,2C2CDYAG6CH285755,NA,WHI,DODGE,CHALLENGER,"PASSENGER CAR, 2-DOOR",Y,77019,1,LIABILITY INSURANCE POLICY,RIGHT SIDE DAMAGE ANGULAR IMPACT,DAMAGED 3,NA,NA,NA,NA,Y,LONG'S TOWING,9520 KIRKWOOD DRIVE,NONE,NA,NA,NORTH,Y,0,0,0,2,0,0,0,1,DRIVER,FRONT LEFT,NOT INJURED,21,WHITE,FEMALE,NOT APPLICABLE,SHOULDER & LAP BELT,DEPLOYED MULTIPLE,NOT APPLICABLE,N,NONE,NA,NA,NONE,NOT APPLICABLE,NOT APPLICABLE,,DRIVER LICENSE,Texas,CLASS C,77019
15040249,1,MOTOR VEHICLE,N,Y,TX,1GKEC13T71J195765,2001,GRY,GMC,YUKON,SPORT UTILITY VEHICLE,Y,77040,2,NA,FRONT END (LEFT) DAMAGE PARTIAL CONTACT,DAMAGED 3,NA,LEFT BACK QUARTER DAMAGE ANGULAR IMPACT,DAMAGED 4,NA,Y,TTRS,5114 HWY. 6 NORTH,FAILED TO CONTROL SPEED,FAILED TO DRIVE IN SINGLE LANE,NA,NORTH,Y,0,1,0,0,0,1,0,1,DRIVER,FRONT LEFT,NOT INJURED,21,WHITE,FEMALE,NOT APPLICABLE,SHOULDER & LAP BELT,DEPLOYED MULTIPLE,NOT APPLICABLE,N,NONE,NA,NA,NONE,NOT APPLICABLE,NOT APPLICABLE,,DRIVER LICENSE,Texas,CLASS C,77019
15040249,2,MOTOR VEHICLE,N,Y,TX,2C2CDYAG6CH285755,NA,WHI,DODGE,CHALLENGER,"PASSENGER CAR, 2-DOOR",Y,77019,1,LIABILITY INSURANCE POLICY,RIGHT SIDE DAMAGE ANGULAR IMPACT,DAMAGED 3,NA,NA,NA,NA,Y,LONG'S TOWING,9520 KIRKWOOD DRIVE,NONE,NA,NA,NORTH,Y,0,0,0,2,0,0,0,1,DRIVER,FRONT LEFT,NOT INJURED,22,HISPANIC,MALE,NO,SHOULDER & LAP BELT,NOT DEPLOYED,NOT APPLICABLE,N,NONE,NA,NA,NONE,NOT APPLICABLE,NOT APPLICABLE,,DRIVER LICENSE,Texas,CLASS C,77041
15040249,1,MOTOR VEHICLE,N,Y,TX,1GKEC13T71J195765,2001,GRY,GMC,YUKON,SPORT UTILITY VEHICLE,Y,77040,2,NA,FRONT END (LEFT) DAMAGE PARTIAL CONTACT,DAMAGED 3,NA,LEFT BACK QUARTER DAMAGE ANGULAR IMPACT,DAMAGED 4,NA,Y,TTRS,5114 HWY. 6 NORTH,FAILED TO CONTROL SPEED,FAILED TO DRIVE IN SINGLE LANE,NA,NORTH,Y,0,1,0,0,0,1,0,1,DRIVER,FRONT LEFT,NOT INJURED,22,HISPANIC,MALE,NO,SHOULDER & LAP BELT,NOT DEPLOYED,NOT APPLICABLE,N,NONE,NA,NA,NONE,NOT APPLICABLE,NOT APPLICABLE,,DRIVER LICENSE,Texas,CLASS C,77041
15086496,2,MOTOR VEHICLE,N,Y,TX,JN8AS58T18W013976,NA,MAR,NISSAN,ROGUE,SPORT UTILITY VEHICLE,N,75025,1,PROOF OF LIABILITY INSURANCE,RIGHT FRONT QUARTER DAMAGE ANGULAR IMPACT,DAMAGED 3,3,NA,NA,NA,N,SIGNATURE TOWING,"2329 HUNTERS RUN DR PLANO, TX 75025",NONE,NA,NA,EAST,Y,0,0,1,0,0,1,0,1,DRIVER,FRONT LEFT,NOT INJURED,22,WHITE,MALE,NO,SHOULDER & LAP BELT,"DEPLOYED, FRONT",NOT APPLICABLE,N,NONE,NA,NA,NONE,NOT APPLICABLE,NOT APPLICABLE,,DRIVER LICENSE,Texas,CLASS C,77573
15086496,2,MOTOR VEHICLE,N,Y,TX,JN8AS58T18W013976,NA,MAR,NISSAN,ROGUE,SPORT UTILITY VEHICLE,N,75025,1,PROOF OF LIABILITY INSURANCE,RIGHT FRONT QUARTER DAMAGE ANGULAR IMPACT,DAMAGED 3,3,NA,NA,NA,N,SIGNATURE TOWING,"2329 HUNTERS RUN DR PLANO, TX 75025",NONE,NA,NA,EAST,Y,0,0,1,0,0,1,0,1,DRIVER,FRONT LEFT,POSSIBLE INJURY,25,WHITE,FEMALE,NO,SHOULDER & LAP BELT,"DEPLOYED, SIDE",NOT APPLICABLE,N,NONE,NA,NA,NONE,NOT APPLICABLE,NOT APPLICABLE,,DRIVER LICENSE,Texas,CLASS C,75025
15101061,2,MOTOR VEHICLE,N,Y,TX,1N4AL21EX9N523744,NA,BLK,NISSAN,ALTIMA,"PASSENGER CAR, 4-DOOR",N,78232,1,PROOF OF LIABILITY INSURANCE,FRONT END (RIGHT)  DAMAGE PARTIAL CONTACT,DAMAGED 4,12,NA,NA,NA,N,MISSION TOWING,GROWDON POUND,OTHER (EXPLAIN IN NARRATIVE),DISTRACTION IN VEHICLE,NA,NORTHWEST,Y,0,0,0,1,0,0,0,1,DRIVER,FRONT LEFT,NOT INJURED,21,WHITE,MALE,NO,SHOULDER & LAP BELT,NOT DEPLOYED,NOT APPLICABLE,N,NONE,NA,NA,NONE,NOT APPLICABLE,NOT APPLICABLE,,DRIVER LICENSE,Texas,CLASS C,78247
15101061,2,MOTOR VEHICLE,N,Y,TX,1N4AL21EX9N523744,NA,BLK,NISSAN,ALTIMA,"PASSENGER CAR, 4-DOOR",N,78232,1,PROOF OF LIABILITY INSURANCE,FRONT END (RIGHT)  DAMAGE PARTIAL CONTACT,DAMAGED 4,12,NA,NA,NA,N,MISSION TOWING,GROWDON POUND,OTHER (EXPLAIN IN NARRATIVE),DISTRACTION IN VEHICLE,NA,NORTHWEST,Y,0,0,0,1,0,0,0,1,DRIVER,FRONT LEFT,NOT INJURED,28,BLACK,MALE,NO,SHOULDER & LAP BELT,"DEPLOYED, FRONT",NOT APPLICABLE,N,NONE,NA,NA,NONE,NOT APPLICABLE,NOT APPLICABLE,,DRIVER LICENSE,Texas,CLASS C,78232
15085517,1,MOTOR VEHICLE,N,Y,UN,,NA,BLU,CHEVROLET,C1500,UNKNOWN,N,,NA,NA,DISTRIBUTED LEFT SIDE DAMAGE PARALLEL IMPACT,DAMAGED 1 MINIMUM,9,NA,NA,NA,,DROVE AWAY BY DRIVER,DROVE AWAY BY DRIVER,DRIVER INATTENTION,NA,NA,NORTHEAST,Y,0,0,0,0,1,0,0,1,DRIVER,FRONT LEFT,NOT INJURED,23,WHITE,MALE,NO,SHOULDER & LAP BELT,NOT DEPLOYED,NOT APPLICABLE,N,BREATH,Positive,0.125,NONE,NOT APPLICABLE,NOT APPLICABLE,,DRIVER LICENSE,Texas,CLASS C,78148
15112457,1,MOTOR VEHICLE,N,Y,TX,3D7HA18N92G162249,2002,WHI,DODGE,RAM 1500,PICKUP,N,76180,1,PROOF OF LIABILITY INSURANCE,FRONT END DAMAGE DISTRIBUTED IMPACT,NO DAMAGE,12,NA,NA,NA,Y,AA WRECKER SERVICE,5709 DENTON HIGHWAY,FAILED TO CONTROL SPEED,NA,NA,WEST,Y,0,0,0,1,0,0,0,1,DRIVER,FRONT LEFT,NOT INJURED,56,WHITE,MALE,NO,SHOULDER & LAP BELT,NOT DEPLOYED,NOT APPLICABLE,N,NONE,NA,NA,NONE,NOT APPLICABLE,NOT APPLICABLE,,DRIVER LICENSE,Texas,CLASS C,76180
15112457,1,MOTOR VEHICLE,N,Y,TX,3D7HA18N92G162249,2002,WHI,DODGE,RAM 1500,PICKUP,N,76180,1,PROOF OF LIABILITY INSURANCE,FRONT END DAMAGE DISTRIBUTED IMPACT,NO DAMAGE,12,NA,NA,NA,Y,AA WRECKER SERVICE,5709 DENTON HIGHWAY,FAILED TO CONTROL SPEED,NA,NA,WEST,Y,0,0,0,1,0,0,0,1,DRIVER,FRONT LEFT,NOT INJURED,50,WHITE,MALE,NO,SHOULDER & LAP BELT,NOT DEPLOYED,NOT APPLICABLE,N,NONE,NA,NA,NONE,NOT APPLICABLE,NOT APPLICABLE,,DRIVER LICENSE,Texas,CLASS C AND M,76039
15113985,2,MOTOR VEHICLE,N,Y,TX,5N1ED28T6YC521301,2000,BLU,NISSAN,XTERRA,SPORT UTILITY VEHICLE,N,78516,2,LIABILITY INSURANCE POLICY,FRONT END DAMAGE DISTRIBUTED IMPACT,DAMAGED 3,12,NA,NA,NA,N,AT WRECKER,93 EAST BUSINESS 83,FAILED TO CONTROL SPEED,UNDER INFLUENCE - ALCOHOL,NA,SOUTH,Y,0,0,0,1,0,0,0,1,DRIVER,FRONT LEFT,POSSIBLE INJURY,36,HISPANIC,MALE,NO,SHOULDER & LAP BELT,NOT DEPLOYED,NOT APPLICABLE,N,NONE,NA,NA,NONE,NOT APPLICABLE,NOT APPLICABLE,,DRIVER LICENSE,Texas,CLASS C,78577
15140293,1,MOTOR VEHICLE,N,Y,TX,3D7LU38C24G230633,2004,NA,DODGE,RAM 1500,PICKUP,N,78749,1,LIABILITY INSURANCE POLICY,FRONT END DAMAGE DISTRIBUTED IMPACT,DAMAGED 1 MINIMUM,1,NA,NA,NA,Y,620 LAKESIDE TOWING,620 LAKESIDE TOWING,HAD BEEN DRINKING,FOLLOWED TOO CLOSELY,NA,SOUTH,Y,0,0,0,1,0,0,0,1,DRIVER,FRONT LEFT,NOT INJURED,31,WHITE,MALE,NO,SHOULDER & LAP BELT,NOT DEPLOYED,NOT APPLICABLE,N,BREATH,Negative,0.06,BLOOD,Positive,CNS DEPRESSANTS,,DRIVER LICENSE,Texas,CLASS A AND M,78749
15140293,1,MOTOR VEHICLE,N,Y,TX,3D7LU38C24G230633,2004,NA,DODGE,RAM 1500,PICKUP,N,78749,1,LIABILITY INSURANCE POLICY,FRONT END DAMAGE DISTRIBUTED IMPACT,DAMAGED 1 MINIMUM,1,NA,NA,NA,Y,620 LAKESIDE TOWING,620 LAKESIDE TOWING,HAD BEEN DRINKING,FOLLOWED TOO CLOSELY,NA,SOUTH,Y,0,0,0,1,0,0,0,1,DRIVER,FRONT LEFT,NON-INCAPACITATING INJURY,28,ASIAN,MALE,NO,SHOULDER & LAP BELT,NOT DEPLOYED,NOT APPLICABLE,N,NONE,NA,NA,NONE,NOT APPLICABLE,NOT APPLICABLE,,DRIVER LICENSE,Texas,CLASS C,78251
14992628,1,MOTOR VEHICLE,N,Y,TX,5GTDN136668116833,2006,YEL,HUMMER,H-3,"PASSENGER CAR, 4-DOOR",N,79703,1,PROOF OF LIABILITY INSURANCE,RIGHT FRONT QUARTER DAMAGE ANGULAR IMPACT,DAMAGED 4,2,NA,NA,NA,Y,ACTION WRECKER SERVICE,1109 S MIDLAND DR MIDLAND TX 79703,FAILED TO PASS TO LEFT SAFELY,NA,NA,SOUTH,Y,0,0,0,0,1,0,0,1,DRIVER,FRONT LEFT,UNKNOWN,50,WHITE,FEMALE,NO,UNKNOWN,NOT DEPLOYED,NOT APPLICABLE,N,NONE,NA,NA,NONE,NOT APPLICABLE,NOT APPLICABLE,,DRIVER LICENSE,Texas,CLASS C,79703
15022873,4,MOTOR VEHICLE,N,Y,UN,,NA,WHI,UNKNOWN,UNKNOWN,"PASSENGER CAR, 4-DOOR",N,,2,NA,BACK END DAMAGE DISTRIBUTED IMPACT,DAMAGED 1 MINIMUM,6,NA,NA,NA,N,,,NONE,NA,NA,SOUTH,N,0,0,0,0,1,0,0,1,DRIVER,FRONT LEFT,NOT INJURED,71,WHITE,MALE,NO,SHOULDER & LAP BELT,NOT DEPLOYED,NOT APPLICABLE,N,NONE,NA,NA,NONE,NOT APPLICABLE,NOT APPLICABLE,,DRIVER LICENSE,Texas,CLASS C,77514