CRASH_ID,UNIT_NBR,UNIT_DESC_ID,VEH_PARKED_FL,VEH_HNR_FL,VEH_LIC_STATE_ID,VIN,VEH_MOD_YEAR,VEH_COLOR_ID,VEH_MAKE_ID,VEH_MOD_ID,VEH_BODY_STYL_ID,EMER_RESPNDR_FL,OWNR_ZIP,FIN_RESP_PROOF_ID,FIN_RESP_TYPE_ID,VEH_DMAG_AREA_1_ID,VEH_DMAG_SCL_1_ID,FORCE_DIR_1_ID,VEH_DMAG_AREA_2_ID,VEH_DMAG_SCL_2_ID,FORCE_DIR_2_ID,VEH_INVENTORIED_FL,VEH_TRANSP_NAME,VEH_TRANSP_DEST,CONTRIB_FACTR_1_ID,CONTRIB_FACTR_2_ID,CONTRIB_FACTR_P1_ID,VEH_TRVL_DIR_ID,FIRST_HARM_EVT_INV_ID,INCAP_INJRY_CNT,NONINCAP_INJRY_CNT,POSS_INJRY_CNT,NON_INJRY_CNT,UNKN_INJRY_CNT,TOT_INJRY_CNT,DEATH_CNT,PRSN_NBR,PRSN_TYPE_ID,PRSN_OCCPNT_POS_ID,PRSN_INJRY_SEV_ID,PRSN_AGE,PRSN_ETHNICITY_ID,PRSN_GNDR_ID,PRSN_EJCT_ID,PRSN_REST_ID,PRSN_AIRBAG_ID,PRSN_HELMET_ID,PRSN_SOL_FL,PRSN_ALC_SPEC_TYPE_ID,PRSN_ALC_RSLT_ID,PRSN_BAC_TEST_RSLT,PRSN_DRG_SPEC_TYPE_ID,PRSN_DRG_RSLT_ID,DRVR_DRG_CAT_1_ID,PRSN_DEATH_TIME,DRVR_LIC_TYPE_ID,DRVR_LIC_STATE_ID,DRVR_LIC_CLS_ID,DRVR_ZIP
15022873,4,MOTOR VEHICLE,N,Y,UN,,NA,WHI,UNKNOWN,UNKNOWN,"PASSENGER CAR, 4-DOOR",N,,2,NA,BACK END DAMAGE DISTRIBUTED IMPACT,DAMAGED 1 MINIMUM,6,NA,NA,NA,N,,,NONE,NA,NA,SOUTH,N,0,0,0,0,1,0,0,1,DRIVER,FRONT LEFT,NOT INJURED,71,WHITE,MALE,NO,SHOULDER & LAP BELT,NOT DEPLOYED,NOT APPLICABLE,N,NONE,NA,NA,NONE,NOT APPLICABLE,NOT APPLICABLE,,DRIVER LICENSE,Texas,CLASS C,77514
15022873,4,MOTOR VEHICLE,N,Y,UN,,NA,WHI,UNKNOWN,UNKNOWN,"PASSENGER CAR, 4-DOOR",N,,2,NA,BACK END DAMAGE DISTRIBUTED IMPACT,DAMAGED 1 MINIMUM,6,NA,NA,NA,N,,,NONE,NA,NA,SOUTH,N,0,0,0,0,1,0,0,1,DRIVER,FRONT LEFT,NOT INJURED,30,WHITE,FEMALE,NO,SHOULDER & LAP BELT,NOT DEPLOYED,NOT APPLICABLE,N,NONE,NA,NA,NONE,NOT APPLICABLE,NOT APPLICABLE,,DRIVER LICENSE,Texas,CLASS C,77008
15022873,4,MOTOR VEHICLE,N,Y,UN,,NA,WHI,UNKNOWN,UNKNOWN,"PASSENGER CAR, 4-DOOR",N,,2,NA,BACK END DAMAGE DISTRIBUTED IMPACT,DAMAGED 1 MINIMUM,6,NA,NA,NA,N,,,NONE,NA,NA,SOUTH,N,0,0,0,0,1,0,0,1,DRIVER,FRONT LEFT,NOT INJURED,30,WHITE,FEMALE,NO,SHOULDER & LAP BELT,NOT DEPLOYED,NOT APPLICABLE,N,NONE,NA,NA,NONE,NOT APPLICABLE,NOT APPLICABLE,,DRIVER LICENSE,Texas,CLASS C,77008
15022873,4,MOTOR VEHICLE,N,Y,UN,,NA,WHI,UNKNOWN,UNKNOWN,"PASSENGER CAR, 4-DOOR",N,,2,NA,BACK END DAMAGE DISTRIBUTED IMPACT,DAMAGED 1 MINIMUM,6,NA,NA,NA,N,,,NONE,NA,NA,SOUTH,N,0,0,0,0,1,0,0,1,DRIVER,FRONT LEFT,NOT INJURED,39,WHITE,MALE,NO,SHOULDER & LAP BELT,NOT DEPLOYED,NOT APPLICABLE,N,NONE,NA,NA,NONE,NOT APPLICABLE,NOT APPLICABLE,,DRIVER LICENSE,Texas,CLASS C,77006
15022873,4,MOTOR VEHICLE,N,Y,UN,,NA,WHI,UNKNOWN,UNKNOWN,"PASSENGER CAR, 4-DOOR",N,,2,NA,BACK END DAMAGE DISTRIBUTED IMPACT,DAMAGED 1 MINIMUM,6,NA,NA,NA,N,,,NONE,NA,NA,SOUTH,N,0,0,0,0,1,0,0,1,DRIVER,FRONT LEFT,NOT INJURED,39,WHITE,MALE,NO,SHOULDER & LAP BELT,NOT DEPLOYED,NOT APPLICABLE,N,NONE,NA,NA,NONE,NOT APPLICABLE,NOT APPLICABLE,,DRIVER LICENSE,Texas,CLASS C,77006
15022873,4,MOTOR VEHICLE,N,Y,UN,,NA,WHI,UNKNOWN,UNKNOWN,"PASSENGER CAR, 4-DOOR",N,,2,NA,BACK END DAMAGE DISTRIBUTED IMPACT,DAMAGED 1 MINIMUM,6,NA,NA,NA,N,,,NONE,NA,NA,SOUTH,N,0,0,0,0,1,0,0,1,DRIVER,FRONT LEFT,NOT INJURED,56,HISPANIC,MALE,NO,SHOULDER & LAP BELT,NOT DEPLOYED,NOT APPLICABLE,N,NONE,NA,NA,NONE,NOT APPLICABLE,NOT APPLICABLE,,DRIVER LICENSE,Texas,CLASS C,77584
15022873,4,MOTOR VEHICLE,N,Y,UN,,NA,WHI,UNKNOWN,UNKNOWN,"PASSENGER CAR, 4-DOOR",N,,2,NA,BACK END DAMAGE DISTRIBUTED IMPACT,DAMAGED 1 MINIMUM,6,NA,NA,NA,N,,,NONE,NA,NA,SOUTH,N,0,0,0,0,1,0,0,1,DRIVER,FRONT LEFT,NOT INJURED,56,HISPANIC,MALE,NO,SHOULDER & LAP BELT,NOT DEPLOYED,NOT APPLICABLE,N,NONE,NA,NA,NONE,NOT APPLICABLE,NOT APPLICABLE,,DRIVER LICENSE,Texas,CLASS C,77584
15077636,1,MOTOR VEHICLE,N,Y,TX,1FTNX20F4XEC84053,1999,BLK,FORD,F250,PICKUP,N,77581,1,PROOF OF LIABILITY INSURANCE,FRONT END (RIGHT)  DAMAGE PARTIAL CONTACT,DAMAGED 3,12,NA,NA,NA,N,RED'S WRECKER,"3029 WAGONTRAIL, PEARLAND, TX 77581",FAILED TO CONTROL SPEED,NA,NA,NORTH,Y,0,0,0,1,0,0,0,1,DRIVER,FRONT LEFT,NOT INJURED,43,HISPANIC,MALE,NO,SHOULDER & LAP BELT,NOT DEPLOYED,NOT APPLICABLE,N,NONE,NA,NA,NONE,NOT APPLICABLE,NOT APPLICABLE,,DRIVER LICENSE,Texas,CLASS C,77581
15077636,1,MOTOR VEHICLE,N,Y,TX,1FTNX20F4XEC84053,1999,BLK,FORD,F250,PICKUP,N,77581,1,PROOF OF LIABILITY INSURANCE,FRONT END (RIGHT)  DAMAGE PARTIAL CONTACT,DAMAGED 3,12,NA,NA,NA,N,RED'S WRECKER,"3029 WAGONTRAIL, PEARLAND, TX 77581",FAILED TO CONTROL SPEED,NA,NA,NORTH,Y,0,0,0,1,0,0,0,1,DRIVER,FRONT LEFT,NOT INJURED,51,WHITE,FEMALE,NO,SHOULDER & LAP BELT,NOT DEPLOYED,NOT APPLICABLE,N,NONE,NA,NA,NONE,NOT APPLICABLE,NOT APPLICABLE,,DRIVER LICENSE,Texas,CLASS C,77511
15078721,1,MOTOR VEHICLE,N,Y,UN,,NA,99,NA,NA,UNKNOWN,N,,NA,NA,NA,NA,NA,NA,NA,NA,,,,OTHER (EXPLAIN IN NARRATIVE),NA,NA,EAST,Y,0,0,0,0,1,0,0,1,DRIVER,FRONT LEFT,NOT INJURED,25,BLACK,MALE,NO,SHOULDER & LAP BELT,"DEPLOYED, FRONT",NOT APPLICABLE,N,NONE,NA,NA,NONE,NOT APPLICABLE,NOT APPLICABLE,,DRIVER LICENSE,Texas,CLASS C,75042
15141043,1,MOTOR VEHICLE,N,Y,TX,1FADP3F21FL356817,NA,WHI,FORD,FOCUS,"PASSENGER CAR, 4-DOOR",N,78252,1,LIABILITY INSURANCE POLICY,FRONT END DAMAGE CONCENTRATED IMPACT,DAMAGED 3,12,NA,NA,NA,N,CONTRACT TOW,GROWDON POUND,FOLLOWED TOO CLOSELY,FAILED TO CONTROL SPEED,NA,SOUTHWEST,Y,0,0,0,1,0,0,0,1,DRIVER,FRONT LEFT,POSSIBLE INJURY,44,BLACK,FEMALE,NO,SHOULDER & LAP BELT,NOT DEPLOYED,NOT APPLICABLE,N,NONE,NA,NA,NONE,NOT APPLICABLE,NOT APPLICABLE,,DRIVER LICENSE,Texas,CLASS C,78252
15141043,1,MOTOR VEHICLE,N,Y,TX,1FADP3F21FL356817,NA,WHI,FORD,FOCUS,"PASSENGER CAR, 4-DOOR",N,78252,1,LIABILITY INSURANCE POLICY,FRONT END DAMAGE CONCENTRATED IMPACT,DAMAGED 3,12,NA,NA,NA,N,CONTRACT TOW,GROWDON POUND,FOLLOWED TOO CLOSELY,FAILED TO CONTROL SPEED,NA,SOUTHWEST,Y,0,0,0,1,0,0,0,1,DRIVER,FRONT LEFT,NOT INJURED,41,HISPANIC,MALE,NO,SHOULDER & LAP BELT,NOT DEPLOYED,NOT APPLICABLE,N,NONE,NA,NA,NONE,NOT APPLICABLE,NOT APPLICABLE,,DRIVER LICENSE,Texas,CLASS C,78242
15017073,3,MOTOR VEHICLE,N,Y,UN,,NA,RED,FORD,F250,PICKUP,N,,2,NA,NA,NA,NA,NA,NA,NA,N,,,NONE,NA,NA,WEST,N,0,0,0,0,1,0,0,1,DRIVER,FRONT LEFT,NOT INJURED,21,HISPANIC,FEMALE,NO,SHOULDER & LAP BELT,NOT DEPLOYED,NOT APPLICABLE,N,NONE,NA,NA,NONE,NOT APPLICABLE,NOT APPLICABLE,,DRIVER LICENSE,Texas,CLASS C,77521
15114635,2,MOTOR VEHICLE,N,Y,UN,,NA,BLK,CHEVROLET,SILVERADO,PICKUP,N,,2,NA,RIGHT BACK QUARTER DAMAGE ANGULAR IMPACT,NA,2,NA,NA,NA,N,,,CHANGED LANE WHEN UNSAFE,NA,SPEEDING - (OVERLIMIT),NORTHWEST,Y,0,0,0,0,1,0,0,1,DRIVER,FRONT LEFT,NOT INJURED,22,HISPANIC,MALE,NO,NONE,NOT DEPLOYED,NOT APPLICABLE,N,NONE,NA,NA,NONE,NOT APPLICABLE,NOT APPLICABLE,,DRIVER LICENSE,Texas,CLASS C,78214
15128924,3,MOTOR VEHICLE,N,Y,NA,,NA,BLK,NA,NA,SPORT UTILITY VEHICLE,N,,NA,NA,NA,NA,NA,NA,NA,NA,N,,,NONE,NA,NA,NORTH,N,0,0,0,0,1,0,0,1,DRIVER,FRONT LEFT,NOT INJURED,20,WHITE,MALE,NO,SHOULDER & LAP BELT,NOT DEPLOYED,NOT APPLICABLE,N,NONE,NA,NA,NONE,NOT APPLICABLE,NOT APPLICABLE,,DRIVER LICENSE,Texas,CLASS C,75087
15128924,3,MOTOR VEHICLE,N,Y,NA,,NA,BLK,NA,NA,SPORT UTILITY VEHICLE,N,,NA,NA,NA,NA,NA,NA,NA,NA,N,,,NONE,NA,NA,NORTH,N,0,0,0,0,1,0,0,1,DRIVER,FRONT LEFT,NON-INCAPACITATING INJURY,55,WHITE,MALE,NO,SHOULDER & LAP BELT,NOT DEPLOYED,NOT APPLICABLE,N,NONE,NA,NA,NONE,NOT APPLICABLE,NOT APPLICABLE,,DRIVER LICENSE,Texas,CLASS C,75216
15009814,1,MOTOR VEHICLE,N,Y,UN,1N6BA0EK5BN317050,NA,99,NISSAN,TITAN,UNKNOWN,N,78130,1,PROOF OF LIABILITY INSURANCE,FRONT END DAMAGE CONCENTRATED IMPACT,DAMAGED 2,12,NA,NA,NA,N,HILL COUNTRY TOWING,153 E NACOGDOCHES,FAILED TO DRIVE IN SINGLE LANE,FATIGUED OR ASLEEP,HAD BEEN DRINKING,SOUTH,Y,0,0,0,1,0,0,0,1,DRIVER,FRONT LEFT,NOT INJURED,18,HISPANIC,MALE,NO,SHOULDER & LAP BELT,"DEPLOYED, FRONT",NOT APPLICABLE,N,NONE,NA,NA,NONE,NOT APPLICABLE,NOT APPLICABLE,,DRIVER LICENSE,Texas,CLASS C,78130
15013688,1,MOTOR VEHICLE,N,Y,TX,1ZVFT80N355171179,2005,GRN,FORD,MUSTANG,"PASSENGER CAR, 2-DOOR",N,76011,1,PROOF OF LIABILITY INSURANCE,LEFT FRONT QUARTER DAMAGE ANGULAR IMPACT,DAMAGED 4,NA,NA,NA,NA,Y,KELLY MCKNIGHT WRECKER 817-265-1336,"1108  HARRISON AVE, ARLINGTON, TX, 76011",FAILED TO YIELD ROW - PRIVATE DRIVE,FAILED TO YIELD ROW - OPEN INTERSECTION,NA,EAST,Y,0,0,0,0,1,0,0,1,DRIVER,FRONT LEFT,UNKNOWN,42,WHITE,FEMALE,NO,UNKNOWN,UNKNOWN,NOT APPLICABLE,N,NONE,NA,NA,NONE,NOT APPLICABLE,NOT APPLICABLE,,DRIVER LICENSE,Texas,CLASS C,76014
15013688,1,MOTOR VEHICLE,N,Y,TX,1ZVFT80N355171179,2005,GRN,FORD,MUSTANG,"PASSENGER CAR, 2-DOOR",N,76011,1,PROOF OF LIABILITY INSURANCE,LEFT FRONT QUARTER DAMAGE ANGULAR IMPACT,DAMAGED 4,NA,NA,NA,NA,Y,KELLY MCKNIGHT WRECKER 817-265-1336,"1108  HARRISON AVE, ARLINGTON, TX, 76011",FAILED TO YIELD ROW - PRIVATE DRIVE,FAILED TO YIELD ROW - OPEN INTERSECTION,NA,EAST,Y,0,0,0,0,1,0,0,1,DRIVER,FRONT LEFT,POSSIBLE INJURY,22,WHITE,FEMALE,NO,SHOULDER & LAP BELT,NOT DEPLOYED,NOT APPLICABLE,N,NONE,NA,NA,NONE,NOT APPLICABLE,NOT APPLICABLE,,DRIVER LICENSE,Texas,CLASS C,76014
15047346,1,MOTOR VEHICLE,N,Y,UN,2GCEC13C771711931,2007,BLU,CHEVROLET,SILVERADO,PICKUP,N,75208,2,NA,BACK END (RIGHT) DAMAGE PARTIAL CONTACT,DAMAGED 1 MINIMUM,6,NA,NA,NA,N,,,BACKED WITHOUT SAFETY,NA,NA,NORTH,Y,0,0,0,1,0,0,0,1,PASSENGER/OCCUPANT,FRONT LEFT,NOT INJURED,20,HISPANIC,FEMALE,NOT APPLICABLE,SHOULDER & LAP BELT,NOT DEPLOYED,NOT APPLICABLE,N,NONE,NA,NA,NONE,NOT APPLICABLE,NOT APPLICABLE,,DRIVER LICENSE,Texas,CLASS C,75075
15128273,1,MOTOR VEHICLE,N,Y,TX,KNAFE121775484895,2007,WHI,KIA,SPECTRA,"PASSENGER CAR, 4-DOOR",N,76016,1,LIABILITY INSURANCE POLICY,FRONT END DAMAGE CONCENTRATED IMPACT,DAMAGED 2,12,NA,NA,NA,Y,DAVES HI-WRECKER,3010 HARDROCK ROAD,FAILED TO DRIVE IN SINGLE LANE,NA,NA,WEST,Y,0,0,0,1,0,0,0,1,DRIVER,FRONT LEFT,NOT INJURED,28,WHITE,FEMALE,NO,UNKNOWN,"DEPLOYED, FRONT",NOT APPLICABLE,N,NONE,NA,NA,NONE,NOT APPLICABLE,NOT APPLICABLE,,DRIVER LICENSE,Texas,CLASS C,75060
15132537,2,MOTOR VEHICLE,N,Y,TX,1HGCG1657WA037665,1998,MAR,HONDA,ACCORD,"PASSENGER CAR, 4-DOOR",N,77807,2,NA,FRONT END DAMAGE DISTRIBUTED IMPACT,DAMAGED 2,1,FRONT END DAMAGE CONCENTRATED IMPACT,DAMAGED 2,1,Y,CONTRACT WRECKER,GROWDON STORAGE FACILITY,FAILED TO DRIVE IN SINGLE LANE,FAILED TO CONTROL SPEED,NA,SOUTH,Y,0,0,0,1,0,0,0,1,DRIVER,FRONT LEFT,POSSIBLE INJURY,37,HISPANIC,FEMALE,NO,SHOULDER & LAP BELT,NOT DEPLOYED,NOT APPLICABLE,N,NONE,NA,NA,NONE,NOT APPLICABLE,NOT APPLICABLE,,DRIVER LICENSE,Texas,CLASS C,78161
15132537,1,MOTOR VEHICLE,N,Y,TX,1D7HW48NX6S534652,2006,BLK,DODGE,DAKOTA,PICKUP,N,78161,1,PROOF OF LIABILITY INSURANCE,RIGHT BACK QUARTER DAMAGE ANGULAR IMPACT,DAMAGED 1 MINIMUM,5,NA,NA,NA,N,CONTRACT WRECKER,ATLAS BODY SHOP,NONE,NA,NA,SOUTH,Y,0,0,1,0,0,1,0,1,DRIVER,FRONT LEFT,POSSIBLE INJURY,37,HISPANIC,FEMALE,NO,SHOULDER & LAP BELT,NOT DEPLOYED,NOT APPLICABLE,N,NONE,NA,NA,NONE,NOT APPLICABLE,NOT APPLICABLE,,DRIVER LICENSE,Texas,CLASS C,78161
15004900,1,MOTOR VEHICLE,N,Y,TX,1FMNU40P65EB44771,2005,WHI,FORD,EXPEDITION,"PASSENGER CAR, 4-DOOR",N,77477,2,NA,BACK END DAMAGE DISTRIBUTED IMPACT,DAMAGED 1 MINIMUM,6,NA,NA,NA,N,CONTRACT WRECKER,GROWDEN,BACKED WITHOUT SAFETY,DRIVER INATTENTION,NA,NORTH,Y,0,0,0,1,0,0,0,1,DRIVER,FRONT LEFT,NOT INJURED,22,HISPANIC,MALE,NO,UNKNOWN,NOT DEPLOYED,NOT APPLICABLE,N,NONE,NA,NA,NONE,NOT APPLICABLE,NOT APPLICABLE,,DRIVER LICENSE,Texas,CLASS C,77477
15103228,1,MOTOR VEHICLE,N,Y,TX,JTEZU11F370004778,2007,BLU,TOYOTA,FJ CRUISER,SPORT UTILITY VEHICLE,N,79925,1,PROOF OF LIABILITY INSURANCE,FRONT END DAMAGE DISTRIBUTED IMPACT,DAMAGED 3,12,NA,NA,NA,N,,,NA,NA,DRIVER INATTENTION,SOUTH,Y,0,0,0,1,0,0,0,1,DRIVER,FRONT LEFT,NOT INJURED,75,HISPANIC,MALE,NO,SHOULDER & LAP BELT,NOT DEPLOYED,NOT APPLICABLE,N,NONE,NA,NA,NONE,NOT APPLICABLE,NOT APPLICABLE,,DRIVER LICENSE,Texas,CLASS C,79930
15111368,1,MOTOR VEHICLE,N,Y,UN,1N6SD11S3SC404024,1995,99,NISSAN,NA,UNKNOWN,N,88021,1,PROOF OF LIABILITY INSURANCE,FRONT END (LEFT) DAMAGE PARTIAL CONTACT,DAMAGED 2,11,NA,NA,NA,Y,,,DRIVER INATTENTION,UNDER INFLUENCE - ALCOHOL,NA,WEST,Y,0,0,0,1,0,0,0,1,DRIVER,FRONT LEFT,NOT INJURED,33,HISPANIC,MALE,NO,UNKNOWN,NOT DEPLOYED,NOT APPLICABLE,N,BREATH,Positive,0.271,NONE,NOT APPLICABLE,NOT APPLICABLE,,DRIVER LICENSE,Texas,CLASS C,79924
15111368,1,MOTOR VEHICLE,N,Y,UN,1N6SD11S3SC404024,1995,99,NISSAN,NA,UNKNOWN,N,88021,1,PROOF OF LIABILITY INSURANCE,FRONT END (LEFT) DAMAGE PARTIAL CONTACT,DAMAGED 2,11,NA,NA,NA,Y,,,DRIVER INATTENTION,UNDER INFLUENCE - ALCOHOL,NA,WEST,Y,0,0,0,1,0,0,0,1,PASSENGER/OCCUPANT,FRONT LEFT,NOT INJURED,55,WHITE,FEMALE,NO,UNKNOWN,NOT DEPLOYED,NOT APPLICABLE,N,NONE,NA,NA,NONE,NOT APPLICABLE,NOT APPLICABLE,,DRIVER LICENSE,New Mexico,OTHER/OUT OF STATE,88021
15122136,3,MOTOR VEHICLE,N,Y,UN,4M2YU811X7KJ05764,2007,WHI,MERCURY,MOUNTAINEER,"PASSENGER CAR, 4-DOOR",N,77042,2,NA,NA,NA,NA,NA,NA,NA,N,,,NONE,NA,NA,WEST,N,0,0,0,0,1,0,0,1,DRIVER,FRONT LEFT,NOT INJURED,37,HISPANIC,MALE,NO,UNKNOWN,NOT DEPLOYED,NOT APPLICABLE,N,NONE,NA,NA,NONE,NOT APPLICABLE,NOT APPLICABLE,,DRIVER LICENSE,Texas,CLASS C,77407
15008175,1,MOTOR VEHICLE,N,Y,TX,3GTEC13C88G311708,NA,GRY,GMC,NA,PICKUP,N,78577,1,PROOF OF LIABILITY INSURANCE,RIGHT BACK QUARTER DAMAGE ANGULAR IMPACT,DAMAGED 2,4,NA,NA,NA,Y,GLOBAL WRECKER SERVICE,915 NORTH 10TH STREET  (956-380-0029),FAILED TO YIELD ROW - TURNING LEFT,NA,NA,SOUTH,Y,0,0,0,3,0,0,0,1,DRIVER,FRONT LEFT,NOT INJURED,29,HISPANIC,MALE,NO,SHOULDER & LAP BELT,NOT DEPLOYED,NOT APPLICABLE,N,NONE,NA,NA,NONE,NOT APPLICABLE,NOT APPLICABLE,,DRIVER LICENSE,Texas,CLASS C,78542
15045449,1,MOTOR VEHICLE,N,Y,TX,1FTPW14564KA74591,2004,WHI,FORD,F150,PICKUP,N,76111,1,PROOF OF LIABILITY INSURANCE,FRONT END DAMAGE CONCENTRATED IMPACT,DAMAGED 3,NA,NA,NA,NA,N,LONDON'S WRECKER SERVICE,LONDON'S WRECKER STORAGE FACILITY,UNSAFE SPEED,NA,NA,WEST,Y,0,0,0,1,0,0,0,1,DRIVER,FRONT LEFT,NOT INJURED,39,HISPANIC,MALE,NO,SHOULDER & LAP BELT,NOT DEPLOYED,NOT APPLICABLE,N,NONE,NA,NA,NONE,NOT APPLICABLE,NOT APPLICABLE,,DRIVER LICENSE,Texas,CLASS C,75602
15086844,1,MOTOR VEHICLE,N,Y,TX,1HGCM82633A010524,2003,BLU,HONDA,ACCORD,"PASSENGER CAR, 4-DOOR",N,77365,1,PROOF OF LIABILITY INSURANCE,FRONT END DAMAGE DISTRIBUTED IMPACT,DAMAGED 3,12,NA,NA,NA,N,DRIVER,FLED SCENE,FAILED TO YIELD ROW - PRIVATE DRIVE,NA,NA,NORTH,Y,0,0,0,1,0,0,0,1,DRIVER,FRONT LEFT,NOT INJURED,33,BLACK,MALE,NO,SHOULDER & LAP BELT,NOT DEPLOYED,NOT APPLICABLE,N,NONE,NA,NA,NONE,NOT APPLICABLE,NOT APPLICABLE,,DRIVER LICENSE,Texas,CLASS C,77365
15086844,1,MOTOR VEHICLE,N,Y,TX,1HGCM82633A010524,2003,BLU,HONDA,ACCORD,"PASSENGER CAR, 4-DOOR",N,77365,1,PROOF OF LIABILITY INSURANCE,FRONT END DAMAGE DISTRIBUTED IMPACT,DAMAGED 3,12,NA,NA,NA,N,DRIVER,FLED SCENE,FAILED TO YIELD ROW - PRIVATE DRIVE,NA,NA,NORTH,Y,0,0,0,1,0,0,0,1,DRIVER,FRONT LEFT,NOT INJURED,55,HISPANIC,FEMALE,NO,SHOULDER & LAP BELT,NOT APPLICABLE,NOT APPLICABLE,N,NONE,NA,NA,NONE,NOT APPLICABLE,NOT APPLICABLE,,COMMERCIAL DRIVER LIC.,Texas,CLASS B,77372
15035773,2,MOTOR VEHICLE,N,Y,UN,1GNCS13W4T2218245,1996,99,CHEVROLET,TRAILBLAZER,UNKNOWN,N,76208,1,LIABILITY INSURANCE POLICY,FRONT END DAMAGE CONCENTRATED IMPACT,DAMAGED 1 MINIMUM,12,NA,NA,NA,Y,,,HAD BEEN DRINKING,DRIVER INATTENTION,NA,SOUTH,Y,0,0,0,1,0,0,0,1,DRIVER,FRONT LEFT,NOT INJURED,56,WHITE,FEMALE,NO,SHOULDER & LAP BELT,NOT DEPLOYED,NOT APPLICABLE,N,NONE,NA,NA,NONE,NOT APPLICABLE,NOT APPLICABLE,,DRIVER LICENSE,Texas,CLASS C,75180
15035773,2,MOTOR VEHICLE,N,Y,UN,1GNCS13W4T2218245,1996,99,CHEVROLET,TRAILBLAZER,UNKNOWN,N,76208,1,LIABILITY INSURANCE POLICY,FRONT END DAMAGE CONCENTRATED IMPACT,DAMAGED 1 MINIMUM,12,NA,NA,NA,Y,,,HAD BEEN DRINKING,DRIVER INATTENTION,NA,SOUTH,Y,0,0,0,1,0,0,0,1,DRIVER,FRONT LEFT,NOT INJURED,44,WHITE,FEMALE,NO,UNKNOWN,NOT DEPLOYED,NOT APPLICABLE,N,NONE,NA,NA,NONE,NOT APPLICABLE,NOT APPLICABLE,,DRIVER LICENSE,Texas,CLASS C,75149
15290584,1,MOTOR VEHICLE,N,Y,TX,1NXBR32E55Z436170,2005,SIL,TOYOTA,COROLLA,"PASSENGER CAR, 4-DOOR",N,75248,1,PROOF OF LIABILITY INSURANCE,FRONT END (RIGHT)  DAMAGE PARTIAL CONTACT,DAMAGED 4,NA,NA,NA,NA,N,SAULS,SAULS 832 E UNIVERSITY MCKINNEY TX 75069,FAILED TO DRIVE IN SINGLE LANE,UNDER INFLUENCE - ALCOHOL,NA,EAST,Y,0,0,0,1,0,0,0,1,DRIVER,FRONT LEFT,NOT INJURED,27,WHITE,FEMALE,NO,SHOULDER & LAP BELT,NOT DEPLOYED,NOT APPLICABLE,N,BLOOD,NA,NA,NONE,NOT APPLICABLE,NOT APPLICABLE,,DRIVER LICENSE,Texas,CLASS C,75248
15071656,1,MOTOR VEHICLE,N,Y,TX,1B4HS28Z31F573563,2001,BLK,DODGE,DURANGO,SPORT UTILITY VEHICLE,N,79104,1,PROOF OF LIABILITY INSURANCE,DISTRIBUTED LEFT SIDE DAMAGE PARALLEL IMPACT,DAMAGED 1 MINIMUM,12,NA,NA,NA,N,,,FAILED TO DRIVE IN SINGLE LANE,NA,NA,WEST,Y,0,0,0,1,0,0,0,1,DRIVER,FRONT LEFT,NOT INJURED,25,HISPANIC,MALE,UNKNOWN,UNKNOWN,UNKNOWN,NOT APPLICABLE,N,NONE,NA,NA,NONE,NOT APPLICABLE,NOT APPLICABLE,,DRIVER LICENSE,Texas,CLASS C,79104
15071656,1,MOTOR VEHICLE,N,Y,TX,1B4HS28Z31F573563,2001,BLK,DODGE,DURANGO,SPORT UTILITY VEHICLE,N,79104,1,PROOF OF LIABILITY INSURANCE,DISTRIBUTED LEFT SIDE DAMAGE PARALLEL IMPACT,DAMAGED 1 MINIMUM,12,NA,NA,NA,N,,,FAILED TO DRIVE IN SINGLE LANE,NA,NA,WEST,Y,0,0,0,1,0,0,0,1,DRIVER,FRONT LEFT,NOT INJURED,34,WHITE,MALE,NO,SHOULDER & LAP BELT,NOT DEPLOYED,NOT APPLICABLE,N,NONE,NA,NA,NONE,NOT APPLICABLE,NOT APPLICABLE,,COMMERCIAL DRIVER LIC.,Texas,CLASS A,79107
15094065,1,MOTOR VEHICLE,N,Y,TX,4T1BF3EK3BU667753,NA,GRY,TOYOTA,CAMRY,"PASSENGER CAR, 4-DOOR",N,75409,1,PROOF OF LIABILITY INSURANCE,FRONT END DAMAGE CONCENTRATED IMPACT,NO DAMAGE,12,NA,NA,NA,N,,,FAILED TO CONTROL SPEED,NA,ROAD RAGE,EAST,Y,0,0,0,1,0,0,0,1,DRIVER,FRONT LEFT,NOT INJURED,44,HISPANIC,FEMALE,NO,SHOULDER & LAP BELT,NOT DEPLOYED,NOT APPLICABLE,N,NONE,NA,NA,NONE,NOT APPLICABLE,NOT APPLICABLE,,DRIVER LICENSE,Texas,CLASS C,75409
15094065,1,MOTOR VEHICLE,N,Y,TX,4T1BF3EK3BU667753,NA,GRY,TOYOTA,CAMRY,"PASSENGER CAR, 4-DOOR",N,75409,1,PROOF OF LIABILITY INSURANCE,FRONT END DAMAGE CONCENTRATED IMPACT,NO DAMAGE,12,NA,NA,NA,N,,,FAILED TO CONTROL SPEED,NA,ROAD RAGE,EAST,Y,0,0,0,1,0,0,0,1,DRIVER,FRONT LEFT,NOT INJURED,32,WHITE,FEMALE,NOT APPLICABLE,SHOULDER & LAP BELT,NOT DEPLOYED,NOT APPLICABLE,N,NONE,NA,NA,NONE,NOT APPLICABLE,NOT APPLICABLE,,DRIVER LICENSE,Texas,CLASS C,75074