CRASH_ID,UNIT_NBR,UNIT_DESC_ID,VEH_PARKED_FL,VEH_HNR_FL,VEH_LIC_STATE_ID,VIN,VEH_MOD_YEAR,VEH_COLOR_ID,VEH_MAKE_ID,VEH_MOD_ID,VEH_BODY_STYL_ID,EMER_RESPNDR_FL,OWNR_ZIP,FIN_RESP_PROOF_ID,FIN_RESP_TYPE_ID,VEH_DMAG_AREA_1_ID,VEH_DMAG_SCL_1_ID,FORCE_DIR_1_ID,VEH_DMAG_AREA_2_ID,VEH_DMAG_SCL_2_ID,FORCE_DIR_2_ID,VEH_INVENTORIED_FL,VEH_TRANSP_NAME,VEH_TRANSP_DEST,CONTRIB_FACTR_1_ID,CONTRIB_FACTR_2_ID,CONTRIB_FACTR_P1_ID,VEH_TRVL_DIR_ID,FIRST_HARM_EVT_INV_ID,INCAP_INJRY_CNT,NONINCAP_INJRY_CNT,POSS_INJRY_CNT,NON_INJRY_CNT,UNKN_INJRY_CNT,TOT_INJRY_CNT,DEATH_CNT,PRSN_NBR,PRSN_TYPE_ID,PRSN_OCCPNT_POS_ID,PRSN_INJRY_SEV_ID,PRSN_AGE,PRSN_ETHNICITY_ID,PRSN_GNDR_ID,PRSN_EJCT_ID,PRSN_REST_ID,PRSN_AIRBAG_ID,PRSN_HELMET_ID,PRSN_SOL_FL,PRSN_ALC_SPEC_TYPE_ID,PRSN_ALC_RSLT_ID,PRSN_BAC_TEST_RSLT,PRSN_DRG_SPEC_TYPE_ID,PRSN_DRG_RSLT_ID,DRVR_DRG_CAT_1_ID,PRSN_DEATH_TIME,DRVR_LIC_TYPE_ID,DRVR_LIC_STATE_ID,DRVR_LIC_CLS_ID,DRVR_ZIP
15028664,1,MOTOR VEHICLE,N,Y,TX,1D7HA18N35J537572,2005,MAR,DODGE,RAM 1500,UNKNOWN,N,75216,1,PROOF OF LIABILITY INSURANCE,FRONT END DAMAGE DISTRIBUTED IMPACT,DAMAGED 1 MINIMUM,12,NA,NA,NA,Y,DAVE'S HI-WAY WRECKER,3010 HARD ROCK RD GRAND PRAIRIE TX 75050,FAILED TO CONTROL SPEED,NA,NA,NORTH,Y,0,0,1,0,0,1,0,1,DRIVER,FRONT LEFT,POSSIBLE INJURY,39,BLACK,MALE,NO,UNKNOWN,UNKNOWN,NOT APPLICABLE,N,NONE,NA,NA,NONE,NOT APPLICABLE,NOT APPLICABLE,,COMMERCIAL DRIVER LIC.,Texas,CLASS A,75216
15028664,1,MOTOR VEHICLE,N,Y,TX,1D7HA18N35J537572,2005,MAR,DODGE,RAM 1500,UNKNOWN,N,75216,1,PROOF OF LIABILITY INSURANCE,FRONT END DAMAGE DISTRIBUTED IMPACT,DAMAGED 1 MINIMUM,12,NA,NA,NA,Y,DAVE'S HI-WAY WRECKER,3010 HARD ROCK RD GRAND PRAIRIE TX 75050,FAILED TO CONTROL SPEED,NA,NA,NORTH,Y,0,0,1,0,0,1,0,1,DRIVER,FRONT LEFT,NOT INJURED,47,BLACK,FEMALE,NO,SHOULDER & LAP BELT,NOT DEPLOYED,NOT APPLICABLE,N,NONE,NA,NA,NONE,NOT APPLICABLE,NOT APPLICABLE,,DRIVER LICENSE,Texas,CLASS C,75211
15076847,2,MOTOR VEHICLE,N,Y,UN,2MEFM75W8YX689351,2000,99,MERCURY,GRAND MARQUIS,UNKNOWN,N,75149,1,PROOF OF LIABILITY INSURANCE,DISTRIBUTED LEFT SIDE DAMAGE PARALLEL IMPACT,DAMAGED 1 MINIMUM,10,NA,NA,NA,N,NOT TOWED,,TURNED IMPROPERLY - WRONG LANE,NA,NA,SOUTHEAST,Y,0,0,0,1,0,0,0,1,DRIVER,FRONT LEFT,POSSIBLE INJURY,23,WHITE,MALE,NO,SHOULDER & LAP BELT,NOT DEPLOYED,NOT APPLICABLE,N,NONE,NA,NA,NONE,NOT APPLICABLE,NOT APPLICABLE,,DRIVER LICENSE,Texas,CLASS A,75074
15076847,2,MOTOR VEHICLE,N,Y,UN,2MEFM75W8YX689351,2000,99,MERCURY,GRAND MARQUIS,UNKNOWN,N,75149,1,PROOF OF LIABILITY INSURANCE,DISTRIBUTED LEFT SIDE DAMAGE PARALLEL IMPACT,DAMAGED 1 MINIMUM,10,NA,NA,NA,N,NOT TOWED,,TURNED IMPROPERLY - WRONG LANE,NA,NA,SOUTHEAST,Y,0,0,0,1,0,0,0,1,DRIVER,FRONT LEFT,NOT INJURED,35,WHITE,FEMALE,NO,SHOULDER & LAP BELT,NOT DEPLOYED,NOT APPLICABLE,N,NONE,NA,NA,NONE,NOT APPLICABLE,NOT APPLICABLE,,DRIVER LICENSE,Texas,CLASS C,76244
15132174,3,MOTOR VEHICLE,N,Y,UN,,NA,WHI,UNKNOWN,UNKNOWN,UNKNOWN,N,,2,NA,NA,NA,NA,NA,NA,NA,N,,,NONE,NA,NA,WEST,N,0,0,0,0,1,0,0,1,DRIVER,FRONT LEFT,NOT INJURED,34,WHITE,MALE,NO,SHOULDER & LAP BELT,NOT DEPLOYED,NOT APPLICABLE,N,NONE,NA,NA,NONE,NOT APPLICABLE,NOT APPLICABLE,,DRIVER LICENSE,Texas,CLASS B,77833
15132174,3,MOTOR VEHICLE,N,Y,UN,,NA,WHI,UNKNOWN,UNKNOWN,UNKNOWN,N,,2,NA,NA,NA,NA,NA,NA,NA,N,,,NONE,NA,NA,WEST,N,0,0,0,0,1,0,0,1,DRIVER,FRONT LEFT,NOT INJURED,34,WHITE,MALE,NO,SHOULDER & LAP BELT,NOT DEPLOYED,NOT APPLICABLE,N,NONE,NA,NA,NONE,NOT APPLICABLE,NOT APPLICABLE,,DRIVER LICENSE,Texas,CLASS B,77833
15132174,3,MOTOR VEHICLE,N,Y,UN,,NA,WHI,UNKNOWN,UNKNOWN,UNKNOWN,N,,2,NA,NA,NA,NA,NA,NA,NA,N,,,NONE,NA,NA,WEST,N,0,0,0,0,1,0,0,1,DRIVER,FRONT LEFT,NOT INJURED,18,WHITE,FEMALE,NO,SHOULDER & LAP BELT,NOT DEPLOYED,NOT APPLICABLE,N,NONE,NA,NA,NONE,NOT APPLICABLE,NOT APPLICABLE,,DRIVER LICENSE,Texas,CLASS C,77320
15132174,3,MOTOR VEHICLE,N,Y,UN,,NA,WHI,UNKNOWN,UNKNOWN,UNKNOWN,N,,2,NA,NA,NA,NA,NA,NA,NA,N,,,NONE,NA,NA,WEST,N,0,0,0,0,1,0,0,1,DRIVER,FRONT LEFT,NOT INJURED,18,WHITE,FEMALE,NO,SHOULDER & LAP BELT,NOT DEPLOYED,NOT APPLICABLE,N,NONE,NA,NA,NONE,NOT APPLICABLE,NOT APPLICABLE,,DRIVER LICENSE,Texas,CLASS C,77320
15024551,1,MOTOR VEHICLE,N,Y,TX,1FTSW20566EC69159,2006,WHI,FORD,F250,PICKUP,N,79412,1,LIABILITY INSURANCE POLICY,BACK END DAMAGE CONCENTRATED IMPACT,NO DAMAGE,6,NA,NA,NA,N,DRIVEN FROM SCENE BY OWNER,,BACKED WITHOUT SAFETY,NA,NA,WEST,Y,0,0,0,1,0,0,0,1,DRIVER,FRONT LEFT,NOT INJURED,75,WHITE,MALE,NO,SHOULDER & LAP BELT,NOT DEPLOYED,NOT APPLICABLE,N,NONE,NA,NA,NONE,NOT APPLICABLE,NOT APPLICABLE,,DRIVER LICENSE,Texas,CLASS C,79412
15036731,1,MOTOR VEHICLE,N,Y,TX,1G6KD57Y66U207356,2006,MAR,CADILLAC,NA,"PASSENGER CAR, 4-DOOR",N,75707,1,LIABILITY INSURANCE POLICY,FRONT END DAMAGE CONCENTRATED IMPACT,DAMAGED 3,12,NA,NA,NA,Y,LUBBOCK WRECKER,LUBBOCK WRECKER  3209 SLATON HWY   806-7,FAILED TO DRIVE IN SINGLE LANE,NA,NA,UNKNOWN,Y,0,0,0,0,1,0,0,1,DRIVER,FRONT LEFT,UNKNOWN,19,BLACK,MALE,NO,UNKNOWN,NOT DEPLOYED,NOT APPLICABLE,N,OTHER (EXPLAIN IN NARRATIVE),NA,NA,NONE,NOT APPLICABLE,NOT APPLICABLE,,DRIVER LICENSE,Texas,CLASS C,79401
15038977,1,MOTOR VEHICLE,N,Y,UN,,NA,BLK,UNKNOWN,UNKNOWN,"PASSENGER CAR, 4-DOOR",N,,2,NA,NA,NA,NA,NA,NA,NA,N,FLED SCENE,FLED SCENE,FAILED TO CONTROL SPEED,NA,NA,SOUTH,Y,0,0,0,0,1,0,0,1,DRIVER,FRONT LEFT,NOT INJURED,27,HISPANIC,MALE,NO,SHOULDER & LAP BELT,NOT DEPLOYED,NOT APPLICABLE,N,NONE,NA,NA,NONE,NOT APPLICABLE,NOT APPLICABLE,,DRIVER LICENSE,Texas,CLASS C,75951
15038977,1,MOTOR VEHICLE,N,Y,UN,,NA,BLK,UNKNOWN,UNKNOWN,"PASSENGER CAR, 4-DOOR",N,,2,NA,NA,NA,NA,NA,NA,NA,N,FLED SCENE,FLED SCENE,FAILED TO CONTROL SPEED,NA,NA,SOUTH,Y,0,0,0,0,1,0,0,1,DRIVER,FRONT LEFT,NOT INJURED,27,HISPANIC,MALE,NO,SHOULDER & LAP BELT,NOT DEPLOYED,NOT APPLICABLE,N,NONE,NA,NA,NONE,NOT APPLICABLE,NOT APPLICABLE,,DRIVER LICENSE,Texas,CLASS C,75951
15038977,1,MOTOR VEHICLE,N,Y,UN,,NA,BLK,UNKNOWN,UNKNOWN,"PASSENGER CAR, 4-DOOR",N,,2,NA,NA,NA,NA,NA,NA,NA,N,FLED SCENE,FLED SCENE,FAILED TO CONTROL SPEED,NA,NA,SOUTH,Y,0,0,0,0,1,0,0,1,DRIVER,FRONT LEFT,POSSIBLE INJURY,44,ASIAN,FEMALE,NO,SHOULDER & LAP BELT,NOT DEPLOYED,NOT APPLICABLE,N,NONE,NA,NA,NONE,NOT APPLICABLE,NOT APPLICABLE,,DRIVER LICENSE,Texas,CLASS C,77084
15038977,1,MOTOR VEHICLE,N,Y,UN,,NA,BLK,UNKNOWN,UNKNOWN,"PASSENGER CAR, 4-DOOR",N,,2,NA,NA,NA,NA,NA,NA,NA,N,FLED SCENE,FLED SCENE,FAILED TO CONTROL SPEED,NA,NA,SOUTH,Y,0,0,0,0,1,0,0,1,DRIVER,FRONT LEFT,POSSIBLE INJURY,44,ASIAN,FEMALE,NO,SHOULDER & LAP BELT,NOT DEPLOYED,NOT APPLICABLE,N,NONE,NA,NA,NONE,NOT APPLICABLE,NOT APPLICABLE,,DRIVER LICENSE,Texas,CLASS C,77084
15055500,2,MOTOR VEHICLE,N,Y,TX,1ZVFT82H555224794,2005,WHI,FORD,MUSTANG,"PASSENGER CAR, 2-DOOR",N,75009,1,PROOF OF LIABILITY INSURANCE,DISTRIBUTED LEFT SIDE DAMAGE PARALLEL IMPACT,DAMAGED 2,9,NA,NA,NA,N,,,CHANGED LANE WHEN UNSAFE,DRIVER INATTENTION,NA,SOUTH,Y,0,0,0,1,0,0,0,1,DRIVER,FRONT LEFT,NOT INJURED,16,WHITE,FEMALE,NOT APPLICABLE,SHOULDER & LAP BELT,NOT DEPLOYED,NOT APPLICABLE,N,NONE,NA,NA,NONE,NOT APPLICABLE,NOT APPLICABLE,,DRIVER LICENSE,Texas,CLASS C,75009
15055500,1,MOTOR VEHICLE,N,Y,TX,5FNYF3H54DB028507,NA,WHI,HONDA,PILOT,SPORT UTILITY VEHICLE,N,75009,1,PROOF OF LIABILITY INSURANCE,DISTRIBUTED RIGHT SIDE DAMAGE PARALLEL IMPACT,DAMAGED 3,3,NA,NA,NA,N,,,NONE,NA,NA,SOUTH,Y,0,0,0,1,0,0,0,1,DRIVER,FRONT LEFT,NOT INJURED,16,WHITE,FEMALE,NOT APPLICABLE,SHOULDER & LAP BELT,NOT DEPLOYED,NOT APPLICABLE,N,NONE,NA,NA,NONE,NOT APPLICABLE,NOT APPLICABLE,,DRIVER LICENSE,Texas,CLASS C,75009
15055500,2,MOTOR VEHICLE,N,Y,TX,1ZVFT82H555224794,2005,WHI,FORD,MUSTANG,"PASSENGER CAR, 2-DOOR",N,75009,1,PROOF OF LIABILITY INSURANCE,DISTRIBUTED LEFT SIDE DAMAGE PARALLEL IMPACT,DAMAGED 2,9,NA,NA,NA,N,,,CHANGED LANE WHEN UNSAFE,DRIVER INATTENTION,NA,SOUTH,Y,0,0,0,1,0,0,0,1,DRIVER,FRONT LEFT,NOT INJURED,16,WHITE,FEMALE,NO,UNKNOWN,UNKNOWN,NOT APPLICABLE,N,NONE,NA,NA,NONE,NOT APPLICABLE,NOT APPLICABLE,,DRIVER LICENSE,Texas,CLASS C,75009
15055500,1,MOTOR VEHICLE,N,Y,TX,5FNYF3H54DB028507,NA,WHI,HONDA,PILOT,SPORT UTILITY VEHICLE,N,75009,1,PROOF OF LIABILITY INSURANCE,DISTRIBUTED RIGHT SIDE DAMAGE PARALLEL IMPACT,DAMAGED 3,3,NA,NA,NA,N,,,NONE,NA,NA,SOUTH,Y,0,0,0,1,0,0,0,1,DRIVER,FRONT LEFT,NOT INJURED,16,WHITE,FEMALE,NO,UNKNOWN,UNKNOWN,NOT APPLICABLE,N,NONE,NA,NA,NONE,NOT APPLICABLE,NOT APPLICABLE,,DRIVER LICENSE,Texas,CLASS C,75009
15093910,1,MOTOR VEHICLE,N,Y,TX,1YVGE22C1V5633761,1997,TAN,MAZDA,UNKNOWN,"PASSENGER CAR, 4-DOOR",N,78415,1,LIABILITY INSURANCE POLICY,DISTRIBUTED LEFT SIDE DAMAGE PARALLEL IMPACT,DAMAGED 1 MINIMUM,12,NA,NA,NA,N,NOT TOWED,"LEFT SCENE, GAVE PARTIAL INFO",FAILED TO DRIVE IN SINGLE LANE,NA,NA,WEST,Y,0,0,0,1,0,0,0,1,DRIVER,FRONT LEFT,NOT INJURED,38,WHITE,MALE,NO,UNKNOWN,UNKNOWN,NOT APPLICABLE,N,NONE,NA,NA,NONE,NOT APPLICABLE,NOT APPLICABLE,,DRIVER LICENSE,Texas,CLASS C,78373
15093910,1,MOTOR VEHICLE,N,Y,TX,1YVGE22C1V5633761,1997,TAN,MAZDA,UNKNOWN,"PASSENGER CAR, 4-DOOR",N,78415,1,LIABILITY INSURANCE POLICY,DISTRIBUTED LEFT SIDE DAMAGE PARALLEL IMPACT,DAMAGED 1 MINIMUM,12,NA,NA,NA,N,NOT TOWED,"LEFT SCENE, GAVE PARTIAL INFO",FAILED TO DRIVE IN SINGLE LANE,NA,NA,WEST,Y,0,0,0,1,0,0,0,1,DRIVER,FRONT LEFT,NOT INJURED,24,HISPANIC,MALE,NO,SHOULDER & LAP BELT,NOT DEPLOYED,NOT APPLICABLE,N,NONE,NA,NA,NONE,NOT APPLICABLE,NOT APPLICABLE,,DRIVER LICENSE,Texas,CLASS B,78410
15107788,1,MOTOR VEHICLE,N,Y,TX,1N6DD21S4WC325305,1998,WHI,NISSAN,FRONTIER,PICKUP,N,78620,1,PROOF OF LIABILITY INSURANCE,FRONT END DAMAGE DISTRIBUTED IMPACT,DAMAGED 3,12,NA,NA,NA,N,HARPER'S TOWING,"201 LOST VALLEY RD, DRIPPING SPRGS, TX",UNSAFE SPEED,NA,NA,NORTHWEST,Y,0,0,1,0,0,1,0,1,DRIVER,FRONT LEFT,POSSIBLE INJURY,38,WHITE,MALE,NO,UNKNOWN,"DEPLOYED, FRONT",NOT APPLICABLE,N,NONE,NA,NA,NONE,NOT APPLICABLE,NOT APPLICABLE,,DRIVER LICENSE,Texas,CLASS C,75410
15125694,3,MOTOR VEHICLE,N,Y,UN,,NA,WHI,CHEVROLET,REQUIRES INTERPRETATION,UNKNOWN,N,,NA,NA,BACK END DAMAGE DISTRIBUTED IMPACT,DAMAGED 1 MINIMUM,6,NA,NA,NA,N,,,NONE,NA,NA,EAST,N,0,0,0,0,1,0,0,1,DRIVER,FRONT LEFT,NOT INJURED,41,HISPANIC,MALE,NO,UNKNOWN,NOT DEPLOYED,NOT APPLICABLE,N,NONE,NA,NA,NONE,NOT APPLICABLE,NOT APPLICABLE,,DRIVER LICENSE,Texas,CLASS C,
15125694,3,MOTOR VEHICLE,N,Y,UN,,NA,WHI,CHEVROLET,REQUIRES INTERPRETATION,UNKNOWN,N,,NA,NA,BACK END DAMAGE DISTRIBUTED IMPACT,DAMAGED 1 MINIMUM,6,NA,NA,NA,N,,,NONE,NA,NA,EAST,N,0,0,0,0,1,0,0,1,DRIVER,FRONT LEFT,NOT INJURED,49,BLACK,MALE,NO,UNKNOWN,NOT DEPLOYED,NOT APPLICABLE,N,NONE,NA,NA,NONE,NOT APPLICABLE,NOT APPLICABLE,,COMMERCIAL DRIVER LIC.,Texas,CLASS B,77018
15026065,1,MOTOR VEHICLE,N,Y,NM,3D7ML48A48G117882,NA,GLD,DODGE,RAM TRUCK 3500,UNKNOWN,N,88220,1,PROOF OF LIABILITY INSURANCE,FRONT END DAMAGE DISTRIBUTED IMPACT,DAMAGED 1 MINIMUM,12,NA,NA,NA,N,,,FAILED TO CONTROL SPEED,DRIVER INATTENTION,FOLLOWED TOO CLOSELY,EAST,Y,0,0,0,1,0,0,0,1,DRIVER,FRONT LEFT,NOT INJURED,36,WHITE,MALE,NO,SHOULDER & LAP BELT,NOT DEPLOYED,NOT APPLICABLE,N,NONE,NA,NA,NONE,NOT APPLICABLE,NOT APPLICABLE,,DRIVER LICENSE,Texas,CLASS C,79705
15026065,1,MOTOR VEHICLE,N,Y,NM,3D7ML48A48G117882,NA,GLD,DODGE,RAM TRUCK 3500,UNKNOWN,N,88220,1,PROOF OF LIABILITY INSURANCE,FRONT END DAMAGE DISTRIBUTED IMPACT,DAMAGED 1 MINIMUM,12,NA,NA,NA,N,,,FAILED TO CONTROL SPEED,DRIVER INATTENTION,FOLLOWED TOO CLOSELY,EAST,Y,0,0,0,1,0,0,0,1,DRIVER,FRONT LEFT,NOT INJURED,26,HISPANIC,MALE,NO,SHOULDER & LAP BELT,NOT DEPLOYED,NOT APPLICABLE,N,NONE,NA,NA,NONE,NOT APPLICABLE,NOT APPLICABLE,,DRIVER LICENSE,New Mexico,OTHER/OUT OF STATE,87105
15043639,1,MOTOR VEHICLE,N,Y,TX,1NXBR18E91Z551652,2001,RED,TOYOTA,COROLLA,"PASSENGER CAR, 4-DOOR",N,77471,2,NA,FRONT END (RIGHT)  DAMAGE PARTIAL CONTACT,DAMAGED 5,12,NA,NA,NA,N,ALL AMERICAN,6810 PLEAK CROSSING,FAILED TO DRIVE IN SINGLE LANE,NA,UNSAFE SPEED,NORTH,Y,0,0,0,0,1,0,0,1,DRIVER,FRONT LEFT,UNKNOWN,19,HISPANIC,FEMALE,NO,UNKNOWN,"DEPLOYED, FRONT",NOT APPLICABLE,N,NONE,NA,NA,NONE,NOT APPLICABLE,NOT APPLICABLE,,DRIVER LICENSE,Texas,CLASS C,77471
15108574,3,MOTOR VEHICLE,N,Y,TX,2GCEC13T641334357,2004,SIL,CHEVROLET,SILVERADO,PICKUP,N,77034,2,NA,FRONT END DAMAGE DISTRIBUTED IMPACT,DAMAGED 3,12,NA,NA,NA,N,,,SPEEDING - (OVERLIMIT),FAILED TO DRIVE IN SINGLE LANE,NA,SOUTHWEST,N,0,0,0,1,0,0,0,1,DRIVER,FRONT LEFT,NOT INJURED,22,HISPANIC,MALE,NO,UNKNOWN,"DEPLOYED, FRONT",NOT APPLICABLE,N,NONE,NA,NA,NONE,NOT APPLICABLE,NOT APPLICABLE,,DRIVER LICENSE,Texas,CLASS C,77075
15108574,1,MOTOR VEHICLE,N,Y,TX,1GTEC14W4YZ159709,2000,BLU,GMC,SIERRA PICKUP,PICKUP,N,77075,1,PROOF OF LIABILITY INSURANCE,FRONT END DAMAGE DISTRIBUTED IMPACT,DAMAGED 5,12,RIGHT SIDE DAMAGE ANGULAR IMPACT,DAMAGED 5,4,N,,WHITTINGTON WRECKER,SPEEDING - (OVERLIMIT),FAILED TO DRIVE IN SINGLE LANE,NA,SOUTHWEST,Y,0,0,0,1,0,0,0,1,DRIVER,FRONT LEFT,NOT INJURED,22,HISPANIC,MALE,NO,UNKNOWN,"DEPLOYED, FRONT",NOT APPLICABLE,N,NONE,NA,NA,NONE,NOT APPLICABLE,NOT APPLICABLE,,DRIVER LICENSE,Texas,CLASS C,77075
15108574,3,MOTOR VEHICLE,N,Y,TX,2GCEC13T641334357,2004,SIL,CHEVROLET,SILVERADO,PICKUP,N,77034,2,NA,FRONT END DAMAGE DISTRIBUTED IMPACT,DAMAGED 3,12,NA,NA,NA,N,,,SPEEDING - (OVERLIMIT),FAILED TO DRIVE IN SINGLE LANE,NA,SOUTHWEST,N,0,0,0,1,0,0,0,1,DRIVER,FRONT LEFT,NOT INJURED,18,HISPANIC,MALE,NO,SHOULDER & LAP BELT,NOT DEPLOYED,NOT APPLICABLE,N,NONE,NA,NA,NONE,NOT APPLICABLE,NOT APPLICABLE,,DRIVER LICENSE,Texas,CLASS C,77502
15108574,1,MOTOR VEHICLE,N,Y,TX,1GTEC14W4YZ159709,2000,BLU,GMC,SIERRA PICKUP,PICKUP,N,77075,1,PROOF OF LIABILITY INSURANCE,FRONT END DAMAGE DISTRIBUTED IMPACT,DAMAGED 5,12,RIGHT SIDE DAMAGE ANGULAR IMPACT,DAMAGED 5,4,N,,WHITTINGTON WRECKER,SPEEDING - (OVERLIMIT),FAILED TO DRIVE IN SINGLE LANE,NA,SOUTHWEST,Y,0,0,0,1,0,0,0,1,DRIVER,FRONT LEFT,NOT INJURED,18,HISPANIC,MALE,NO,SHOULDER & LAP BELT,NOT DEPLOYED,NOT APPLICABLE,N,NONE,NA,NA,NONE,NOT APPLICABLE,NOT APPLICABLE,,DRIVER LICENSE,Texas,CLASS C,77502
15108574,3,MOTOR VEHICLE,N,Y,TX,2GCEC13T641334357,2004,SIL,CHEVROLET,SILVERADO,PICKUP,N,77034,2,NA,FRONT END DAMAGE DISTRIBUTED IMPACT,DAMAGED 3,12,NA,NA,NA,N,,,SPEEDING - (OVERLIMIT),FAILED TO DRIVE IN SINGLE LANE,NA,SOUTHWEST,N,0,0,0,1,0,0,0,1,DRIVER,FRONT LEFT,NOT INJURED,22,HISPANIC,MALE,NO,UNKNOWN,UNKNOWN,NOT APPLICABLE,N,NONE,NA,NA,NONE,NOT APPLICABLE,NOT APPLICABLE,,DRIVER LICENSE,Texas,CLASS C,77034
15108574,1,MOTOR VEHICLE,N,Y,TX,1GTEC14W4YZ159709,2000,BLU,GMC,SIERRA PICKUP,PICKUP,N,77075,1,PROOF OF LIABILITY INSURANCE,FRONT END DAMAGE DISTRIBUTED IMPACT,DAMAGED 5,12,RIGHT SIDE DAMAGE ANGULAR IMPACT,DAMAGED 5,4,N,,WHITTINGTON WRECKER,SPEEDING - (OVERLIMIT),FAILED TO DRIVE IN SINGLE LANE,NA,SOUTHWEST,Y,0,0,0,1,0,0,0,1,DRIVER,FRONT LEFT,NOT INJURED,22,HISPANIC,MALE,NO,UNKNOWN,UNKNOWN,NOT APPLICABLE,N,NONE,NA,NA,NONE,NOT APPLICABLE,NOT APPLICABLE,,DRIVER LICENSE,Texas,CLASS C,77034
15122779,1,MOTOR VEHICLE,N,Y,TX,1FTRW08L51KB16465,2001,BLK,FORD,F150,PICKUP,N,77511,1,LIABILITY INSURANCE POLICY,FRONT END (LEFT) DAMAGE PARTIAL CONTACT,DAMAGED 2,10,NA,NA,NA,N,,,FAILED TO YIELD ROW - PRIVATE DRIVE,NA,NA,NORTHEAST,Y,0,0,0,1,0,0,0,1,DRIVER,FRONT LEFT,NOT INJURED,24,WHITE,MALE,NO,SHOULDER & LAP BELT,NOT DEPLOYED,NOT APPLICABLE,N,NONE,NA,NA,NONE,NOT APPLICABLE,NOT APPLICABLE,,DRIVER LICENSE,Texas,CLASS C,77563
15122779,1,MOTOR VEHICLE,N,Y,TX,1FTRW08L51KB16465,2001,BLK,FORD,F150,PICKUP,N,77511,1,LIABILITY INSURANCE POLICY,FRONT END (LEFT) DAMAGE PARTIAL CONTACT,DAMAGED 2,10,NA,NA,NA,N,,,FAILED TO YIELD ROW - PRIVATE DRIVE,NA,NA,NORTHEAST,Y,0,0,0,1,0,0,0,1,DRIVER,FRONT LEFT,NOT INJURED,49,WHITE,FEMALE,NO,SHOULDER & LAP BELT,NOT DEPLOYED,NOT APPLICABLE,N,NONE,NA,NA,NONE,NOT APPLICABLE,NOT APPLICABLE,,DRIVER LICENSE,Texas,CLASS C,77511
14992845,1,MOTOR VEHICLE,N,Y,TX,1FTPW14V86KD88553,2006,BLU,FORD,F150,PICKUP,N,78416,1,PROOF OF LIABILITY INSURANCE,FRONT END DAMAGE DISTRIBUTED IMPACT,DAMAGED 1 MINIMUM,12,NA,NA,NA,N,DRIVER,DRIVEN AWAY,FAILED TO CONTROL SPEED,NA,NA,NORTH,Y,0,0,0,1,0,0,0,1,DRIVER,FRONT LEFT,NOT INJURED,21,OTHER,MALE,NO,SHOULDER & LAP BELT,NOT DEPLOYED,NOT APPLICABLE,N,NONE,NA,NA,NONE,NOT APPLICABLE,NOT APPLICABLE,,DRIVER LICENSE,Texas,CLASS C,78332
14992845,1,MOTOR VEHICLE,N,Y,TX,1FTPW14V86KD88553,2006,BLU,FORD,F150,PICKUP,N,78416,1,PROOF OF LIABILITY INSURANCE,FRONT END DAMAGE DISTRIBUTED IMPACT,DAMAGED 1 MINIMUM,12,NA,NA,NA,N,DRIVER,DRIVEN AWAY,FAILED TO CONTROL SPEED,NA,NA,NORTH,Y,0,0,0,1,0,0,0,1,DRIVER,FRONT LEFT,NOT INJURED,60,WHITE,FEMALE,NO,SHOULDER & LAP BELT,NOT DEPLOYED,NOT APPLICABLE,N,NONE,NA,NA,NONE,NOT APPLICABLE,NOT APPLICABLE,,DRIVER LICENSE,Texas,CLASS C,784130000
15013484,4,MOTOR VEHICLE,N,Y,UN,,NA,99,NA,NA,UNKNOWN,N,,NA,NA,FRONT END DAMAGE DISTRIBUTED IMPACT,NA,12,NA,NA,NA,N,FLED SCENE,,DRIVER INATTENTION,FOLLOWED TOO CLOSELY,SPEEDING - (OVERLIMIT),NORTH,Y,0,0,0,0,1,0,0,1,DRIVER,FRONT LEFT,NOT INJURED,49,WHITE,FEMALE,NO,SHOULDER & LAP BELT,NOT DEPLOYED,NOT APPLICABLE,N,NONE,NA,NA,NONE,NOT APPLICABLE,NOT APPLICABLE,,DRIVER LICENSE,Texas,CLASS C,76708
15013484,4,MOTOR VEHICLE,N,Y,UN,,NA,99,NA,NA,UNKNOWN,N,,NA,NA,FRONT END DAMAGE DISTRIBUTED IMPACT,NA,12,NA,NA,NA,N,FLED SCENE,,DRIVER INATTENTION,FOLLOWED TOO CLOSELY,SPEEDING - (OVERLIMIT),NORTH,Y,0,0,0,0,1,0,0,1,DRIVER,FRONT LEFT,NOT INJURED,56,WHITE,FEMALE,NO,SHOULDER & LAP BELT,NOT DEPLOYED,NOT APPLICABLE,N,NONE,NA,NA,NONE,NOT APPLICABLE,NOT APPLICABLE,,DRIVER LICENSE,Texas,CLASS C,76712
15013484,4,MOTOR VEHICLE,N,Y,UN,,NA,99,NA,NA,UNKNOWN,N,,NA,NA,FRONT END DAMAGE DISTRIBUTED IMPACT,NA,12,NA,NA,NA,N,FLED SCENE,,DRIVER INATTENTION,FOLLOWED TOO CLOSELY,SPEEDING - (OVERLIMIT),NORTH,Y,0,0,0,0,1,0,0,1,DRIVER,FRONT LEFT,NON-INCAPACITATING INJURY,16,WHITE,FEMALE,NO,SHOULDER & LAP BELT,"DEPLOYED, FRONT",NOT APPLICABLE,N,NONE,NA,NA,NONE,NOT APPLICABLE,NOT APPLICABLE,,DRIVER LICENSE,Texas,CLASS C,76706
15018490,1,MOTOR VEHICLE,N,Y,TX,1FTYR14V1XPA84951,1999,GRN,FORD,RANGER,PICKUP,N,76258,1,PROOF OF LIABILITY INSURANCE,LEFT SIDE DAMAGE ANGULAR IMPACT,DAMAGED 1 MINIMUM,9,NA,NA,NA,N,DRIVER,DRIVEN AWAY,FAILED TO DRIVE IN SINGLE LANE,NA,NA,SOUTH,Y,0,0,0,1,0,0,0,1,DRIVER,FRONT LEFT,NOT INJURED,29,HISPANIC,MALE,NO,SHOULDER & LAP BELT,NOT DEPLOYED,NOT APPLICABLE,N,NONE,NA,NA,NONE,NOT APPLICABLE,NOT APPLICABLE,,DRIVER LICENSE,Texas,CLASS C,75067