CRASH_ID,UNIT_NBR,UNIT_DESC_ID,VEH_PARKED_FL,VEH_HNR_FL,VEH_LIC_STATE_ID,VIN,VEH_MOD_YEAR,VEH_COLOR_ID,VEH_MAKE_ID,VEH_MOD_ID,VEH_BODY_STYL_ID,EMER_RESPNDR_FL,OWNR_ZIP,FIN_RESP_PROOF_ID,FIN_RESP_TYPE_ID,VEH_DMAG_AREA_1_ID,VEH_DMAG_SCL_1_ID,FORCE_DIR_1_ID,VEH_DMAG_AREA_2_ID,VEH_DMAG_SCL_2_ID,FORCE_DIR_2_ID,VEH_INVENTORIED_FL,VEH_TRANSP_NAME,VEH_TRANSP_DEST,CONTRIB_FACTR_1_ID,CONTRIB_FACTR_2_ID,CONTRIB_FACTR_P1_ID,VEH_TRVL_DIR_ID,FIRST_HARM_EVT_INV_ID,INCAP_INJRY_CNT,NONINCAP_INJRY_CNT,POSS_INJRY_CNT,NON_INJRY_CNT,UNKN_INJRY_CNT,TOT_INJRY_CNT,DEATH_CNT,PRSN_NBR,PRSN_TYPE_ID,PRSN_OCCPNT_POS_ID,PRSN_INJRY_SEV_ID,PRSN_AGE,PRSN_ETHNICITY_ID,PRSN_GNDR_ID,PRSN_EJCT_ID,PRSN_REST_ID,PRSN_AIRBAG_ID,PRSN_HELMET_ID,PRSN_SOL_FL,PRSN_ALC_SPEC_TYPE_ID,PRSN_ALC_RSLT_ID,PRSN_BAC_TEST_RSLT,PRSN_DRG_SPEC_TYPE_ID,PRSN_DRG_RSLT_ID,DRVR_DRG_CAT_1_ID,PRSN_DEATH_TIME,DRVR_LIC_TYPE_ID,DRVR_LIC_STATE_ID,DRVR_LIC_CLS_ID,DRVR_ZIP
15138794,1,MOTOR VEHICLE,N,Y,TX,1N4AL11D96N335584,2006,GRY,NISSAN,ALTIMA,UNKNOWN,N,75217,1,LIABILITY INSURANCE POLICY,LEFT SIDE DAMAGE ANGULAR IMPACT,DAMAGED 5,9,NA,NA,NA,N,DRIVEN AWAY BY OPERATOR,,DISREGARD STOP SIGN OR LIGHT,NA,NA,NORTH,Y,0,0,0,1,0,0,0,1,DRIVER,FRONT LEFT,NOT INJURED,23,ASIAN,MALE,NO,SHOULDER & LAP BELT,"DEPLOYED, FRONT",NOT APPLICABLE,N,NONE,NA,NA,NONE,NOT APPLICABLE,NOT APPLICABLE,,DRIVER LICENSE,Texas,CLASS C,75063
14991661,1,MOTOR VEHICLE,N,Y,TX,1LNBM81FXKY613192,1989,BGE,LINCOLN,TOWN CAR,"PASSENGER CAR, 4-DOOR",N,75088,2,NA,FRONT END DAMAGE DISTRIBUTED IMPACT,DAMAGED 1 MINIMUM,12,NA,NA,NA,N,SIGNATURE TOWING,"1204 MUNICIPAL AVE, PLANO , TX 75074",IMPROPER START FROM PARKED POSITION,UNDER INFLUENCE - ALCOHOL,NA,EAST,Y,0,0,0,1,0,0,0,1,DRIVER,FRONT LEFT,NOT INJURED,27,WHITE,MALE,NO,UNKNOWN,NOT DEPLOYED,NOT APPLICABLE,N,REFUSED,NA,NA,REFUSED,NOT APPLICABLE,NOT APPLICABLE,,DRIVER LICENSE,Texas,CLASS C,75088
14991661,1,MOTOR VEHICLE,N,Y,TX,1LNBM81FXKY613192,1989,BGE,LINCOLN,TOWN CAR,"PASSENGER CAR, 4-DOOR",N,75088,2,NA,FRONT END DAMAGE DISTRIBUTED IMPACT,DAMAGED 1 MINIMUM,12,NA,NA,NA,N,SIGNATURE TOWING,"1204 MUNICIPAL AVE, PLANO , TX 75074",IMPROPER START FROM PARKED POSITION,UNDER INFLUENCE - ALCOHOL,NA,EAST,Y,0,0,0,1,0,0,0,1,DRIVER,FRONT LEFT,NOT INJURED,52,WHITE,FEMALE,NO,SHOULDER & LAP BELT,NOT DEPLOYED,NOT APPLICABLE,N,NONE,NA,NA,NONE,NOT APPLICABLE,NOT APPLICABLE,,DRIVER LICENSE,Texas,CLASS C,75093
15023965,1,MOTOR VEHICLE,N,Y,TX,KSF288,NA,YEL,CATERPILLAR,UNKNOWN,OTHER  (EXPLAIN IN NARRATIVE),N,79720,1,PROOF OF LIABILITY INSURANCE,FRONT END (RIGHT)  DAMAGE PARTIAL CONTACT,NO DAMAGE,12,NA,NA,NA,N,,,FAILED TO CONTROL SPEED,NA,DRIVER INATTENTION,WEST,Y,0,0,0,1,0,0,0,1,DRIVER,FRONT LEFT,NOT INJURED,24,BLACK,MALE,NO,UNKNOWN,NOT APPLICABLE,NOT APPLICABLE,N,NONE,NA,NA,NONE,NOT APPLICABLE,NOT APPLICABLE,,COMMERCIAL DRIVER LIC.,Texas,CLASS B,79720
15033133,1,MOTOR VEHICLE,N,Y,UN,1FTYR10C9YPB56517,2000,99,FORD,RANGER,UNKNOWN,N,78253,2,NA,FRONT END (RIGHT)  DAMAGE PARTIAL CONTACT,DAMAGED 1 MINIMUM,1,NA,NA,NA,N,FLED SCENE,FLED SCENE,DRIVER INATTENTION,FAILED TO CONTROL SPEED,FAILED TO DRIVE IN SINGLE LANE,NORTH,Y,0,0,0,1,0,0,0,1,DRIVER,FRONT LEFT,NOT INJURED,23,WHITE,MALE,NO,SHOULDER & LAP BELT,UNKNOWN,NOT APPLICABLE,N,NONE,NA,NA,NONE,NOT APPLICABLE,NOT APPLICABLE,,DRIVER LICENSE,Texas,CLASS A,78253
15033133,1,MOTOR VEHICLE,N,Y,UN,1FTYR10C9YPB56517,2000,99,FORD,RANGER,UNKNOWN,N,78253,2,NA,FRONT END (RIGHT)  DAMAGE PARTIAL CONTACT,DAMAGED 1 MINIMUM,1,NA,NA,NA,N,FLED SCENE,FLED SCENE,DRIVER INATTENTION,FAILED TO CONTROL SPEED,FAILED TO DRIVE IN SINGLE LANE,NORTH,Y,0,0,0,1,0,0,0,1,DRIVER,FRONT LEFT,NOT INJURED,59,HISPANIC,MALE,NO,SHOULDER & LAP BELT,NOT DEPLOYED,NOT APPLICABLE,N,NONE,NA,NA,NONE,NOT APPLICABLE,NOT APPLICABLE,,COMMERCIAL DRIVER LIC.,Texas,CLASS A,78298
15041432,3,MOTOR VEHICLE,N,Y,UN,,NA,SIL,HONDA,UNKNOWN,"PASSENGER CAR, 4-DOOR",N,,NA,NA,NA,NA,NA,NA,NA,NA,,,,SPEEDING - (OVERLIMIT),NA,NA,SOUTH,N,0,0,0,0,1,0,0,1,DRIVER,FRONT LEFT,POSSIBLE INJURY,17,HISPANIC,MALE,NO,SHOULDER & LAP BELT,"DEPLOYED, FRONT",NOT APPLICABLE,N,NONE,NA,NA,NONE,NOT APPLICABLE,NOT APPLICABLE,,DRIVER LICENSE,Texas,CLASS C,75217
15041432,2,MOTOR VEHICLE,N,Y,TX,1FTYR14VX1PB58293,2001,BLU,FORD,F150,PICKUP,N,75217,1,PROOF OF LIABILITY INSURANCE,LEFT FRONT QUARTER DAMAGE ANGULAR IMPACT,DAMAGED 3,12,NA,NA,NA,Y,CONTRACT WRECKER,"1955 VILBIG, DALLAS, TEXAS",NONE,NA,NA,EAST,Y,0,0,1,1,0,1,0,1,DRIVER,FRONT LEFT,POSSIBLE INJURY,17,HISPANIC,MALE,NO,SHOULDER & LAP BELT,"DEPLOYED, FRONT",NOT APPLICABLE,N,NONE,NA,NA,NONE,NOT APPLICABLE,NOT APPLICABLE,,DRIVER LICENSE,Texas,CLASS C,75217
15041432,1,MOTOR VEHICLE,N,Y,TX,1N4BA41E44C894554,2004,BLK,NISSAN,MAXIMA,"PASSENGER CAR, 4-DOOR",N,75217,1,PROOF OF LIABILITY INSURANCE,FRONT END (RIGHT)  DAMAGE PARTIAL CONTACT,DAMAGED 3,12,FRONT END (LEFT) DAMAGE PARTIAL CONTACT,DAMAGED 1 MINIMUM,12,Y,CONTRACT WRECKER,"1955 VILBIG, DALLAS, TEXAS",SPEEDING - (OVERLIMIT),NA,NA,SOUTH,Y,0,1,0,0,0,1,0,1,DRIVER,FRONT LEFT,POSSIBLE INJURY,17,HISPANIC,MALE,NO,SHOULDER & LAP BELT,"DEPLOYED, FRONT",NOT APPLICABLE,N,NONE,NA,NA,NONE,NOT APPLICABLE,NOT APPLICABLE,,DRIVER LICENSE,Texas,CLASS C,75217
15066665,1,MOTOR VEHICLE,N,Y,TX,1G1AK52F957604814,2005,SIL,CHEVROLET,AVEO,"PASSENGER CAR, 4-DOOR",N,75038,1,LIABILITY INSURANCE POLICY,RIGHT FRONT QUARTER DAMAGE ANGULAR IMPACT,DAMAGED 1 MINIMUM,1,NA,NA,NA,Y,PRO TOW WRECKER,IRVING AUTO POUND,FAILED TO DRIVE IN SINGLE LANE,NA,FAILED TO CONTROL SPEED,SOUTHWEST,Y,0,0,0,0,1,0,0,1,DRIVER,FRONT LEFT,NOT INJURED,47,WHITE,MALE,NO,SHOULDER & LAP BELT,NOT DEPLOYED,NOT APPLICABLE,N,NONE,NA,NA,NONE,NOT APPLICABLE,NOT APPLICABLE,,DRIVER LICENSE,Texas,CLASS C,75061
15099527,1,MOTOR VEHICLE,N,Y,TX,1B3ES46C4YD683948,2000,SIL,DODGE,NEON,"PASSENGER CAR, 4-DOOR",N,79915,1,PROOF OF LIABILITY INSURANCE,FRONT END DAMAGE DISTRIBUTED IMPACT,DAMAGED 2,12,NA,NA,NA,N,DRIVER,TRAFFIC,FAILED TO CONTROL SPEED,NA,NA,WEST,Y,0,0,0,1,0,0,0,1,DRIVER,FRONT LEFT,NOT INJURED,33,HISPANIC,FEMALE,NO,SHOULDER & LAP BELT,NOT DEPLOYED,NOT APPLICABLE,N,NONE,NA,NA,NONE,NOT APPLICABLE,NOT APPLICABLE,,DRIVER LICENSE,Texas,CLASS C,79912
15115425,1,MOTOR VEHICLE,N,Y,TX,1GCEC14XX4Z218958,2004,RED,CHEVROLET,C1500,PICKUP,N,79410,1,PROOF OF LIABILITY INSURANCE,FRONT END DAMAGE DISTRIBUTED IMPACT,DAMAGED 4,12,NA,NA,NA,N,LUBBOCK WRECKER,LUBBOCK WRECKER  3209 SLATON HWY   806-7,FAILED TO DRIVE IN SINGLE LANE,NA,NA,SOUTH,Y,0,0,0,0,1,0,0,1,DRIVER,FRONT LEFT,UNKNOWN,23,WHITE,MALE,NOT APPLICABLE,SHOULDER & LAP BELT,NOT DEPLOYED,NOT APPLICABLE,N,NONE,NA,NA,NONE,NOT APPLICABLE,NOT APPLICABLE,,DRIVER LICENSE,Texas,CLASS C,79410
15142281,1,MOTOR VEHICLE,N,Y,TX,1G1ZS58F37F247312,2007,SIL,CHEVROLET,MALIBU,"PASSENGER CAR, 4-DOOR",N,78355,1,PROOF OF LIABILITY INSURANCE,FRONT END (LEFT) DAMAGE PARTIAL CONTACT,DAMAGED 1 MINIMUM,11,NA,NA,NA,N,DRIVER,DRIVEN AWAY,DRIVER INATTENTION,NA,NA,WEST,Y,0,0,0,1,0,0,0,1,DRIVER,FRONT LEFT,NOT INJURED,21,HISPANIC,MALE,NO,SHOULDER & LAP BELT,NOT DEPLOYED,NOT APPLICABLE,N,NONE,NA,NA,NONE,NOT APPLICABLE,NOT APPLICABLE,,DRIVER LICENSE,Texas,CLASS C,78355
14992102,3,MOTOR VEHICLE,N,Y,TX,KL1TJ62684B192283,2004,BLK,CHEVROLET,AVEO,"PASSENGER CAR, 4-DOOR",N,76708,2,NA,LEFT BACK QUARTER DAMAGE ANGULAR IMPACT,DAMAGED 3,7,RIGHT FRONT QUARTER DAMAGE ANGULAR IMPACT,DAMAGED 2,2,N,,,BACKED WITHOUT SAFETY,NA,DRIVER INATTENTION,NORTH,Y,0,0,0,1,0,0,0,1,DRIVER,FRONT LEFT,NOT INJURED,25,HISPANIC,FEMALE,NO,SHOULDER & LAP BELT,NOT DEPLOYED,NOT APPLICABLE,N,NONE,NA,NA,NONE,NOT APPLICABLE,NOT APPLICABLE,,DRIVER LICENSE,Texas,CLASS C,77845
15029009,2,MOTOR VEHICLE,N,Y,UN,UNKNOWN,NA,99,UNKNOWN,UNKNOWN,UNKNOWN,N,,NA,NA,UNKNOWN,NA,NA,NA,NA,NA,,DRIVEN AWAY BY DRIVER,,NONE,NA,NA,NORTHWEST,Y,0,0,0,0,1,0,0,1,DRIVER,FRONT LEFT,NOT INJURED,21,WHITE,FEMALE,NO,SHOULDER & LAP BELT,NOT DEPLOYED,NOT APPLICABLE,N,NONE,NA,NA,NONE,NOT APPLICABLE,NOT APPLICABLE,,DRIVER LICENSE,Texas,CLASS C,78642
15029009,2,MOTOR VEHICLE,N,Y,UN,UNKNOWN,NA,99,UNKNOWN,UNKNOWN,UNKNOWN,N,,NA,NA,UNKNOWN,NA,NA,NA,NA,NA,,DRIVEN AWAY BY DRIVER,,NONE,NA,NA,NORTHWEST,Y,0,0,0,0,1,0,0,1,DRIVER,FRONT LEFT,NOT INJURED,21,WHITE,FEMALE,NO,SHOULDER & LAP BELT,NOT DEPLOYED,NOT APPLICABLE,N,NONE,NA,NA,NONE,NOT APPLICABLE,NOT APPLICABLE,,DRIVER LICENSE,Texas,CLASS C,78642
15029009,1,MOTOR VEHICLE,N,Y,TX,1C4PJLDB9GW256850,NA,BLK,JEEP,CHEROKEE,"PASSENGER CAR, 4-DOOR",N,74134,1,PROOF OF LIABILITY INSURANCE,FRONT END (LEFT) DAMAGE PARTIAL CONTACT,DAMAGED 2,11,NA,NA,NA,N,DRIVEN AWAY BY DRIVER,,FAILED TO CONTROL SPEED,NA,DRIVER INATTENTION,NORTHWEST,Y,0,0,0,1,0,0,0,1,DRIVER,FRONT LEFT,NOT INJURED,21,WHITE,FEMALE,NO,SHOULDER & LAP BELT,NOT DEPLOYED,NOT APPLICABLE,N,NONE,NA,NA,NONE,NOT APPLICABLE,NOT APPLICABLE,,DRIVER LICENSE,Texas,CLASS C,78642
15036230,1,MOTOR VEHICLE,N,Y,TX,1G1JC52F457189687,2005,TAN,CHEVROLET,CAVALIER,"PASSENGER CAR, 4-DOOR",N,79403,2,NA,FRONT END DAMAGE CONCENTRATED IMPACT,DAMAGED 3,12,NA,NA,NA,Y,TOWED BY DEPOT AUTO SALES,DEPOT AUTO SALES,FAILED TO DRIVE IN SINGLE LANE,NA,HAD BEEN DRINKING,NORTHEAST,Y,0,0,0,0,1,0,0,1,DRIVER,FRONT LEFT,UNKNOWN,30,HISPANIC,MALE,NO,UNKNOWN,"DEPLOYED, FRONT",NOT APPLICABLE,N,NONE,NA,NA,NONE,NOT APPLICABLE,NOT APPLICABLE,,DRIVER LICENSE,Texas,CLASS C,79403
15106502,3,MOTOR VEHICLE,N,Y,UN,,NA,BRO,NA,NA,TRUCK,N,,NA,NA,NA,NA,NA,NA,NA,NA,,,,NONE,NA,NA,WEST,N,0,0,0,0,1,0,0,1,DRIVER,FRONT LEFT,NOT INJURED,26,HISPANIC,MALE,NO,SHOULDER & LAP BELT,NOT DEPLOYED,NOT APPLICABLE,N,NONE,NA,NA,NONE,NOT APPLICABLE,NOT APPLICABLE,,DRIVER LICENSE,Texas,CLASS C,75098
15106502,2,MOTOR VEHICLE,N,Y,TX,1FADP3F29GL208755,NA,SIL,FORD,FOCUS,"PASSENGER CAR, 4-DOOR",N,75098,2,NA,BACK END DAMAGE DISTRIBUTED IMPACT,DAMAGED 2,6,FRONT END DAMAGE DISTRIBUTED IMPACT,DAMAGED 2,12,,UNKNOWN,UNKNOWN,NONE,NA,NA,WEST,Y,0,0,0,1,0,0,0,1,DRIVER,FRONT LEFT,NOT INJURED,26,HISPANIC,MALE,NO,SHOULDER & LAP BELT,NOT DEPLOYED,NOT APPLICABLE,N,NONE,NA,NA,NONE,NOT APPLICABLE,NOT APPLICABLE,,DRIVER LICENSE,Texas,CLASS C,75098
15106502,1,MOTOR VEHICLE,N,Y,TX,1HGEM22514L029527,2004,BLK,HONDA,CIVIC,"PASSENGER CAR, 2-DOOR",N,75094,1,PROOF OF LIABILITY INSURANCE,FRONT END DAMAGE DISTRIBUTED IMPACT,DAMAGED 2,12,NA,NA,NA,N,REMOVED BY DRIVER,REMOVED BY DRIVER,FOLLOWED TOO CLOSELY,DRIVER INATTENTION,NA,WEST,Y,0,0,0,1,0,0,0,1,DRIVER,FRONT LEFT,NOT INJURED,26,HISPANIC,MALE,NO,SHOULDER & LAP BELT,NOT DEPLOYED,NOT APPLICABLE,N,NONE,NA,NA,NONE,NOT APPLICABLE,NOT APPLICABLE,,DRIVER LICENSE,Texas,CLASS C,75098
15106502,3,MOTOR VEHICLE,N,Y,UN,,NA,BRO,NA,NA,TRUCK,N,,NA,NA,NA,NA,NA,NA,NA,NA,,,,NONE,NA,NA,WEST,N,0,0,0,0,1,0,0,1,DRIVER,FRONT LEFT,NOT INJURED,20,WHITE,FEMALE,NO,SHOULDER & LAP BELT,NOT DEPLOYED,NOT APPLICABLE,N,NONE,NA,NA,NONE,NOT APPLICABLE,NOT APPLICABLE,,DRIVER LICENSE,Texas,CLASS C,75098
15106502,2,MOTOR VEHICLE,N,Y,TX,1FADP3F29GL208755,NA,SIL,FORD,FOCUS,"PASSENGER CAR, 4-DOOR",N,75098,2,NA,BACK END DAMAGE DISTRIBUTED IMPACT,DAMAGED 2,6,FRONT END DAMAGE DISTRIBUTED IMPACT,DAMAGED 2,12,,UNKNOWN,UNKNOWN,NONE,NA,NA,WEST,Y,0,0,0,1,0,0,0,1,DRIVER,FRONT LEFT,NOT INJURED,20,WHITE,FEMALE,NO,SHOULDER & LAP BELT,NOT DEPLOYED,NOT APPLICABLE,N,NONE,NA,NA,NONE,NOT APPLICABLE,NOT APPLICABLE,,DRIVER LICENSE,Texas,CLASS C,75098
15106502,1,MOTOR VEHICLE,N,Y,TX,1HGEM22514L029527,2004,BLK,HONDA,CIVIC,"PASSENGER CAR, 2-DOOR",N,75094,1,PROOF OF LIABILITY INSURANCE,FRONT END DAMAGE DISTRIBUTED IMPACT,DAMAGED 2,12,NA,NA,NA,N,REMOVED BY DRIVER,REMOVED BY DRIVER,FOLLOWED TOO CLOSELY,DRIVER INATTENTION,NA,WEST,Y,0,0,0,1,0,0,0,1,DRIVER,FRONT LEFT,NOT INJURED,20,WHITE,FEMALE,NO,SHOULDER & LAP BELT,NOT DEPLOYED,NOT APPLICABLE,N,NONE,NA,NA,NONE,NOT APPLICABLE,NOT APPLICABLE,,DRIVER LICENSE,Texas,CLASS C,75098
15122575,1,MOTOR VEHICLE,N,Y,TX,2G2WP522041197722,2004,WHI,PONTIAC,GRAND AM,"PASSENGER CAR, 4-DOOR",N,,2,NA,FRONT END DAMAGE DISTRIBUTED IMPACT,DAMAGED 2,12,NA,NA,NA,N,LUBBOCK WRECKER,LUBBOCK WRECKER  3209 SLATON HWY   806-7,DISREGARD STOP AND GO SIGNAL,NA,UNDER INFLUENCE - ALCOHOL,EAST,Y,0,0,0,0,1,0,0,1,DRIVER,FRONT LEFT,POSSIBLE INJURY,74,HISPANIC,FEMALE,NO,SHOULDER & LAP BELT,NOT DEPLOYED,NOT APPLICABLE,N,NONE,NA,NA,NONE,NOT APPLICABLE,NOT APPLICABLE,,DRIVER LICENSE,Texas,CLASS C,79412
15127786,1,MOTOR VEHICLE,N,Y,TX,5TFAX5GNXGX068998,NA,WHI,TOYOTA,TACOMA,PICKUP,N,79404,1,PROOF OF LIABILITY INSURANCE,FRONT END (LEFT) DAMAGE PARTIAL CONTACT,DAMAGED 3,12,TOP DAMAGE ONLY,NO DAMAGE,NA,N,FLED THE SCENE,,UNSAFE SPEED,FAULTY EVASIVE ACTION,NA,SOUTH,Y,0,0,1,0,0,1,0,1,DRIVER,FRONT LEFT,POSSIBLE INJURY,38,WHITE,MALE,NO,SHOULDER & LAP BELT,DEPLOYED MULTIPLE,NOT APPLICABLE,N,NONE,NA,NA,NONE,NOT APPLICABLE,NOT APPLICABLE,,DRIVER LICENSE,Texas,CLASS C,79404
15068570,3,MOTOR VEHICLE,N,Y,UN,,NA,GRN,UNKNOWN,UNKNOWN,PICKUP,N,,2,NA,BACK END DAMAGE DISTRIBUTED IMPACT,DAMAGED 1 MINIMUM,1,NA,NA,NA,N,,,NA,NA,DRIVER INATTENTION,SOUTH,N,0,0,0,0,1,0,0,1,DRIVER,FRONT LEFT,UNKNOWN,66,BLACK,MALE,NO,SHOULDER & LAP BELT,NOT DEPLOYED,NOT APPLICABLE,N,NONE,NA,NA,NONE,NOT APPLICABLE,NOT APPLICABLE,,DRIVER LICENSE,Texas,CLASS C,77091
15068570,3,MOTOR VEHICLE,N,Y,UN,,NA,GRN,UNKNOWN,UNKNOWN,PICKUP,N,,2,NA,BACK END DAMAGE DISTRIBUTED IMPACT,DAMAGED 1 MINIMUM,1,NA,NA,NA,N,,,NA,NA,DRIVER INATTENTION,SOUTH,N,0,0,0,0,1,0,0,1,DRIVER,FRONT LEFT,UNKNOWN,66,BLACK,MALE,NO,SHOULDER & LAP BELT,NOT DEPLOYED,NOT APPLICABLE,N,NONE,NA,NA,NONE,NOT APPLICABLE,NOT APPLICABLE,,DRIVER LICENSE,Texas,CLASS C,77091
15079362,1,MOTOR VEHICLE,N,Y,TX,3D7UT2CL0BG637100,NA,BLU,DODGE,RAM 2500,PICKUP,N,76063,1,LIABILITY INSURANCE POLICY,FRONT END (RIGHT)  DAMAGE PARTIAL CONTACT,DAMAGED 2,NA,RIGHT FRONT QUARTER DAMAGE ANGULAR IMPACT,DAMAGED 3,NA,Y,KELLY MCKNIGHT WRECKER 817-265-1336,"1108  HARRISON AVE, ARLINGTON, TX, 76011",FAILED TO DRIVE IN SINGLE LANE,NA,HAD BEEN DRINKING,NORTHWEST,Y,0,0,0,1,0,0,0,1,DRIVER,FRONT LEFT,NOT INJURED,55,WHITE,MALE,NO,UNKNOWN,NOT DEPLOYED,NOT APPLICABLE,Y,NONE,NA,NA,NONE,NOT APPLICABLE,NOT APPLICABLE,,DRIVER LICENSE,Texas,CLASS C,76063
15079887,1,MOTOR VEHICLE,N,Y,TX,JACDS58X717J03840,2001,MAR,ISUZU,TROOPER,SPORT UTILITY VEHICLE,N,77050,1,PROOF OF LIABILITY INSURANCE,FRONT END DAMAGE DISTRIBUTED IMPACT,DAMAGED 3,12,NA,NA,NA,Y,PREFERRED TOWING,11360 EASTEX FRWY,FAILED TO CONTROL SPEED,NA,DRIVER INATTENTION,WEST,Y,0,0,0,1,0,0,0,1,DRIVER,FRONT LEFT,NON-INCAPACITATING INJURY,50,WHITE,MALE,NO,SHOULDER & LAP BELT,NOT DEPLOYED,NOT APPLICABLE,N,NONE,NA,NA,NONE,NOT APPLICABLE,NOT APPLICABLE,,DRIVER LICENSE,Texas,CLASS C,77478
15105625,1,MOTOR VEHICLE,N,Y,TX,2G1WT58K079374394,2007,BLK,CHEVROLET,IMPALA,"PASSENGER CAR, 4-DOOR",N,77506,1,LIABILITY INSURANCE POLICY,FRONT END DAMAGE DISTRIBUTED IMPACT,DAMAGED 2,11,LEFT BACK QUARTER DAMAGE ANGULAR IMPACT,DAMAGED 1 MINIMUM,10,N,OWNER,DRIVEN FROM SCENE,TURNED IMPROPERLY - WIDE RIGHT,NA,NA,WEST,Y,0,0,0,0,1,0,0,1,DRIVER,FRONT LEFT,NOT INJURED,50,HISPANIC,FEMALE,NO,SHOULDER & LAP BELT,NOT DEPLOYED,NOT APPLICABLE,N,NONE,NA,NA,NONE,NOT APPLICABLE,NOT APPLICABLE,,DRIVER LICENSE,Texas,CLASS C,77017
15129524,2,MOTOR VEHICLE,N,Y,TX,4T1BF1FK5DU681952,NA,WHI,TOYOTA,CAMRY,"PASSENGER CAR, 4-DOOR",N,77036,1,LIABILITY INSURANCE POLICY,BACK END DAMAGE DISTRIBUTED IMPACT,DAMAGED 3,6,NA,NA,NA,Y,TOWAHOLIC,14635 MINETTA,NONE,NA,NA,NORTH,Y,0,0,0,0,1,0,0,1,DRIVER,FRONT LEFT,NON-INCAPACITATING INJURY,18,HISPANIC,MALE,NO,SHOULDER & LAP BELT,NOT DEPLOYED,NOT APPLICABLE,N,NONE,NA,NA,NONE,NOT APPLICABLE,NOT APPLICABLE,,DRIVER LICENSE,Texas,CLASS C,77070
15145422,1,MOTOR VEHICLE,N,Y,TX,1GBEC16R0XJ339424,1999,TAN,CHEVROLET,C1500 SUBURBAN,SPORT UTILITY VEHICLE,N,77801,1,PROOF OF LIABILITY INSURANCE,FRONT END DAMAGE DISTRIBUTED IMPACT,DAMAGED 1 MINIMUM,NA,NA,NA,NA,Y,EXCEL TOWING,"1804 FINFEATHER RD., BRYAN, TX 77801",FAILED TO CONTROL SPEED,NA,NA,NORTHEAST,Y,0,0,0,1,0,0,0,1,DRIVER,FRONT LEFT,NOT INJURED,46,HISPANIC,MALE,NO,SHOULDER & LAP BELT,NOT DEPLOYED,NOT APPLICABLE,N,NONE,NA,NA,NONE,NOT APPLICABLE,NOT APPLICABLE,,DRIVER LICENSE,Texas,CLASS C,77801
14996201,1,MOTOR VEHICLE,N,Y,UN,1GCEK19T7YE172432,2000,99,CHEVROLET,SILVERADO K1500,UNKNOWN,N,78254,1,PROOF OF LIABILITY INSURANCE,LEFT FRONT QUARTER DAMAGE ANGULAR IMPACT,DAMAGED 2,4,NA,NA,NA,N,DRIVER FLED SCENE,,FOLLOWED TOO CLOSELY,NA,NA,SOUTH,Y,0,0,0,1,0,0,0,1,DRIVER,FRONT LEFT,NOT INJURED,17,OTHER,MALE,NO,SHOULDER & LAP BELT,NOT DEPLOYED,NOT APPLICABLE,N,NONE,NA,NA,NONE,NOT APPLICABLE,NOT APPLICABLE,,DRIVER LICENSE,Texas,CLASS C,78254
14996201,1,MOTOR VEHICLE,N,Y,UN,1GCEK19T7YE172432,2000,99,CHEVROLET,SILVERADO K1500,UNKNOWN,N,78254,1,PROOF OF LIABILITY INSURANCE,LEFT FRONT QUARTER DAMAGE ANGULAR IMPACT,DAMAGED 2,4,NA,NA,NA,N,DRIVER FLED SCENE,,FOLLOWED TOO CLOSELY,NA,NA,SOUTH,Y,0,0,0,1,0,0,0,1,DRIVER,FRONT LEFT,NOT INJURED,44,OTHER,MALE,NO,SHOULDER & LAP BELT,NOT APPLICABLE,NOT APPLICABLE,N,NONE,NA,NA,NONE,NOT APPLICABLE,NOT APPLICABLE,,COMMERCIAL DRIVER LIC.,Texas,CLASS A,78013
15027205,2,MOTOR VEHICLE,N,Y,TX,2MEFM75W61X658234,2001,MAR,MERCURY,GRAND MARQUIS,"PASSENGER CAR, 4-DOOR",N,75150,1,LIABILITY INSURANCE POLICY,FRONT END (RIGHT)  DAMAGE PARTIAL CONTACT,DAMAGED 1 MINIMUM,NA,NA,NA,NA,N,,,DRIVER INATTENTION,FAILED TO CONTROL SPEED,NA,EAST,Y,0,0,0,0,1,0,0,1,DRIVER,FRONT LEFT,NOT INJURED,37,BLACK,MALE,NOT APPLICABLE,SHOULDER & LAP BELT,NOT DEPLOYED,NOT APPLICABLE,N,NONE,NA,NA,NONE,NOT APPLICABLE,NOT APPLICABLE,,DRIVER LICENSE,Texas,CLASS C,75149
15027205,2,MOTOR VEHICLE,N,Y,TX,2MEFM75W61X658234,2001,MAR,MERCURY,GRAND MARQUIS,"PASSENGER CAR, 4-DOOR",N,75150,1,LIABILITY INSURANCE POLICY,FRONT END (RIGHT)  DAMAGE PARTIAL CONTACT,DAMAGED 1 MINIMUM,NA,NA,NA,NA,N,,,DRIVER INATTENTION,FAILED TO CONTROL SPEED,NA,EAST,Y,0,0,0,0,1,0,0,1,DRIVER,FRONT LEFT,UNKNOWN,19,UNKNOWN,UNKNOWN,UNKNOWN,UNKNOWN,UNKNOWN,NOT APPLICABLE,N,NONE,NA,NA,NONE,NOT APPLICABLE,NOT APPLICABLE,,DRIVER LICENSE,Texas,CLASS C,75150
15034258,3,MOTOR VEHICLE,N,Y,UN,,NA,99,NA,NA,UNKNOWN,N,,NA,NA,NA,NA,NA,NA,NA,NA,,,,NONE,NA,NA,SOUTHEAST,N,0,0,0,0,1,0,0,1,DRIVER,FRONT LEFT,NOT INJURED,42,BLACK,FEMALE,NO,SHOULDER & LAP BELT,NOT DEPLOYED,NOT APPLICABLE,N,NONE,NA,NA,NONE,NOT APPLICABLE,NOT APPLICABLE,,DRIVER LICENSE,Texas,CLASS C,77067