CRASH_ID,UNIT_NBR,UNIT_DESC_ID,VEH_PARKED_FL,VEH_HNR_FL,VEH_LIC_STATE_ID,VIN,VEH_MOD_YEAR,VEH_COLOR_ID,VEH_MAKE_ID,VEH_MOD_ID,VEH_BODY_STYL_ID,EMER_RESPNDR_FL,OWNR_ZIP,FIN_RESP_PROOF_ID,FIN_RESP_TYPE_ID,VEH_DMAG_AREA_1_ID,VEH_DMAG_SCL_1_ID,FORCE_DIR_1_ID,VEH_DMAG_AREA_2_ID,VEH_DMAG_SCL_2_ID,FORCE_DIR_2_ID,VEH_INVENTORIED_FL,VEH_TRANSP_NAME,VEH_TRANSP_DEST,CONTRIB_FACTR_1_ID,CONTRIB_FACTR_2_ID,CONTRIB_FACTR_P1_ID,VEH_TRVL_DIR_ID,FIRST_HARM_EVT_INV_ID,INCAP_INJRY_CNT,NONINCAP_INJRY_CNT,POSS_INJRY_CNT,NON_INJRY_CNT,UNKN_INJRY_CNT,TOT_INJRY_CNT,DEATH_CNT,PRSN_NBR,PRSN_TYPE_ID,PRSN_OCCPNT_POS_ID,PRSN_INJRY_SEV_ID,PRSN_AGE,PRSN_ETHNICITY_ID,PRSN_GNDR_ID,PRSN_EJCT_ID,PRSN_REST_ID,PRSN_AIRBAG_ID,PRSN_HELMET_ID,PRSN_SOL_FL,PRSN_ALC_SPEC_TYPE_ID,PRSN_ALC_RSLT_ID,PRSN_BAC_TEST_RSLT,PRSN_DRG_SPEC_TYPE_ID,PRSN_DRG_RSLT_ID,DRVR_DRG_CAT_1_ID,PRSN_DEATH_TIME,DRVR_LIC_TYPE_ID,DRVR_LIC_STATE_ID,DRVR_LIC_CLS_ID,DRVR_ZIP
15017054,1,MOTOR VEHICLE,N,Y,TX,3GTP2VE77CG145287,NA,WHI,GMC,NA,PICKUP,N,79424,1,PROOF OF LIABILITY INSURANCE,FRONT END DAMAGE DISTRIBUTED IMPACT,DAMAGED 4,12,DISTRIBUTED RIGHT SIDE DAMAGE PARALLEL IMPACT,DAMAGED 3,2,N,LUBBOCK WRECKER,LUBBOCK WRECKER  3209 SLATON HWY   806-7,CHANGED LANE WHEN UNSAFE,UNSAFE SPEED,NA,NORTH,Y,0,0,0,1,0,0,0,1,DRIVER,FRONT LEFT,NOT INJURED,21,HISPANIC,MALE,NO,SHOULDER & LAP BELT,NOT DEPLOYED,NOT APPLICABLE,N,NONE,NA,NA,NONE,NOT APPLICABLE,NOT APPLICABLE,,DRIVER LICENSE,Texas,CLASS C,79416
15017054,1,MOTOR VEHICLE,N,Y,TX,3GTP2VE77CG145287,NA,WHI,GMC,NA,PICKUP,N,79424,1,PROOF OF LIABILITY INSURANCE,FRONT END DAMAGE DISTRIBUTED IMPACT,DAMAGED 4,12,DISTRIBUTED RIGHT SIDE DAMAGE PARALLEL IMPACT,DAMAGED 3,2,N,LUBBOCK WRECKER,LUBBOCK WRECKER  3209 SLATON HWY   806-7,CHANGED LANE WHEN UNSAFE,UNSAFE SPEED,NA,NORTH,Y,0,0,0,1,0,0,0,1,DRIVER,FRONT LEFT,NOT INJURED,21,WHITE,MALE,NO,SHOULDER & LAP BELT,NOT DEPLOYED,NOT APPLICABLE,N,NONE,NA,NA,NONE,NOT APPLICABLE,NOT APPLICABLE,,DRIVER LICENSE,Texas,CLASS C,79412
15080252,1,MOTOR VEHICLE,N,Y,TX,1GCEC14W6YZ330735,2000,BLU,CHEVROLET,SILVERADO,PICKUP,N,78669,1,PROOF OF LIABILITY INSURANCE,DISTRIBUTED RIGHT SIDE DAMAGE PARALLEL IMPACT,NO DAMAGE,1,NA,NA,NA,N,DRIVER LEFT SCENE,DRIVER LEFT SCENE,PASSED IN NO PASSING LANE,NA,NA,EAST,Y,0,0,0,1,0,0,0,1,DRIVER,FRONT LEFT,NOT INJURED,27,WHITE,MALE,NO,SHOULDER & LAP BELT,NOT DEPLOYED,NOT APPLICABLE,N,NONE,NA,NA,NONE,NOT APPLICABLE,NOT APPLICABLE,,DRIVER LICENSE,Texas,CLASS C,78654
15080252,1,MOTOR VEHICLE,N,Y,TX,1GCEC14W6YZ330735,2000,BLU,CHEVROLET,SILVERADO,PICKUP,N,78669,1,PROOF OF LIABILITY INSURANCE,DISTRIBUTED RIGHT SIDE DAMAGE PARALLEL IMPACT,NO DAMAGE,1,NA,NA,NA,N,DRIVER LEFT SCENE,DRIVER LEFT SCENE,PASSED IN NO PASSING LANE,NA,NA,EAST,Y,0,0,0,1,0,0,0,1,DRIVER,FRONT LEFT,NOT INJURED,55,WHITE,FEMALE,NO,SHOULDER & LAP BELT,NOT DEPLOYED,NOT APPLICABLE,N,NONE,NA,NA,NONE,NOT APPLICABLE,NOT APPLICABLE,,DRIVER LICENSE,Texas,CLASS C,78654
15087425,1,MOTOR VEHICLE,N,Y,TX,KNAGD126365456836,2006,SIL,KIA,OPTIMA,"PASSENGER CAR, 4-DOOR",N,75165,1,PROOF OF LIABILITY INSURANCE,FRONT END (RIGHT)  DAMAGE PARTIAL CONTACT,DAMAGED 1 MINIMUM,1,NA,NA,NA,N,DRIVER,DRIVEN AWAY,DRIVER INATTENTION,FAILED TO CONTROL SPEED,NA,SOUTH,Y,0,0,0,1,0,0,0,1,DRIVER,FRONT LEFT,NOT INJURED,47,WHITE,FEMALE,NO,UNKNOWN,NOT DEPLOYED,NOT APPLICABLE,N,NONE,NA,NA,NONE,NOT APPLICABLE,NOT APPLICABLE,,DRIVER LICENSE,Texas,CLASS C,75165
15087425,1,MOTOR VEHICLE,N,Y,TX,KNAGD126365456836,2006,SIL,KIA,OPTIMA,"PASSENGER CAR, 4-DOOR",N,75165,1,PROOF OF LIABILITY INSURANCE,FRONT END (RIGHT)  DAMAGE PARTIAL CONTACT,DAMAGED 1 MINIMUM,1,NA,NA,NA,N,DRIVER,DRIVEN AWAY,DRIVER INATTENTION,FAILED TO CONTROL SPEED,NA,SOUTH,Y,0,0,0,1,0,0,0,1,DRIVER,FRONT LEFT,NOT INJURED,29,WHITE,MALE,NO,SHOULDER & LAP BELT,NOT DEPLOYED,NOT APPLICABLE,N,NONE,NA,NA,NONE,NOT APPLICABLE,NOT APPLICABLE,,COMMERCIAL DRIVER LIC.,Texas,CLASS A,76651
15112028,1,MOTOR VEHICLE,N,Y,TX,4TAVL52N6VZ324894,1997,GRN,TOYOTA,TACOMA,PICKUP,N,75057,1,PROOF OF LIABILITY INSURANCE,FRONT END DAMAGE CONCENTRATED IMPACT,DAMAGED 1 MINIMUM,12,NA,NA,NA,Y,PRO TOW,PRO TOW,UNDER INFLUENCE - ALCOHOL,FAILED TO CONTROL SPEED,NA,NORTH,Y,0,0,0,1,0,0,0,1,DRIVER,FRONT LEFT,POSSIBLE INJURY,51,BLACK,FEMALE,NO,SHOULDER & LAP BELT,NOT DEPLOYED,NOT APPLICABLE,N,NONE,NA,NA,NONE,NOT APPLICABLE,NOT APPLICABLE,,DRIVER LICENSE,Texas,CLASS C,75051
15014359,4,MOTOR VEHICLE,N,Y,UN,,NA,99,NA,NA,PICKUP,N,,NA,NA,BACK END DAMAGE DISTRIBUTED IMPACT,DAMAGED 1 MINIMUM,6,NA,NA,NA,N,DRIVER,DRIVEN AWAY,NONE,NA,NA,NORTH,N,0,0,0,0,1,0,0,1,DRIVER,FRONT LEFT,POSSIBLE INJURY,18,WHITE,MALE,NO,SHOULDER & LAP BELT,NOT DEPLOYED,NOT APPLICABLE,N,NONE,NA,NA,NONE,NOT APPLICABLE,NOT APPLICABLE,,DRIVER LICENSE,Texas,CLASS C,77586
15014359,4,MOTOR VEHICLE,N,Y,UN,,NA,99,NA,NA,PICKUP,N,,NA,NA,BACK END DAMAGE DISTRIBUTED IMPACT,DAMAGED 1 MINIMUM,6,NA,NA,NA,N,DRIVER,DRIVEN AWAY,NONE,NA,NA,NORTH,N,0,0,0,0,1,0,0,1,DRIVER,FRONT LEFT,POSSIBLE INJURY,51,WHITE,FEMALE,NO,SHOULDER & LAP BELT,NOT DEPLOYED,NOT APPLICABLE,N,NONE,NA,NA,NONE,NOT APPLICABLE,NOT APPLICABLE,,DRIVER LICENSE,Georgia,OTHER/OUT OF STATE,77565
15014359,4,MOTOR VEHICLE,N,Y,UN,,NA,99,NA,NA,PICKUP,N,,NA,NA,BACK END DAMAGE DISTRIBUTED IMPACT,DAMAGED 1 MINIMUM,6,NA,NA,NA,N,DRIVER,DRIVEN AWAY,NONE,NA,NA,NORTH,N,0,0,0,0,1,0,0,1,DRIVER,FRONT LEFT,NOT INJURED,42,WHITE,FEMALE,NO,SHOULDER & LAP BELT,NOT DEPLOYED,NOT APPLICABLE,N,NONE,NA,NA,NONE,NOT APPLICABLE,NOT APPLICABLE,,DRIVER LICENSE,Texas,CLASS C,77539
15039276,1,MOTOR VEHICLE,N,Y,TX,1GKFK16T63J233162,2003,GRN,GMC,NA,SPORT UTILITY VEHICLE,N,78332,2,NA,LEFT FRONT QUARTER DAMAGE ANGULAR IMPACT,DAMAGED 3,11,FRONT END DAMAGE CONCENTRATED IMPACT,DAMAGED 3,12,Y,DE LA ROSA TOWING,"310 E EL DORA, PHARR, TX 78577",FAILED TO DRIVE IN SINGLE LANE,NA,FLEEING OR EVADING POLICE,EAST,Y,0,0,1,0,0,1,0,1,DRIVER,FRONT LEFT,NOT INJURED,31,HISPANIC,MALE,NO,SHOULDER & LAP BELT,NOT DEPLOYED,NOT APPLICABLE,N,NONE,NA,NA,NONE,NOT APPLICABLE,NOT APPLICABLE,,DRIVER LICENSE,Texas,CLASS C,78539
15049914,1,MOTOR VEHICLE,N,Y,TX,1FTRX17L1XKB99454,1999,GRN,FORD,F150,PICKUP,N,76707,1,PROOF OF LIABILITY INSURANCE,FRONT END (RIGHT)  DAMAGE PARTIAL CONTACT,DAMAGED 2,NA,NA,NA,NA,Y,TOW KING,"1601 E TAYLOR AVE, WACO, TX 76705",HAD BEEN DRINKING,NA,DRIVER INATTENTION,EAST,Y,0,0,1,0,0,1,0,1,DRIVER,FRONT LEFT,POSSIBLE INJURY,64,WHITE,MALE,NO,SHOULDER & LAP BELT,"DEPLOYED, FRONT",NOT APPLICABLE,N,BLOOD,NA,NA,NONE,NOT APPLICABLE,NOT APPLICABLE,,DRIVER LICENSE,Texas,CLASS A,76707
15086723,1,MOTOR VEHICLE,N,Y,TX,1FTDF15N0PNA65308,1993,WHI,FORD,F150,PICKUP,N,76801,1,PROOF OF LIABILITY INSURANCE,FRONT END DAMAGE DISTRIBUTED IMPACT,DAMAGED 1 MINIMUM,12,NA,NA,NA,Y,TRIPLE H AUTO,181 CR 141 PRIDDY TX 325-966-3797,FAILED TO CONTROL SPEED,UNDER INFLUENCE - ALCOHOL,NA,SOUTHEAST,Y,0,0,0,1,0,0,0,1,DRIVER,FRONT LEFT,NOT INJURED,53,WHITE,MALE,NO,SHOULDER & LAP BELT,NOT APPLICABLE,NOT APPLICABLE,N,BLOOD,Positive,0.14,NONE,NOT APPLICABLE,NOT APPLICABLE,,DRIVER LICENSE,Texas,CLASS C,76801
15086723,1,MOTOR VEHICLE,N,Y,TX,1FTDF15N0PNA65308,1993,WHI,FORD,F150,PICKUP,N,76801,1,PROOF OF LIABILITY INSURANCE,FRONT END DAMAGE DISTRIBUTED IMPACT,DAMAGED 1 MINIMUM,12,NA,NA,NA,Y,TRIPLE H AUTO,181 CR 141 PRIDDY TX 325-966-3797,FAILED TO CONTROL SPEED,UNDER INFLUENCE - ALCOHOL,NA,SOUTHEAST,Y,0,0,0,1,0,0,0,1,DRIVER,FRONT LEFT,NOT INJURED,30,WHITE,MALE,NO,SHOULDER & LAP BELT,NOT DEPLOYED,NOT APPLICABLE,N,NONE,NA,NA,NONE,NOT APPLICABLE,NOT APPLICABLE,,DRIVER LICENSE,Texas,CLASS C,78613
15088366,1,MOTOR VEHICLE,N,Y,TX,3GCUKREC2FG296047,NA,99,CHEVROLET,SILVERADO,PICKUP,N,76542,2,NA,RIGHT FRONT QUARTER DAMAGE ANGULAR IMPACT,DAMAGED 3,2,NA,NA,NA,Y,KILLEEN TOWING  (254)526-3856,"12610 S 195  KILLEEN, TX  76549",UNDER INFLUENCE - ALCOHOL,FAILED TO CONTROL SPEED,NA,WEST,Y,0,0,0,1,0,0,0,1,DRIVER,FRONT LEFT,NOT INJURED,27,WHITE,MALE,NO,SHOULDER & LAP BELT,NOT DEPLOYED,NOT APPLICABLE,N,BREATH,Positive,0.19,NONE,NOT APPLICABLE,NOT APPLICABLE,,DRIVER LICENSE,Texas,CLASS C,76542
15088366,1,MOTOR VEHICLE,N,Y,TX,3GCUKREC2FG296047,NA,99,CHEVROLET,SILVERADO,PICKUP,N,76542,2,NA,RIGHT FRONT QUARTER DAMAGE ANGULAR IMPACT,DAMAGED 3,2,NA,NA,NA,Y,KILLEEN TOWING  (254)526-3856,"12610 S 195  KILLEEN, TX  76549",UNDER INFLUENCE - ALCOHOL,FAILED TO CONTROL SPEED,NA,WEST,Y,0,0,0,1,0,0,0,1,DRIVER,FRONT LEFT,NOT INJURED,23,WHITE,MALE,NO,SHOULDER & LAP BELT,NOT DEPLOYED,NOT APPLICABLE,N,NONE,NA,NA,NONE,NOT APPLICABLE,NOT APPLICABLE,,DRIVER LICENSE,New York,OTHER/OUT OF STATE,76542
15088366,1,MOTOR VEHICLE,N,Y,TX,3GCUKREC2FG296047,NA,99,CHEVROLET,SILVERADO,PICKUP,N,76542,2,NA,RIGHT FRONT QUARTER DAMAGE ANGULAR IMPACT,DAMAGED 3,2,NA,NA,NA,Y,KILLEEN TOWING  (254)526-3856,"12610 S 195  KILLEEN, TX  76549",UNDER INFLUENCE - ALCOHOL,FAILED TO CONTROL SPEED,NA,WEST,Y,0,0,0,1,0,0,0,1,DRIVER,FRONT LEFT,NOT INJURED,22,BLACK,MALE,NO,SHOULDER & LAP BELT,NOT DEPLOYED,NOT APPLICABLE,N,NONE,NA,NA,NONE,NOT APPLICABLE,NOT APPLICABLE,,DRIVER LICENSE,Texas,CLASS C,76542
15020825,1,MOTOR VEHICLE,N,Y,UN,1GTEC14V42Z217039,2002,99,GMC,C1500,PICKUP,N,76119,3,LIABILITY INSURANCE POLICY,FRONT END (RIGHT)  DAMAGE PARTIAL CONTACT,DAMAGED 1 MINIMUM,12,NA,NA,NA,N,FLED SCENE,DRIVER,FAILED TO PASS TO LEFT SAFELY,NA,UNDER INFLUENCE - ALCOHOL,WEST,Y,0,0,0,1,0,0,0,1,DRIVER,FRONT LEFT,NOT INJURED,54,BLACK,MALE,NO,UNKNOWN,NOT DEPLOYED,NOT APPLICABLE,Y,NONE,NA,NA,NONE,NOT APPLICABLE,NOT APPLICABLE,,DRIVER LICENSE,Texas,CLASS C,76119
15069080,3,MOTOR VEHICLE,N,Y,UN,,NA,GRN,UNKNOWN,NA,UNKNOWN,N,,NA,NA,BACK END DAMAGE DISTRIBUTED IMPACT,DAMAGED 1 MINIMUM,6,NA,NA,NA,,,,NONE,NA,NA,WEST,N,0,0,0,0,1,0,0,1,DRIVER,FRONT LEFT,NOT INJURED,21,WHITE,MALE,NO,SHOULDER & LAP BELT,NOT DEPLOYED,NOT APPLICABLE,N,NONE,NA,NA,NONE,NOT APPLICABLE,NOT APPLICABLE,,DRIVER LICENSE,Texas,CLASS C,77573
15069080,2,MOTOR VEHICLE,N,Y,TX,4A4AP3AW7FE053089,NA,BLU,MITSUBISHI,RVR,"PASSENGER CAR, 4-DOOR",N,77506,1,PROOF OF LIABILITY INSURANCE,BACK END DAMAGE DISTRIBUTED IMPACT,DAMAGED 3,6,FRONT END DAMAGE DISTRIBUTED IMPACT,DAMAGED 1 MINIMUM,12,N,OWNER,DRIVEN FROM SCENE,NONE,NA,NA,WEST,Y,0,0,0,2,0,0,0,1,DRIVER,FRONT LEFT,NOT INJURED,21,WHITE,MALE,NO,SHOULDER & LAP BELT,NOT DEPLOYED,NOT APPLICABLE,N,NONE,NA,NA,NONE,NOT APPLICABLE,NOT APPLICABLE,,DRIVER LICENSE,Texas,CLASS C,77573
15069080,1,MOTOR VEHICLE,N,Y,TX,JTHBK262965007207,2006,WHI,LEXUS,IS 250,"PASSENGER CAR, 4-DOOR",N,77573,1,PROOF OF LIABILITY INSURANCE,FRONT END DAMAGE DISTRIBUTED IMPACT,DAMAGED 5,12,NA,NA,NA,Y,MORIN WRECKER SERVICE,"2913 SHAVER, PASADENA",FOLLOWED TOO CLOSELY,NA,NA,WEST,Y,0,0,0,1,0,0,0,1,DRIVER,FRONT LEFT,NOT INJURED,21,WHITE,MALE,NO,SHOULDER & LAP BELT,NOT DEPLOYED,NOT APPLICABLE,N,NONE,NA,NA,NONE,NOT APPLICABLE,NOT APPLICABLE,,DRIVER LICENSE,Texas,CLASS C,77573
15069080,3,MOTOR VEHICLE,N,Y,UN,,NA,GRN,UNKNOWN,NA,UNKNOWN,N,,NA,NA,BACK END DAMAGE DISTRIBUTED IMPACT,DAMAGED 1 MINIMUM,6,NA,NA,NA,,,,NONE,NA,NA,WEST,N,0,0,0,0,1,0,0,1,DRIVER,FRONT LEFT,NOT INJURED,25,WHITE,MALE,NO,SHOULDER & LAP BELT,NOT DEPLOYED,NOT APPLICABLE,N,NONE,NA,NA,NONE,NOT APPLICABLE,NOT APPLICABLE,,COMMERCIAL DRIVER LIC.,Texas,CLASS A,77506
15069080,2,MOTOR VEHICLE,N,Y,TX,4A4AP3AW7FE053089,NA,BLU,MITSUBISHI,RVR,"PASSENGER CAR, 4-DOOR",N,77506,1,PROOF OF LIABILITY INSURANCE,BACK END DAMAGE DISTRIBUTED IMPACT,DAMAGED 3,6,FRONT END DAMAGE DISTRIBUTED IMPACT,DAMAGED 1 MINIMUM,12,N,OWNER,DRIVEN FROM SCENE,NONE,NA,NA,WEST,Y,0,0,0,2,0,0,0,1,DRIVER,FRONT LEFT,NOT INJURED,25,WHITE,MALE,NO,SHOULDER & LAP BELT,NOT DEPLOYED,NOT APPLICABLE,N,NONE,NA,NA,NONE,NOT APPLICABLE,NOT APPLICABLE,,COMMERCIAL DRIVER LIC.,Texas,CLASS A,77506
15069080,1,MOTOR VEHICLE,N,Y,TX,JTHBK262965007207,2006,WHI,LEXUS,IS 250,"PASSENGER CAR, 4-DOOR",N,77573,1,PROOF OF LIABILITY INSURANCE,FRONT END DAMAGE DISTRIBUTED IMPACT,DAMAGED 5,12,NA,NA,NA,Y,MORIN WRECKER SERVICE,"2913 SHAVER, PASADENA",FOLLOWED TOO CLOSELY,NA,NA,WEST,Y,0,0,0,1,0,0,0,1,DRIVER,FRONT LEFT,NOT INJURED,25,WHITE,MALE,NO,SHOULDER & LAP BELT,NOT DEPLOYED,NOT APPLICABLE,N,NONE,NA,NA,NONE,NOT APPLICABLE,NOT APPLICABLE,,COMMERCIAL DRIVER LIC.,Texas,CLASS A,77506
15109938,4,MOTOR VEHICLE,N,Y,UN,UNKNOWN,NA,99,UNKNOWN,UNKNOWN,UNKNOWN,N,UNKNOWN,NA,NA,UNKNOWN,NA,NA,NA,NA,NA,N,,,NONE,NA,NA,NORTH,N,0,0,0,0,1,0,0,1,DRIVER,FRONT LEFT,POSSIBLE INJURY,21,WHITE,FEMALE,NO,SHOULDER & LAP BELT,NOT DEPLOYED,NOT APPLICABLE,N,NONE,NA,NA,NONE,NOT APPLICABLE,NOT APPLICABLE,,DRIVER LICENSE,Texas,CLASS C,78213
15109938,4,MOTOR VEHICLE,N,Y,UN,UNKNOWN,NA,99,UNKNOWN,UNKNOWN,UNKNOWN,N,UNKNOWN,NA,NA,UNKNOWN,NA,NA,NA,NA,NA,N,,,NONE,NA,NA,NORTH,N,0,0,0,0,1,0,0,1,DRIVER,FRONT LEFT,POSSIBLE INJURY,21,WHITE,FEMALE,NO,SHOULDER & LAP BELT,NOT DEPLOYED,NOT APPLICABLE,N,NONE,NA,NA,NONE,NOT APPLICABLE,NOT APPLICABLE,,DRIVER LICENSE,Texas,CLASS C,78213
15109938,3,MOTOR VEHICLE,N,Y,UN,UNKOWN,NA,99,UNKNOWN,UNKNOWN,UNKNOWN,N,,NA,NA,UNKNOWN,NA,NA,NA,NA,NA,N,,,NONE,NA,NA,NORTH,N,0,0,0,0,1,0,0,1,DRIVER,FRONT LEFT,POSSIBLE INJURY,21,WHITE,FEMALE,NO,SHOULDER & LAP BELT,NOT DEPLOYED,NOT APPLICABLE,N,NONE,NA,NA,NONE,NOT APPLICABLE,NOT APPLICABLE,,DRIVER LICENSE,Texas,CLASS C,78213
15109938,3,MOTOR VEHICLE,N,Y,UN,UNKOWN,NA,99,UNKNOWN,UNKNOWN,UNKNOWN,N,,NA,NA,UNKNOWN,NA,NA,NA,NA,NA,N,,,NONE,NA,NA,NORTH,N,0,0,0,0,1,0,0,1,DRIVER,FRONT LEFT,POSSIBLE INJURY,21,WHITE,FEMALE,NO,SHOULDER & LAP BELT,NOT DEPLOYED,NOT APPLICABLE,N,NONE,NA,NA,NONE,NOT APPLICABLE,NOT APPLICABLE,,DRIVER LICENSE,Texas,CLASS C,78213
15109938,2,MOTOR VEHICLE,N,Y,TX,JTHBA30GX55142479,2005,GRY,LEXUS,ES 300,"PASSENGER CAR, 4-DOOR",N,76549,1,PROOF OF LIABILITY INSURANCE,BACK END DAMAGE CONCENTRATED IMPACT,DAMAGED 2,6,FRONT END DAMAGE DISTRIBUTED IMPACT,DAMAGED 2,12,N,NORMANS,"193 SPRING VALLEY LN, BELTON TX 76513",NONE,NA,NA,NORTH,Y,0,0,0,3,0,0,0,1,DRIVER,FRONT LEFT,POSSIBLE INJURY,21,WHITE,FEMALE,NO,SHOULDER & LAP BELT,NOT DEPLOYED,NOT APPLICABLE,N,NONE,NA,NA,NONE,NOT APPLICABLE,NOT APPLICABLE,,DRIVER LICENSE,Texas,CLASS C,78213
15109938,1,MOTOR VEHICLE,N,Y,TX,4T1BF1FK0DU230265,NA,GRY,TOYOTA,CAMRY,"PASSENGER CAR, 4-DOOR",N,76571,1,PROOF OF LIABILITY INSURANCE,FRONT END DAMAGE DISTRIBUTED IMPACT,DAMAGED 2,12,LEFT SIDE DAMAGE ANGULAR IMPACT,DAMAGED 2,9,N,DELBERTS,"8231 W FM 93, BELTON TX 76513",FAILED TO CONTROL SPEED,NA,NA,NORTH,Y,0,0,1,0,0,1,0,1,DRIVER,FRONT LEFT,POSSIBLE INJURY,21,WHITE,FEMALE,NO,SHOULDER & LAP BELT,NOT DEPLOYED,NOT APPLICABLE,N,NONE,NA,NA,NONE,NOT APPLICABLE,NOT APPLICABLE,,DRIVER LICENSE,Texas,CLASS C,78213
15109938,4,MOTOR VEHICLE,N,Y,UN,UNKNOWN,NA,99,UNKNOWN,UNKNOWN,UNKNOWN,N,UNKNOWN,NA,NA,UNKNOWN,NA,NA,NA,NA,NA,N,,,NONE,NA,NA,NORTH,N,0,0,0,0,1,0,0,1,DRIVER,FRONT LEFT,NOT INJURED,22,BLACK,MALE,NO,SHOULDER & LAP BELT,NOT DEPLOYED,NOT APPLICABLE,N,NONE,NA,NA,NONE,NOT APPLICABLE,NOT APPLICABLE,,DRIVER LICENSE,Texas,CLASS C,76543
15109938,4,MOTOR VEHICLE,N,Y,UN,UNKNOWN,NA,99,UNKNOWN,UNKNOWN,UNKNOWN,N,UNKNOWN,NA,NA,UNKNOWN,NA,NA,NA,NA,NA,N,,,NONE,NA,NA,NORTH,N,0,0,0,0,1,0,0,1,DRIVER,FRONT LEFT,NOT INJURED,22,BLACK,MALE,NO,SHOULDER & LAP BELT,NOT DEPLOYED,NOT APPLICABLE,N,NONE,NA,NA,NONE,NOT APPLICABLE,NOT APPLICABLE,,DRIVER LICENSE,Texas,CLASS C,76543
15109938,3,MOTOR VEHICLE,N,Y,UN,UNKOWN,NA,99,UNKNOWN,UNKNOWN,UNKNOWN,N,,NA,NA,UNKNOWN,NA,NA,NA,NA,NA,N,,,NONE,NA,NA,NORTH,N,0,0,0,0,1,0,0,1,DRIVER,FRONT LEFT,NOT INJURED,22,BLACK,MALE,NO,SHOULDER & LAP BELT,NOT DEPLOYED,NOT APPLICABLE,N,NONE,NA,NA,NONE,NOT APPLICABLE,NOT APPLICABLE,,DRIVER LICENSE,Texas,CLASS C,76543
15109938,3,MOTOR VEHICLE,N,Y,UN,UNKOWN,NA,99,UNKNOWN,UNKNOWN,UNKNOWN,N,,NA,NA,UNKNOWN,NA,NA,NA,NA,NA,N,,,NONE,NA,NA,NORTH,N,0,0,0,0,1,0,0,1,DRIVER,FRONT LEFT,NOT INJURED,22,BLACK,MALE,NO,SHOULDER & LAP BELT,NOT DEPLOYED,NOT APPLICABLE,N,NONE,NA,NA,NONE,NOT APPLICABLE,NOT APPLICABLE,,DRIVER LICENSE,Texas,CLASS C,76543
15109938,2,MOTOR VEHICLE,N,Y,TX,JTHBA30GX55142479,2005,GRY,LEXUS,ES 300,"PASSENGER CAR, 4-DOOR",N,76549,1,PROOF OF LIABILITY INSURANCE,BACK END DAMAGE CONCENTRATED IMPACT,DAMAGED 2,6,FRONT END DAMAGE DISTRIBUTED IMPACT,DAMAGED 2,12,N,NORMANS,"193 SPRING VALLEY LN, BELTON TX 76513",NONE,NA,NA,NORTH,Y,0,0,0,3,0,0,0,1,DRIVER,FRONT LEFT,NOT INJURED,22,BLACK,MALE,NO,SHOULDER & LAP BELT,NOT DEPLOYED,NOT APPLICABLE,N,NONE,NA,NA,NONE,NOT APPLICABLE,NOT APPLICABLE,,DRIVER LICENSE,Texas,CLASS C,76543
15109938,1,MOTOR VEHICLE,N,Y,TX,4T1BF1FK0DU230265,NA,GRY,TOYOTA,CAMRY,"PASSENGER CAR, 4-DOOR",N,76571,1,PROOF OF LIABILITY INSURANCE,FRONT END DAMAGE DISTRIBUTED IMPACT,DAMAGED 2,12,LEFT SIDE DAMAGE ANGULAR IMPACT,DAMAGED 2,9,N,DELBERTS,"8231 W FM 93, BELTON TX 76513",FAILED TO CONTROL SPEED,NA,NA,NORTH,Y,0,0,1,0,0,1,0,1,DRIVER,FRONT LEFT,NOT INJURED,22,BLACK,MALE,NO,SHOULDER & LAP BELT,NOT DEPLOYED,NOT APPLICABLE,N,NONE,NA,NA,NONE,NOT APPLICABLE,NOT APPLICABLE,,DRIVER LICENSE,Texas,CLASS C,76543
15115804,1,MOTOR VEHICLE,N,Y,TX,2G1FP22K1T210684,1996,WHI,CHEVROLET,CAMARO,"PASSENGER CAR, 2-DOOR",N,79423,1,PROOF OF LIABILITY INSURANCE,FRONT END DAMAGE DISTRIBUTED IMPACT,DAMAGED 1 MINIMUM,12,NA,NA,NA,N,FLED THE SCENE,,WRONG SIDE - NOT PASSING,NA,NA,WEST,Y,0,0,0,1,0,0,0,1,DRIVER,FRONT LEFT,NOT INJURED,23,WHITE,MALE,NO,UNKNOWN,UNKNOWN,NOT APPLICABLE,N,NONE,NA,NA,NONE,NOT APPLICABLE,NOT APPLICABLE,,DRIVER LICENSE,Texas,CLASS A,79414
15122011,1,MOTOR VEHICLE,N,Y,TX,1J4GW48N6YC282363,2000,BLK,JEEP,CHEROKEE,UNKNOWN,N,77489,1,PROOF OF LIABILITY INSURANCE,FRONT END DAMAGE DISTRIBUTED IMPACT,DAMAGED 6,12,NA,NA,NA,N,FLED THE SCENE,,FAILED TO CONTROL SPEED,FAILED TO DRIVE IN SINGLE LANE,NA,WEST,Y,0,0,0,1,0,0,0,1,DRIVER,FRONT LEFT,NOT INJURED,48,BLACK,MALE,NO,SHOULDER & LAP BELT,NOT DEPLOYED,NOT APPLICABLE,N,NONE,NA,NA,NONE,NOT APPLICABLE,NOT APPLICABLE,,DRIVER LICENSE,Texas,CLASS C,77489
15020142,2,MOTOR VEHICLE,N,Y,TX,5N1BV28U95N107860,2005,SIL,NISSAN,QUEST,VAN,N,79915,1,PROOF OF LIABILITY INSURANCE,BACK END DAMAGE DISTRIBUTED IMPACT,NO DAMAGE,6,NA,NA,NA,N,,,NONE,NA,NA,SOUTH,N,0,0,0,4,0,0,0,1,DRIVER,FRONT LEFT,NOT INJURED,39,HISPANIC,MALE,NO,SHOULDER & LAP BELT,NOT DEPLOYED,NOT APPLICABLE,N,NONE,NA,NA,NONE,NOT APPLICABLE,NOT APPLICABLE,,DRIVER LICENSE,Texas,CLASS C,79907