CRASH_ID,UNIT_NBR,UNIT_DESC_ID,VEH_PARKED_FL,VEH_HNR_FL,VEH_LIC_STATE_ID,VIN,VEH_MOD_YEAR,VEH_COLOR_ID,VEH_MAKE_ID,VEH_MOD_ID,VEH_BODY_STYL_ID,EMER_RESPNDR_FL,OWNR_ZIP,FIN_RESP_PROOF_ID,FIN_RESP_TYPE_ID,VEH_DMAG_AREA_1_ID,VEH_DMAG_SCL_1_ID,FORCE_DIR_1_ID,VEH_DMAG_AREA_2_ID,VEH_DMAG_SCL_2_ID,FORCE_DIR_2_ID,VEH_INVENTORIED_FL,VEH_TRANSP_NAME,VEH_TRANSP_DEST,CONTRIB_FACTR_1_ID,CONTRIB_FACTR_2_ID,CONTRIB_FACTR_P1_ID,VEH_TRVL_DIR_ID,FIRST_HARM_EVT_INV_ID,INCAP_INJRY_CNT,NONINCAP_INJRY_CNT,POSS_INJRY_CNT,NON_INJRY_CNT,UNKN_INJRY_CNT,TOT_INJRY_CNT,DEATH_CNT,PRSN_NBR,PRSN_TYPE_ID,PRSN_OCCPNT_POS_ID,PRSN_INJRY_SEV_ID,PRSN_AGE,PRSN_ETHNICITY_ID,PRSN_GNDR_ID,PRSN_EJCT_ID,PRSN_REST_ID,PRSN_AIRBAG_ID,PRSN_HELMET_ID,PRSN_SOL_FL,PRSN_ALC_SPEC_TYPE_ID,PRSN_ALC_RSLT_ID,PRSN_BAC_TEST_RSLT,PRSN_DRG_SPEC_TYPE_ID,PRSN_DRG_RSLT_ID,DRVR_DRG_CAT_1_ID,PRSN_DEATH_TIME,DRVR_LIC_TYPE_ID,DRVR_LIC_STATE_ID,DRVR_LIC_CLS_ID,DRVR_ZIP
15134732,1,MOTOR VEHICLE,N,Y,TX,2G1WF52E839184900,2003,GLD,CHEVROLET,IMPALA,"PASSENGER CAR, 4-DOOR",N,75216,2,NA,LEFT FRONT QUARTER DAMAGE ANGULAR IMPACT,DAMAGED 3,10,RIGHT FRONT QUARTER DAMAGE ANGULAR IMPACT,DAMAGED 1 MINIMUM,3,Y,WYLIE AUTO TOWING,"1352 W FM 6 NEVADA, TX 75173",FLEEING OR EVADING POLICE,NA,NA,EAST,Y,0,0,0,1,0,0,0,1,DRIVER,FRONT LEFT,NOT INJURED,30,BLACK,MALE,NO,SHOULDER & LAP BELT,NOT DEPLOYED,NOT APPLICABLE,N,NONE,NA,NA,NONE,NOT APPLICABLE,NOT APPLICABLE,,DRIVER LICENSE,Texas,CLASS C,75216
15134732,1,MOTOR VEHICLE,N,Y,TX,2G1WF52E839184900,2003,GLD,CHEVROLET,IMPALA,"PASSENGER CAR, 4-DOOR",N,75216,2,NA,LEFT FRONT QUARTER DAMAGE ANGULAR IMPACT,DAMAGED 3,10,RIGHT FRONT QUARTER DAMAGE ANGULAR IMPACT,DAMAGED 1 MINIMUM,3,Y,WYLIE AUTO TOWING,"1352 W FM 6 NEVADA, TX 75173",FLEEING OR EVADING POLICE,NA,NA,EAST,Y,0,0,0,1,0,0,0,1,DRIVER,FRONT LEFT,NOT INJURED,63,HISPANIC,MALE,NO,SHOULDER & LAP BELT,NOT DEPLOYED,NOT APPLICABLE,N,NONE,NA,NA,NONE,NOT APPLICABLE,NOT APPLICABLE,,DRIVER LICENSE,Texas,CLASS A,75212
14996679,1,MOTOR VEHICLE,N,Y,TX,1FDXF46P17EA98697,2007,BLK,FORD,F350,TRUCK,N,75228,1,PROOF OF LIABILITY INSURANCE,FRONT END DAMAGE DISTRIBUTED IMPACT,DAMAGED 2,12,NA,NA,NA,Y,I-45 WRECKER,"466 IH 45 W., FAIRFIELD, TX 75840",FAILED TO CONTROL SPEED,NA,NA,SOUTH,Y,0,0,0,1,0,0,0,1,DRIVER,FRONT LEFT,NOT INJURED,32,HISPANIC,MALE,NO,SHOULDER & LAP BELT,NOT DEPLOYED,NOT APPLICABLE,N,NONE,NA,NA,NONE,NOT APPLICABLE,NOT APPLICABLE,,DRIVER LICENSE,Texas,CLASS C,75228
14996679,1,MOTOR VEHICLE,N,Y,TX,1FDXF46P17EA98697,2007,BLK,FORD,F350,TRUCK,N,75228,1,PROOF OF LIABILITY INSURANCE,FRONT END DAMAGE DISTRIBUTED IMPACT,DAMAGED 2,12,NA,NA,NA,Y,I-45 WRECKER,"466 IH 45 W., FAIRFIELD, TX 75840",FAILED TO CONTROL SPEED,NA,NA,SOUTH,Y,0,0,0,1,0,0,0,1,DRIVER,FRONT LEFT,NOT INJURED,32,HISPANIC,MALE,NO,SHOULDER & LAP BELT,NOT DEPLOYED,NOT APPLICABLE,N,NONE,NA,NA,NONE,NOT APPLICABLE,NOT APPLICABLE,,DRIVER LICENSE,Texas,CLASS C,75228
14996679,1,MOTOR VEHICLE,N,Y,TX,1FDXF46P17EA98697,2007,BLK,FORD,F350,TRUCK,N,75228,1,PROOF OF LIABILITY INSURANCE,FRONT END DAMAGE DISTRIBUTED IMPACT,DAMAGED 2,12,NA,NA,NA,Y,I-45 WRECKER,"466 IH 45 W., FAIRFIELD, TX 75840",FAILED TO CONTROL SPEED,NA,NA,SOUTH,Y,0,0,0,1,0,0,0,1,DRIVER,FRONT LEFT,POSSIBLE INJURY,33,WHITE,MALE,NO,SHOULDER & LAP BELT,NOT DEPLOYED,NOT APPLICABLE,N,NONE,NA,NA,NONE,NOT APPLICABLE,NOT APPLICABLE,,DRIVER LICENSE,Texas,CLASS C,77080
14996679,1,MOTOR VEHICLE,N,Y,TX,1FDXF46P17EA98697,2007,BLK,FORD,F350,TRUCK,N,75228,1,PROOF OF LIABILITY INSURANCE,FRONT END DAMAGE DISTRIBUTED IMPACT,DAMAGED 2,12,NA,NA,NA,Y,I-45 WRECKER,"466 IH 45 W., FAIRFIELD, TX 75840",FAILED TO CONTROL SPEED,NA,NA,SOUTH,Y,0,0,0,1,0,0,0,1,DRIVER,FRONT LEFT,POSSIBLE INJURY,33,WHITE,MALE,NO,SHOULDER & LAP BELT,NOT DEPLOYED,NOT APPLICABLE,N,NONE,NA,NA,NONE,NOT APPLICABLE,NOT APPLICABLE,,DRIVER LICENSE,Texas,CLASS C,77080
15017367,1,MOTOR VEHICLE,N,Y,TX,JA3AY26C5YU035288,2000,RED,MITSUBISHI,MIRAGE,"PASSENGER CAR, 4-DOOR",N,79904,1,PROOF OF LIABILITY INSURANCE,FRONT END DAMAGE CONCENTRATED IMPACT,DAMAGED 1 MINIMUM,12,NA,NA,NA,N,DRIVER,TRAFFIC,NONE,NA,NA,SOUTH,Y,0,0,0,1,0,0,0,1,DRIVER,FRONT LEFT,NOT INJURED,27,HISPANIC,FEMALE,NO,SHOULDER & LAP BELT,NOT DEPLOYED,NOT APPLICABLE,N,NONE,NA,NA,NONE,NOT APPLICABLE,NOT APPLICABLE,,DRIVER LICENSE,Texas,CLASS C,79924
15052247,1,MOTOR VEHICLE,N,Y,TX,1ZVFT82H565140427,2006,RED,FORD,MUSTANG,"PASSENGER CAR, 2-DOOR",N,79423,2,NA,FRONT END DAMAGE DISTRIBUTED IMPACT,DAMAGED 2,6,NA,NA,NA,N,FLED THE SCENE,,FAILED TO DRIVE IN SINGLE LANE,NA,NA,SOUTH,Y,0,0,0,0,1,0,0,1,DRIVER,FRONT LEFT,UNKNOWN,27,WHITE,MALE,NO,UNKNOWN,UNKNOWN,NOT APPLICABLE,N,NONE,NA,NA,NONE,NOT APPLICABLE,NOT APPLICABLE,,DRIVER LICENSE,Texas,CLASS C,79423
15119211,1,MOTOR VEHICLE,N,Y,TX,1FMZU62K73ZB42242,2003,RED,FORD,EXPLORER,SPORT UTILITY VEHICLE,N,78552,1,PROOF OF LIABILITY INSURANCE,LEFT BACK QUARTER DAMAGE ANGULAR IMPACT,DAMAGED 1 MINIMUM,7,NA,NA,NA,N,DRIVER,DRIVEN AWAY,NONE,NA,NA,EAST,Y,0,0,0,1,0,0,0,1,DRIVER,FRONT LEFT,NOT INJURED,24,HISPANIC,MALE,NO,SHOULDER & LAP BELT,NOT DEPLOYED,NOT APPLICABLE,N,NONE,NA,NA,NONE,NOT APPLICABLE,NOT APPLICABLE,,DRIVER LICENSE,Texas,CLASS C,78552
15139424,1,MOTOR VEHICLE,N,Y,TX,WBACG8329TAU35244,1996,BLK,BMW,318,"PASSENGER CAR, 4-DOOR",N,78521,1,PROOF OF LIABILITY INSURANCE,RIGHT FRONT QUARTER DAMAGE ANGULAR IMPACT,DAMAGED 4,1,DISTRIBUTED RIGHT SIDE DAMAGE PARALLEL IMPACT,DAMAGED 1 MINIMUM,1,N,"FLED SCENE, LOCATED SHORTLY AFTER",,FAILED TO DRIVE IN SINGLE LANE,NA,FAILED TO CONTROL SPEED,SOUTH,Y,0,0,1,0,0,1,0,1,DRIVER,FRONT LEFT,POSSIBLE INJURY,21,HISPANIC,MALE,NO,SHOULDER & LAP BELT,NOT DEPLOYED,NOT APPLICABLE,N,NONE,NA,NA,NONE,NOT APPLICABLE,NOT APPLICABLE,,DRIVER LICENSE,Texas,CLASS C,78521
15004852,2,MOTOR VEHICLE,N,Y,UN,,NA,99,UNKNOWN,NA,UNKNOWN,N,,NA,NA,RIGHT SIDE DAMAGE ANGULAR IMPACT,NO DAMAGE,3,NA,NA,NA,N,DRIVEN AWAY BY DRIVER,,FAILED TO YIELD ROW - TURNING LEFT,NA,NA,EAST,Y,0,0,0,0,1,0,0,1,DRIVER,FRONT LEFT,NOT INJURED,28,HISPANIC,MALE,NOT APPLICABLE,SHOULDER & LAP BELT,NOT APPLICABLE,NOT APPLICABLE,N,NONE,NA,NA,NONE,NOT APPLICABLE,NOT APPLICABLE,,DRIVER LICENSE,Texas,CLASS C,78213
15004852,1,MOTOR VEHICLE,N,Y,TX,JTEZT14R130002563,2003,GRY,TOYOTA,4RUNNER,SPORT UTILITY VEHICLE,N,78213,1,LIABILITY INSURANCE POLICY,LEFT SIDE DAMAGE ANGULAR IMPACT,NO DAMAGE,9,NA,NA,NA,N,DRIVEN AWAY BY OWNER,,NONE,NA,NA,NORTH,Y,0,0,0,1,0,0,0,1,DRIVER,FRONT LEFT,NOT INJURED,28,HISPANIC,MALE,NOT APPLICABLE,SHOULDER & LAP BELT,NOT APPLICABLE,NOT APPLICABLE,N,NONE,NA,NA,NONE,NOT APPLICABLE,NOT APPLICABLE,,DRIVER LICENSE,Texas,CLASS C,78213
15022386,2,MOTOR VEHICLE,N,Y,UN,,NA,99,NA,NA,UNKNOWN,N,,NA,NA,BACK END (RIGHT) DAMAGE PARTIAL CONTACT,DAMAGED 3,6,NA,NA,NA,N,OWNER,DRIVEN FROM SCENE,FAILED TO STOP AT PROPER PLACE,NA,NA,WEST,Y,0,0,0,0,1,0,0,1,DRIVER,FRONT LEFT,NOT INJURED,30,WHITE,FEMALE,NO,SHOULDER & LAP BELT,NOT DEPLOYED,NOT APPLICABLE,N,NONE,NA,NA,NONE,NOT APPLICABLE,NOT APPLICABLE,,DRIVER LICENSE,Texas,CLASS C,
15053520,1,MOTOR VEHICLE,N,Y,TX,1FMRU15W24LB22292,2004,GRY,FORD,EXPEDITION,SPORT UTILITY VEHICLE,N,77477,1,PROOF OF LIABILITY INSURANCE,FRONT END (RIGHT)  DAMAGE PARTIAL CONTACT,DAMAGED 5,1,NA,NA,NA,N,,,FAILED TO DRIVE IN SINGLE LANE,NA,HAD BEEN DRINKING,NORTH,Y,0,0,0,1,0,0,0,1,DRIVER,FRONT LEFT,NOT INJURED,49,WHITE,MALE,NO,SHOULDER & LAP BELT,NOT DEPLOYED,NOT APPLICABLE,N,NONE,NA,NA,NONE,NOT APPLICABLE,NOT APPLICABLE,,DRIVER LICENSE,Texas,CLASS C,77477
15092912,1,MOTOR VEHICLE,N,Y,TX,1MEFM50U6XA650632,1999,BLU,MERCURY,SABLE,"PASSENGER CAR, 4-DOOR",N,76710,1,PROOF OF LIABILITY INSURANCE,FRONT END DAMAGE DISTRIBUTED IMPACT,DAMAGED 4,11,NA,NA,NA,Y,TOW KING,1601 E TAYLOR,FAILED TO DRIVE IN SINGLE LANE,NA,NA,NORTH,Y,0,0,0,1,0,0,0,1,DRIVER,FRONT LEFT,NOT INJURED,37,HISPANIC,MALE,NO,SHOULDER & LAP BELT,NOT DEPLOYED,NOT APPLICABLE,N,NONE,NA,NA,NONE,NOT APPLICABLE,NOT APPLICABLE,,DRIVER LICENSE,Texas,CLASS C,76710
15127455,1,MOTOR VEHICLE,N,Y,UN,,NA,BLU,CHEVROLET,NA,"PASSENGER CAR, 4-DOOR",N,,2,NA,FRONT END (LEFT) DAMAGE PARTIAL CONTACT,DAMAGED 2,NA,FRONT END (RIGHT)  DAMAGE PARTIAL CONTACT,DAMAGED 2,NA,N,SUSPECT DRIVER,FLED THE SCENE,UNSAFE SPEED,ROAD RAGE,NA,SOUTH,Y,0,0,0,0,1,0,0,1,DRIVER,FRONT LEFT,NON-INCAPACITATING INJURY,47,BLACK,FEMALE,NO,SHOULDER & LAP BELT,"DEPLOYED, FRONT",NOT APPLICABLE,N,NONE,NA,NA,NONE,NOT APPLICABLE,NOT APPLICABLE,,DRIVER LICENSE,Texas,CLASS C,75080
15024309,1,MOTOR VEHICLE,N,Y,TX,2GCEC19M2T1221584,1996,WHI,CHEVROLET,UNKNOWN,PICKUP,N,77539,1,LIABILITY INSURANCE POLICY,FRONT END (RIGHT)  DAMAGE PARTIAL CONTACT,DAMAGED 4,12,NA,NA,NA,Y,LIGGIOS WRECKER,LIGGIOS WRECKER,FAILED TO PASS TO LEFT SAFELY,DRIVER INATTENTION,UNDER INFLUENCE - ALCOHOL,SOUTH,Y,0,0,0,1,0,0,0,1,DRIVER,FRONT LEFT,NOT INJURED,31,HISPANIC,MALE,NO,UNKNOWN,"DEPLOYED, FRONT",NOT APPLICABLE,N,REFUSED,NA,NA,REFUSED,NOT APPLICABLE,NOT APPLICABLE,,DRIVER LICENSE,Texas,CLASS C,77539
15029133,1,MOTOR VEHICLE,N,Y,TX,2T1KR32E63C142016,2003,BLU,TOYOTA,MATRIX,"PASSENGER CAR, 4-DOOR",N,75206,2,NA,FRONT END (LEFT) DAMAGE PARTIAL CONTACT,DAMAGED 1 MINIMUM,12,NA,NA,NA,N,FLED SCENE,,IMPROPER START FROM PARKED POSITION,UNDER INFLUENCE - ALCOHOL,NA,NORTH,Y,0,0,0,0,1,0,0,1,DRIVER,FRONT LEFT,UNKNOWN,32,WHITE,FEMALE,NO,UNKNOWN,UNKNOWN,NOT APPLICABLE,N,NONE,NA,NA,NONE,NOT APPLICABLE,NOT APPLICABLE,,DRIVER LICENSE,Texas,CLASS C,75204
15029133,1,MOTOR VEHICLE,N,Y,TX,2T1KR32E63C142016,2003,BLU,TOYOTA,MATRIX,"PASSENGER CAR, 4-DOOR",N,75206,2,NA,FRONT END (LEFT) DAMAGE PARTIAL CONTACT,DAMAGED 1 MINIMUM,12,NA,NA,NA,N,FLED SCENE,,IMPROPER START FROM PARKED POSITION,UNDER INFLUENCE - ALCOHOL,NA,NORTH,Y,0,0,0,0,1,0,0,1,DRIVER,FRONT LEFT,NOT INJURED,24,WHITE,FEMALE,NO,SHOULDER & LAP BELT,NOT DEPLOYED,NOT APPLICABLE,N,NONE,NA,NA,NONE,NOT APPLICABLE,NOT APPLICABLE,,DRIVER LICENSE,Texas,CLASS C,79605
15068985,1,MOTOR VEHICLE,N,Y,UN,,NA,99,CADILLAC,ESCALADE,UNKNOWN,N,,NA,NA,UNKNOWN,NA,NA,NA,NA,NA,N,,,DRIVER INATTENTION,CHANGED LANE WHEN UNSAFE,NA,NORTH,Y,0,0,0,0,1,0,0,1,DRIVER,FRONT LEFT,NOT INJURED,39,WHITE,MALE,NO,SHOULDER & LAP BELT,NOT DEPLOYED,NOT APPLICABLE,N,NONE,NA,NA,NONE,NOT APPLICABLE,NOT APPLICABLE,,DRIVER LICENSE,Texas,CLASS C,78228
15136819,1,MOTOR VEHICLE,N,Y,UN,1FMZU67E63UA32718,2003,99,FORD,EXPLORER SPORT TRAC,UNKNOWN,N,79936,1,PROOF OF LIABILITY INSURANCE,FRONT END (RIGHT)  DAMAGE PARTIAL CONTACT,DAMAGED 3,12,NA,NA,NA,Y,KAMEL TOWING,11615 RAILROAD,FAILED TO CONTROL SPEED,UNDER INFLUENCE - ALCOHOL,NA,EAST,Y,0,0,0,1,0,0,0,1,DRIVER,FRONT LEFT,POSSIBLE INJURY,23,HISPANIC,MALE,NO,SHOULDER & LAP BELT,NOT DEPLOYED,NOT APPLICABLE,N,NONE,NA,NA,NONE,NOT APPLICABLE,NOT APPLICABLE,,DRIVER LICENSE,Texas,CLASS C,79925
15144541,1,MOTOR VEHICLE,N,Y,TX,4T1BF3EK9BU584263,NA,WHI,TOYOTA,CAMRY,"PASSENGER CAR, 4-DOOR",N,75007,1,LIABILITY INSURANCE POLICY,LEFT FRONT QUARTER DAMAGE ANGULAR IMPACT,DAMAGED 3,NA,DISTRIBUTED LEFT SIDE DAMAGE PARALLEL IMPACT,DAMAGED 2,NA,N,FLED SCENE,,FAILED TO DRIVE IN SINGLE LANE,NA,FATIGUED OR ASLEEP,NORTH,Y,0,0,0,1,0,0,0,1,DRIVER,FRONT LEFT,NOT INJURED,46,ASIAN,FEMALE,NO,SHOULDER & LAP BELT,NOT DEPLOYED,NOT APPLICABLE,N,NONE,NA,NA,NONE,NOT APPLICABLE,NOT APPLICABLE,,DRIVER LICENSE,Texas,CLASS C,75007
15091577,1,MOTOR VEHICLE,N,Y,TX,1G1PC5SH6C7188436,NA,BLK,CHEVROLET,CRUZE,"PASSENGER CAR, 4-DOOR",N,79118,1,LIABILITY INSURANCE POLICY,DISTRIBUTED RIGHT SIDE DAMAGE PARALLEL IMPACT,DAMAGED 1 MINIMUM,3,NA,NA,NA,N,DRIVEN AWAY BY DRIVER,,TURNED IMPROPERLY - WIDE RIGHT,FAILED TO YIELD ROW - PRIVATE DRIVE,DRIVER INATTENTION,EAST,Y,0,0,0,0,1,0,0,1,DRIVER,FRONT LEFT,NOT INJURED,68,WHITE,MALE,NO,SHOULDER & LAP BELT,NOT DEPLOYED,NOT APPLICABLE,N,NONE,NA,NA,NONE,NOT APPLICABLE,NOT APPLICABLE,,DRIVER LICENSE,Texas,CLASS C,76179
14990056,3,MOTOR VEHICLE,N,Y,UN,,NA,WHI,FORD,UNKNOWN,PICKUP,N,,NA,NA,NA,NA,NA,NA,NA,NA,N,,,NONE,NA,NA,WEST,N,0,0,0,0,1,0,0,1,DRIVER,FRONT LEFT,NOT INJURED,25,OTHER,MALE,NO,SHOULDER & LAP BELT,NOT DEPLOYED,NOT APPLICABLE,N,NONE,NA,NA,NONE,NOT APPLICABLE,NOT APPLICABLE,,DRIVER LICENSE,Texas,CLASS C,
14993980,2,MOTOR VEHICLE,N,Y,TX,1N4AL3AP5FC238786,NA,BLK,NISSAN,ALTIMA,"PASSENGER CAR, 4-DOOR",N,78416,1,PROOF OF LIABILITY INSURANCE,BACK END DAMAGE CONCENTRATED IMPACT,DAMAGED 1 MINIMUM,6,NA,NA,NA,N,DRIVER,DRIVEN AWAY,NONE,NA,NA,NORTH,Y,0,0,0,1,0,0,0,1,DRIVER,FRONT LEFT,NOT INJURED,36,HISPANIC,FEMALE,NO,SHOULDER & LAP BELT,NOT DEPLOYED,NOT APPLICABLE,N,NONE,NA,NA,NONE,NOT APPLICABLE,NOT APPLICABLE,,DRIVER LICENSE,Texas,CLASS C,78416
14993980,1,MOTOR VEHICLE,N,Y,TX,1FTPW12535FB01002,2005,99,FORD,F150,PICKUP,N,78405,1,PROOF OF LIABILITY INSURANCE,FRONT END DAMAGE CONCENTRATED IMPACT,DAMAGED 1 MINIMUM,12,NA,NA,NA,Y,APOLLO TOWING,6342 HARWICK RD,FOLLOWED TOO CLOSELY,NA,NA,NORTH,Y,0,0,0,1,0,0,0,1,DRIVER,FRONT LEFT,NOT INJURED,36,HISPANIC,FEMALE,NO,SHOULDER & LAP BELT,NOT DEPLOYED,NOT APPLICABLE,N,NONE,NA,NA,NONE,NOT APPLICABLE,NOT APPLICABLE,,DRIVER LICENSE,Texas,CLASS C,78416
15001150,1,MOTOR VEHICLE,N,Y,TX,1FMEU15N5NLA19407,1992,BLU,FORD,BRONCO,SPORT UTILITY VEHICLE,N,79907,1,PROOF OF LIABILITY INSURANCE,FRONT END DAMAGE DISTRIBUTED IMPACT,DAMAGED 1 MINIMUM,12,NA,NA,NA,N,DRIVER,TRAFFIC,FAILED TO CONTROL SPEED,NA,NA,EAST,Y,0,0,0,0,1,0,0,1,DRIVER,FRONT LEFT,UNKNOWN,20,HISPANIC,MALE,NO,UNKNOWN,UNKNOWN,NOT APPLICABLE,N,NONE,NA,NA,NONE,NOT APPLICABLE,NOT APPLICABLE,,DRIVER LICENSE,Texas,CLASS C,79907
15001150,1,MOTOR VEHICLE,N,Y,TX,1FMEU15N5NLA19407,1992,BLU,FORD,BRONCO,SPORT UTILITY VEHICLE,N,79907,1,PROOF OF LIABILITY INSURANCE,FRONT END DAMAGE DISTRIBUTED IMPACT,DAMAGED 1 MINIMUM,12,NA,NA,NA,N,DRIVER,TRAFFIC,FAILED TO CONTROL SPEED,NA,NA,EAST,Y,0,0,0,0,1,0,0,1,DRIVER,FRONT LEFT,NOT INJURED,27,HISPANIC,FEMALE,NOT APPLICABLE,SHOULDER & LAP BELT,NOT DEPLOYED,NOT APPLICABLE,N,NONE,NA,NA,NONE,NOT APPLICABLE,NOT APPLICABLE,,DRIVER LICENSE,Texas,CLASS C,79936
15078833,2,MOTOR VEHICLE,N,Y,TX,1D7HA18N14S569364,2004,SIL,DODGE,RAM 1500,PICKUP,N,76834,1,PROOF OF LIABILITY INSURANCE,FRONT END DAMAGE DISTRIBUTED IMPACT,DAMAGED 1 MINIMUM,12,NA,NA,NA,Y,TERRY'S TOWING,1200 N. NECHES COLEMAN TX 76834,WRONG SIDE - APPROACH OR INTERSECTION,HAD BEEN DRINKING,NA,EAST,Y,0,0,0,1,0,0,0,1,DRIVER,FRONT LEFT,NOT INJURED,39,WHITE,MALE,NO,SHOULDER & LAP BELT,NOT DEPLOYED,NOT APPLICABLE,N,NONE,NA,NA,NONE,NOT APPLICABLE,NOT APPLICABLE,,DRIVER LICENSE,Texas,CLASS C AND M,76834
15140302,1,MOTOR VEHICLE,N,Y,TX,1GNEC16Z73J143963,2003,MAR,CHEVROLET,C1500 SUBURBAN,SPORT UTILITY VEHICLE,N,78414,1,PROOF OF LIABILITY INSURANCE,FRONT END DAMAGE DISTRIBUTED IMPACT,DAMAGED 1 MINIMUM,12,NA,NA,NA,N,DRIVER,DRIVEN AWAY,FAILED TO CONTROL SPEED,NA,NA,NORTH,Y,0,0,0,1,0,0,0,1,DRIVER,FRONT LEFT,NOT INJURED,17,WHITE,MALE,NO,SHOULDER & LAP BELT,NOT DEPLOYED,NOT APPLICABLE,N,NONE,NA,NA,NONE,NOT APPLICABLE,NOT APPLICABLE,,DRIVER LICENSE,Texas,CLASS C,78413
15140302,1,MOTOR VEHICLE,N,Y,TX,1GNEC16Z73J143963,2003,MAR,CHEVROLET,C1500 SUBURBAN,SPORT UTILITY VEHICLE,N,78414,1,PROOF OF LIABILITY INSURANCE,FRONT END DAMAGE DISTRIBUTED IMPACT,DAMAGED 1 MINIMUM,12,NA,NA,NA,N,DRIVER,DRIVEN AWAY,FAILED TO CONTROL SPEED,NA,NA,NORTH,Y,0,0,0,1,0,0,0,1,DRIVER,FRONT LEFT,NOT INJURED,35,HISPANIC,MALE,NO,SHOULDER & LAP BELT,NOT DEPLOYED,NOT APPLICABLE,N,NONE,NA,NA,NONE,NOT APPLICABLE,NOT APPLICABLE,,DRIVER LICENSE,Texas,CLASS C,
14996012,1,MOTOR VEHICLE,N,Y,TX,1FMZU63K84UA62784,2004,BRO,FORD,EXPLORER,SPORT UTILITY VEHICLE,N,79413,1,PROOF OF LIABILITY INSURANCE,FRONT END (RIGHT)  DAMAGE PARTIAL CONTACT,DAMAGED 2,2,NA,NA,NA,N,FLED THE SCENE,,FAILED TO YIELD ROW - TURNING LEFT,NA,NA,SOUTH,Y,0,0,0,0,1,0,0,1,DRIVER,FRONT LEFT,POSSIBLE INJURY,43,BLACK,FEMALE,NO,SHOULDER & LAP BELT,NOT DEPLOYED,NOT APPLICABLE,N,NONE,NA,NA,NONE,NOT APPLICABLE,NOT APPLICABLE,,DRIVER LICENSE,Texas,CLASS C,79414
15022777,1,MOTOR VEHICLE,N,Y,UN,1B3HB48B67D379942,2007,RED,DODGE,CALIBER,"PASSENGER CAR, 4-DOOR",N,77016,2,NA,FRONT END (RIGHT)  DAMAGE PARTIAL CONTACT,DAMAGED 2,1,NA,NA,NA,Y,ZONE 3,8310 E HARDY,FAILED TO YIELD ROW - STOP SIGN,NA,NA,NORTH,Y,0,0,0,1,0,0,0,1,DRIVER,FRONT LEFT,NOT INJURED,24,BLACK,FEMALE,NO,SHOULDER & LAP BELT,NOT DEPLOYED,NOT APPLICABLE,N,NONE,NA,NA,NONE,NOT APPLICABLE,NOT APPLICABLE,,DRIVER LICENSE,Texas,CLASS C,77028
15069513,1,MOTOR VEHICLE,N,Y,TX,1G8MG35X17Y136860,2007,MUL,SATURN,SKY,"PASSENGER CAR, 2-DOOR",N,77469,2,NA,FRONT END (RIGHT)  DAMAGE PARTIAL CONTACT,DAMAGED 2,12,NA,NA,NA,N,,,FAILED TO CONTROL SPEED,HAD BEEN DRINKING,NA,SOUTHWEST,Y,0,0,0,1,0,0,0,1,DRIVER,FRONT LEFT,NOT INJURED,24,WHITE,FEMALE,NO,UNKNOWN,NOT DEPLOYED,NOT APPLICABLE,N,NONE,NA,NA,NONE,NOT APPLICABLE,NOT APPLICABLE,,DRIVER LICENSE,Texas,CLASS C,77469
15108502,1,MOTOR VEHICLE,N,Y,TX,1FTWW33P73EC03476,2003,SIL,FORD,F350,PICKUP,N,76205,1,LIABILITY INSURANCE POLICY,FRONT END DAMAGE CONCENTRATED IMPACT,DAMAGED 1 MINIMUM,12,NA,NA,NA,N,EJ'S TOWING,"2008 METRO STREET, DENTON, TX 76207",ROAD RAGE,NA,NA,SOUTH,Y,0,0,0,0,1,0,0,1,DRIVER,FRONT LEFT,UNKNOWN,37,HISPANIC,UNKNOWN,UNKNOWN,UNKNOWN,UNKNOWN,NOT APPLICABLE,N,NONE,NA,NA,NONE,NOT APPLICABLE,NOT APPLICABLE,,DRIVER LICENSE,Texas,CLASS C,76205
15108502,1,MOTOR VEHICLE,N,Y,TX,1FTWW33P73EC03476,2003,SIL,FORD,F350,PICKUP,N,76205,1,LIABILITY INSURANCE POLICY,FRONT END DAMAGE CONCENTRATED IMPACT,DAMAGED 1 MINIMUM,12,NA,NA,NA,N,EJ'S TOWING,"2008 METRO STREET, DENTON, TX 76207",ROAD RAGE,NA,NA,SOUTH,Y,0,0,0,0,1,0,0,1,DRIVER,FRONT LEFT,NON-INCAPACITATING INJURY,52,WHITE,MALE,NO,SHOULDER & LAP BELT,DEPLOYED MULTIPLE,NOT APPLICABLE,N,BLOOD,NA,NA,BLOOD,UNKNOWN,UNKNOWN,,DRIVER LICENSE,Texas,CLASS C,76209