CRASH_ID,UNIT_NBR,UNIT_DESC_ID,VEH_PARKED_FL,VEH_HNR_FL,VEH_LIC_STATE_ID,VIN,VEH_MOD_YEAR,VEH_COLOR_ID,VEH_MAKE_ID,VEH_MOD_ID,VEH_BODY_STYL_ID,EMER_RESPNDR_FL,OWNR_ZIP,FIN_RESP_PROOF_ID,FIN_RESP_TYPE_ID,VEH_DMAG_AREA_1_ID,VEH_DMAG_SCL_1_ID,FORCE_DIR_1_ID,VEH_DMAG_AREA_2_ID,VEH_DMAG_SCL_2_ID,FORCE_DIR_2_ID,VEH_INVENTORIED_FL,VEH_TRANSP_NAME,VEH_TRANSP_DEST,CONTRIB_FACTR_1_ID,CONTRIB_FACTR_2_ID,CONTRIB_FACTR_P1_ID,VEH_TRVL_DIR_ID,FIRST_HARM_EVT_INV_ID,INCAP_INJRY_CNT,NONINCAP_INJRY_CNT,POSS_INJRY_CNT,NON_INJRY_CNT,UNKN_INJRY_CNT,TOT_INJRY_CNT,DEATH_CNT,PRSN_NBR,PRSN_TYPE_ID,PRSN_OCCPNT_POS_ID,PRSN_INJRY_SEV_ID,PRSN_AGE,PRSN_ETHNICITY_ID,PRSN_GNDR_ID,PRSN_EJCT_ID,PRSN_REST_ID,PRSN_AIRBAG_ID,PRSN_HELMET_ID,PRSN_SOL_FL,PRSN_ALC_SPEC_TYPE_ID,PRSN_ALC_RSLT_ID,PRSN_BAC_TEST_RSLT,PRSN_DRG_SPEC_TYPE_ID,PRSN_DRG_RSLT_ID,DRVR_DRG_CAT_1_ID,PRSN_DEATH_TIME,DRVR_LIC_TYPE_ID,DRVR_LIC_STATE_ID,DRVR_LIC_CLS_ID,DRVR_ZIP
15103943,1,MOTOR VEHICLE,N,Y,UN,JT2BG28K5X0305731,1999,99,TOYOTA,CAMRY,UNKNOWN,N,77845,1,LIABILITY INSURANCE POLICY,FRONT END DAMAGE DISTRIBUTED IMPACT,DAMAGED 2,12,NA,NA,NA,Y,EXCEL,"1804 FINFEATHER, BRYAN",FAILED TO CONTROL SPEED,UNDER INFLUENCE - ALCOHOL,NA,WEST,Y,0,0,0,1,0,0,0,1,DRIVER,FRONT LEFT,NON-INCAPACITATING INJURY,21,HISPANIC,FEMALE,NO,SHOULDER & LAP BELT,"DEPLOYED, FRONT",NOT APPLICABLE,N,NONE,NA,NA,NONE,NOT APPLICABLE,NOT APPLICABLE,,DRIVER LICENSE,Texas,CLASS C,77041
15103943,1,MOTOR VEHICLE,N,Y,UN,JT2BG28K5X0305731,1999,99,TOYOTA,CAMRY,UNKNOWN,N,77845,1,LIABILITY INSURANCE POLICY,FRONT END DAMAGE DISTRIBUTED IMPACT,DAMAGED 2,12,NA,NA,NA,Y,EXCEL,"1804 FINFEATHER, BRYAN",FAILED TO CONTROL SPEED,UNDER INFLUENCE - ALCOHOL,NA,WEST,Y,0,0,0,1,0,0,0,1,DRIVER,FRONT LEFT,NON-INCAPACITATING INJURY,20,WHITE,FEMALE,NO,SHOULDER & LAP BELT,NOT DEPLOYED,NOT APPLICABLE,N,NONE,NA,NA,NONE,NOT APPLICABLE,NOT APPLICABLE,,DRIVER LICENSE,Texas,CLASS C,77429
15111753,1,MOTOR VEHICLE,N,Y,TX,5XXGN4A79DG251168,NA,WHI,KIA,OPTIMA,"PASSENGER CAR, 4-DOOR",N,76039,1,PROOF OF LIABILITY INSURANCE,FRONT END (LEFT) DAMAGE PARTIAL CONTACT,DAMAGED 1 MINIMUM,11,NA,NA,NA,N,DRIVER,DRIVER LEFT SCENE,OTHER (EXPLAIN IN NARRATIVE),NA,DRIVER INATTENTION,NORTH,Y,0,0,0,1,0,0,0,1,DRIVER,FRONT LEFT,NOT INJURED,40,WHITE,FEMALE,NOT APPLICABLE,SHOULDER & LAP BELT,NOT DEPLOYED,NOT APPLICABLE,N,NONE,NA,NA,NONE,NOT APPLICABLE,NOT APPLICABLE,,DRIVER LICENSE,Texas,CLASS C,76039
15128833,1,MOTOR VEHICLE,N,Y,TX,2GCEC19T311102298,2001,WHI,CHEVROLET,SILVERADO,PICKUP,N,76115,2,NA,FRONT END DAMAGE DISTRIBUTED IMPACT,DAMAGED 4,12,NA,NA,NA,Y,PURRFECT,FT WORTH AUTO POUND,FAILED TO CONTROL SPEED,HAD BEEN DRINKING,DRIVER INATTENTION,NORTH,Y,0,0,0,1,0,0,0,1,DRIVER,FRONT LEFT,NOT INJURED,27,HISPANIC,MALE,NO,NONE,UNKNOWN,NOT APPLICABLE,N,NONE,NA,NA,NONE,NOT APPLICABLE,NOT APPLICABLE,,DRIVER LICENSE,Texas,OTHER/OUT OF STATE,76115
15128833,1,MOTOR VEHICLE,N,Y,TX,2GCEC19T311102298,2001,WHI,CHEVROLET,SILVERADO,PICKUP,N,76115,2,NA,FRONT END DAMAGE DISTRIBUTED IMPACT,DAMAGED 4,12,NA,NA,NA,Y,PURRFECT,FT WORTH AUTO POUND,FAILED TO CONTROL SPEED,HAD BEEN DRINKING,DRIVER INATTENTION,NORTH,Y,0,0,0,1,0,0,0,1,DRIVER,FRONT LEFT,NON-INCAPACITATING INJURY,36,WHITE,FEMALE,NO,SHOULDER & LAP BELT,"DEPLOYED, FRONT",NOT APPLICABLE,N,NONE,NA,NA,NONE,NOT APPLICABLE,NOT APPLICABLE,,DRIVER LICENSE,Texas,CLASS C,76115
15136075,1,MOTOR VEHICLE,N,Y,TX,WAULT68E72A215277,2002,BLK,AUDI,UNKNOWN,"PASSENGER CAR, 4-DOOR",N,78611,1,PROOF OF LIABILITY INSURANCE,FRONT END DAMAGE DISTRIBUTED IMPACT,DAMAGED 2,12,NA,NA,NA,Y,R AND M WRECKER SERVICE,"1423 CR 100 BURNET TEXAS, 78611",UNSAFE SPEED,NA,NA,NORTHWEST,Y,0,0,0,1,0,0,0,1,DRIVER,FRONT LEFT,NOT INJURED,17,WHITE,FEMALE,NO,SHOULDER & LAP BELT,NOT DEPLOYED,NOT APPLICABLE,N,NONE,NA,NA,NONE,NOT APPLICABLE,NOT APPLICABLE,,DRIVER LICENSE,Texas,CLASS C,78611
15143844,1,MOTOR VEHICLE,N,Y,TX,5NPEU46FX6H040580,2006,MAR,HYUNDAI,SONATA,"PASSENGER CAR, 4-DOOR",N,75231,1,PROOF OF LIABILITY INSURANCE,LEFT BACK QUARTER DAMAGE ANGULAR IMPACT,DAMAGED 1 MINIMUM,9,NA,NA,NA,N,,,CHANGED LANE WHEN UNSAFE,NA,NA,NORTH,Y,0,0,0,1,0,0,0,1,DRIVER,FRONT LEFT,NOT INJURED,27,BLACK,MALE,NO,SHOULDER & LAP BELT,NOT DEPLOYED,NOT APPLICABLE,N,NONE,NA,NA,NONE,NOT APPLICABLE,NOT APPLICABLE,,DRIVER LICENSE,Texas,CLASS C,75231
15143844,1,MOTOR VEHICLE,N,Y,TX,5NPEU46FX6H040580,2006,MAR,HYUNDAI,SONATA,"PASSENGER CAR, 4-DOOR",N,75231,1,PROOF OF LIABILITY INSURANCE,LEFT BACK QUARTER DAMAGE ANGULAR IMPACT,DAMAGED 1 MINIMUM,9,NA,NA,NA,N,,,CHANGED LANE WHEN UNSAFE,NA,NA,NORTH,Y,0,0,0,1,0,0,0,1,DRIVER,FRONT LEFT,NOT INJURED,37,WHITE,FEMALE,NO,SHOULDER & LAP BELT,NOT DEPLOYED,NOT APPLICABLE,N,NONE,NA,NA,NONE,NOT APPLICABLE,NOT APPLICABLE,,DRIVER LICENSE,Texas,CLASS C,75070
15005546,1,MOTOR VEHICLE,N,Y,TX,1FMEU17L8VLA77751,1997,BLU,FORD,EXPEDITION,SPORT UTILITY VEHICLE,N,75062,1,LIABILITY INSURANCE POLICY,FRONT END (LEFT) DAMAGE PARTIAL CONTACT,DAMAGED 1 MINIMUM,11,FRONT END DAMAGE DISTRIBUTED IMPACT,DAMAGED 5,12,Y,PRO TOW WRECKER,IRVING AUTO POUND,FAILED TO CONTROL SPEED,NA,NA,WEST,Y,0,0,0,1,0,0,0,1,DRIVER,FRONT LEFT,NOT INJURED,60,WHITE,MALE,NO,SHOULDER & LAP BELT,NOT DEPLOYED,NOT APPLICABLE,N,NONE,NA,NA,NONE,NOT APPLICABLE,NOT APPLICABLE,,DRIVER LICENSE,Texas,CLASS C,76053
15075539,1,MOTOR VEHICLE,N,Y,TX,3GCPKSE33BG391232,NA,BLK,CHEVROLET,SILVERADO,PICKUP,N,78852,1,PROOF OF LIABILITY INSURANCE,FRONT END DAMAGE CONCENTRATED IMPACT,DAMAGED 1 MINIMUM,12,NA,NA,NA,N,,,DRIVER INATTENTION,NA,FOLLOWED TOO CLOSELY,SOUTH,Y,0,0,0,1,0,0,0,1,DRIVER,FRONT LEFT,NOT INJURED,51,HISPANIC,MALE,NO,SHOULDER & LAP BELT,NOT DEPLOYED,NOT APPLICABLE,N,NONE,NA,NA,NONE,NOT APPLICABLE,NOT APPLICABLE,,DRIVER LICENSE,Texas,CLASS C,78852
15075539,1,MOTOR VEHICLE,N,Y,TX,3GCPKSE33BG391232,NA,BLK,CHEVROLET,SILVERADO,PICKUP,N,78852,1,PROOF OF LIABILITY INSURANCE,FRONT END DAMAGE CONCENTRATED IMPACT,DAMAGED 1 MINIMUM,12,NA,NA,NA,N,,,DRIVER INATTENTION,NA,FOLLOWED TOO CLOSELY,SOUTH,Y,0,0,0,1,0,0,0,1,DRIVER,FRONT LEFT,NOT INJURED,72,WHITE,MALE,NO,SHOULDER & LAP BELT,NOT DEPLOYED,NOT APPLICABLE,N,NONE,NA,NA,NONE,NOT APPLICABLE,NOT APPLICABLE,,DRIVER LICENSE,Texas,CLASS C,78852
15086424,1,MOTOR VEHICLE,N,Y,UN,,NA,99,NA,NA,UNKNOWN,N,,NA,NA,NA,NA,NA,NA,NA,NA,N,,,NONE,NA,NA,SOUTH,N,0,0,0,0,1,0,0,1,DRIVER,FRONT LEFT,NOT INJURED,20,WHITE,MALE,NO,SHOULDER & LAP BELT,NOT DEPLOYED,NOT APPLICABLE,N,NONE,NA,NA,NONE,NOT APPLICABLE,NOT APPLICABLE,,DRIVER LICENSE,Texas,CLASS C,76063
15141746,1,MOTOR VEHICLE,N,Y,TX,1B3AS26C23D104239,2003,BLU,DODGE,NEON,"PASSENGER CAR, 4-DOOR",N,78041,1,LIABILITY INSURANCE POLICY,FRONT END (LEFT) DAMAGE PARTIAL CONTACT,DAMAGED 2,12,NA,NA,NA,N,FLED THE SCENE,,FAILED TO CONTROL SPEED,NA,NA,NORTH,Y,0,0,0,1,0,0,0,1,DRIVER,FRONT LEFT,NOT INJURED,22,HISPANIC,MALE,NO,SHOULDER & LAP BELT,NOT DEPLOYED,NOT APPLICABLE,N,NONE,NA,NA,NONE,NOT APPLICABLE,NOT APPLICABLE,,DRIVER LICENSE,Texas,CLASS C,78041
15141746,1,MOTOR VEHICLE,N,Y,TX,1B3AS26C23D104239,2003,BLU,DODGE,NEON,"PASSENGER CAR, 4-DOOR",N,78041,1,LIABILITY INSURANCE POLICY,FRONT END (LEFT) DAMAGE PARTIAL CONTACT,DAMAGED 2,12,NA,NA,NA,N,FLED THE SCENE,,FAILED TO CONTROL SPEED,NA,NA,NORTH,Y,0,0,0,1,0,0,0,1,DRIVER,FRONT LEFT,NON-INCAPACITATING INJURY,36,HISPANIC,FEMALE,NO,SHOULDER & LAP BELT,NOT DEPLOYED,NOT APPLICABLE,N,NONE,NA,NA,NONE,NOT APPLICABLE,NOT APPLICABLE,,DRIVER LICENSE,Texas,CLASS C,78040
15142248,1,MOTOR VEHICLE,N,Y,NA,,NA,BLK,KIA,NA,UNKNOWN,N,,NA,NA,NA,NA,NA,NA,NA,NA,N,,,NONE,NA,NA,EAST,Y,0,0,0,0,0,0,0,1,DRIVER,FRONT LEFT,POSSIBLE INJURY,26,OTHER,MALE,UNKNOWN,SHOULDER & LAP BELT,NOT DEPLOYED,NOT APPLICABLE,N,NONE,NA,NA,NONE,NOT APPLICABLE,NOT APPLICABLE,,DRIVER LICENSE,Other,OTHER/OUT OF STATE,76122
15142248,1,MOTOR VEHICLE,N,Y,NA,,NA,BLK,KIA,NA,UNKNOWN,N,,NA,NA,NA,NA,NA,NA,NA,NA,N,,,NONE,NA,NA,EAST,Y,0,0,0,0,0,0,0,1,DRIVER,FRONT LEFT,POSSIBLE INJURY,42,BLACK,MALE,UNKNOWN,SHOULDER & LAP BELT,"DEPLOYED, FRONT",NOT APPLICABLE,N,NONE,NA,NA,NONE,NOT APPLICABLE,NOT APPLICABLE,,DRIVER LICENSE,Texas,CLASS C,76039
15015619,1,MOTOR VEHICLE,N,Y,TX,3N1CN7AP0FL803358,NA,BLU,NISSAN,VERSA,"PASSENGER CAR, 4-DOOR",N,78542,1,PROOF OF LIABILITY INSURANCE,FRONT END (LEFT) DAMAGE PARTIAL CONTACT,DAMAGED 2,11,NA,NA,NA,N,FLED THE SCENE,,FAILED TO DRIVE IN SINGLE LANE,DISTRACTION IN VEHICLE,NA,WEST,Y,0,0,0,1,0,0,0,1,DRIVER,FRONT LEFT,NOT INJURED,23,HISPANIC,MALE,NO,SHOULDER & LAP BELT,NOT DEPLOYED,NOT APPLICABLE,N,NONE,NA,NA,NONE,NOT APPLICABLE,NOT APPLICABLE,,DRIVER LICENSE,Texas,CLASS C,78541
15030868,1,MOTOR VEHICLE,N,Y,TX,3HGCM56426G700116,2006,BLU,HONDA,ACCORD,"PASSENGER CAR, 4-DOOR",N,,1,LIABILITY INSURANCE POLICY,LEFT FRONT QUARTER DAMAGE ANGULAR IMPACT,DAMAGED 4,NA,DISTRIBUTED LEFT SIDE DAMAGE PARALLEL IMPACT,DAMAGED 4,NA,Y,TTRS,5114 HWY. 6 NORTH,DISREGARD STOP SIGN OR LIGHT,NA,NA,EAST,Y,0,0,0,1,0,0,0,1,DRIVER,FRONT LEFT,NOT INJURED,47,WHITE,FEMALE,NO,SHOULDER & LAP BELT,NOT DEPLOYED,NOT APPLICABLE,N,NONE,NA,NA,NONE,NOT APPLICABLE,NOT APPLICABLE,,DRIVER LICENSE,Texas,CLASS C,
15030868,1,MOTOR VEHICLE,N,Y,TX,3HGCM56426G700116,2006,BLU,HONDA,ACCORD,"PASSENGER CAR, 4-DOOR",N,,1,LIABILITY INSURANCE POLICY,LEFT FRONT QUARTER DAMAGE ANGULAR IMPACT,DAMAGED 4,NA,DISTRIBUTED LEFT SIDE DAMAGE PARALLEL IMPACT,DAMAGED 4,NA,Y,TTRS,5114 HWY. 6 NORTH,DISREGARD STOP SIGN OR LIGHT,NA,NA,EAST,Y,0,0,0,1,0,0,0,1,DRIVER,FRONT LEFT,NOT INJURED,34,WHITE,MALE,NO,SHOULDER & LAP BELT,NOT DEPLOYED,NOT APPLICABLE,N,NONE,NA,NA,NONE,NOT APPLICABLE,NOT APPLICABLE,,DRIVER LICENSE,Tennessee,OTHER/OUT OF STATE,
15036351,1,MOTOR VEHICLE,N,Y,TX,3B7HF13Z6TG138286,1996,RED,DODGE,RAM 1500,PICKUP,N,79350,3,PROOF OF LIABILITY INSURANCE,BACK END (LEFT) DAMAGE PARTIAL CONTACT,NO DAMAGE,6,NA,NA,NA,N,FLED THE SCENE,,TURNED IMPROPERLY - WIDE RIGHT,NA,NA,EAST,N,0,0,0,1,0,0,0,1,DRIVER,FRONT LEFT,NOT INJURED,37,HISPANIC,MALE,NO,UNKNOWN,NOT DEPLOYED,NOT APPLICABLE,N,NONE,NA,NA,NONE,NOT APPLICABLE,NOT APPLICABLE,,DRIVER LICENSE,Texas,CLASS C,79424
15036351,1,MOTOR VEHICLE,N,Y,TX,3B7HF13Z6TG138286,1996,RED,DODGE,RAM 1500,PICKUP,N,79350,3,PROOF OF LIABILITY INSURANCE,BACK END (LEFT) DAMAGE PARTIAL CONTACT,NO DAMAGE,6,NA,NA,NA,N,FLED THE SCENE,,TURNED IMPROPERLY - WIDE RIGHT,NA,NA,EAST,N,0,0,0,1,0,0,0,1,DRIVER,FRONT LEFT,NOT INJURED,27,WHITE,MALE,NO,SHOULDER & LAP BELT,NOT DEPLOYED,NOT APPLICABLE,N,NONE,NA,NA,NONE,NOT APPLICABLE,NOT APPLICABLE,,DRIVER LICENSE,Texas,CLASS C,79424
15090372,1,MOTOR VEHICLE,N,Y,TX,1FMPU17L63LA77141,2003,GRN,FORD,EXPEDITION,SPORT UTILITY VEHICLE,N,77004,1,PROOF OF LIABILITY INSURANCE,BACK END (RIGHT) DAMAGE PARTIAL CONTACT,DAMAGED 4,6,NA,NA,NA,N,,,BACKED WITHOUT SAFETY,DRIVER INATTENTION,NA,WEST,Y,0,0,0,1,0,0,0,1,DRIVER,FRONT LEFT,NOT INJURED,46,BLACK,MALE,NOT APPLICABLE,SHOULDER & LAP BELT,NOT DEPLOYED,NOT APPLICABLE,N,NONE,NA,NA,NONE,NOT APPLICABLE,NOT APPLICABLE,,DRIVER LICENSE,Texas,CLASS C,77004
15090372,1,MOTOR VEHICLE,N,Y,TX,1FMPU17L63LA77141,2003,GRN,FORD,EXPEDITION,SPORT UTILITY VEHICLE,N,77004,1,PROOF OF LIABILITY INSURANCE,BACK END (RIGHT) DAMAGE PARTIAL CONTACT,DAMAGED 4,6,NA,NA,NA,N,,,BACKED WITHOUT SAFETY,DRIVER INATTENTION,NA,WEST,Y,0,0,0,1,0,0,0,1,DRIVER,FRONT LEFT,NOT INJURED,48,WHITE,FEMALE,NOT APPLICABLE,SHOULDER & LAP BELT,NOT DEPLOYED,NOT APPLICABLE,N,NONE,NA,NA,NONE,NOT APPLICABLE,NOT APPLICABLE,,DRIVER LICENSE,Texas,CLASS C,77584
15105604,1,MOTOR VEHICLE,N,Y,TX,3VWFE21CX2M442149,2002,GRY,VOLKSWAGEN,BEETLE,"PASSENGER CAR, 2-DOOR",N,78586,1,PROOF OF LIABILITY INSURANCE,FRONT END (LEFT) DAMAGE PARTIAL CONTACT,DAMAGED 1 MINIMUM,12,NA,NA,NA,Y,,,UNDER INFLUENCE - ALCOHOL,FAILED TO CONTROL SPEED,NA,EAST,Y,0,0,0,1,0,0,0,1,DRIVER,FRONT LEFT,NOT INJURED,21,HISPANIC,MALE,NO,SHOULDER & LAP BELT,NOT DEPLOYED,NOT APPLICABLE,N,BREATH,Positive,0.17,NONE,NOT APPLICABLE,NOT APPLICABLE,,DRIVER LICENSE,Texas,CLASS C,78586
15105604,1,MOTOR VEHICLE,N,Y,TX,3VWFE21CX2M442149,2002,GRY,VOLKSWAGEN,BEETLE,"PASSENGER CAR, 2-DOOR",N,78586,1,PROOF OF LIABILITY INSURANCE,FRONT END (LEFT) DAMAGE PARTIAL CONTACT,DAMAGED 1 MINIMUM,12,NA,NA,NA,Y,,,UNDER INFLUENCE - ALCOHOL,FAILED TO CONTROL SPEED,NA,EAST,Y,0,0,0,1,0,0,0,1,DRIVER,FRONT LEFT,NOT INJURED,50,HISPANIC,MALE,NO,SHOULDER & LAP BELT,NOT DEPLOYED,NOT APPLICABLE,N,NONE,NA,NA,NONE,NOT APPLICABLE,NOT APPLICABLE,,DRIVER LICENSE,Texas,CLASS C,78586
15115500,1,MOTOR VEHICLE,N,Y,TX,YV1RS64A942326651,2004,BLK,VOLVO,S60,"PASSENGER CAR, 4-DOOR",N,79424,1,LIABILITY INSURANCE POLICY,FRONT END (RIGHT)  DAMAGE PARTIAL CONTACT,DAMAGED 2,2,NA,NA,NA,N,LUBBOCK WRECKER,LUBBOCK WRECKER  3209 SLATON HWY   806-7,FAILED TO DRIVE IN SINGLE LANE,NA,NA,SOUTH,Y,0,0,0,1,0,0,0,1,DRIVER,FRONT LEFT,NOT INJURED,54,WHITE,FEMALE,NO,SHOULDER & LAP BELT,NOT DEPLOYED,NOT APPLICABLE,N,NONE,NA,NA,NONE,NOT APPLICABLE,NOT APPLICABLE,,DRIVER LICENSE,Texas,CLASS C,79424
14998055,1,MOTOR VEHICLE,N,Y,TX,1N4AA5AP7CC822605,NA,MAR,NISSAN,MAXIMA,"PASSENGER CAR, 4-DOOR",N,78744,1,LIABILITY INSURANCE POLICY,FRONT END (LEFT) DAMAGE PARTIAL CONTACT,DAMAGED 5,11,BACK END (LEFT) DAMAGE PARTIAL CONTACT,DAMAGED 4,7,Y,SOUTHSIDE WRECKER INC,SOUTHSIDE WRECKER INC,DISREGARD STOP SIGN OR LIGHT,UNDER INFLUENCE - ALCOHOL,NA,EAST,Y,0,0,0,1,0,0,0,1,DRIVER,FRONT LEFT,NOT INJURED,45,WHITE,FEMALE,NO,UNKNOWN,DEPLOYED MULTIPLE,NOT APPLICABLE,N,NONE,NA,NA,NONE,NOT APPLICABLE,NOT APPLICABLE,,DRIVER LICENSE,Texas,CLASS C,78729
14998055,1,MOTOR VEHICLE,N,Y,TX,1N4AA5AP7CC822605,NA,MAR,NISSAN,MAXIMA,"PASSENGER CAR, 4-DOOR",N,78744,1,LIABILITY INSURANCE POLICY,FRONT END (LEFT) DAMAGE PARTIAL CONTACT,DAMAGED 5,11,BACK END (LEFT) DAMAGE PARTIAL CONTACT,DAMAGED 4,7,Y,SOUTHSIDE WRECKER INC,SOUTHSIDE WRECKER INC,DISREGARD STOP SIGN OR LIGHT,UNDER INFLUENCE - ALCOHOL,NA,EAST,Y,0,0,0,1,0,0,0,1,DRIVER,FRONT LEFT,NOT INJURED,34,WHITE,MALE,NO,SHOULDER & LAP BELT,NOT DEPLOYED,NOT APPLICABLE,N,NONE,NA,NA,NONE,NOT APPLICABLE,NOT APPLICABLE,,DRIVER LICENSE,Texas,CLASS C,78752
15009996,1,MOTOR VEHICLE,N,Y,TX,1GNEC13R9YR196919,2000,BLK,CHEVROLET,TAHOE,"PASSENGER CAR, 4-DOOR",N,79835,2,NA,FRONT END DAMAGE DISTRIBUTED IMPACT,DAMAGED 5,12,NA,NA,NA,N,FUSION,LOT,NONE,NA,NA,SOUTH,Y,0,0,0,0,1,0,0,1,DRIVER,FRONT LEFT,UNKNOWN,40,HISPANIC,MALE,NO,UNKNOWN,NOT DEPLOYED,NOT APPLICABLE,N,NONE,NA,NA,NONE,NOT APPLICABLE,NOT APPLICABLE,,DRIVER LICENSE,Texas,CLASS C,79927
15117129,1,MOTOR VEHICLE,N,Y,TX,1FAFP4045YF168893,2000,BLK,FORD,MUSTANG,UNKNOWN,N,75243,3,LIABILITY INSURANCE POLICY,LEFT SIDE DAMAGE ANGULAR IMPACT,DAMAGED 1 MINIMUM,8,NA,NA,NA,N,,,UNSAFE SPEED,CHANGED LANE WHEN UNSAFE,NA,NORTHWEST,Y,0,0,0,1,0,0,0,1,DRIVER,FRONT LEFT,NOT INJURED,47,HISPANIC,FEMALE,NO,SHOULDER & LAP BELT,NOT DEPLOYED,NOT APPLICABLE,N,NONE,NA,NA,NONE,NOT APPLICABLE,NOT APPLICABLE,,DRIVER LICENSE,Texas,CLASS C,75159
15004083,3,MOTOR VEHICLE,N,Y,UN,,NA,WHI,NA,NA,UNKNOWN,N,,NA,NA,NA,NA,NA,NA,NA,NA,N,,,NONE,NA,NA,UNKNOWN,N,0,0,0,0,1,0,0,1,DRIVER,FRONT LEFT,NOT INJURED,27,WHITE,MALE,NO,SHOULDER & LAP BELT,NOT DEPLOYED,NOT APPLICABLE,N,NONE,NA,NA,NONE,NOT APPLICABLE,NOT APPLICABLE,,DRIVER LICENSE,Texas,CLASS C,78229
15004083,2,MOTOR VEHICLE,N,Y,TX,1GCEC14Z95Z277552,2005,GRY,CHEVROLET,SILVERADO,PICKUP,N,78229,1,PROOF OF LIABILITY INSURANCE,BACK END DAMAGE DISTRIBUTED IMPACT,DAMAGED 3,6,FRONT END DAMAGE DISTRIBUTED IMPACT,DAMAGED 2,12,N,,,NONE,NA,NA,UNKNOWN,Y,0,0,0,1,0,0,0,1,DRIVER,FRONT LEFT,NOT INJURED,27,WHITE,MALE,NO,SHOULDER & LAP BELT,NOT DEPLOYED,NOT APPLICABLE,N,NONE,NA,NA,NONE,NOT APPLICABLE,NOT APPLICABLE,,DRIVER LICENSE,Texas,CLASS C,78229
15004083,1,MOTOR VEHICLE,N,Y,TX,1HGCG22541A000917,2001,SIL,HONDA,ACCORD,"PASSENGER CAR, 2-DOOR",N,78240,1,PROOF OF LIABILITY INSURANCE,FRONT END DAMAGE DISTRIBUTED IMPACT,DAMAGED 5,12,NA,NA,NA,N,CONTRACT,9215 FISHERS HILL,NA,NA,DRIVER INATTENTION,UNKNOWN,Y,0,0,0,1,0,0,0,1,DRIVER,FRONT LEFT,NOT INJURED,27,WHITE,MALE,NO,SHOULDER & LAP BELT,NOT DEPLOYED,NOT APPLICABLE,N,NONE,NA,NA,NONE,NOT APPLICABLE,NOT APPLICABLE,,DRIVER LICENSE,Texas,CLASS C,78229
15086364,1,MOTOR VEHICLE,N,Y,UN,1D8GT28K57W727652,2007,99,DODGE,NITRO,UNKNOWN,N,79512,1,PROOF OF LIABILITY INSURANCE,FRONT END (LEFT) DAMAGE PARTIAL CONTACT,DAMAGED 1 MINIMUM,11,NA,NA,NA,N,NONE,,BACKED WITHOUT SAFETY,NA,DRIVER INATTENTION,SOUTHWEST,Y,0,0,0,1,0,0,0,1,DRIVER,FRONT LEFT,NOT INJURED,16,OTHER,FEMALE,NO,SHOULDER & LAP BELT,NOT DEPLOYED,NOT APPLICABLE,N,NONE,NA,NA,NONE,NOT APPLICABLE,NOT APPLICABLE,,DRIVER LICENSE,Texas,CLASS C,79605
15086364,1,MOTOR VEHICLE,N,Y,UN,1D8GT28K57W727652,2007,99,DODGE,NITRO,UNKNOWN,N,79512,1,PROOF OF LIABILITY INSURANCE,FRONT END (LEFT) DAMAGE PARTIAL CONTACT,DAMAGED 1 MINIMUM,11,NA,NA,NA,N,NONE,,BACKED WITHOUT SAFETY,NA,DRIVER INATTENTION,SOUTHWEST,Y,0,0,0,1,0,0,0,1,PASSENGER/OCCUPANT,FRONT LEFT,NOT INJURED,18,WHITE,MALE,NO,SHOULDER & LAP BELT,NOT DEPLOYED,NOT APPLICABLE,N,NONE,NA,NA,NONE,NOT APPLICABLE,NOT APPLICABLE,,DRIVER LICENSE,Texas,CLASS C,79603
14988339,1,MOTOR VEHICLE,N,Y,TX,1G1AL55FX67693125,2006,SIL,CHEVROLET,COBALT,"PASSENGER CAR, 4-DOOR",N,75062,1,PROOF OF LIABILITY INSURANCE,FRONT END DAMAGE DISTRIBUTED IMPACT,DAMAGED 1 MINIMUM,1,NA,NA,NA,N,FLED SCENE,BY DRIVER,DRIVER INATTENTION,NA,NA,SOUTH,Y,0,0,0,1,0,0,0,1,DRIVER,FRONT LEFT,NOT INJURED,78,WHITE,MALE,NO,SHOULDER & LAP BELT,NOT DEPLOYED,NOT APPLICABLE,N,NONE,NA,NA,NONE,NOT APPLICABLE,NOT APPLICABLE,,DRIVER LICENSE,Texas,CLASS C,75060
15024342,2,MOTOR VEHICLE,N,Y,TX,1FTRX12W67FB35193,2007,BLK,FORD,F150,PICKUP,N,76126,1,PROOF OF LIABILITY INSURANCE,RIGHT BACK QUARTER DAMAGE ANGULAR IMPACT,DAMAGED 5,3,NA,NA,NA,N,BIVINS WRECKER SERVICE,"1101 ELAINE PLACE, FORT WORTH, TEXAS 761",DISREGARD STOP SIGN OR LIGHT,NA,NA,SOUTHEAST,Y,0,0,0,0,1,0,0,1,DRIVER,FRONT LEFT,NON-INCAPACITATING INJURY,49,WHITE,FEMALE,NO,SHOULDER & LAP BELT,DEPLOYED MULTIPLE,NOT APPLICABLE,N,NONE,NA,NA,NONE,NOT APPLICABLE,NOT APPLICABLE,,DRIVER LICENSE,Texas,CLASS C,76008