CRASH_ID,UNIT_NBR,UNIT_DESC_ID,VEH_PARKED_FL,VEH_HNR_FL,VEH_LIC_STATE_ID,VIN,VEH_MOD_YEAR,VEH_COLOR_ID,VEH_MAKE_ID,VEH_MOD_ID,VEH_BODY_STYL_ID,EMER_RESPNDR_FL,OWNR_ZIP,FIN_RESP_PROOF_ID,FIN_RESP_TYPE_ID,VEH_DMAG_AREA_1_ID,VEH_DMAG_SCL_1_ID,FORCE_DIR_1_ID,VEH_DMAG_AREA_2_ID,VEH_DMAG_SCL_2_ID,FORCE_DIR_2_ID,VEH_INVENTORIED_FL,VEH_TRANSP_NAME,VEH_TRANSP_DEST,CONTRIB_FACTR_1_ID,CONTRIB_FACTR_2_ID,CONTRIB_FACTR_P1_ID,VEH_TRVL_DIR_ID,FIRST_HARM_EVT_INV_ID,INCAP_INJRY_CNT,NONINCAP_INJRY_CNT,POSS_INJRY_CNT,NON_INJRY_CNT,UNKN_INJRY_CNT,TOT_INJRY_CNT,DEATH_CNT,PRSN_NBR,PRSN_TYPE_ID,PRSN_OCCPNT_POS_ID,PRSN_INJRY_SEV_ID,PRSN_AGE,PRSN_ETHNICITY_ID,PRSN_GNDR_ID,PRSN_EJCT_ID,PRSN_REST_ID,PRSN_AIRBAG_ID,PRSN_HELMET_ID,PRSN_SOL_FL,PRSN_ALC_SPEC_TYPE_ID,PRSN_ALC_RSLT_ID,PRSN_BAC_TEST_RSLT,PRSN_DRG_SPEC_TYPE_ID,PRSN_DRG_RSLT_ID,DRVR_DRG_CAT_1_ID,PRSN_DEATH_TIME,DRVR_LIC_TYPE_ID,DRVR_LIC_STATE_ID,DRVR_LIC_CLS_ID,DRVR_ZIP
15098137,1,MOTOR VEHICLE,N,Y,UN,1HGCM72544A025617,2004,RED,HONDA,ACCORD,UNKNOWN,N,78501,1,LIABILITY INSURANCE POLICY,FRONT END DAMAGE DISTRIBUTED IMPACT,DAMAGED 3,12,NA,NA,NA,N,NOT TOWED,NOT TOWED,FAILED TO YIELD ROW - TURNING LEFT,NA,NA,NORTH,Y,0,0,1,0,0,1,0,1,DRIVER,FRONT LEFT,POSSIBLE INJURY,20,HISPANIC,FEMALE,NO,UNKNOWN,NOT DEPLOYED,NOT APPLICABLE,N,NONE,NA,NA,NONE,NOT APPLICABLE,NOT APPLICABLE,,DRIVER LICENSE,Texas,CLASS C,78501
15098137,1,MOTOR VEHICLE,N,Y,UN,1HGCM72544A025617,2004,RED,HONDA,ACCORD,UNKNOWN,N,78501,1,LIABILITY INSURANCE POLICY,FRONT END DAMAGE DISTRIBUTED IMPACT,DAMAGED 3,12,NA,NA,NA,N,NOT TOWED,NOT TOWED,FAILED TO YIELD ROW - TURNING LEFT,NA,NA,NORTH,Y,0,0,1,0,0,1,0,1,DRIVER,FRONT LEFT,POSSIBLE INJURY,20,HISPANIC,MALE,NO,SHOULDER BELT ONLY,NOT DEPLOYED,NOT APPLICABLE,N,NONE,NA,NA,NONE,NOT APPLICABLE,NOT APPLICABLE,,DRIVER LICENSE,Texas,CLASS C,78501
15124931,1,MOTOR VEHICLE,N,Y,UN,1FTEW1CP4FKF01179,NA,RED,FORD,F150,PICKUP,N,76034,1,PROOF OF LIABILITY INSURANCE,FRONT END DAMAGE CONCENTRATED IMPACT,DAMAGED 2,12,NA,NA,NA,N,,,DISREGARD STOP AND GO SIGNAL,FAILED TO CONTROL SPEED,NA,SOUTH,Y,0,0,0,1,0,0,0,1,DRIVER,FRONT LEFT,NOT INJURED,23,WHITE,FEMALE,NO,SHOULDER & LAP BELT,NOT DEPLOYED,NOT APPLICABLE,N,NONE,NA,NA,NONE,NOT APPLICABLE,NOT APPLICABLE,,DRIVER LICENSE,Texas,CLASS C,76034
15026369,4,MOTOR VEHICLE,N,Y,NA,,NA,WHI,NA,NA,"PASSENGER CAR, 4-DOOR",N,,2,NA,NA,NA,NA,NA,NA,NA,N,LEFT SCENE,LEFT SCENE,NONE,NA,NA,WEST,N,0,0,0,0,1,0,0,1,DRIVER,FRONT LEFT,NOT INJURED,32,OTHER,MALE,NO,SHOULDER & LAP BELT,"DEPLOYED, FRONT",NOT APPLICABLE,N,NONE,NA,NA,NONE,NOT APPLICABLE,NOT APPLICABLE,,DRIVER LICENSE,Texas,CLASS C,77450
15026369,4,MOTOR VEHICLE,N,Y,NA,,NA,WHI,NA,NA,"PASSENGER CAR, 4-DOOR",N,,2,NA,NA,NA,NA,NA,NA,NA,N,LEFT SCENE,LEFT SCENE,NONE,NA,NA,WEST,N,0,0,0,0,1,0,0,1,DRIVER,FRONT LEFT,NOT INJURED,43,ASIAN,MALE,NO,SHOULDER & LAP BELT,NOT DEPLOYED,NOT APPLICABLE,N,NONE,NA,NA,NONE,NOT APPLICABLE,NOT APPLICABLE,,DRIVER LICENSE,Texas,CLASS C,77407
15026369,4,MOTOR VEHICLE,N,Y,NA,,NA,WHI,NA,NA,"PASSENGER CAR, 4-DOOR",N,,2,NA,NA,NA,NA,NA,NA,NA,N,LEFT SCENE,LEFT SCENE,NONE,NA,NA,WEST,N,0,0,0,0,1,0,0,1,DRIVER,FRONT LEFT,NOT INJURED,46,OTHER,MALE,NO,SHOULDER & LAP BELT,NOT DEPLOYED,NOT APPLICABLE,N,NONE,NA,NA,NONE,NOT APPLICABLE,NOT APPLICABLE,,DRIVER LICENSE,Texas,CLASS C,78640
15036736,1,MOTOR VEHICLE,N,Y,TX,1GNEK13T01R173002,2001,BGE,CHEVROLET,TAHOE,SPORT UTILITY VEHICLE,N,79424,1,PROOF OF LIABILITY INSURANCE,FRONT END (RIGHT)  DAMAGE PARTIAL CONTACT,DAMAGED 1 MINIMUM,12,NA,NA,NA,N,FLED THE SCENE,,OTHER (EXPLAIN IN NARRATIVE),NA,NA,WEST,Y,0,0,0,0,1,0,0,1,DRIVER,FRONT LEFT,UNKNOWN,36,WHITE,FEMALE,NO,UNKNOWN,NOT DEPLOYED,NOT APPLICABLE,N,NONE,NA,NA,NONE,NOT APPLICABLE,NOT APPLICABLE,,DRIVER LICENSE,Texas,CLASS C,79423
15053829,1,MOTOR VEHICLE,N,Y,TX,1G3NL52F54C197831,2004,WHI,OLDSMOBILE,ALERO,UNKNOWN,N,78415,1,PROOF OF LIABILITY INSURANCE,UNDERCARRIAGE DAMAGE ONLY,NO DAMAGE,NA,NA,NA,NA,N,STATEWIDE WRECKER,IMPOUND LOT,FAILED TO DRIVE IN SINGLE LANE,NA,NA,SOUTHWEST,Y,0,0,0,1,0,0,0,1,DRIVER,FRONT LEFT,NOT INJURED,47,HISPANIC,FEMALE,NO,SHOULDER & LAP BELT,NOT DEPLOYED,NOT APPLICABLE,N,NONE,NA,NA,NONE,NOT APPLICABLE,NOT APPLICABLE,,DRIVER LICENSE,Texas,CLASS C,78415
15112221,1,MOTOR VEHICLE,N,Y,TX,2GCEK19R1V1265609,1997,GRN,CHEVROLET,C1500,PICKUP,N,79605,3,PROOF OF LIABILITY INSURANCE,FRONT END (LEFT) DAMAGE PARTIAL CONTACT,DAMAGED 3,11,LEFT BACK QUARTER DAMAGE ANGULAR IMPACT,DAMAGED 1 MINIMUM,8,Y,DURANTS,2349 SANDY,OTHER (EXPLAIN IN NARRATIVE),NA,NA,SOUTH,Y,1,0,0,0,0,1,0,1,DRIVER,FRONT LEFT,INCAPACITATING INJURY,27,HISPANIC,MALE,NO,NONE,UNKNOWN,NOT APPLICABLE,N,NONE,NA,NA,NONE,NOT APPLICABLE,NOT APPLICABLE,,DRIVER LICENSE,Texas,CLASS C,79603
15112221,1,MOTOR VEHICLE,N,Y,TX,2GCEK19R1V1265609,1997,GRN,CHEVROLET,C1500,PICKUP,N,79605,3,PROOF OF LIABILITY INSURANCE,FRONT END (LEFT) DAMAGE PARTIAL CONTACT,DAMAGED 3,11,LEFT BACK QUARTER DAMAGE ANGULAR IMPACT,DAMAGED 1 MINIMUM,8,Y,DURANTS,2349 SANDY,OTHER (EXPLAIN IN NARRATIVE),NA,NA,SOUTH,Y,1,0,0,0,0,1,0,1,DRIVER,FRONT LEFT,NOT INJURED,47,WHITE,MALE,NO,UNKNOWN,UNKNOWN,NOT APPLICABLE,N,NONE,NA,NA,NONE,NOT APPLICABLE,NOT APPLICABLE,,DRIVER LICENSE,Texas,CLASS C,79605
15112221,1,MOTOR VEHICLE,N,Y,TX,2GCEK19R1V1265609,1997,GRN,CHEVROLET,C1500,PICKUP,N,79605,3,PROOF OF LIABILITY INSURANCE,FRONT END (LEFT) DAMAGE PARTIAL CONTACT,DAMAGED 3,11,LEFT BACK QUARTER DAMAGE ANGULAR IMPACT,DAMAGED 1 MINIMUM,8,Y,DURANTS,2349 SANDY,OTHER (EXPLAIN IN NARRATIVE),NA,NA,SOUTH,Y,1,0,0,0,0,1,0,1,DRIVER,FRONT LEFT,NOT INJURED,28,WHITE,MALE,NO,UNKNOWN,NOT DEPLOYED,NOT APPLICABLE,N,NONE,NA,NA,NONE,NOT APPLICABLE,NOT APPLICABLE,,DRIVER LICENSE,Iowa,OTHER/OUT OF STATE,79563
15121071,1,MOTOR VEHICLE,N,Y,TX,JT3GN87R9X0112247,1999,WHI,TOYOTA,4RUNNER,SPORT UTILITY VEHICLE,N,79110,1,PROOF OF LIABILITY INSURANCE,FRONT END DAMAGE DISTRIBUTED IMPACT,DAMAGED 1 MINIMUM,12,NA,NA,NA,N,,,NONE,NA,NA,WEST,Y,0,0,0,1,0,0,0,1,DRIVER,FRONT LEFT,NOT INJURED,31,HISPANIC,FEMALE,NO,UNKNOWN,NOT DEPLOYED,NOT APPLICABLE,N,NONE,NA,NA,NONE,NOT APPLICABLE,NOT APPLICABLE,,DRIVER LICENSE,Texas,CLASS C,79110
15121071,1,MOTOR VEHICLE,N,Y,TX,JT3GN87R9X0112247,1999,WHI,TOYOTA,4RUNNER,SPORT UTILITY VEHICLE,N,79110,1,PROOF OF LIABILITY INSURANCE,FRONT END DAMAGE DISTRIBUTED IMPACT,DAMAGED 1 MINIMUM,12,NA,NA,NA,N,,,NONE,NA,NA,WEST,Y,0,0,0,1,0,0,0,1,DRIVER,FRONT LEFT,NOT INJURED,39,WHITE,FEMALE,NO,SHOULDER & LAP BELT,NOT DEPLOYED,NOT APPLICABLE,N,NONE,NA,NA,NONE,NOT APPLICABLE,NOT APPLICABLE,,DRIVER LICENSE,Texas,CLASS C,79118
15025340,4,MOTOR VEHICLE,N,Y,UN,,NA,WHI,NA,NA,UNKNOWN,N,,NA,NA,NA,NA,NA,NA,NA,NA,N,,,NONE,NA,NA,SOUTH,N,0,0,0,0,1,0,0,1,DRIVER,FRONT LEFT,INCAPACITATING INJURY,68,WHITE,FEMALE,NO,SHOULDER & LAP BELT,DEPLOYED MULTIPLE,NOT APPLICABLE,N,NONE,NA,NA,NONE,NOT APPLICABLE,NOT APPLICABLE,,DRIVER LICENSE,Texas,CLASS C,76712
15025340,3,MOTOR VEHICLE,N,Y,TX,1D7HA18N26S521665,2006,BLK,DODGE,RAM 1500,PICKUP,N,76706,2,NA,LEFT FRONT QUARTER DAMAGE ANGULAR IMPACT,DAMAGED 2,10,NA,NA,NA,Y,TOW KING,1601 E. TAYLOR,NONE,NA,NA,SOUTH,N,0,0,0,1,0,0,0,1,DRIVER,FRONT LEFT,INCAPACITATING INJURY,68,WHITE,FEMALE,NO,SHOULDER & LAP BELT,DEPLOYED MULTIPLE,NOT APPLICABLE,N,NONE,NA,NA,NONE,NOT APPLICABLE,NOT APPLICABLE,,DRIVER LICENSE,Texas,CLASS C,76712
15025340,2,MOTOR VEHICLE,N,Y,TX,JN1CA21D3XT808037,1999,BLK,NISSAN,MAXIMA,"PASSENGER CAR, 4-DOOR",N,76707,1,LIABILITY INSURANCE POLICY,FRONT END DAMAGE DISTRIBUTED IMPACT,DAMAGED 5,12,NA,NA,NA,N,TOW KING,7191 BAGBY,NONE,NA,NA,WEST,Y,0,0,1,1,0,1,0,1,DRIVER,FRONT LEFT,INCAPACITATING INJURY,68,WHITE,FEMALE,NO,SHOULDER & LAP BELT,DEPLOYED MULTIPLE,NOT APPLICABLE,N,NONE,NA,NA,NONE,NOT APPLICABLE,NOT APPLICABLE,,DRIVER LICENSE,Texas,CLASS C,76712
15025340,1,MOTOR VEHICLE,N,Y,TX,JN8AZ1FY5CW100310,NA,WHI,NISSAN,MURANO,SPORT UTILITY VEHICLE,N,76712,1,LIABILITY INSURANCE POLICY,RIGHT BACK QUARTER DAMAGE ANGULAR IMPACT,DAMAGED 4,4,BACK END DAMAGE DISTRIBUTED IMPACT,DAMAGED 5,6,N,TOW KING,7191 BAGBY,FAILED TO YIELD ROW - TURNING LEFT,NA,NA,EAST,Y,1,0,0,0,0,1,0,1,DRIVER,FRONT LEFT,INCAPACITATING INJURY,68,WHITE,FEMALE,NO,SHOULDER & LAP BELT,DEPLOYED MULTIPLE,NOT APPLICABLE,N,NONE,NA,NA,NONE,NOT APPLICABLE,NOT APPLICABLE,,DRIVER LICENSE,Texas,CLASS C,76712
15120846,3,MOTOR VEHICLE,N,Y,UN,UNKNOWN,NA,99,NA,NA,UNKNOWN,N,,NA,NA,UNKNOWN,NA,6,NA,NA,NA,N,DRIVEN AWAY,BY OWNER,NONE,NA,NA,WEST,N,0,0,0,0,1,0,0,1,DRIVER,FRONT LEFT,NOT INJURED,21,HISPANIC,MALE,NO,SHOULDER & LAP BELT,NOT DEPLOYED,NOT APPLICABLE,N,NONE,NA,NA,NONE,NOT APPLICABLE,NOT APPLICABLE,,DRIVER LICENSE,Texas,CLASS C,79927
14992965,3,MOTOR VEHICLE,N,Y,UN,,NA,BLK,UNKNOWN,UNKNOWN,"PASSENGER CAR, 4-DOOR",N,,2,NA,BACK END DAMAGE DISTRIBUTED IMPACT,NA,6,NA,NA,NA,N,,,NONE,NA,NA,EAST,N,0,0,0,0,1,0,0,1,DRIVER,FRONT LEFT,POSSIBLE INJURY,26,HISPANIC,MALE,NO,SHOULDER & LAP BELT,NOT DEPLOYED,NOT APPLICABLE,N,NONE,NA,NA,NONE,NOT APPLICABLE,NOT APPLICABLE,,DRIVER LICENSE,Texas,CLASS C,75224
14992965,3,MOTOR VEHICLE,N,Y,UN,,NA,BLK,UNKNOWN,UNKNOWN,"PASSENGER CAR, 4-DOOR",N,,2,NA,BACK END DAMAGE DISTRIBUTED IMPACT,NA,6,NA,NA,NA,N,,,NONE,NA,NA,EAST,N,0,0,0,0,1,0,0,1,DRIVER,FRONT LEFT,POSSIBLE INJURY,26,HISPANIC,MALE,NO,SHOULDER & LAP BELT,NOT DEPLOYED,NOT APPLICABLE,N,NONE,NA,NA,NONE,NOT APPLICABLE,NOT APPLICABLE,,DRIVER LICENSE,Texas,CLASS C,75224
14992965,1,MOTOR VEHICLE,N,Y,TX,1N4AL3AP4FN393060,NA,GRY,NISSAN,ALTIMA,"PASSENGER CAR, 4-DOOR",N,75224,1,PROOF OF LIABILITY INSURANCE,FRONT END DAMAGE DISTRIBUTED IMPACT,DAMAGED 5,12,NA,NA,NA,Y,CONTRACT WRECKER,"1955 VILBIG, DALLAS, TEXAS",FAILED TO DRIVE IN SINGLE LANE,NA,NA,EAST,Y,0,0,1,0,0,1,0,1,DRIVER,FRONT LEFT,POSSIBLE INJURY,26,HISPANIC,MALE,NO,SHOULDER & LAP BELT,NOT DEPLOYED,NOT APPLICABLE,N,NONE,NA,NA,NONE,NOT APPLICABLE,NOT APPLICABLE,,DRIVER LICENSE,Texas,CLASS C,75224
15011317,1,MOTOR VEHICLE,N,Y,TX,1G4GC5ED5BF142600,NA,GRY,BUICK,LACROSSE,"PASSENGER CAR, 4-DOOR",N,78239,1,PROOF OF LIABILITY INSURANCE,RIGHT BACK QUARTER DAMAGE ANGULAR IMPACT,DAMAGED 4,4,LEFT BACK QUARTER DAMAGE ANGULAR IMPACT,DAMAGED 4,8,N,MISSION TOWING,GROWDON POUND,DISREGARD STOP SIGN OR LIGHT,NA,NA,WEST,Y,0,0,0,1,0,0,0,1,DRIVER,FRONT LEFT,NOT INJURED,35,HISPANIC,MALE,NO,SHOULDER & LAP BELT,NOT DEPLOYED,NOT APPLICABLE,N,NONE,NA,NA,NONE,NOT APPLICABLE,NOT APPLICABLE,,DRIVER LICENSE,Texas,CLASS C,78221
15011317,1,MOTOR VEHICLE,N,Y,TX,1G4GC5ED5BF142600,NA,GRY,BUICK,LACROSSE,"PASSENGER CAR, 4-DOOR",N,78239,1,PROOF OF LIABILITY INSURANCE,RIGHT BACK QUARTER DAMAGE ANGULAR IMPACT,DAMAGED 4,4,LEFT BACK QUARTER DAMAGE ANGULAR IMPACT,DAMAGED 4,8,N,MISSION TOWING,GROWDON POUND,DISREGARD STOP SIGN OR LIGHT,NA,NA,WEST,Y,0,0,0,1,0,0,0,1,DRIVER,FRONT LEFT,NOT INJURED,58,WHITE,MALE,NO,SHOULDER & LAP BELT,NOT DEPLOYED,NOT APPLICABLE,N,NONE,NA,NA,NONE,NOT APPLICABLE,NOT APPLICABLE,,COMMERCIAL DRIVER LIC.,Texas,CLASS A AND M,78023
15039957,1,MOTOR VEHICLE,N,Y,TX,1GNCS18Z1K8225832,1989,GRY,CHEVROLET,BLAZER,SPORT UTILITY VEHICLE,N,79606,1,PROOF OF LIABILITY INSURANCE,LEFT SIDE AND TOP DAMAGE ROLLOVER EFFECTS,DAMAGED 4,9,NA,NA,NA,N,COLYERS,2349 SANDY,FAILED TO CONTROL SPEED,NA,NA,NORTHWEST,Y,0,1,0,0,0,1,0,1,DRIVER,FRONT LEFT,NON-INCAPACITATING INJURY,44,WHITE,FEMALE,NO,SHOULDER & LAP BELT,NOT DEPLOYED,NOT APPLICABLE,N,NONE,NA,NA,NONE,NOT APPLICABLE,NOT APPLICABLE,,DRIVER LICENSE,Texas,CLASS C,79606
15065939,1,MOTOR VEHICLE,N,Y,TX,1GCEK19R5VE125190,1997,MAR,CHEVROLET,C1500,PICKUP,N,77088,1,PROOF OF LIABILITY INSURANCE,FRONT END (RIGHT)  DAMAGE PARTIAL CONTACT,DAMAGED 3,12,NA,NA,NA,Y,NONE,NONE,FAILED TO CONTROL SPEED,NA,UNDER INFLUENCE - DRUG,SOUTH,Y,0,0,0,1,0,0,0,1,DRIVER,FRONT LEFT,POSSIBLE INJURY,38,WHITE,FEMALE,NO,SHOULDER & LAP BELT,NOT DEPLOYED,NOT APPLICABLE,N,NONE,NA,NA,NONE,NOT APPLICABLE,NOT APPLICABLE,,DRIVER LICENSE,Texas,CLASS C,77067
15080866,1,MOTOR VEHICLE,N,Y,TX,3C6UD5GL3CG311139,NA,GRY,DODGE,RAM 1500,PICKUP,N,78644,1,PROOF OF LIABILITY INSURANCE,RIGHT FRONT QUARTER DAMAGE ANGULAR IMPACT,DAMAGED 1 MINIMUM,1,NA,NA,NA,N,,,DRIVER INATTENTION,FAILED TO DRIVE IN SINGLE LANE,ILL (EXPLAIN IN NARRATIVE),SOUTH,Y,0,0,0,1,0,0,0,1,DRIVER,FRONT LEFT,NOT INJURED,77,WHITE,MALE,NO,SHOULDER & LAP BELT,NOT DEPLOYED,NOT APPLICABLE,N,NONE,NA,NA,NONE,NOT APPLICABLE,NOT APPLICABLE,,COMMERCIAL DRIVER LIC.,Texas,CLASS A,78644
15080866,1,MOTOR VEHICLE,N,Y,TX,3C6UD5GL3CG311139,NA,GRY,DODGE,RAM 1500,PICKUP,N,78644,1,PROOF OF LIABILITY INSURANCE,RIGHT FRONT QUARTER DAMAGE ANGULAR IMPACT,DAMAGED 1 MINIMUM,1,NA,NA,NA,N,,,DRIVER INATTENTION,FAILED TO DRIVE IN SINGLE LANE,ILL (EXPLAIN IN NARRATIVE),SOUTH,Y,0,0,0,1,0,0,0,1,UNKNOWN,OUTSIDE VEHICLE,NOT INJURED,56,ASIAN,MALE,NOT APPLICABLE,NOT APPLICABLE,NOT DEPLOYED,NOT APPLICABLE,N,NONE,NA,NA,NONE,NOT APPLICABLE,NOT APPLICABLE,,DRIVER LICENSE,Texas,CLASS C,78644
15122546,1,MOTOR VEHICLE,N,Y,TX,2HKRM3H77FH546188,NA,GRY,FORD,UNKNOWN,"PASSENGER CAR, 4-DOOR",N,77546,1,PROOF OF LIABILITY INSURANCE,RIGHT FRONT QUARTER DAMAGE ANGULAR IMPACT,DAMAGED 1 MINIMUM,2,NA,NA,NA,N,,,FAILED TO DRIVE IN SINGLE LANE,DRIVER INATTENTION,NA,NORTH,Y,0,0,0,1,0,0,0,1,DRIVER,FRONT LEFT,NOT INJURED,64,WHITE,FEMALE,NO,UNKNOWN,NOT DEPLOYED,NOT APPLICABLE,N,NONE,NA,NA,NONE,NOT APPLICABLE,NOT APPLICABLE,,DRIVER LICENSE,Texas,CLASS C,77546
15122546,1,MOTOR VEHICLE,N,Y,TX,2HKRM3H77FH546188,NA,GRY,FORD,UNKNOWN,"PASSENGER CAR, 4-DOOR",N,77546,1,PROOF OF LIABILITY INSURANCE,RIGHT FRONT QUARTER DAMAGE ANGULAR IMPACT,DAMAGED 1 MINIMUM,2,NA,NA,NA,N,,,FAILED TO DRIVE IN SINGLE LANE,DRIVER INATTENTION,NA,NORTH,Y,0,0,0,1,0,0,0,1,DRIVER,FRONT LEFT,NOT INJURED,44,BLACK,MALE,NO,UNKNOWN,NOT DEPLOYED,NOT APPLICABLE,N,NONE,NA,NA,NONE,NOT APPLICABLE,NOT APPLICABLE,,DRIVER LICENSE,Texas,CLASS C,77407
14996603,1,MOTOR VEHICLE,N,Y,TX,19UUA865X9A011953,NA,GRY,ACURA,TL,UNKNOWN,N,75230,1,PROOF OF LIABILITY INSURANCE,FRONT END (LEFT) DAMAGE PARTIAL CONTACT,DAMAGED 7 HIGHEST,11,FRONT END (RIGHT)  DAMAGE PARTIAL CONTACT,DAMAGED 7 HIGHEST,1,Y,JORDAN'S TOWING,"601 DIGITAL DR, PLANO, TX 75075",CHANGED LANE WHEN UNSAFE,UNDER INFLUENCE - ALCOHOL,NA,NORTH,Y,0,0,0,1,0,0,0,1,DRIVER,FRONT LEFT,NOT INJURED,29,WHITE,MALE,NO,SHOULDER & LAP BELT,DEPLOYED MULTIPLE,NOT APPLICABLE,N,REFUSED,NA,NA,NONE,NOT APPLICABLE,NOT APPLICABLE,,DRIVER LICENSE,Texas,CLASS C,75230
15032309,1,MOTOR VEHICLE,N,Y,TX,2G1WX12K7X9128626,1999,TAN,CHEVROLET,MONTE CARLO,"PASSENGER CAR, 2-DOOR",N,78059,2,NA,FRONT END (LEFT) DAMAGE PARTIAL CONTACT,DAMAGED 1 MINIMUM,11,FRONT END (LEFT) DAMAGE PARTIAL CONTACT,DAMAGED 1 MINIMUM,11,Y,PEARSALL TOWING,FRIO COUNTY VSF,FAILED TO CONTROL SPEED,HAD BEEN DRINKING,TURNED IMPROPERLY - CUT CORNER ON LEFT,SOUTH,Y,0,0,0,1,0,0,0,1,DRIVER,FRONT LEFT,POSSIBLE INJURY,36,HISPANIC,MALE,NO,SHOULDER & LAP BELT,NOT DEPLOYED,NOT APPLICABLE,N,NONE,NA,NA,NONE,NOT APPLICABLE,NOT APPLICABLE,,DRIVER LICENSE,Texas,CLASS C,78261
15049910,1,MOTOR VEHICLE,N,Y,TX,1FTRX17L1XKB99454,1999,GRN,FORD,F150,PICKUP,N,76707,1,PROOF OF LIABILITY INSURANCE,FRONT END DAMAGE DISTRIBUTED IMPACT,DAMAGED 1 MINIMUM,NA,BACK END DAMAGE DISTRIBUTED IMPACT,DAMAGED 1 MINIMUM,NA,Y,TOW KING,"1601 E TAYLOR AVE, WACO, TX 76705",HAD BEEN DRINKING,NA,DRIVER INATTENTION,EAST,Y,0,0,1,0,0,1,0,1,DRIVER,FRONT LEFT,POSSIBLE INJURY,64,WHITE,MALE,NO,SHOULDER & LAP BELT,"DEPLOYED, FRONT",NOT APPLICABLE,N,BLOOD,Positive,0.107,NONE,NOT APPLICABLE,NOT APPLICABLE,,DRIVER LICENSE,Texas,CLASS A,76707
15049910,1,MOTOR VEHICLE,N,Y,TX,1FTRX17L1XKB99454,1999,GRN,FORD,F150,PICKUP,N,76707,1,PROOF OF LIABILITY INSURANCE,FRONT END DAMAGE DISTRIBUTED IMPACT,DAMAGED 1 MINIMUM,NA,BACK END DAMAGE DISTRIBUTED IMPACT,DAMAGED 1 MINIMUM,NA,Y,TOW KING,"1601 E TAYLOR AVE, WACO, TX 76705",HAD BEEN DRINKING,NA,DRIVER INATTENTION,EAST,Y,0,0,1,0,0,1,0,1,DRIVER,FRONT LEFT,NOT INJURED,46,BLACK,FEMALE,NO,SHOULDER & LAP BELT,NOT DEPLOYED,NOT APPLICABLE,N,NONE,NA,NA,NONE,NOT APPLICABLE,NOT APPLICABLE,,DRIVER LICENSE,Texas,CLASS A,76705
15049910,1,MOTOR VEHICLE,N,Y,TX,1FTRX17L1XKB99454,1999,GRN,FORD,F150,PICKUP,N,76707,1,PROOF OF LIABILITY INSURANCE,FRONT END DAMAGE DISTRIBUTED IMPACT,DAMAGED 1 MINIMUM,NA,BACK END DAMAGE DISTRIBUTED IMPACT,DAMAGED 1 MINIMUM,NA,Y,TOW KING,"1601 E TAYLOR AVE, WACO, TX 76705",HAD BEEN DRINKING,NA,DRIVER INATTENTION,EAST,Y,0,0,1,0,0,1,0,1,DRIVER,FRONT LEFT,NOT INJURED,75,WHITE,FEMALE,NO,SHOULDER & LAP BELT,NOT DEPLOYED,NOT APPLICABLE,N,NONE,NA,NA,NONE,NOT APPLICABLE,NOT APPLICABLE,,DRIVER LICENSE,Texas,CLASS A,76643
15087158,1,MOTOR VEHICLE,N,Y,TX,1HGCG56692A068944,2002,BLK,HONDA,ACCORD,"PASSENGER CAR, 4-DOOR",N,78644,1,PROOF OF LIABILITY INSURANCE,FRONT END (RIGHT)  DAMAGE PARTIAL CONTACT,DAMAGED 1 MINIMUM,1,NA,NA,NA,N,LEFT SCENE,LEFT SCENE,TURNED IMPROPERLY - WIDE RIGHT,OTHER (EXPLAIN IN NARRATIVE),NA,NORTHEAST,Y,0,0,0,1,0,0,0,1,DRIVER,FRONT LEFT,NOT INJURED,32,OTHER,MALE,NO,UNKNOWN,NOT DEPLOYED,NOT APPLICABLE,N,NONE,NA,NA,NONE,NOT APPLICABLE,NOT APPLICABLE,,DRIVER LICENSE,Texas,CLASS C,78644
15121743,1,MOTOR VEHICLE,N,Y,TN,1C3CDZCB8DN681315,NA,BLU,DODGE,AVENGER,"PASSENGER CAR, 4-DOOR",N,77031,2,NA,FRONT END (LEFT) DAMAGE PARTIAL CONTACT,DAMAGED 3,10,FRONT END (LEFT) DAMAGE PARTIAL CONTACT,DAMAGED 3,11,N,MINETTA ST,14635,FAILED TO YIELD ROW - TURNING LEFT,NA,NA,NORTH,Y,0,0,0,1,0,0,0,1,DRIVER,FRONT LEFT,NOT INJURED,22,BLACK,MALE,NO,UNKNOWN,NOT DEPLOYED,NOT APPLICABLE,N,NONE,NA,NA,NONE,NOT APPLICABLE,NOT APPLICABLE,,DRIVER LICENSE,Texas,CLASS C,77031
15121743,1,MOTOR VEHICLE,N,Y,TN,1C3CDZCB8DN681315,NA,BLU,DODGE,AVENGER,"PASSENGER CAR, 4-DOOR",N,77031,2,NA,FRONT END (LEFT) DAMAGE PARTIAL CONTACT,DAMAGED 3,10,FRONT END (LEFT) DAMAGE PARTIAL CONTACT,DAMAGED 3,11,N,MINETTA ST,14635,FAILED TO YIELD ROW - TURNING LEFT,NA,NA,NORTH,Y,0,0,0,1,0,0,0,1,DRIVER,FRONT LEFT,NOT INJURED,30,HISPANIC,FEMALE,NO,SHOULDER & LAP BELT,NOT DEPLOYED,NOT APPLICABLE,N,NONE,NA,NA,NONE,NOT APPLICABLE,NOT APPLICABLE,,DRIVER LICENSE,Texas,CLASS C,77036