CRASH_ID,UNIT_NBR,UNIT_DESC_ID,VEH_PARKED_FL,VEH_HNR_FL,VEH_LIC_STATE_ID,VIN,VEH_MOD_YEAR,VEH_COLOR_ID,VEH_MAKE_ID,VEH_MOD_ID,VEH_BODY_STYL_ID,EMER_RESPNDR_FL,OWNR_ZIP,FIN_RESP_PROOF_ID,FIN_RESP_TYPE_ID,VEH_DMAG_AREA_1_ID,VEH_DMAG_SCL_1_ID,FORCE_DIR_1_ID,VEH_DMAG_AREA_2_ID,VEH_DMAG_SCL_2_ID,FORCE_DIR_2_ID,VEH_INVENTORIED_FL,VEH_TRANSP_NAME,VEH_TRANSP_DEST,CONTRIB_FACTR_1_ID,CONTRIB_FACTR_2_ID,CONTRIB_FACTR_P1_ID,VEH_TRVL_DIR_ID,FIRST_HARM_EVT_INV_ID,INCAP_INJRY_CNT,NONINCAP_INJRY_CNT,POSS_INJRY_CNT,NON_INJRY_CNT,UNKN_INJRY_CNT,TOT_INJRY_CNT,DEATH_CNT,PRSN_NBR,PRSN_TYPE_ID,PRSN_OCCPNT_POS_ID,PRSN_INJRY_SEV_ID,PRSN_AGE,PRSN_ETHNICITY_ID,PRSN_GNDR_ID,PRSN_EJCT_ID,PRSN_REST_ID,PRSN_AIRBAG_ID,PRSN_HELMET_ID,PRSN_SOL_FL,PRSN_ALC_SPEC_TYPE_ID,PRSN_ALC_RSLT_ID,PRSN_BAC_TEST_RSLT,PRSN_DRG_SPEC_TYPE_ID,PRSN_DRG_RSLT_ID,DRVR_DRG_CAT_1_ID,PRSN_DEATH_TIME,DRVR_LIC_TYPE_ID,DRVR_LIC_STATE_ID,DRVR_LIC_CLS_ID,DRVR_ZIP
15143636,1,MOTOR VEHICLE,N,Y,TX,2G1WU58R279171615,2007,MAR,CHEVROLET,IMPALA,"PASSENGER CAR, 4-DOOR",N,75023,1,PROOF OF LIABILITY INSURANCE,FRONT END (LEFT) DAMAGE PARTIAL CONTACT,DAMAGED 3,11,NA,NA,NA,N,,,FAILED TO CONTROL SPEED,NA,NA,WEST,Y,0,0,0,1,0,0,0,1,DRIVER,FRONT LEFT,NOT INJURED,24,HISPANIC,MALE,NO,SHOULDER & LAP BELT,NOT DEPLOYED,NOT APPLICABLE,N,NONE,NA,NA,NONE,NOT APPLICABLE,NOT APPLICABLE,,DRIVER LICENSE,Texas,CLASS C,75023
15143636,1,MOTOR VEHICLE,N,Y,TX,2G1WU58R279171615,2007,MAR,CHEVROLET,IMPALA,"PASSENGER CAR, 4-DOOR",N,75023,1,PROOF OF LIABILITY INSURANCE,FRONT END (LEFT) DAMAGE PARTIAL CONTACT,DAMAGED 3,11,NA,NA,NA,N,,,FAILED TO CONTROL SPEED,NA,NA,WEST,Y,0,0,0,1,0,0,0,1,DRIVER,FRONT LEFT,NOT INJURED,51,WHITE,MALE,NO,SHOULDER & LAP BELT,NOT DEPLOYED,NOT APPLICABLE,N,NONE,NA,NA,NONE,NOT APPLICABLE,NOT APPLICABLE,,DRIVER LICENSE,Texas,CLASS C,75080
15009675,1,MOTOR VEHICLE,N,Y,TX,1C3CDFAA6DD287178,NA,GRY,DODGE,DART,"PASSENGER CAR, 4-DOOR",N,,1,LIABILITY INSURANCE POLICY,FRONT END DAMAGE CONCENTRATED IMPACT,DAMAGED 3,12,NA,NA,NA,N,DRIVER,PARKED,FAILED TO CONTROL SPEED,NA,OTHER (EXPLAIN IN NARRATIVE),NORTH,Y,0,0,0,1,0,0,0,1,DRIVER,FRONT LEFT,POSSIBLE INJURY,56,WHITE,MALE,NO,SHOULDER & LAP BELT,NOT DEPLOYED,NOT APPLICABLE,N,NONE,NA,NA,NONE,NOT APPLICABLE,NOT APPLICABLE,,DRIVER LICENSE,Texas,CLASS C,
15113518,1,MOTOR VEHICLE,N,Y,TX,5N1AT2MTXFC857263,NA,WHI,NISSAN,ROGUE,SPORT UTILITY VEHICLE,N,77076,1,PROOF OF LIABILITY INSURANCE,FRONT END DAMAGE CONCENTRATED IMPACT,DAMAGED 3,12,NA,NA,NA,N,23417204,2305 LYONS,FAILED TO CONTROL SPEED,UNDER INFLUENCE - ALCOHOL,NA,WEST,Y,0,0,0,1,0,0,0,1,DRIVER,FRONT LEFT,NOT INJURED,32,HISPANIC,MALE,NO,UNKNOWN,NOT DEPLOYED,NOT APPLICABLE,N,BLOOD,Negative,0,BLOOD,NOT APPLICABLE,NOT APPLICABLE,,DRIVER LICENSE,Texas,CLASS C,
15113518,1,MOTOR VEHICLE,N,Y,TX,5N1AT2MTXFC857263,NA,WHI,NISSAN,ROGUE,SPORT UTILITY VEHICLE,N,77076,1,PROOF OF LIABILITY INSURANCE,FRONT END DAMAGE CONCENTRATED IMPACT,DAMAGED 3,12,NA,NA,NA,N,23417204,2305 LYONS,FAILED TO CONTROL SPEED,UNDER INFLUENCE - ALCOHOL,NA,WEST,Y,0,0,0,1,0,0,0,1,DRIVER,FRONT LEFT,NOT INJURED,24,HISPANIC,FEMALE,NO,SHOULDER & LAP BELT,NOT DEPLOYED,NOT APPLICABLE,N,NONE,NA,NA,NONE,NOT APPLICABLE,NOT APPLICABLE,,DRIVER LICENSE,Texas,CLASS C,77009
15113518,1,MOTOR VEHICLE,N,Y,TX,5N1AT2MTXFC857263,NA,WHI,NISSAN,ROGUE,SPORT UTILITY VEHICLE,N,77076,1,PROOF OF LIABILITY INSURANCE,FRONT END DAMAGE CONCENTRATED IMPACT,DAMAGED 3,12,NA,NA,NA,N,23417204,2305 LYONS,FAILED TO CONTROL SPEED,UNDER INFLUENCE - ALCOHOL,NA,WEST,Y,0,0,0,1,0,0,0,1,DRIVER,FRONT LEFT,NOT INJURED,41,WHITE,MALE,NO,SHOULDER & LAP BELT,NOT DEPLOYED,NOT APPLICABLE,N,NONE,NA,NA,NONE,NOT APPLICABLE,NOT APPLICABLE,,DRIVER LICENSE,Texas,CLASS C,
15127906,1,MOTOR VEHICLE,N,Y,TX,1GNDU06D4NT129243,1992,MAR,CHEVROLET,LUMINA,VAN,N,79404,2,NA,FRONT END DAMAGE CONCENTRATED IMPACT,DAMAGED 3,12,NA,NA,NA,N,LUBBOCK WRECKER,LUBBOCK WRECKER  3209 SLATON HWY   806-7,FAILED TO CONTROL SPEED,FAILED TO DRIVE IN SINGLE LANE,UNDER INFLUENCE - ALCOHOL,EAST,Y,0,0,0,1,0,0,0,1,DRIVER,FRONT LEFT,NOT INJURED,21,WHITE,MALE,NO,SHOULDER & LAP BELT,NOT DEPLOYED,NOT APPLICABLE,N,BLOOD,NA,NA,NONE,NOT APPLICABLE,NOT APPLICABLE,,DRIVER LICENSE,Texas,CLASS C,79410
15019830,1,MOTOR VEHICLE,N,Y,TX,WBAGN63463DS43923,2003,BLK,BMW,745,"PASSENGER CAR, 4-DOOR",N,77004,1,PROOF OF LIABILITY INSURANCE,BACK END (LEFT) DAMAGE PARTIAL CONTACT,DAMAGED 2,8,NA,NA,NA,N,T8816E/DND WRECKER,6125 INDUSTRIAL WAY,OVERTAKE AND PASS INSUFFICIENT CLEARANCE,NA,NA,SOUTH,Y,0,0,0,1,0,0,0,1,DRIVER,FRONT LEFT,NOT INJURED,27,BLACK,MALE,NO,UNKNOWN,NOT DEPLOYED,NOT APPLICABLE,N,NONE,NA,NA,NONE,NOT APPLICABLE,NOT APPLICABLE,,DRIVER LICENSE,California,OTHER/OUT OF STATE,77004
15019830,1,MOTOR VEHICLE,N,Y,TX,WBAGN63463DS43923,2003,BLK,BMW,745,"PASSENGER CAR, 4-DOOR",N,77004,1,PROOF OF LIABILITY INSURANCE,BACK END (LEFT) DAMAGE PARTIAL CONTACT,DAMAGED 2,8,NA,NA,NA,N,T8816E/DND WRECKER,6125 INDUSTRIAL WAY,OVERTAKE AND PASS INSUFFICIENT CLEARANCE,NA,NA,SOUTH,Y,0,0,0,1,0,0,0,1,DRIVER,FRONT LEFT,NOT INJURED,43,WHITE,MALE,NO,SHOULDER & LAP BELT,NOT DEPLOYED,NOT APPLICABLE,N,NONE,NA,NA,NONE,NOT APPLICABLE,NOT APPLICABLE,,DRIVER LICENSE,Texas,CLASS C AND M,77339
15127900,1,MOTOR VEHICLE,N,Y,TX,JTHBK262385080351,NA,WHI,LEXUS,IS 250,"PASSENGER CAR, 4-DOOR",N,75068,1,PROOF OF LIABILITY INSURANCE,BACK END (LEFT) DAMAGE PARTIAL CONTACT,DAMAGED 1 MINIMUM,6,NA,NA,NA,N,FLED SCENE,BY DRIVER,BACKED WITHOUT SAFETY,DRIVER INATTENTION,NA,SOUTH,Y,0,0,0,1,0,0,0,1,DRIVER,FRONT LEFT,NOT INJURED,45,WHITE,FEMALE,NO,UNKNOWN,NOT DEPLOYED,NOT APPLICABLE,N,NONE,NA,NA,NONE,NOT APPLICABLE,NOT APPLICABLE,,DRIVER LICENSE,Texas,CLASS C,75068
15127900,1,MOTOR VEHICLE,N,Y,TX,JTHBK262385080351,NA,WHI,LEXUS,IS 250,"PASSENGER CAR, 4-DOOR",N,75068,1,PROOF OF LIABILITY INSURANCE,BACK END (LEFT) DAMAGE PARTIAL CONTACT,DAMAGED 1 MINIMUM,6,NA,NA,NA,N,FLED SCENE,BY DRIVER,BACKED WITHOUT SAFETY,DRIVER INATTENTION,NA,SOUTH,Y,0,0,0,1,0,0,0,1,PASSENGER/OCCUPANT,FRONT LEFT,NOT INJURED,32,WHITE,MALE,NO,SHOULDER & LAP BELT,NOT DEPLOYED,NOT APPLICABLE,N,NONE,NA,NA,NONE,NOT APPLICABLE,NOT APPLICABLE,,DRIVER LICENSE,Texas,CLASS C,75287
15001613,1,MOTOR VEHICLE,N,Y,TX,JTJBT20X640060019,2004,BLU,LEXUS,GX,SPORT UTILITY VEHICLE,N,79423,1,PROOF OF LIABILITY INSURANCE,FRONT END (RIGHT)  DAMAGE PARTIAL CONTACT,DAMAGED 1 MINIMUM,2,NA,NA,NA,N,FLED THE SCENE,,FAILED TO CONTROL SPEED,NA,UNDER INFLUENCE - ALCOHOL,WEST,Y,0,0,0,1,0,0,0,1,DRIVER,FRONT LEFT,NOT INJURED,35,HISPANIC,FEMALE,NO,UNKNOWN,NOT DEPLOYED,NOT APPLICABLE,N,NONE,NA,NA,NONE,NOT APPLICABLE,NOT APPLICABLE,,DRIVER LICENSE,Texas,CLASS C,79423
15001613,1,MOTOR VEHICLE,N,Y,TX,JTJBT20X640060019,2004,BLU,LEXUS,GX,SPORT UTILITY VEHICLE,N,79423,1,PROOF OF LIABILITY INSURANCE,FRONT END (RIGHT)  DAMAGE PARTIAL CONTACT,DAMAGED 1 MINIMUM,2,NA,NA,NA,N,FLED THE SCENE,,FAILED TO CONTROL SPEED,NA,UNDER INFLUENCE - ALCOHOL,WEST,Y,0,0,0,1,0,0,0,1,DRIVER,FRONT LEFT,NOT INJURED,20,WHITE,MALE,NO,SHOULDER & LAP BELT,NOT DEPLOYED,NOT APPLICABLE,N,NONE,NA,NA,NONE,NOT APPLICABLE,NOT APPLICABLE,,DRIVER LICENSE,Texas,CLASS C,79423
15049912,1,MOTOR VEHICLE,N,Y,TX,1FTRX17L1XKB99454,1999,GRN,FORD,F150,PICKUP,N,76707,1,PROOF OF LIABILITY INSURANCE,FRONT END DAMAGE DISTRIBUTED IMPACT,DAMAGED 1 MINIMUM,NA,NA,NA,NA,Y,TOW KING,"1601 E TAYLOR AVE, WACO, TX 76705",HAD BEEN DRINKING,NA,DRIVER INATTENTION,EAST,Y,0,0,1,0,0,1,0,1,DRIVER,FRONT LEFT,POSSIBLE INJURY,64,WHITE,MALE,NO,SHOULDER & LAP BELT,"DEPLOYED, FRONT",NOT APPLICABLE,N,BLOOD,NA,NA,NONE,NOT APPLICABLE,NOT APPLICABLE,,DRIVER LICENSE,Texas,CLASS A,76707
15049912,1,MOTOR VEHICLE,N,Y,TX,1FTRX17L1XKB99454,1999,GRN,FORD,F150,PICKUP,N,76707,1,PROOF OF LIABILITY INSURANCE,FRONT END DAMAGE DISTRIBUTED IMPACT,DAMAGED 1 MINIMUM,NA,NA,NA,NA,Y,TOW KING,"1601 E TAYLOR AVE, WACO, TX 76705",HAD BEEN DRINKING,NA,DRIVER INATTENTION,EAST,Y,0,0,1,0,0,1,0,1,DRIVER,FRONT LEFT,NOT INJURED,43,HISPANIC,MALE,NO,SHOULDER & LAP BELT,NOT DEPLOYED,NOT APPLICABLE,N,NONE,NA,NA,NONE,NOT APPLICABLE,NOT APPLICABLE,,DRIVER LICENSE,Texas,CLASS A,76710
15104275,1,MOTOR VEHICLE,N,Y,UN,,NA,99,NA,NA,UNKNOWN,N,,NA,NA,NA,NA,NA,NA,NA,NA,N,,,NONE,NA,NA,EAST,Y,0,0,0,0,1,0,0,1,DRIVER,FRONT LEFT,NOT INJURED,19,WHITE,MALE,NOT APPLICABLE,SHOULDER & LAP BELT,NOT DEPLOYED,NOT APPLICABLE,N,NONE,NA,NA,NONE,NOT APPLICABLE,NOT APPLICABLE,,DRIVER LICENSE,Texas,CLASS C,77406
15104275,1,MOTOR VEHICLE,N,Y,UN,,NA,99,NA,NA,UNKNOWN,N,,NA,NA,NA,NA,NA,NA,NA,NA,N,,,NONE,NA,NA,EAST,Y,0,0,0,0,1,0,0,1,DRIVER,FRONT LEFT,NOT INJURED,56,WHITE,FEMALE,NOT APPLICABLE,SHOULDER & LAP BELT,NOT APPLICABLE,NOT APPLICABLE,N,NONE,NA,NA,NONE,NOT APPLICABLE,NOT APPLICABLE,,DRIVER LICENSE,Texas,CLASS C,77551
15104275,1,MOTOR VEHICLE,N,Y,UN,,NA,99,NA,NA,UNKNOWN,N,,NA,NA,NA,NA,NA,NA,NA,NA,N,,,NONE,NA,NA,EAST,Y,0,0,0,0,1,0,0,1,DRIVER,FRONT LEFT,NOT INJURED,35,HISPANIC,MALE,NOT APPLICABLE,SHOULDER & LAP BELT,NOT APPLICABLE,NOT APPLICABLE,N,NONE,NA,NA,NONE,NOT APPLICABLE,NOT APPLICABLE,,DRIVER LICENSE,Texas,CLASS C,77449
15110240,1,MOTOR VEHICLE,N,Y,TX,1FTPX145X5KC40240,2005,WHI,FORD,F150,TRUCK,N,77372,2,NA,FRONT END DAMAGE CONCENTRATED IMPACT,DAMAGED 3,12,NA,NA,NA,Y,S & J TOWING,416 BOWER RD,FAILED TO CONTROL SPEED,HAD BEEN DRINKING,NA,WEST,Y,0,0,0,1,0,0,0,1,DRIVER,FRONT LEFT,NOT INJURED,47,WHITE,FEMALE,NO,SHOULDER & LAP BELT,NOT DEPLOYED,NOT APPLICABLE,N,BREATH,Positive,0.227,NONE,NOT APPLICABLE,NOT APPLICABLE,,COMMERCIAL DRIVER LIC.,Texas,CLASS B,77372
15110240,1,MOTOR VEHICLE,N,Y,TX,1FTPX145X5KC40240,2005,WHI,FORD,F150,TRUCK,N,77372,2,NA,FRONT END DAMAGE CONCENTRATED IMPACT,DAMAGED 3,12,NA,NA,NA,Y,S & J TOWING,416 BOWER RD,FAILED TO CONTROL SPEED,HAD BEEN DRINKING,NA,WEST,Y,0,0,0,1,0,0,0,1,DRIVER,FRONT LEFT,NOT INJURED,20,WHITE,MALE,NO,SHOULDER & LAP BELT,NOT DEPLOYED,NOT APPLICABLE,N,NONE,NA,NA,NONE,NOT APPLICABLE,NOT APPLICABLE,,DRIVER LICENSE,Texas,CLASS C,77302
14989825,4,MOTOR VEHICLE,N,Y,TX,1NXBR32E87Z909501,2007,WHI,TOYOTA,COROLLA,"PASSENGER CAR, 4-DOOR",N,,NA,NA,FRONT END (RIGHT)  DAMAGE PARTIAL CONTACT,DAMAGED 1 MINIMUM,1,NA,NA,NA,Y,EXTREME,MUNI YARD,DISTRACTION IN VEHICLE,NA,FAILED TO PASS TO LEFT SAFELY,EAST,N,0,0,0,0,1,0,0,1,DRIVER,FRONT LEFT,NOT INJURED,20,HISPANIC,MALE,NO,SHOULDER & LAP BELT,NOT DEPLOYED,NOT APPLICABLE,N,NONE,NA,NA,NONE,NOT APPLICABLE,NOT APPLICABLE,,DRIVER LICENSE,Texas,CLASS C,79907
14989825,4,MOTOR VEHICLE,N,Y,TX,1NXBR32E87Z909501,2007,WHI,TOYOTA,COROLLA,"PASSENGER CAR, 4-DOOR",N,,NA,NA,FRONT END (RIGHT)  DAMAGE PARTIAL CONTACT,DAMAGED 1 MINIMUM,1,NA,NA,NA,Y,EXTREME,MUNI YARD,DISTRACTION IN VEHICLE,NA,FAILED TO PASS TO LEFT SAFELY,EAST,N,0,0,0,0,1,0,0,1,DRIVER,FRONT LEFT,NOT INJURED,51,HISPANIC,MALE,NO,SHOULDER & LAP BELT,NOT DEPLOYED,NOT APPLICABLE,N,NONE,NA,NA,NONE,NOT APPLICABLE,NOT APPLICABLE,,DRIVER LICENSE,Texas,CLASS C,79925
14989825,4,MOTOR VEHICLE,N,Y,TX,1NXBR32E87Z909501,2007,WHI,TOYOTA,COROLLA,"PASSENGER CAR, 4-DOOR",N,,NA,NA,FRONT END (RIGHT)  DAMAGE PARTIAL CONTACT,DAMAGED 1 MINIMUM,1,NA,NA,NA,Y,EXTREME,MUNI YARD,DISTRACTION IN VEHICLE,NA,FAILED TO PASS TO LEFT SAFELY,EAST,N,0,0,0,0,1,0,0,1,DRIVER,FRONT LEFT,NOT INJURED,19,HISPANIC,FEMALE,NO,SHOULDER & LAP BELT,NOT DEPLOYED,NOT APPLICABLE,N,NONE,NA,NA,NONE,NOT APPLICABLE,NOT APPLICABLE,,DRIVER LICENSE,Texas,CLASS C,79925
15007525,1,MOTOR VEHICLE,N,Y,TX,1N6AD0CU2CC412508,NA,SIL,NISSAN,FRONTIER,PICKUP,N,79311,1,PROOF OF LIABILITY INSURANCE,RIGHT FRONT QUARTER DAMAGE ANGULAR IMPACT,DAMAGED 5,1,NA,NA,NA,N,LUBBOCK WRECKER,LUBBOCK WRECKER  3209 SLATON HWY   806-7,FAILED TO DRIVE IN SINGLE LANE,NA,NA,NORTH,Y,0,0,0,0,1,0,0,1,DRIVER,FRONT LEFT,UNKNOWN,65,HISPANIC,MALE,NO,UNKNOWN,DEPLOYED MULTIPLE,NOT APPLICABLE,N,NONE,NA,NA,NONE,NOT APPLICABLE,NOT APPLICABLE,,DRIVER LICENSE,Texas,CLASS C,79311
15020907,1,MOTOR VEHICLE,N,Y,TX,2G1WC5E32E1154117,NA,BLK,CHEVROLET,IMPALA,"PASSENGER CAR, 4-DOOR",N,77520,1,LIABILITY INSURANCE POLICY,FRONT END (LEFT) DAMAGE PARTIAL CONTACT,DAMAGED 1 MINIMUM,12,FRONT END (RIGHT)  DAMAGE PARTIAL CONTACT,DAMAGED 2,12,N,ADRIS WRECKER LLC,6 HAFER,NONE,NA,NA,SOUTHEAST,Y,0,0,0,1,0,0,0,1,DRIVER,FRONT LEFT,NOT INJURED,18,WHITE,FEMALE,NOT APPLICABLE,SHOULDER & LAP BELT,NOT DEPLOYED,NOT APPLICABLE,N,NONE,NA,NA,NONE,NOT APPLICABLE,NOT APPLICABLE,,DRIVER LICENSE,Texas,CLASS C,77586
15053886,1,MOTOR VEHICLE,N,Y,UN,,NA,BLU,FORD,F150,"PASSENGER CAR, 4-DOOR",N,,2,NA,NA,NA,NA,NA,NA,NA,N,DRIVER,DRIVEN AWAY,ROAD RAGE,NA,NA,NORTH,Y,0,0,0,0,1,0,0,1,DRIVER,FRONT LEFT,NOT INJURED,38,WHITE,MALE,NO,SHOULDER & LAP BELT,NOT DEPLOYED,NOT APPLICABLE,N,NONE,NA,NA,NONE,NOT APPLICABLE,NOT APPLICABLE,,DRIVER LICENSE,Texas,CLASS C,78410
15080234,1,MOTOR VEHICLE,N,Y,TX,19UUA56692A051115,2002,GRY,ACURA,TL,"PASSENGER CAR, 4-DOOR",N,78409,1,LIABILITY INSURANCE POLICY,FRONT END DAMAGE CONCENTRATED IMPACT,DAMAGED 4,NA,NA,NA,NA,N,TEXSTAR WRECKER,3041 HOLLY RD,DRIVER INATTENTION,FAILED TO CONTROL SPEED,NA,SOUTH,Y,0,0,0,1,0,0,0,1,DRIVER,FRONT LEFT,NOT INJURED,22,HISPANIC,MALE,NO,SHOULDER & LAP BELT,NOT DEPLOYED,NOT APPLICABLE,N,NONE,NA,NA,NONE,NOT APPLICABLE,NOT APPLICABLE,,DRIVER LICENSE,Texas,CLASS C,78408
15080234,1,MOTOR VEHICLE,N,Y,TX,19UUA56692A051115,2002,GRY,ACURA,TL,"PASSENGER CAR, 4-DOOR",N,78409,1,LIABILITY INSURANCE POLICY,FRONT END DAMAGE CONCENTRATED IMPACT,DAMAGED 4,NA,NA,NA,NA,N,TEXSTAR WRECKER,3041 HOLLY RD,DRIVER INATTENTION,FAILED TO CONTROL SPEED,NA,SOUTH,Y,0,0,0,1,0,0,0,1,DRIVER,FRONT LEFT,NOT INJURED,61,HISPANIC,FEMALE,NO,SHOULDER & LAP BELT,NOT DEPLOYED,NOT APPLICABLE,N,NONE,NA,NA,NONE,NOT APPLICABLE,NOT APPLICABLE,,DRIVER LICENSE,Texas,CLASS C,78414
15006859,2,MOTOR VEHICLE,N,Y,TX,1G6KY5497XU929809,1999,WHI,CADILLAC,STS,"PASSENGER CAR, 4-DOOR",N,78702,1,LIABILITY INSURANCE POLICY,FRONT END (LEFT) DAMAGE PARTIAL CONTACT,NO DAMAGE,11,NA,NA,NA,N,,,DISREGARD STOP SIGN OR LIGHT,DRIVER INATTENTION,UNDER INFLUENCE - DRUG,EAST,Y,0,0,0,1,0,0,0,1,DRIVER,FRONT LEFT,NOT INJURED,30,WHITE,FEMALE,NO,SHOULDER & LAP BELT,NOT DEPLOYED,NOT APPLICABLE,N,NONE,NA,NA,NONE,NOT APPLICABLE,NOT APPLICABLE,,DRIVER LICENSE,Texas,CLASS C,78741
15006859,2,MOTOR VEHICLE,N,Y,TX,1G6KY5497XU929809,1999,WHI,CADILLAC,STS,"PASSENGER CAR, 4-DOOR",N,78702,1,LIABILITY INSURANCE POLICY,FRONT END (LEFT) DAMAGE PARTIAL CONTACT,NO DAMAGE,11,NA,NA,NA,N,,,DISREGARD STOP SIGN OR LIGHT,DRIVER INATTENTION,UNDER INFLUENCE - DRUG,EAST,Y,0,0,0,1,0,0,0,1,DRIVER,FRONT LEFT,NOT INJURED,27,BLACK,MALE,NO,SHOULDER & LAP BELT,NOT DEPLOYED,NOT APPLICABLE,N,OTHER (EXPLAIN IN NARRATIVE),NA,NA,OTHER (EXPLAIN IN NARRATIVE),UNKNOWN,UNKNOWN,,DRIVER LICENSE,Texas,CLASS C,78702
15067244,1,MOTOR VEHICLE,N,Y,TX,1J4G248S2YC373423,2000,MAR,JEEP,CHEROKEE,SPORT UTILITY VEHICLE,N,75277,1,PROOF OF LIABILITY INSURANCE,FRONT END DAMAGE DISTRIBUTED IMPACT,DAMAGED 3,12,UNDERCARRIAGE DAMAGE ONLY,NO DAMAGE,12,Y,BIG BASS,BIG BASS 201 MAIN ST MCKINNEY TX 75069,FOLLOWED TOO CLOSELY,NA,HAD BEEN DRINKING,WEST,Y,0,0,0,1,0,0,0,1,DRIVER,FRONT LEFT,NOT INJURED,20,WHITE,MALE,NO,SHOULDER & LAP BELT,NOT DEPLOYED,NOT APPLICABLE,N,NONE,NA,NA,NONE,NOT APPLICABLE,NOT APPLICABLE,,DRIVER LICENSE,Texas,UNKNOWN,75277
15067244,1,MOTOR VEHICLE,N,Y,TX,1J4G248S2YC373423,2000,MAR,JEEP,CHEROKEE,SPORT UTILITY VEHICLE,N,75277,1,PROOF OF LIABILITY INSURANCE,FRONT END DAMAGE DISTRIBUTED IMPACT,DAMAGED 3,12,UNDERCARRIAGE DAMAGE ONLY,NO DAMAGE,12,Y,BIG BASS,BIG BASS 201 MAIN ST MCKINNEY TX 75069,FOLLOWED TOO CLOSELY,NA,HAD BEEN DRINKING,WEST,Y,0,0,0,1,0,0,0,1,DRIVER,FRONT LEFT,NOT INJURED,45,WHITE,FEMALE,NO,SHOULDER & LAP BELT,NOT DEPLOYED,NOT APPLICABLE,N,NONE,NA,NA,NONE,NOT APPLICABLE,NOT APPLICABLE,,DRIVER LICENSE,Texas,CLASS C,75070
15090532,1,MOTOR VEHICLE,N,Y,TX,1GB4KZC83EF150825,NA,WHI,CHEVROLET,SILVERADO,PICKUP,N,79066,1,LIABILITY INSURANCE POLICY,BACK END DAMAGE CONCENTRATED IMPACT,DAMAGED 1 MINIMUM,6,NA,NA,NA,N,,LEFT AT SCENE,BACKED WITHOUT SAFETY,UNDER INFLUENCE - ALCOHOL,NA,SOUTHEAST,Y,0,0,0,1,0,0,0,1,DRIVER,FRONT LEFT,NOT INJURED,43,HISPANIC,MALE,NO,UNKNOWN,NOT DEPLOYED,NOT APPLICABLE,N,BREATH,Positive,0.14,NONE,NOT APPLICABLE,NOT APPLICABLE,,DRIVER LICENSE,Texas,CLASS C,79070
15103130,1,MOTOR VEHICLE,N,Y,TX,1GNDS13S232350485,2003,BLK,CHEVROLET,TRAILBLAZER,SPORT UTILITY VEHICLE,N,77015,2,NA,RIGHT FRONT QUARTER DAMAGE ANGULAR IMPACT,DAMAGED 5,1,BACK END (RIGHT) DAMAGE PARTIAL CONTACT,DAMAGED 3,5,Y,BCD WRECKER SERVICE,16102 AVE C,DISREGARD STOP AND GO SIGNAL,NA,NA,WEST,Y,0,0,0,0,1,0,0,1,DRIVER,FRONT LEFT,POSSIBLE INJURY,67,WHITE,MALE,NO,SHOULDER & LAP BELT,"DEPLOYED, FRONT",NOT APPLICABLE,N,NONE,NA,NA,NONE,NOT APPLICABLE,NOT APPLICABLE,,DRIVER LICENSE,Texas,CLASS C,77532
15103130,1,MOTOR VEHICLE,N,Y,TX,1GNDS13S232350485,2003,BLK,CHEVROLET,TRAILBLAZER,SPORT UTILITY VEHICLE,N,77015,2,NA,RIGHT FRONT QUARTER DAMAGE ANGULAR IMPACT,DAMAGED 5,1,BACK END (RIGHT) DAMAGE PARTIAL CONTACT,DAMAGED 3,5,Y,BCD WRECKER SERVICE,16102 AVE C,DISREGARD STOP AND GO SIGNAL,NA,NA,WEST,Y,0,0,0,0,1,0,0,1,DRIVER,FRONT LEFT,NOT INJURED,33,BLACK,FEMALE,NO,SHOULDER & LAP BELT,NOT APPLICABLE,NOT APPLICABLE,N,NONE,NA,NA,NONE,NOT APPLICABLE,NOT APPLICABLE,,DRIVER LICENSE,Texas,CLASS C,77044
15103130,1,MOTOR VEHICLE,N,Y,TX,1GNDS13S232350485,2003,BLK,CHEVROLET,TRAILBLAZER,SPORT UTILITY VEHICLE,N,77015,2,NA,RIGHT FRONT QUARTER DAMAGE ANGULAR IMPACT,DAMAGED 5,1,BACK END (RIGHT) DAMAGE PARTIAL CONTACT,DAMAGED 3,5,Y,BCD WRECKER SERVICE,16102 AVE C,DISREGARD STOP AND GO SIGNAL,NA,NA,WEST,Y,0,0,0,0,1,0,0,1,DRIVER,FRONT LEFT,NOT INJURED,49,WHITE,MALE,NO,SHOULDER & LAP BELT,NOT DEPLOYED,NOT APPLICABLE,N,NONE,NA,NA,NONE,NOT APPLICABLE,NOT APPLICABLE,,DRIVER LICENSE,Texas,CLASS C,77044
15118327,2,MOTOR VEHICLE,N,Y,UN,2CNDL13F066033431,2006,99,CHEVROLET,EQUINOX,UNKNOWN,N,75701,1,LIABILITY INSURANCE POLICY,FRONT END DAMAGE DISTRIBUTED IMPACT,DAMAGED 2,3,NA,NA,NA,N,,,CHANGED LANE WHEN UNSAFE,NA,DRIVER INATTENTION,NORTHEAST,Y,0,0,0,1,0,0,0,1,DRIVER,FRONT LEFT,NOT INJURED,66,WHITE,MALE,NO,SHOULDER & LAP BELT,NOT DEPLOYED,NOT APPLICABLE,N,NONE,NA,NA,NONE,NOT APPLICABLE,NOT APPLICABLE,,DRIVER LICENSE,Texas,CLASS C,75750