CRASH_ID,UNIT_NBR,UNIT_DESC_ID,VEH_PARKED_FL,VEH_HNR_FL,VEH_LIC_STATE_ID,VIN,VEH_MOD_YEAR,VEH_COLOR_ID,VEH_MAKE_ID,VEH_MOD_ID,VEH_BODY_STYL_ID,EMER_RESPNDR_FL,OWNR_ZIP,FIN_RESP_PROOF_ID,FIN_RESP_TYPE_ID,VEH_DMAG_AREA_1_ID,VEH_DMAG_SCL_1_ID,FORCE_DIR_1_ID,VEH_DMAG_AREA_2_ID,VEH_DMAG_SCL_2_ID,FORCE_DIR_2_ID,VEH_INVENTORIED_FL,VEH_TRANSP_NAME,VEH_TRANSP_DEST,CONTRIB_FACTR_1_ID,CONTRIB_FACTR_2_ID,CONTRIB_FACTR_P1_ID,VEH_TRVL_DIR_ID,FIRST_HARM_EVT_INV_ID,INCAP_INJRY_CNT,NONINCAP_INJRY_CNT,POSS_INJRY_CNT,NON_INJRY_CNT,UNKN_INJRY_CNT,TOT_INJRY_CNT,DEATH_CNT,PRSN_NBR,PRSN_TYPE_ID,PRSN_OCCPNT_POS_ID,PRSN_INJRY_SEV_ID,PRSN_AGE,PRSN_ETHNICITY_ID,PRSN_GNDR_ID,PRSN_EJCT_ID,PRSN_REST_ID,PRSN_AIRBAG_ID,PRSN_HELMET_ID,PRSN_SOL_FL,PRSN_ALC_SPEC_TYPE_ID,PRSN_ALC_RSLT_ID,PRSN_BAC_TEST_RSLT,PRSN_DRG_SPEC_TYPE_ID,PRSN_DRG_RSLT_ID,DRVR_DRG_CAT_1_ID,PRSN_DEATH_TIME,DRVR_LIC_TYPE_ID,DRVR_LIC_STATE_ID,DRVR_LIC_CLS_ID,DRVR_ZIP
15014825,1,MOTOR VEHICLE,N,Y,TX,1GKS1KE07ER236887,NA,WHI,GMC,YUKON,SPORT UTILITY VEHICLE,N,78852,1,PROOF OF LIABILITY INSURANCE,FRONT END DAMAGE DISTRIBUTED IMPACT,NO DAMAGE,12,NA,NA,NA,N,,,DRIVER INATTENTION,FOLLOWED TOO CLOSELY,NA,EAST,Y,0,0,0,1,0,0,0,1,DRIVER,FRONT LEFT,NOT INJURED,32,HISPANIC,MALE,NO,SHOULDER & LAP BELT,NOT DEPLOYED,NOT APPLICABLE,N,NONE,NA,NA,NONE,NOT APPLICABLE,NOT APPLICABLE,,DRIVER LICENSE,Texas,CLASS C,78852
15067094,1,MOTOR VEHICLE,N,Y,TX,5FNRL38247B066567,2007,BLU,HONDA,ODYSSEY,VAN,N,77571,1,PROOF OF LIABILITY INSURANCE,FRONT END (RIGHT)  DAMAGE PARTIAL CONTACT,DAMAGED 2,2,NA,NA,NA,Y,RELEASED TO REG OWNER,LEFT AT SCENE,FAILED TO CONTROL SPEED,NA,NA,WEST,Y,0,0,0,1,0,0,0,1,DRIVER,FRONT LEFT,NOT INJURED,33,ASIAN,MALE,NO,SHOULDER & LAP BELT,NOT DEPLOYED,NOT APPLICABLE,N,NONE,NA,NA,NONE,NOT APPLICABLE,NOT APPLICABLE,,DRIVER LICENSE,Texas,CLASS C,77571
15123963,2,MOTOR VEHICLE,N,Y,TX,5NPEC4AC0BH274513,NA,WHI,HYUNDAI,SONATA,"PASSENGER CAR, 4-DOOR",N,75052,1,PROOF OF LIABILITY INSURANCE,BACK END DAMAGE CONCENTRATED IMPACT,DAMAGED 1 MINIMUM,6,NA,NA,NA,N,DRIVER,TRAFFIC,NONE,NA,NA,EAST,Y,0,0,0,3,0,0,0,1,DRIVER,FRONT LEFT,NOT INJURED,73,WHITE,FEMALE,NO,UNKNOWN,UNKNOWN,NOT APPLICABLE,N,NONE,NA,NA,NONE,NOT APPLICABLE,NOT APPLICABLE,,DRIVER LICENSE,Texas,CLASS C,79932
15123963,1,MOTOR VEHICLE,N,Y,UN,SAJKX6241TC780960,1996,99,JAGUAR,UNKNOWN,UNKNOWN,N,79932,1,PROOF OF LIABILITY INSURANCE,FRONT END DAMAGE DISTRIBUTED IMPACT,NO DAMAGE,12,NA,NA,NA,N,DRIVER,TRAFFIC,FAILED TO CONTROL SPEED,NA,NA,EAST,Y,0,0,0,1,0,0,0,1,DRIVER,FRONT LEFT,NOT INJURED,73,WHITE,FEMALE,NO,UNKNOWN,UNKNOWN,NOT APPLICABLE,N,NONE,NA,NA,NONE,NOT APPLICABLE,NOT APPLICABLE,,DRIVER LICENSE,Texas,CLASS C,79932
15123963,2,MOTOR VEHICLE,N,Y,TX,5NPEC4AC0BH274513,NA,WHI,HYUNDAI,SONATA,"PASSENGER CAR, 4-DOOR",N,75052,1,PROOF OF LIABILITY INSURANCE,BACK END DAMAGE CONCENTRATED IMPACT,DAMAGED 1 MINIMUM,6,NA,NA,NA,N,DRIVER,TRAFFIC,NONE,NA,NA,EAST,Y,0,0,0,3,0,0,0,1,DRIVER,FRONT LEFT,NOT INJURED,43,BLACK,MALE,NO,SHOULDER & LAP BELT,NOT DEPLOYED,NOT APPLICABLE,N,NONE,NA,NA,NONE,NOT APPLICABLE,NOT APPLICABLE,,DRIVER LICENSE,Texas,CLASS B,75052
15123963,1,MOTOR VEHICLE,N,Y,UN,SAJKX6241TC780960,1996,99,JAGUAR,UNKNOWN,UNKNOWN,N,79932,1,PROOF OF LIABILITY INSURANCE,FRONT END DAMAGE DISTRIBUTED IMPACT,NO DAMAGE,12,NA,NA,NA,N,DRIVER,TRAFFIC,FAILED TO CONTROL SPEED,NA,NA,EAST,Y,0,0,0,1,0,0,0,1,DRIVER,FRONT LEFT,NOT INJURED,43,BLACK,MALE,NO,SHOULDER & LAP BELT,NOT DEPLOYED,NOT APPLICABLE,N,NONE,NA,NA,NONE,NOT APPLICABLE,NOT APPLICABLE,,DRIVER LICENSE,Texas,CLASS B,75052
15140816,5,MOTOR VEHICLE,N,Y,UN,,NA,99,NA,NA,UNKNOWN,N,,NA,NA,NA,NA,NA,NA,NA,NA,,,,NONE,NA,NA,UNKNOWN,N,0,0,0,0,1,0,0,1,DRIVER,FRONT LEFT,NOT INJURED,34,ASIAN,MALE,NO,SHOULDER & LAP BELT,DEPLOYED MULTIPLE,NOT APPLICABLE,N,NONE,NA,NA,NONE,NOT APPLICABLE,NOT APPLICABLE,,DRIVER LICENSE,Texas,CLASS C,77083
15140816,5,MOTOR VEHICLE,N,Y,UN,,NA,99,NA,NA,UNKNOWN,N,,NA,NA,NA,NA,NA,NA,NA,NA,,,,NONE,NA,NA,UNKNOWN,N,0,0,0,0,1,0,0,1,DRIVER,FRONT LEFT,NOT INJURED,60,BLACK,FEMALE,NO,UNKNOWN,NOT DEPLOYED,NOT APPLICABLE,N,NONE,NA,NA,NONE,NOT APPLICABLE,NOT APPLICABLE,,DRIVER LICENSE,Louisiana,OTHER/OUT OF STATE,77099
15140816,5,MOTOR VEHICLE,N,Y,UN,,NA,99,NA,NA,UNKNOWN,N,,NA,NA,NA,NA,NA,NA,NA,NA,,,,NONE,NA,NA,UNKNOWN,N,0,0,0,0,1,0,0,1,DRIVER,FRONT LEFT,NOT INJURED,56,BLACK,MALE,NO,SHOULDER & LAP BELT,NOT DEPLOYED,NOT APPLICABLE,N,NONE,NA,NA,NONE,NOT APPLICABLE,NOT APPLICABLE,,DRIVER LICENSE,Texas,CLASS C,77477
15140816,5,MOTOR VEHICLE,N,Y,UN,,NA,99,NA,NA,UNKNOWN,N,,NA,NA,NA,NA,NA,NA,NA,NA,,,,NONE,NA,NA,UNKNOWN,N,0,0,0,0,1,0,0,1,DRIVER,FRONT LEFT,NOT INJURED,48,HISPANIC,MALE,NO,SHOULDER & LAP BELT,NOT DEPLOYED,NOT APPLICABLE,N,NONE,NA,NA,NONE,NOT APPLICABLE,NOT APPLICABLE,,DRIVER LICENSE,Texas,CLASS C,77099
15020975,1,MOTOR VEHICLE,N,Y,TX,1YVFP80C155M36875,2005,GRY,MAZDA,6I,"PASSENGER CAR, 4-DOOR",N,75020,1,PROOF OF LIABILITY INSURANCE,FRONT END DAMAGE DISTRIBUTED IMPACT,DAMAGED 1 MINIMUM,12,NA,NA,NA,N,,,FOLLOWED TOO CLOSELY,NA,NA,UNKNOWN,Y,0,0,0,1,0,0,0,1,DRIVER,FRONT LEFT,NOT INJURED,73,WHITE,FEMALE,NO,SHOULDER & LAP BELT,NOT DEPLOYED,NOT APPLICABLE,N,NONE,NA,NA,NONE,NOT APPLICABLE,NOT APPLICABLE,,DRIVER LICENSE,Texas,CLASS C,75020
15020975,1,MOTOR VEHICLE,N,Y,TX,1YVFP80C155M36875,2005,GRY,MAZDA,6I,"PASSENGER CAR, 4-DOOR",N,75020,1,PROOF OF LIABILITY INSURANCE,FRONT END DAMAGE DISTRIBUTED IMPACT,DAMAGED 1 MINIMUM,12,NA,NA,NA,N,,,FOLLOWED TOO CLOSELY,NA,NA,UNKNOWN,Y,0,0,0,1,0,0,0,1,DRIVER,FRONT LEFT,NOT INJURED,49,WHITE,FEMALE,NO,SHOULDER & LAP BELT,NOT DEPLOYED,NOT APPLICABLE,N,NONE,NA,NA,NONE,NOT APPLICABLE,NOT APPLICABLE,,DRIVER LICENSE,Texas,CLASS C,75020
15029321,1,MOTOR VEHICLE,N,Y,TX,JM3ER2W50A0348772,NA,WHI,MAZDA,CX-7,SPORT UTILITY VEHICLE,N,77581,1,PROOF OF LIABILITY INSURANCE,FRONT END DAMAGE DISTRIBUTED IMPACT,DAMAGED 2,12,NA,NA,NA,Y,AMERICAN WRECKER,"3502 LOCKHEED, PEARLAND, TX",FAILED TO YIELD ROW - TURNING LEFT,WRONG WAY - ONE WAY ROAD,NA,WEST,Y,0,0,0,1,0,0,0,1,DRIVER,FRONT LEFT,NOT INJURED,56,HISPANIC,FEMALE,NO,SHOULDER & LAP BELT,NOT DEPLOYED,NOT APPLICABLE,N,NONE,NA,NA,NONE,NOT APPLICABLE,NOT APPLICABLE,,DRIVER LICENSE,Texas,UNKNOWN,77581
15029321,1,MOTOR VEHICLE,N,Y,TX,JM3ER2W50A0348772,NA,WHI,MAZDA,CX-7,SPORT UTILITY VEHICLE,N,77581,1,PROOF OF LIABILITY INSURANCE,FRONT END DAMAGE DISTRIBUTED IMPACT,DAMAGED 2,12,NA,NA,NA,Y,AMERICAN WRECKER,"3502 LOCKHEED, PEARLAND, TX",FAILED TO YIELD ROW - TURNING LEFT,WRONG WAY - ONE WAY ROAD,NA,WEST,Y,0,0,0,1,0,0,0,1,DRIVER,FRONT LEFT,NOT INJURED,53,WHITE,MALE,NO,SHOULDER & LAP BELT,NOT DEPLOYED,NOT APPLICABLE,N,NONE,NA,NA,NONE,NOT APPLICABLE,NOT APPLICABLE,,DRIVER LICENSE,Texas,CLASS C,77581
15036803,1,MOTOR VEHICLE,N,Y,TX,1N4BL21E77C145766,2007,BLK,NISSAN,ALTIMA,"PASSENGER CAR, 4-DOOR",N,77514,1,PROOF OF LIABILITY INSURANCE,BACK END DAMAGE CONCENTRATED IMPACT,NO DAMAGE,6,NA,NA,NA,N,,,BACKED WITHOUT SAFETY,NA,NA,WEST,Y,0,0,0,1,0,0,0,1,DRIVER,FRONT LEFT,NOT INJURED,20,HISPANIC,FEMALE,NO,SHOULDER & LAP BELT,NOT DEPLOYED,NOT APPLICABLE,N,NONE,NA,NA,NONE,NOT APPLICABLE,NOT APPLICABLE,,DRIVER LICENSE,Texas,CLASS C,77514
15136070,1,MOTOR VEHICLE,N,Y,TX,3N1CN7AP8FL922890,NA,GRY,NISSAN,VERSA,"PASSENGER CAR, 4-DOOR",N,78526,1,PROOF OF LIABILITY INSURANCE,RIGHT FRONT QUARTER DAMAGE ANGULAR IMPACT,DAMAGED 5,1,NA,NA,NA,Y,PRIVATE TOW,OWNER'S ADDRESS,FAILED TO CONTROL SPEED,NA,NA,SOUTH,Y,0,0,0,0,1,0,0,1,DRIVER,FRONT LEFT,UNKNOWN,22,UNKNOWN,MALE,UNKNOWN,UNKNOWN,NOT DEPLOYED,NOT APPLICABLE,N,NONE,NA,NA,NONE,NOT APPLICABLE,NOT APPLICABLE,,DRIVER LICENSE,Texas,CLASS C,78526
15136070,1,MOTOR VEHICLE,N,Y,TX,3N1CN7AP8FL922890,NA,GRY,NISSAN,VERSA,"PASSENGER CAR, 4-DOOR",N,78526,1,PROOF OF LIABILITY INSURANCE,RIGHT FRONT QUARTER DAMAGE ANGULAR IMPACT,DAMAGED 5,1,NA,NA,NA,Y,PRIVATE TOW,OWNER'S ADDRESS,FAILED TO CONTROL SPEED,NA,NA,SOUTH,Y,0,0,0,0,1,0,0,1,DRIVER,FRONT LEFT,POSSIBLE INJURY,75,HISPANIC,MALE,NO,SHOULDER & LAP BELT,NOT DEPLOYED,NOT APPLICABLE,N,NONE,NA,NA,NONE,NOT APPLICABLE,NOT APPLICABLE,,DRIVER LICENSE,Illinois,OTHER/OUT OF STATE,60477
14992860,1,MOTOR VEHICLE,N,Y,TX,JHMCM56694C021717,2004,BLK,HONDA,ACCORD,"PASSENGER CAR, 4-DOOR",N,75080,1,PROOF OF LIABILITY INSURANCE,FRONT END DAMAGE DISTRIBUTED IMPACT,DAMAGED 4,12,LEFT FRONT QUARTER DAMAGE ANGULAR IMPACT,DAMAGED 3,10,Y,MCINTYRE'S WRECKER,MCINTYRE'S WRECKER SERVICE,UNSAFE SPEED,NA,UNDER INFLUENCE - ALCOHOL,NORTHWEST,Y,0,0,0,1,0,0,0,1,DRIVER,FRONT LEFT,NOT INJURED,21,WHITE,FEMALE,NO,SHOULDER & LAP BELT,NOT DEPLOYED,NOT APPLICABLE,N,NONE,NA,NA,NONE,NOT APPLICABLE,NOT APPLICABLE,,DRIVER LICENSE,Texas,CLASS C,75150
15022707,1,MOTOR VEHICLE,N,Y,TX,2G1WB58K189201696,NA,GRY,CHEVROLET,NA,"PASSENGER CAR, 4-DOOR",N,75241,2,NA,LEFT BACK QUARTER DAMAGE ANGULAR IMPACT,DAMAGED 2,5,BACK END (LEFT) DAMAGE PARTIAL CONTACT,DAMAGED 2,5,N,,,FAILED TO YIELD ROW - TURNING LEFT,NA,NA,WEST,Y,0,0,0,1,0,0,0,1,DRIVER,FRONT LEFT,NOT INJURED,25,BLACK,FEMALE,NO,UNKNOWN,UNKNOWN,NOT APPLICABLE,N,NONE,NA,NA,NONE,NOT APPLICABLE,NOT APPLICABLE,,DRIVER LICENSE,Texas,CLASS C,75241
15022707,1,MOTOR VEHICLE,N,Y,TX,2G1WB58K189201696,NA,GRY,CHEVROLET,NA,"PASSENGER CAR, 4-DOOR",N,75241,2,NA,LEFT BACK QUARTER DAMAGE ANGULAR IMPACT,DAMAGED 2,5,BACK END (LEFT) DAMAGE PARTIAL CONTACT,DAMAGED 2,5,N,,,FAILED TO YIELD ROW - TURNING LEFT,NA,NA,WEST,Y,0,0,0,1,0,0,0,1,DRIVER,FRONT LEFT,NOT INJURED,56,BLACK,MALE,NO,SHOULDER & LAP BELT,NOT DEPLOYED,NOT APPLICABLE,N,NONE,NA,NA,NONE,NOT APPLICABLE,NOT APPLICABLE,,DRIVER LICENSE,Texas,CLASS C,75070
15089161,3,MOTOR VEHICLE,N,Y,TX,1GCDM19W3XB139511,1999,99,CHEVROLET,ASTRO,VAN,N,77036,1,PROOF OF LIABILITY INSURANCE,FRONT END (RIGHT)  DAMAGE PARTIAL CONTACT,DAMAGED 2,1,NA,NA,NA,N,DRIVER,DRIVEN,NONE,NA,NA,NORTH,N,0,0,0,2,0,0,0,1,DRIVER,FRONT LEFT,NON-INCAPACITATING INJURY,38,HISPANIC,MALE,NO,UNKNOWN,NOT DEPLOYED,NOT APPLICABLE,N,NONE,NA,NA,NONE,NOT APPLICABLE,NOT APPLICABLE,,DRIVER LICENSE,Texas,CLASS C,77073
15089161,2,MOTOR VEHICLE,N,Y,TX,3FAHP06Z07R194033,2007,99,FORD,FUSION,"PASSENGER CAR, 4-DOOR",N,77060,2,NA,RIGHT BACK QUARTER DAMAGE ANGULAR IMPACT,DAMAGED 4,1,LEFT BACK QUARTER DAMAGE ANGULAR IMPACT,DAMAGED 4,1,N,5675 W. TIDWELL,CAR KING TOWING,NONE,NA,NA,NORTH,Y,0,0,1,0,0,1,0,1,DRIVER,FRONT LEFT,NON-INCAPACITATING INJURY,38,HISPANIC,MALE,NO,UNKNOWN,NOT DEPLOYED,NOT APPLICABLE,N,NONE,NA,NA,NONE,NOT APPLICABLE,NOT APPLICABLE,,DRIVER LICENSE,Texas,CLASS C,77073
15089161,1,MOTOR VEHICLE,N,Y,TX,1G1YY24UX55125630,2005,SIL,CHEVROLET,CORVETTE,"PASSENGER CAR, 2-DOOR",N,77073,3,PROOF OF LIABILITY INSURANCE,LEFT FRONT QUARTER DAMAGE ANGULAR IMPACT,DAMAGED 4,1,NA,NA,NA,N,DC WRECKER,514 W. CANINO,FAILED TO CONTROL SPEED,NA,NA,NORTH,Y,0,1,0,0,0,1,0,1,DRIVER,FRONT LEFT,NON-INCAPACITATING INJURY,38,HISPANIC,MALE,NO,UNKNOWN,NOT DEPLOYED,NOT APPLICABLE,N,NONE,NA,NA,NONE,NOT APPLICABLE,NOT APPLICABLE,,DRIVER LICENSE,Texas,CLASS C,77073
15100346,3,MOTOR VEHICLE,N,Y,UN,,NA,99,NA,NA,UNKNOWN,N,,2,NA,BACK END DAMAGE DISTRIBUTED IMPACT,DAMAGED 1 MINIMUM,12,NA,NA,NA,N,DRIVER,ROADWAY,NONE,NA,NA,WEST,N,0,0,0,0,1,0,0,1,DRIVER,FRONT LEFT,NOT INJURED,59,HISPANIC,MALE,NO,LAP BELT ONLY,NOT DEPLOYED,NOT APPLICABLE,N,NONE,NA,NA,NONE,NOT APPLICABLE,NOT APPLICABLE,,DRIVER LICENSE,Texas,CLASS C,79938
15100346,2,MOTOR VEHICLE,N,Y,TX,3GCEC14X37G210401,2007,BLU,CHEVROLET,SILVERADO C1500,PICKUP,N,79938,1,PROOF OF LIABILITY INSURANCE,BACK END DAMAGE DISTRIBUTED IMPACT,DAMAGED 2,6,FRONT END DAMAGE DISTRIBUTED IMPACT,DAMAGED 2,12,N,ROD ROBERTSON,3809 ROGER JOSEPH,NONE,NA,NA,WEST,Y,0,0,1,0,0,1,0,1,DRIVER,FRONT LEFT,NOT INJURED,59,HISPANIC,MALE,NO,LAP BELT ONLY,NOT DEPLOYED,NOT APPLICABLE,N,NONE,NA,NA,NONE,NOT APPLICABLE,NOT APPLICABLE,,DRIVER LICENSE,Texas,CLASS C,79938
15100346,1,MOTOR VEHICLE,N,Y,TX,0C144K115432,1960,RED,CHEVROLET,UNKNOWN,PICKUP,N,79938,1,PROOF OF LIABILITY INSURANCE,FRONT END DAMAGE CONCENTRATED IMPACT,DAMAGED 2,11,NA,NA,NA,N,DRIVER,15270 CACTUS FLOWER,FAILED TO CONTROL SPEED,NA,NA,WEST,Y,0,0,0,1,0,0,0,1,DRIVER,FRONT LEFT,NOT INJURED,59,HISPANIC,MALE,NO,LAP BELT ONLY,NOT DEPLOYED,NOT APPLICABLE,N,NONE,NA,NA,NONE,NOT APPLICABLE,NOT APPLICABLE,,DRIVER LICENSE,Texas,CLASS C,79938
15119222,1,MOTOR VEHICLE,N,Y,TX,2GCEC19T1Y1286084,2000,GRY,CHEVROLET,SILVERADO,PICKUP,N,79411,1,PROOF OF LIABILITY INSURANCE,FRONT END DAMAGE DISTRIBUTED IMPACT,DAMAGED 1 MINIMUM,12,NA,NA,NA,N,LUBBOCK WRECKER,LUBBOCK WRECKER  3209 SLATON HWY   806-7,FAILED TO CONTROL SPEED,UNDER INFLUENCE - ALCOHOL,NA,EAST,Y,0,0,0,1,0,0,0,1,DRIVER,FRONT LEFT,NOT INJURED,55,HISPANIC,FEMALE,NO,SHOULDER & LAP BELT,NOT DEPLOYED,NOT APPLICABLE,N,NONE,NA,NA,NONE,NOT APPLICABLE,NOT APPLICABLE,,DRIVER LICENSE,Texas,CLASS C,79382
15119222,1,MOTOR VEHICLE,N,Y,TX,2GCEC19T1Y1286084,2000,GRY,CHEVROLET,SILVERADO,PICKUP,N,79411,1,PROOF OF LIABILITY INSURANCE,FRONT END DAMAGE DISTRIBUTED IMPACT,DAMAGED 1 MINIMUM,12,NA,NA,NA,N,LUBBOCK WRECKER,LUBBOCK WRECKER  3209 SLATON HWY   806-7,FAILED TO CONTROL SPEED,UNDER INFLUENCE - ALCOHOL,NA,EAST,Y,0,0,0,1,0,0,0,1,DRIVER,FRONT LEFT,POSSIBLE INJURY,25,HISPANIC,MALE,NO,SHOULDER & LAP BELT,NOT DEPLOYED,NOT APPLICABLE,N,NONE,NA,NA,NONE,NOT APPLICABLE,NOT APPLICABLE,,DRIVER LICENSE,Texas,CLASS C,79316
15028403,1,MOTOR VEHICLE,N,Y,MS,1D7HA18N48S544660,NA,BLU,DODGE,RAM 1500,PICKUP,N,38671,1,PROOF OF LIABILITY INSURANCE,FRONT END (LEFT) DAMAGE PARTIAL CONTACT,DAMAGED 2,11,NA,NA,NA,N,OPERATOR,DRIVEN AWAY,SPEEDING - (OVERLIMIT),FAILED TO PASS TO LEFT SAFELY,NA,SOUTH,Y,0,0,0,1,0,0,0,1,DRIVER,FRONT LEFT,NOT INJURED,21,BLACK,MALE,NO,SHOULDER & LAP BELT,NOT DEPLOYED,NOT APPLICABLE,N,NONE,NA,NA,NONE,NOT APPLICABLE,NOT APPLICABLE,,DRIVER LICENSE,Texas,CLASS C,75203
15028403,1,MOTOR VEHICLE,N,Y,MS,1D7HA18N48S544660,NA,BLU,DODGE,RAM 1500,PICKUP,N,38671,1,PROOF OF LIABILITY INSURANCE,FRONT END (LEFT) DAMAGE PARTIAL CONTACT,DAMAGED 2,11,NA,NA,NA,N,OPERATOR,DRIVEN AWAY,SPEEDING - (OVERLIMIT),FAILED TO PASS TO LEFT SAFELY,NA,SOUTH,Y,0,0,0,1,0,0,0,1,DRIVER,FRONT LEFT,NOT INJURED,34,HISPANIC,MALE,NO,SHOULDER & LAP BELT,NOT DEPLOYED,NOT APPLICABLE,N,NONE,NA,NA,NONE,NOT APPLICABLE,NOT APPLICABLE,,DRIVER LICENSE,Texas,CLASS C,75050
15110125,3,MOTOR VEHICLE,N,Y,NA,,NA,WHI,NA,NA,"PASSENGER CAR, 4-DOOR",N,,NA,NA,NA,NA,NA,NA,NA,NA,N,,,NONE,NA,NA,NORTH,N,0,0,0,0,0,0,0,1,DRIVER,FRONT LEFT,NOT INJURED,35,WHITE,MALE,NO,SHOULDER & LAP BELT,NOT DEPLOYED,NOT APPLICABLE,N,NONE,NA,NA,NONE,NOT APPLICABLE,NOT APPLICABLE,,DRIVER LICENSE,Texas,CLASS C,77429
15110125,3,MOTOR VEHICLE,N,Y,NA,,NA,WHI,NA,NA,"PASSENGER CAR, 4-DOOR",N,,NA,NA,NA,NA,NA,NA,NA,NA,N,,,NONE,NA,NA,NORTH,N,0,0,0,0,0,0,0,1,DRIVER,FRONT LEFT,NOT INJURED,51,BLACK,MALE,NO,SHOULDER & LAP BELT,NOT DEPLOYED,NOT APPLICABLE,N,NONE,NA,NA,NONE,NOT APPLICABLE,NOT APPLICABLE,,DRIVER LICENSE,Texas,CLASS C,77028
14995783,1,MOTOR VEHICLE,N,Y,TX,3G5DA03E55S501785,2004,SIL,BUICK,RENDEZVOUS,"PASSENGER CAR, 4-DOOR",N,79414,1,LIABILITY INSURANCE POLICY,FRONT END (LEFT) DAMAGE PARTIAL CONTACT,DAMAGED 1 MINIMUM,11,NA,NA,NA,Y,LUBBOCK WRECKER,LUBBOCK WRECKER  3209 SLATON HWY,HAD BEEN DRINKING,NA,NA,WEST,Y,0,0,0,1,0,0,0,1,DRIVER,FRONT LEFT,NOT INJURED,24,WHITE,MALE,NO,SHOULDER & LAP BELT,NOT DEPLOYED,NOT APPLICABLE,N,URINE,NA,NA,BLOOD,UNKNOWN,UNKNOWN,,DRIVER LICENSE,Texas,CLASS C,79414
15035067,1,MOTOR VEHICLE,N,Y,TX,3N1AB6AP5AL693684,NA,BLK,NISSAN,SENTRA,"PASSENGER CAR, 4-DOOR",N,76017,1,LIABILITY INSURANCE POLICY,DISTRIBUTED RIGHT SIDE DAMAGE PARALLEL IMPACT,DAMAGED 1 MINIMUM,3,NA,NA,NA,N,FLED SCENE,FLED SCENE,FAILED TO PASS TO LEFT SAFELY,CHANGED LANE WHEN UNSAFE,ROAD RAGE,WEST,Y,0,0,0,1,0,0,0,1,DRIVER,FRONT LEFT,NOT INJURED,41,WHITE,FEMALE,NO,SHOULDER & LAP BELT,NOT DEPLOYED,NOT APPLICABLE,N,NONE,NA,NA,NONE,NOT APPLICABLE,NOT APPLICABLE,,DRIVER LICENSE,Texas,CLASS C,76017
15035067,1,MOTOR VEHICLE,N,Y,TX,3N1AB6AP5AL693684,NA,BLK,NISSAN,SENTRA,"PASSENGER CAR, 4-DOOR",N,76017,1,LIABILITY INSURANCE POLICY,DISTRIBUTED RIGHT SIDE DAMAGE PARALLEL IMPACT,DAMAGED 1 MINIMUM,3,NA,NA,NA,N,FLED SCENE,FLED SCENE,FAILED TO PASS TO LEFT SAFELY,CHANGED LANE WHEN UNSAFE,ROAD RAGE,WEST,Y,0,0,0,1,0,0,0,1,DRIVER,FRONT LEFT,NOT INJURED,37,WHITE,FEMALE,NO,SHOULDER & LAP BELT,NOT DEPLOYED,NOT APPLICABLE,N,NONE,NA,NA,NONE,NOT APPLICABLE,NOT APPLICABLE,,DRIVER LICENSE,Texas,CLASS C,76017
15041078,1,MOTOR VEHICLE,N,Y,TX,1GNEC13R7XJ528546,1999,GLD,CHEVROLET,TAHOE,SPORT UTILITY VEHICLE,N,77026,2,NA,LEFT BACK QUARTER DAMAGE ANGULAR IMPACT,DAMAGED 3,1,RIGHT BACK QUARTER DAMAGE ANGULAR IMPACT,DAMAGED 3,1,N,APPLE TOWING,DART LOT,DISREGARD STOP AND GO SIGNAL,NA,NA,NORTH,Y,0,0,0,1,0,0,0,1,DRIVER,FRONT LEFT,NOT INJURED,24,BLACK,MALE,NO,UNKNOWN,NOT DEPLOYED,NOT APPLICABLE,N,NONE,NA,NA,NONE,NOT APPLICABLE,NOT APPLICABLE,,DRIVER LICENSE,Texas,CLASS C,77026
15041078,1,MOTOR VEHICLE,N,Y,TX,1GNEC13R7XJ528546,1999,GLD,CHEVROLET,TAHOE,SPORT UTILITY VEHICLE,N,77026,2,NA,LEFT BACK QUARTER DAMAGE ANGULAR IMPACT,DAMAGED 3,1,RIGHT BACK QUARTER DAMAGE ANGULAR IMPACT,DAMAGED 3,1,N,APPLE TOWING,DART LOT,DISREGARD STOP AND GO SIGNAL,NA,NA,NORTH,Y,0,0,0,1,0,0,0,1,DRIVER,FRONT LEFT,NON-INCAPACITATING INJURY,55,BLACK,FEMALE,NO,SHOULDER & LAP BELT,NOT DEPLOYED,NOT APPLICABLE,N,NONE,NA,NA,NONE,NOT APPLICABLE,NOT APPLICABLE,,DRIVER LICENSE,Texas,CLASS C,77026
15111009,1,MOTOR VEHICLE,N,Y,TX,2GKFLWE33D6228891,NA,BLK,GMC,TERRAIN,SPORT UTILITY VEHICLE,N,78374,1,PROOF OF LIABILITY INSURANCE,RIGHT SIDE DAMAGE ANGULAR IMPACT,DAMAGED 2,NA,NA,NA,NA,Y,CLUTCH TOWING,2917 AGNES RD,FAILED TO CONTROL SPEED,FLEEING OR EVADING POLICE,FAILED TO DRIVE IN SINGLE LANE,EAST,Y,1,0,0,0,0,1,0,1,DRIVER,FRONT LEFT,INCAPACITATING INJURY,34,WHITE,MALE,NO,UNKNOWN,"DEPLOYED, SIDE",NOT APPLICABLE,N,NONE,NA,NA,NONE,NOT APPLICABLE,NOT APPLICABLE,,DRIVER LICENSE,Texas,CLASS C,78413