CRASH_ID,UNIT_NBR,UNIT_DESC_ID,VEH_PARKED_FL,VEH_HNR_FL,VEH_LIC_STATE_ID,VIN,VEH_MOD_YEAR,VEH_COLOR_ID,VEH_MAKE_ID,VEH_MOD_ID,VEH_BODY_STYL_ID,EMER_RESPNDR_FL,OWNR_ZIP,FIN_RESP_PROOF_ID,FIN_RESP_TYPE_ID,VEH_DMAG_AREA_1_ID,VEH_DMAG_SCL_1_ID,FORCE_DIR_1_ID,VEH_DMAG_AREA_2_ID,VEH_DMAG_SCL_2_ID,FORCE_DIR_2_ID,VEH_INVENTORIED_FL,VEH_TRANSP_NAME,VEH_TRANSP_DEST,CONTRIB_FACTR_1_ID,CONTRIB_FACTR_2_ID,CONTRIB_FACTR_P1_ID,VEH_TRVL_DIR_ID,FIRST_HARM_EVT_INV_ID,INCAP_INJRY_CNT,NONINCAP_INJRY_CNT,POSS_INJRY_CNT,NON_INJRY_CNT,UNKN_INJRY_CNT,TOT_INJRY_CNT,DEATH_CNT,PRSN_NBR,PRSN_TYPE_ID,PRSN_OCCPNT_POS_ID,PRSN_INJRY_SEV_ID,PRSN_AGE,PRSN_ETHNICITY_ID,PRSN_GNDR_ID,PRSN_EJCT_ID,PRSN_REST_ID,PRSN_AIRBAG_ID,PRSN_HELMET_ID,PRSN_SOL_FL,PRSN_ALC_SPEC_TYPE_ID,PRSN_ALC_RSLT_ID,PRSN_BAC_TEST_RSLT,PRSN_DRG_SPEC_TYPE_ID,PRSN_DRG_RSLT_ID,DRVR_DRG_CAT_1_ID,PRSN_DEATH_TIME,DRVR_LIC_TYPE_ID,DRVR_LIC_STATE_ID,DRVR_LIC_CLS_ID,DRVR_ZIP
15111009,1,MOTOR VEHICLE,N,Y,TX,2GKFLWE33D6228891,NA,BLK,GMC,TERRAIN,SPORT UTILITY VEHICLE,N,78374,1,PROOF OF LIABILITY INSURANCE,RIGHT SIDE DAMAGE ANGULAR IMPACT,DAMAGED 2,NA,NA,NA,NA,Y,CLUTCH TOWING,2917 AGNES RD,FAILED TO CONTROL SPEED,FLEEING OR EVADING POLICE,FAILED TO DRIVE IN SINGLE LANE,EAST,Y,1,0,0,0,0,1,0,1,DRIVER,FRONT LEFT,NOT INJURED,43,HISPANIC,FEMALE,NO,SHOULDER & LAP BELT,NOT DEPLOYED,NOT APPLICABLE,N,NONE,NA,NA,NONE,NOT APPLICABLE,NOT APPLICABLE,,DRIVER LICENSE,Texas,CLASS C,78401
14992986,1,MOTOR VEHICLE,N,Y,UN,1GCEC19R0XR120472,1999,99,CHEVROLET,SILVERADO C1500,UNKNOWN,N,78602,1,PROOF OF LIABILITY INSURANCE,FRONT END DAMAGE DISTRIBUTED IMPACT,DAMAGED 1 MINIMUM,12,TOP DAMAGE ONLY,NO DAMAGE,12,Y,TEXAS PRIDE,"867 SH 95 BASTROP, TX",FAILED TO CONTROL SPEED,NA,HAD BEEN DRINKING,NORTH,Y,0,0,0,1,0,0,0,1,DRIVER,FRONT LEFT,NOT INJURED,25,WHITE,MALE,NO,UNKNOWN,NOT DEPLOYED,NOT APPLICABLE,N,NONE,NA,NA,NONE,NOT APPLICABLE,NOT APPLICABLE,,DRIVER LICENSE,Texas,CLASS C,78602
14996650,1,MOTOR VEHICLE,N,Y,TX,1J4PP5GK1AW114497,NA,RED,JEEP,LIBERTY,SPORT UTILITY VEHICLE,N,75670,1,PROOF OF LIABILITY INSURANCE,FRONT END (LEFT) DAMAGE PARTIAL CONTACT,DAMAGED 4,12,NA,NA,NA,N,BULLDOG WRECKER,"22680 HWY 49, JEFFERSON",OTHER (EXPLAIN IN NARRATIVE),FAULTY EVASIVE ACTION,NA,NORTH,Y,0,1,0,0,0,1,0,1,DRIVER,FRONT LEFT,NON-INCAPACITATING INJURY,18,WHITE,FEMALE,NO,SHOULDER & LAP BELT,"DEPLOYED, FRONT",NOT APPLICABLE,N,NONE,NA,NA,NONE,NOT APPLICABLE,NOT APPLICABLE,,DRIVER LICENSE,Texas,CLASS C,75670
15028771,1,MOTOR VEHICLE,N,Y,TX,1GNEC13T41R106013,2001,GRY,CHEVROLET,TAHOE,SPORT UTILITY VEHICLE,N,77012,2,NA,FRONT END (RIGHT)  DAMAGE PARTIAL CONTACT,DAMAGED 2,1,RIGHT BACK QUARTER DAMAGE ANGULAR IMPACT,DAMAGED 1 MINIMUM,3,Y,SARAH INVESTMENTS,10400 SW PLAZA,FAILED TO DRIVE IN SINGLE LANE,NA,NA,NORTH,Y,0,0,0,1,0,0,0,1,DRIVER,FRONT LEFT,NOT INJURED,17,HISPANIC,FEMALE,NO,SHOULDER & LAP BELT,NOT DEPLOYED,NOT APPLICABLE,N,NONE,NA,NA,NONE,NOT APPLICABLE,NOT APPLICABLE,,DRIVER LICENSE,Texas,CLASS C,77044
15032559,1,MOTOR VEHICLE,N,Y,TX,3VWRF71K96M706708,2006,SIL,VOLKSWAGEN,JETTA,"PASSENGER CAR, 4-DOOR",N,78634,1,PROOF OF LIABILITY INSURANCE,BACK END DAMAGE DISTRIBUTED IMPACT,DAMAGED 2,6,NA,NA,NA,Y,STAR TOWING,IMPOUND,FAILED TO CONTROL SPEED,NA,HAD BEEN DRINKING,NORTH,Y,0,0,0,1,0,0,0,1,DRIVER,FRONT LEFT,NOT INJURED,21,BLACK,FEMALE,NO,SHOULDER & LAP BELT,NOT DEPLOYED,NOT APPLICABLE,N,NONE,NA,NA,NONE,NOT APPLICABLE,NOT APPLICABLE,,DRIVER LICENSE,Louisiana,OTHER/OUT OF STATE,71106
15035893,1,MOTOR VEHICLE,N,Y,TX,5TFRV54157X031724,2007,WHI,TOYOTA,TUNDRA,PICKUP,N,77381,1,PROOF OF LIABILITY INSURANCE,LEFT SIDE DAMAGE ANGULAR IMPACT,DAMAGED 3,9,RIGHT SIDE DAMAGE ANGULAR IMPACT,DAMAGED 3,3,Y,EXCEL,"1804 FINFEATHER, BRYAN",FAULTY EVASIVE ACTION,NA,NA,WEST,Y,0,1,0,0,0,1,0,1,DRIVER,FRONT LEFT,NON-INCAPACITATING INJURY,21,WHITE,MALE,NO,SHOULDER & LAP BELT,"DEPLOYED, SIDE",NOT APPLICABLE,N,NONE,NA,NA,NONE,NOT APPLICABLE,NOT APPLICABLE,,DRIVER LICENSE,Texas,CLASS C,77845
15050105,1,MOTOR VEHICLE,N,Y,TX,1A8HX58217F511265,2007,BLK,CHRYSLER,ASPEN,SPORT UTILITY VEHICLE,N,75602,1,LIABILITY INSURANCE POLICY,FRONT END DAMAGE CONCENTRATED IMPACT,DAMAGED 3,NA,NA,NA,NA,Y,JR'S TOWING & RECOVERY,JR'S TOWING & RECOVERY STORAGE FACILITY,UNSAFE SPEED,UNDER INFLUENCE - ALCOHOL,NA,NORTH,Y,0,0,1,0,0,1,0,1,DRIVER,FRONT LEFT,POSSIBLE INJURY,22,HISPANIC,MALE,NO,SHOULDER & LAP BELT,NOT DEPLOYED,NOT APPLICABLE,N,BLOOD,NA,NA,BLOOD,UNKNOWN,UNKNOWN,,DRIVER LICENSE,Texas,CLASS C,75602
15071644,5,MOTOR VEHICLE,N,Y,NA,,NA,NA,NA,NA,UNKNOWN,N,,NA,NA,NA,NA,NA,NA,NA,NA,N,,,NONE,NA,NA,NORTHEAST,N,0,0,0,0,0,0,0,1,DRIVER,FRONT LEFT,NOT INJURED,49,HISPANIC,MALE,NO,SHOULDER & LAP BELT,NOT DEPLOYED,NOT APPLICABLE,N,NONE,NA,NA,NONE,NOT APPLICABLE,NOT APPLICABLE,,DRIVER LICENSE,Texas,CLASS A,76111
15071644,5,MOTOR VEHICLE,N,Y,NA,,NA,NA,NA,NA,UNKNOWN,N,,NA,NA,NA,NA,NA,NA,NA,NA,N,,,NONE,NA,NA,NORTHEAST,N,0,0,0,0,0,0,0,1,DRIVER,FRONT LEFT,POSSIBLE INJURY,50,HISPANIC,MALE,NO,SHOULDER & LAP BELT,UNKNOWN,NOT APPLICABLE,N,NONE,NA,NA,NONE,NOT APPLICABLE,NOT APPLICABLE,,DRIVER LICENSE,Texas,CLASS C,77096
15071644,5,MOTOR VEHICLE,N,Y,NA,,NA,NA,NA,NA,UNKNOWN,N,,NA,NA,NA,NA,NA,NA,NA,NA,N,,,NONE,NA,NA,NORTHEAST,N,0,0,0,0,0,0,0,1,DRIVER,FRONT LEFT,POSSIBLE INJURY,60,BLACK,FEMALE,NO,SHOULDER & LAP BELT,NOT DEPLOYED,NOT APPLICABLE,N,NONE,NA,NA,NONE,NOT APPLICABLE,NOT APPLICABLE,,DRIVER LICENSE,Texas,CLASS C,75054
15128108,1,MOTOR VEHICLE,N,Y,TX,1N4AL2AP1BN409431,NA,99,NISSAN,ALTIMA,"PASSENGER CAR, 4-DOOR",N,75090,1,LIABILITY INSURANCE POLICY,FRONT END DAMAGE CONCENTRATED IMPACT,DAMAGED 3,12,NA,NA,NA,N,DRIVEN AWAY BY OWNER,DRIVEN AWAY BY OWNER,FAILED TO CONTROL SPEED,NA,DRIVER INATTENTION,NORTH,Y,0,0,0,1,0,0,0,1,DRIVER,FRONT LEFT,NOT INJURED,33,WHITE,FEMALE,NO,SHOULDER & LAP BELT,NOT DEPLOYED,NOT APPLICABLE,N,NONE,NA,NA,NONE,NOT APPLICABLE,NOT APPLICABLE,,DRIVER LICENSE,Texas,CLASS C,75090
15128108,1,MOTOR VEHICLE,N,Y,TX,1N4AL2AP1BN409431,NA,99,NISSAN,ALTIMA,"PASSENGER CAR, 4-DOOR",N,75090,1,LIABILITY INSURANCE POLICY,FRONT END DAMAGE CONCENTRATED IMPACT,DAMAGED 3,12,NA,NA,NA,N,DRIVEN AWAY BY OWNER,DRIVEN AWAY BY OWNER,FAILED TO CONTROL SPEED,NA,DRIVER INATTENTION,NORTH,Y,0,0,0,1,0,0,0,1,DRIVER,FRONT LEFT,NOT INJURED,32,WHITE,FEMALE,NO,SHOULDER & LAP BELT,NOT DEPLOYED,NOT APPLICABLE,N,NONE,NA,NA,NONE,NOT APPLICABLE,NOT APPLICABLE,,DRIVER LICENSE,Texas,CLASS C,75489
15080795,1,MOTOR VEHICLE,N,Y,TX,1FTEX15H9RKB85284,1994,WHI,FORD,F150,PICKUP,N,76511,1,PROOF OF LIABILITY INSURANCE,DISTRIBUTED RIGHT SIDE DAMAGE PARALLEL IMPACT,DAMAGED 7 HIGHEST,1,NA,NA,NA,N,FLED THE SCENE,,FAILED TO CONTROL SPEED,NA,SPEEDING - (OVERLIMIT),NORTHWEST,Y,0,0,0,1,0,0,0,1,DRIVER,FRONT LEFT,NOT INJURED,23,BLACK,MALE,NO,SHOULDER & LAP BELT,NOT DEPLOYED,NOT APPLICABLE,N,NONE,NA,NA,NONE,NOT APPLICABLE,NOT APPLICABLE,,DRIVER LICENSE,Texas,CLASS C,76511
15107323,1,MOTOR VEHICLE,N,Y,TX,3B7HC13Y1TG154704,1996,BRO,DODGE,RAM TRUCK 1500,PICKUP,N,78408,1,PROOF OF LIABILITY INSURANCE,FRONT END DAMAGE DISTRIBUTED IMPACT,DAMAGED 4,12,NA,NA,NA,Y,ERIKA'S WRECKER,2528 HOLLY RD,DISREGARD STOP SIGN OR LIGHT,NA,UNDER INFLUENCE - ALCOHOL,NORTH,Y,0,0,0,1,0,0,0,1,DRIVER,FRONT LEFT,NOT INJURED,20,HISPANIC,MALE,NO,SHOULDER & LAP BELT,NOT DEPLOYED,NOT APPLICABLE,N,NONE,NA,NA,NONE,NOT APPLICABLE,NOT APPLICABLE,,DRIVER LICENSE,Texas,CLASS C,
15107323,1,MOTOR VEHICLE,N,Y,TX,3B7HC13Y1TG154704,1996,BRO,DODGE,RAM TRUCK 1500,PICKUP,N,78408,1,PROOF OF LIABILITY INSURANCE,FRONT END DAMAGE DISTRIBUTED IMPACT,DAMAGED 4,12,NA,NA,NA,Y,ERIKA'S WRECKER,2528 HOLLY RD,DISREGARD STOP SIGN OR LIGHT,NA,UNDER INFLUENCE - ALCOHOL,NORTH,Y,0,0,0,1,0,0,0,1,DRIVER,FRONT LEFT,NOT INJURED,27,HISPANIC,MALE,NO,SHOULDER & LAP BELT,NOT DEPLOYED,NOT APPLICABLE,N,NONE,NA,NA,NONE,NOT APPLICABLE,NOT APPLICABLE,,DRIVER LICENSE,Texas,CLASS C,78416
15111731,1,MOTOR VEHICLE,N,Y,NA,,NA,BLU,NA,NA,UNKNOWN,N,,NA,NA,NA,NA,NA,NA,NA,NA,N,,,FAILED TO CONTROL SPEED,NA,NA,NORTH,Y,0,0,0,1,0,0,0,1,DRIVER,FRONT LEFT,NOT INJURED,32,OTHER,MALE,NO,NOT APPLICABLE,NOT APPLICABLE,NOT APPLICABLE,N,NONE,NA,NA,NONE,NOT APPLICABLE,NOT APPLICABLE,,DRIVER LICENSE,Texas,CLASS C,77040
15111731,1,MOTOR VEHICLE,N,Y,NA,,NA,BLU,NA,NA,UNKNOWN,N,,NA,NA,NA,NA,NA,NA,NA,NA,N,,,FAILED TO CONTROL SPEED,NA,NA,NORTH,Y,0,0,0,1,0,0,0,1,DRIVER,FRONT LEFT,NOT INJURED,26,WHITE,MALE,NO,NOT APPLICABLE,NOT DEPLOYED,NOT APPLICABLE,N,NONE,NA,NA,NONE,NOT APPLICABLE,NOT APPLICABLE,,DRIVER LICENSE,Texas,CLASS C,77041
15113687,1,MOTOR VEHICLE,N,Y,TX,KMHWF35H53A871074,2003,MAR,KIA,SORENTO,SPORT UTILITY VEHICLE,N,78201,2,NA,DISTRIBUTED RIGHT SIDE DAMAGE PARALLEL IMPACT,DAMAGED 4,3,NA,NA,NA,Y,1600 SW 19 TH,GROWDON,UNDER INFLUENCE - ALCOHOL,DRIVER INATTENTION,NA,NORTH,Y,0,0,0,1,0,0,0,1,DRIVER,FRONT LEFT,NOT INJURED,43,BLACK,MALE,NO,UNKNOWN,NOT DEPLOYED,NOT APPLICABLE,N,BLOOD,Positive,0.176,NONE,NOT APPLICABLE,NOT APPLICABLE,,DRIVER LICENSE,Texas,CLASS C,78201
15121886,1,MOTOR VEHICLE,N,Y,TX,2GCEC19V611132610,2001,BLK,CHEVROLET,SILVERADO,PICKUP,N,78380,1,LIABILITY INSURANCE POLICY,FRONT END DAMAGE DISTRIBUTED IMPACT,DAMAGED 4,12,NA,NA,NA,Y,AUSTEX TOWING & RECOVERY,"1408 THREE POINTS RD PFLUGERVILLE, TX",UNDER INFLUENCE - ALCOHOL,NA,NA,EAST,Y,0,0,0,1,0,0,0,1,DRIVER,FRONT LEFT,NOT INJURED,19,HISPANIC,MALE,NO,SHOULDER & LAP BELT,NOT DEPLOYED,NOT APPLICABLE,N,NONE,NA,NA,BLOOD,UNKNOWN,UNKNOWN,,DRIVER LICENSE,Texas,CLASS C,78660
15006782,1,MOTOR VEHICLE,N,Y,TX,1N4AL21E89C113505,NA,WHI,NISSAN,ALTIMA,"PASSENGER CAR, 4-DOOR",N,79407,1,LIABILITY INSURANCE POLICY,FRONT END DAMAGE DISTRIBUTED IMPACT,DAMAGED 3,12,DISTRIBUTED LEFT SIDE DAMAGE PARALLEL IMPACT,DAMAGED 5,3,N,LUBBOCK WRECKER,LUBBOCK WRECKER  3209 SLATON HWY,FAILED TO CONTROL SPEED,NA,NA,SOUTHWEST,Y,0,0,1,0,0,1,0,1,DRIVER,FRONT LEFT,POSSIBLE INJURY,26,WHITE,MALE,NO,UNKNOWN,DEPLOYED MULTIPLE,NOT APPLICABLE,N,NONE,NA,NA,NONE,NOT APPLICABLE,NOT APPLICABLE,,DRIVER LICENSE,Texas,CLASS C,79407
15031828,1,MOTOR VEHICLE,N,Y,TX,WMWRC33556TK18270,2006,GRY,MINI,COOPER,"PASSENGER CAR, 2-DOOR",N,79605,1,PROOF OF LIABILITY INSURANCE,FRONT END (RIGHT)  DAMAGE PARTIAL CONTACT,DAMAGED 1 MINIMUM,2,FRONT END DAMAGE DISTRIBUTED IMPACT,DAMAGED 2,12,N,LUBBOCK WRECKER,LUBBOCK WRECKER  3209 SLATON HWY   806-7,FAILED TO CONTROL SPEED,UNDER INFLUENCE - ALCOHOL,NA,EAST,Y,0,0,0,1,0,0,0,1,DRIVER,FRONT LEFT,NOT INJURED,20,HISPANIC,MALE,NO,UNKNOWN,"DEPLOYED, FRONT",NOT APPLICABLE,N,NONE,NA,NA,NONE,NOT APPLICABLE,NOT APPLICABLE,,DRIVER LICENSE,Texas,CLASS C,79603
15040969,1,MOTOR VEHICLE,N,Y,TX,1HGCM72676A012923,2006,BLK,HONDA,ACCORD,"PASSENGER CAR, 2-DOOR",N,79413,1,PROOF OF LIABILITY INSURANCE,RIGHT FRONT QUARTER DAMAGE ANGULAR IMPACT,DAMAGED 3,1,NA,NA,NA,N,LUBBOCK WRECKER,LUBBOCK WRECKER  3209 SLATON HWY   806-7,FAILED TO CONTROL SPEED,NA,NA,NORTHWEST,Y,0,0,0,1,0,0,0,1,DRIVER,FRONT LEFT,NOT INJURED,20,WHITE,MALE,NO,SHOULDER & LAP BELT,DEPLOYED MULTIPLE,NOT APPLICABLE,N,NONE,NA,NA,NONE,NOT APPLICABLE,NOT APPLICABLE,,DRIVER LICENSE,Texas,CLASS C,79413
15050770,1,MOTOR VEHICLE,N,Y,TX,1G2NF52E64M553099,2004,RED,PONTIAC,GRAND AM,"PASSENGER CAR, 4-DOOR",N,79404,2,NA,FRONT END DAMAGE DISTRIBUTED IMPACT,DAMAGED 3,12,NA,NA,NA,N,LUBBOCK WRECKER,LUBBOCK WRECKER  3209 SLATON HWY   806-7,FAILED TO YIELD ROW - STOP SIGN,FAILED TO CONTROL SPEED,NA,NORTH,Y,0,0,0,0,1,0,0,1,DRIVER,FRONT LEFT,NON-INCAPACITATING INJURY,49,HISPANIC,FEMALE,NO,SHOULDER & LAP BELT,"DEPLOYED, FRONT",NOT APPLICABLE,N,NONE,NA,NA,NONE,NOT APPLICABLE,NOT APPLICABLE,,DRIVER LICENSE,Texas,CLASS C,79412
15134259,1,MOTOR VEHICLE,N,Y,UN,,NA,99,UNKNOWN,UNKNOWN,UNKNOWN,N,,2,NA,UNKNOWN,NA,NA,NA,NA,NA,N,,,NA,NA,FAILED TO CONTROL SPEED,WEST,Y,0,0,0,0,1,0,0,1,DRIVER,FRONT LEFT,NOT INJURED,20,BLACK,FEMALE,NO,SHOULDER & LAP BELT,NOT DEPLOYED,NOT APPLICABLE,N,NONE,NA,NA,NONE,NOT APPLICABLE,NOT APPLICABLE,,DRIVER LICENSE,California,OTHER/OUT OF STATE,75115
15134259,1,MOTOR VEHICLE,N,Y,UN,,NA,99,UNKNOWN,UNKNOWN,UNKNOWN,N,,2,NA,UNKNOWN,NA,NA,NA,NA,NA,N,,,NA,NA,FAILED TO CONTROL SPEED,WEST,Y,0,0,0,0,1,0,0,1,DRIVER,FRONT LEFT,NOT INJURED,20,BLACK,FEMALE,NO,SHOULDER & LAP BELT,NOT DEPLOYED,NOT APPLICABLE,N,NONE,NA,NA,NONE,NOT APPLICABLE,NOT APPLICABLE,,DRIVER LICENSE,California,OTHER/OUT OF STATE,75115
15142796,1,MOTOR VEHICLE,N,Y,TX,JN1CA21D8ST010237,1995,BLK,NISSAN,MAXIMA,"PASSENGER CAR, 4-DOOR",N,75056,1,PROOF OF LIABILITY INSURANCE,FRONT END (LEFT) DAMAGE PARTIAL CONTACT,DAMAGED 2,12,NA,NA,NA,Y,SAULS,SAULS,TURNED IMPROPERLY - WIDE RIGHT,FAILED TO CONTROL SPEED,NA,WEST,Y,0,0,0,1,0,0,0,1,DRIVER,FRONT LEFT,NOT INJURED,15,WHITE,MALE,NO,SHOULDER & LAP BELT,NOT DEPLOYED,NOT APPLICABLE,N,NONE,NA,NA,NONE,NOT APPLICABLE,NOT APPLICABLE,,DRIVER LICENSE,Texas,UNKNOWN,75069
15007088,1,MOTOR VEHICLE,N,Y,TX,1G3CW53LXN4338133,1992,GRY,OLDSMOBILE,98 REGENCY,"PASSENGER CAR, 4-DOOR",N,78744,1,LIABILITY INSURANCE POLICY,FRONT END (RIGHT)  DAMAGE PARTIAL CONTACT,DAMAGED 4,12,NA,NA,NA,Y,EZ AUTO AND TOWING SERVICE,EZ AUTO AND TOWING SERVICE,UNDER INFLUENCE - ALCOHOL,DISREGARD STOP SIGN OR LIGHT,NA,NORTH,Y,0,0,0,1,0,0,0,1,DRIVER,FRONT LEFT,NOT INJURED,19,HISPANIC,MALE,NO,UNKNOWN,"DEPLOYED, FRONT",NOT APPLICABLE,N,BREATH,Positive,0.111,NONE,NOT APPLICABLE,NOT APPLICABLE,,DRIVER LICENSE,Texas,UNLICENSED,78744
15007088,1,MOTOR VEHICLE,N,Y,TX,1G3CW53LXN4338133,1992,GRY,OLDSMOBILE,98 REGENCY,"PASSENGER CAR, 4-DOOR",N,78744,1,LIABILITY INSURANCE POLICY,FRONT END (RIGHT)  DAMAGE PARTIAL CONTACT,DAMAGED 4,12,NA,NA,NA,Y,EZ AUTO AND TOWING SERVICE,EZ AUTO AND TOWING SERVICE,UNDER INFLUENCE - ALCOHOL,DISREGARD STOP SIGN OR LIGHT,NA,NORTH,Y,0,0,0,1,0,0,0,1,DRIVER,FRONT LEFT,NON-INCAPACITATING INJURY,29,WHITE,MALE,NO,SHOULDER & LAP BELT,DEPLOYED MULTIPLE,NOT APPLICABLE,N,NONE,NA,NA,NONE,NOT APPLICABLE,NOT APPLICABLE,,DRIVER LICENSE,Virginia,OTHER/OUT OF STATE,78745
15097746,1,MOTOR VEHICLE,N,Y,TX,1FMZU62K55ZA37993,2005,99,FORD,EXPLORER,SPORT UTILITY VEHICLE,N,79101,1,LIABILITY INSURANCE POLICY,UNKNOWN,DAMAGED 1 MINIMUM,6,NA,NA,NA,N,,,BACKED WITHOUT SAFETY,NA,NA,NORTH,Y,0,0,0,1,0,0,0,1,DRIVER,FRONT LEFT,NOT INJURED,62,HISPANIC,FEMALE,NO,UNKNOWN,UNKNOWN,NOT APPLICABLE,N,NONE,NA,NA,NONE,NOT APPLICABLE,NOT APPLICABLE,,DRIVER LICENSE,Texas,CLASS C,79101
15110690,1,MOTOR VEHICLE,N,Y,TX,WBAET37404NJ82165,2004,99,BMW,325,"PASSENGER CAR, 4-DOOR",N,75216,1,PROOF OF LIABILITY INSURANCE,FRONT END DAMAGE DISTRIBUTED IMPACT,DAMAGED 4,1,NA,NA,NA,Y,,,HAD BEEN DRINKING,NA,NA,EAST,Y,0,0,0,1,0,0,0,1,DRIVER,FRONT LEFT,NOT INJURED,23,BLACK,MALE,NO,NONE,UNKNOWN,NOT APPLICABLE,N,BLOOD,NA,NA,NONE,NOT APPLICABLE,NOT APPLICABLE,,DRIVER LICENSE,Texas,CLASS C,75216
15110690,1,MOTOR VEHICLE,N,Y,TX,WBAET37404NJ82165,2004,99,BMW,325,"PASSENGER CAR, 4-DOOR",N,75216,1,PROOF OF LIABILITY INSURANCE,FRONT END DAMAGE DISTRIBUTED IMPACT,DAMAGED 4,1,NA,NA,NA,Y,,,HAD BEEN DRINKING,NA,NA,EAST,Y,0,0,0,1,0,0,0,1,DRIVER,FRONT LEFT,NOT INJURED,59,WHITE,FEMALE,NO,SHOULDER & LAP BELT,UNKNOWN,NOT APPLICABLE,N,NONE,NA,NA,NONE,NOT APPLICABLE,NOT APPLICABLE,,DRIVER LICENSE,Tennessee,OTHER/OUT OF STATE,38138
15120158,1,MOTOR VEHICLE,N,Y,UN,,NA,99,NA,NA,UNKNOWN,N,,NA,NA,FRONT END DAMAGE DISTRIBUTED IMPACT,DAMAGED 2,12,NA,NA,NA,,DRIVER,TRAFFIC,DRIVER INATTENTION,FAILED TO CONTROL SPEED,NA,SOUTH,Y,0,0,0,0,1,0,0,1,DRIVER,FRONT LEFT,NOT INJURED,34,WHITE,FEMALE,NO,UNKNOWN,NOT DEPLOYED,NOT APPLICABLE,N,NONE,NA,NA,NONE,NOT APPLICABLE,NOT APPLICABLE,,DRIVER LICENSE,Texas,CLASS C,79902
15120158,1,MOTOR VEHICLE,N,Y,UN,,NA,99,NA,NA,UNKNOWN,N,,NA,NA,FRONT END DAMAGE DISTRIBUTED IMPACT,DAMAGED 2,12,NA,NA,NA,,DRIVER,TRAFFIC,DRIVER INATTENTION,FAILED TO CONTROL SPEED,NA,SOUTH,Y,0,0,0,0,1,0,0,1,DRIVER,FRONT LEFT,NOT INJURED,24,HISPANIC,FEMALE,NO,UNKNOWN,NOT DEPLOYED,NOT APPLICABLE,N,NONE,NA,NA,NONE,NOT APPLICABLE,NOT APPLICABLE,,DRIVER LICENSE,Texas,CLASS C,79938
15120158,1,MOTOR VEHICLE,N,Y,UN,,NA,99,NA,NA,UNKNOWN,N,,NA,NA,FRONT END DAMAGE DISTRIBUTED IMPACT,DAMAGED 2,12,NA,NA,NA,,DRIVER,TRAFFIC,DRIVER INATTENTION,FAILED TO CONTROL SPEED,NA,SOUTH,Y,0,0,0,0,1,0,0,1,DRIVER,FRONT LEFT,NOT INJURED,40,HISPANIC,FEMALE,NO,UNKNOWN,NOT DEPLOYED,NOT APPLICABLE,N,NONE,NA,NA,NONE,NOT APPLICABLE,NOT APPLICABLE,,DRIVER LICENSE,Texas,CLASS C,79936
14995436,1,MOTOR VEHICLE,N,Y,TX,2G1WH52K639108544,2003,SIL,CHEVROLET,IMPALA,"PASSENGER CAR, 4-DOOR",N,76028,1,PROOF OF LIABILITY INSURANCE,LEFT FRONT QUARTER DAMAGE ANGULAR IMPACT,DAMAGED 2,12,NA,NA,NA,Y,B&W WRECKER,"1930 SW BURLESON BL BURLESON, TX 76028",WRONG WAY - ONE WAY ROAD,UNDER INFLUENCE - ALCOHOL,NA,SOUTHEAST,Y,0,0,0,1,0,0,0,1,DRIVER,FRONT LEFT,NOT INJURED,37,WHITE,MALE,NO,SHOULDER & LAP BELT,NOT DEPLOYED,NOT APPLICABLE,N,BLOOD,NA,NA,NONE,NOT APPLICABLE,NOT APPLICABLE,,DRIVER LICENSE,Texas,CLASS C AND M,76028
14995436,1,MOTOR VEHICLE,N,Y,TX,2G1WH52K639108544,2003,SIL,CHEVROLET,IMPALA,"PASSENGER CAR, 4-DOOR",N,76028,1,PROOF OF LIABILITY INSURANCE,LEFT FRONT QUARTER DAMAGE ANGULAR IMPACT,DAMAGED 2,12,NA,NA,NA,Y,B&W WRECKER,"1930 SW BURLESON BL BURLESON, TX 76028",WRONG WAY - ONE WAY ROAD,UNDER INFLUENCE - ALCOHOL,NA,SOUTHEAST,Y,0,0,0,1,0,0,0,1,DRIVER,FRONT LEFT,NOT INJURED,28,WHITE,FEMALE,NO,SHOULDER & LAP BELT,NOT DEPLOYED,NOT APPLICABLE,N,NONE,NA,NA,NONE,NOT APPLICABLE,NOT APPLICABLE,,DRIVER LICENSE,Texas,CLASS C,76028
15021973,1,MOTOR VEHICLE,N,Y,AZ,1FDXE4FS1BDB02463,2004,WHI,FORD,F350,VAN,N,77075,2,NA,FRONT END DAMAGE DISTRIBUTED IMPACT,DAMAGED 7 HIGHEST,12,DISTRIBUTED LEFT SIDE DAMAGE PARALLEL IMPACT,DAMAGED 6,9,Y,FIESTA WRECKER,6005 SELINSKY,NA,NA,FAILED TO CONTROL SPEED,SOUTH,Y,0,0,1,0,0,1,0,1,DRIVER,FRONT LEFT,NOT INJURED,37,WHITE,MALE,NO,SHOULDER & LAP BELT,NOT DEPLOYED,NOT APPLICABLE,N,NONE,NA,NA,NONE,NOT APPLICABLE,NOT APPLICABLE,,COMMERCIAL DRIVER LIC.,Texas,CLASS A,77065