CRASH_ID,UNIT_NBR,UNIT_DESC_ID,VEH_PARKED_FL,VEH_HNR_FL,VEH_LIC_STATE_ID,VIN,VEH_MOD_YEAR,VEH_COLOR_ID,VEH_MAKE_ID,VEH_MOD_ID,VEH_BODY_STYL_ID,EMER_RESPNDR_FL,OWNR_ZIP,FIN_RESP_PROOF_ID,FIN_RESP_TYPE_ID,VEH_DMAG_AREA_1_ID,VEH_DMAG_SCL_1_ID,FORCE_DIR_1_ID,VEH_DMAG_AREA_2_ID,VEH_DMAG_SCL_2_ID,FORCE_DIR_2_ID,VEH_INVENTORIED_FL,VEH_TRANSP_NAME,VEH_TRANSP_DEST,CONTRIB_FACTR_1_ID,CONTRIB_FACTR_2_ID,CONTRIB_FACTR_P1_ID,VEH_TRVL_DIR_ID,FIRST_HARM_EVT_INV_ID,INCAP_INJRY_CNT,NONINCAP_INJRY_CNT,POSS_INJRY_CNT,NON_INJRY_CNT,UNKN_INJRY_CNT,TOT_INJRY_CNT,DEATH_CNT,PRSN_NBR,PRSN_TYPE_ID,PRSN_OCCPNT_POS_ID,PRSN_INJRY_SEV_ID,PRSN_AGE,PRSN_ETHNICITY_ID,PRSN_GNDR_ID,PRSN_EJCT_ID,PRSN_REST_ID,PRSN_AIRBAG_ID,PRSN_HELMET_ID,PRSN_SOL_FL,PRSN_ALC_SPEC_TYPE_ID,PRSN_ALC_RSLT_ID,PRSN_BAC_TEST_RSLT,PRSN_DRG_SPEC_TYPE_ID,PRSN_DRG_RSLT_ID,DRVR_DRG_CAT_1_ID,PRSN_DEATH_TIME,DRVR_LIC_TYPE_ID,DRVR_LIC_STATE_ID,DRVR_LIC_CLS_ID,DRVR_ZIP
15021973,1,MOTOR VEHICLE,N,Y,AZ,1FDXE4FS1BDB02463,2004,WHI,FORD,F350,VAN,N,77075,2,NA,FRONT END DAMAGE DISTRIBUTED IMPACT,DAMAGED 7 HIGHEST,12,DISTRIBUTED LEFT SIDE DAMAGE PARALLEL IMPACT,DAMAGED 6,9,Y,FIESTA WRECKER,6005 SELINSKY,NA,NA,FAILED TO CONTROL SPEED,SOUTH,Y,0,0,1,0,0,1,0,1,DRIVER,FRONT LEFT,NOT INJURED,17,BLACK,MALE,NO,SHOULDER & LAP BELT,"DEPLOYED, FRONT",NOT APPLICABLE,N,NONE,NA,NA,NONE,NOT APPLICABLE,NOT APPLICABLE,,DRIVER LICENSE,Texas,CLASS C,77015
15036604,3,MOTOR VEHICLE,N,Y,TX,1C6RR6GP9DS517558,NA,BLK,RAM,NA,PICKUP,N,77092,2,NA,BACK END DAMAGE DISTRIBUTED IMPACT,DAMAGED 1 MINIMUM,6,NA,NA,NA,N,,,NONE,NA,NA,WEST,N,0,0,0,1,0,0,0,1,DRIVER,FRONT LEFT,POSSIBLE INJURY,18,WHITE,FEMALE,NO,SHOULDER & LAP BELT,"DEPLOYED, FRONT",NOT APPLICABLE,N,NONE,NA,NA,NONE,NOT APPLICABLE,NOT APPLICABLE,,DRIVER LICENSE,Texas,CLASS C,77024
15036604,3,MOTOR VEHICLE,N,Y,TX,1C6RR6GP9DS517558,NA,BLK,RAM,NA,PICKUP,N,77092,2,NA,BACK END DAMAGE DISTRIBUTED IMPACT,DAMAGED 1 MINIMUM,6,NA,NA,NA,N,,,NONE,NA,NA,WEST,N,0,0,0,1,0,0,0,1,DRIVER,FRONT LEFT,POSSIBLE INJURY,45,WHITE,FEMALE,NO,SHOULDER & LAP BELT,"DEPLOYED, FRONT",NOT APPLICABLE,N,NONE,NA,NA,NONE,NOT APPLICABLE,NOT APPLICABLE,,DRIVER LICENSE,Texas,CLASS C,77008
15036604,3,MOTOR VEHICLE,N,Y,TX,1C6RR6GP9DS517558,NA,BLK,RAM,NA,PICKUP,N,77092,2,NA,BACK END DAMAGE DISTRIBUTED IMPACT,DAMAGED 1 MINIMUM,6,NA,NA,NA,N,,,NONE,NA,NA,WEST,N,0,0,0,1,0,0,0,1,DRIVER,FRONT LEFT,NOT INJURED,19,HISPANIC,MALE,NO,SHOULDER & LAP BELT,NOT DEPLOYED,NOT APPLICABLE,N,NONE,NA,NA,NONE,NOT APPLICABLE,NOT APPLICABLE,,DRIVER LICENSE,Texas,CLASS C,77092
15117250,1,MOTOR VEHICLE,N,Y,TX,1FMYU03152KA80538,2002,SIL,FORD,ESCAPE,SPORT UTILITY VEHICLE,N,77590,1,LIABILITY INSURANCE POLICY,DISTRIBUTED LEFT SIDE DAMAGE PARALLEL IMPACT,DAMAGED 2,9,NA,NA,NA,N,UNKNOWN,UNKNOWN,OTHER (EXPLAIN IN NARRATIVE),NA,UNDER INFLUENCE - ALCOHOL,NORTH,Y,0,0,0,0,1,0,0,1,DRIVER,FRONT LEFT,UNKNOWN,33,WHITE,MALE,NO,UNKNOWN,NOT DEPLOYED,NOT APPLICABLE,N,NONE,NA,NA,NONE,NOT APPLICABLE,NOT APPLICABLE,,DRIVER LICENSE,Texas,CLASS C,77590
15117250,1,MOTOR VEHICLE,N,Y,TX,1FMYU03152KA80538,2002,SIL,FORD,ESCAPE,SPORT UTILITY VEHICLE,N,77590,1,LIABILITY INSURANCE POLICY,DISTRIBUTED LEFT SIDE DAMAGE PARALLEL IMPACT,DAMAGED 2,9,NA,NA,NA,N,UNKNOWN,UNKNOWN,OTHER (EXPLAIN IN NARRATIVE),NA,UNDER INFLUENCE - ALCOHOL,NORTH,Y,0,0,0,0,1,0,0,1,DRIVER,FRONT LEFT,NOT INJURED,51,WHITE,MALE,NO,SHOULDER & LAP BELT,NOT DEPLOYED,NOT APPLICABLE,N,NONE,NA,NA,NONE,NOT APPLICABLE,NOT APPLICABLE,,DRIVER LICENSE,Texas,CLASS C,77590
15125042,1,MOTOR VEHICLE,N,Y,TX,1G1AK55F467759803,2006,WHI,CHEVROLET,COBALT,"PASSENGER CAR, 4-DOOR",N,78570,2,NA,FRONT END (RIGHT)  DAMAGE PARTIAL CONTACT,DAMAGED 5,1,DISTRIBUTED RIGHT SIDE DAMAGE PARALLEL IMPACT,DAMAGED 3,3,N,CHARLIES WRECKER,"5643 E. MI. 12, MERCEDES, TX.,78570",UNDER INFLUENCE - ALCOHOL,NA,NA,EAST,Y,0,0,0,0,1,0,0,1,DRIVER,FRONT LEFT,POSSIBLE INJURY,60,HISPANIC,FEMALE,NO,SHOULDER & LAP BELT,NOT DEPLOYED,NOT APPLICABLE,N,NONE,NA,NA,NONE,NOT APPLICABLE,NOT APPLICABLE,,DRIVER LICENSE,Texas,CLASS C,78557
15012308,1,MOTOR VEHICLE,N,Y,UN,,NA,99,DODGE,RAM TRUCK 3500,PICKUP,N,,NA,NA,FRONT END (LEFT) DAMAGE PARTIAL CONTACT,DAMAGED 2,11,NA,NA,NA,N,FLID,,CHANGED LANE WHEN UNSAFE,FAILED TO DRIVE IN SINGLE LANE,NA,NORTHEAST,Y,0,0,0,0,1,0,0,1,DRIVER,FRONT LEFT,NOT INJURED,37,HISPANIC,MALE,NO,SHOULDER & LAP BELT,NOT DEPLOYED,NOT APPLICABLE,N,NONE,NA,NA,NONE,NOT APPLICABLE,NOT APPLICABLE,,DRIVER LICENSE,Texas,CLASS C,75104
15033122,1,MOTOR VEHICLE,N,Y,TX,5N1AN08U97C544031,2007,TAN,NISSAN,XTERRA,"PASSENGER CAR, 4-DOOR",N,77064,1,PROOF OF LIABILITY INSURANCE,FRONT END DAMAGE CONCENTRATED IMPACT,DAMAGED 1 MINIMUM,12,NA,NA,NA,Y,THE TOW GUY TOWING & RECOVERY,10818 1/2 HUFFMEISTER,FAILED TO CONTROL SPEED,NA,NA,NORTH,Y,0,0,0,1,0,0,0,1,DRIVER,FRONT LEFT,NOT INJURED,47,WHITE,MALE,NOT APPLICABLE,SHOULDER & LAP BELT,NOT DEPLOYED,NOT APPLICABLE,N,NONE,NA,NA,NONE,NOT APPLICABLE,NOT APPLICABLE,,DRIVER LICENSE,Texas,CLASS C,77012
15049019,1,MOTOR VEHICLE,N,Y,TX,1FTEX1CM7BFA48942,NA,WHI,FORD,F150,PICKUP,N,78572,1,PROOF OF LIABILITY INSURANCE,RIGHT BACK QUARTER DAMAGE ANGULAR IMPACT,NO DAMAGE,2,NA,NA,NA,N,,,IMPROPER START FROM PARKED POSITION,NA,DRIVER INATTENTION,EAST,Y,0,0,0,1,0,0,0,1,DRIVER,FRONT LEFT,NOT INJURED,54,HISPANIC,FEMALE,NO,SHOULDER & LAP BELT,NOT DEPLOYED,NOT APPLICABLE,N,NONE,NA,NA,NONE,NOT APPLICABLE,NOT APPLICABLE,,DRIVER LICENSE,Texas,CLASS C,78572
15099668,2,MOTOR VEHICLE,N,Y,TX,3VWDP7AJ3CM112609,NA,BLK,VOLKSWAGEN,JETTA,"PASSENGER CAR, 4-DOOR",N,78266,1,LIABILITY INSURANCE POLICY,FRONT END DAMAGE DISTRIBUTED IMPACT,DAMAGED 2,12,FRONT END DAMAGE DISTRIBUTED IMPACT,DAMAGED 2,12,N,AD TOWING,11651 RAIL ROAD,NONE,NA,NA,EAST,Y,0,0,0,0,1,0,0,1,DRIVER,FRONT LEFT,UNKNOWN,21,HISPANIC,MALE,NO,SHOULDER & LAP BELT,UNKNOWN,NOT APPLICABLE,N,NONE,NA,NA,NONE,NOT APPLICABLE,NOT APPLICABLE,,DRIVER LICENSE,Texas,CLASS C,78266
15099668,1,MOTOR VEHICLE,N,Y,TX,1G1AM15B977159800,2007,SIL,CHEVROLET,COBALT,"PASSENGER CAR, 4-DOOR",N,79936,2,NA,BACK END DAMAGE DISTRIBUTED IMPACT,DAMAGED 3,6,BACK END DAMAGE DISTRIBUTED IMPACT,DAMAGED 3,3,N,EXTREME TOWING,3512 EAST GLEN #B,NA,NA,FAILED TO YIELD ROW - OPEN INTERSECTION,EAST,Y,0,0,0,1,0,0,0,1,DRIVER,FRONT LEFT,UNKNOWN,21,HISPANIC,MALE,NO,SHOULDER & LAP BELT,UNKNOWN,NOT APPLICABLE,N,NONE,NA,NA,NONE,NOT APPLICABLE,NOT APPLICABLE,,DRIVER LICENSE,Texas,CLASS C,78266
15109693,1,MOTOR VEHICLE,N,Y,MT,2GCEK13T461174632,2006,99,CHEVROLET,SILVERADO C1500,PICKUP,N,59718,2,NA,RIGHT BACK QUARTER DAMAGE ANGULAR IMPACT,DAMAGED 1 MINIMUM,4,NA,NA,NA,Y,COREY'S PAINT AND BODY,709 SWIFT ST. NACOGDOCHES TX 75961,UNDER INFLUENCE - ALCOHOL,PASSED IN NO PASSING LANE,NA,SOUTH,Y,0,0,0,1,0,0,0,1,DRIVER,FRONT LEFT,NOT INJURED,52,WHITE,MALE,NO,SHOULDER & LAP BELT,NOT DEPLOYED,NOT APPLICABLE,N,BLOOD,Positive,0.14,BLOOD,NOT APPLICABLE,NOT APPLICABLE,,DRIVER LICENSE,Colorado,OTHER/OUT OF STATE,80537
15109693,1,MOTOR VEHICLE,N,Y,MT,2GCEK13T461174632,2006,99,CHEVROLET,SILVERADO C1500,PICKUP,N,59718,2,NA,RIGHT BACK QUARTER DAMAGE ANGULAR IMPACT,DAMAGED 1 MINIMUM,4,NA,NA,NA,Y,COREY'S PAINT AND BODY,709 SWIFT ST. NACOGDOCHES TX 75961,UNDER INFLUENCE - ALCOHOL,PASSED IN NO PASSING LANE,NA,SOUTH,Y,0,0,0,1,0,0,0,1,DRIVER,FRONT LEFT,NOT INJURED,26,WHITE,FEMALE,NO,SHOULDER & LAP BELT,NOT DEPLOYED,NOT APPLICABLE,N,NONE,NA,NA,NONE,NOT APPLICABLE,NOT APPLICABLE,,DRIVER LICENSE,Texas,CLASS C,75681
15015431,3,MOTOR VEHICLE,N,Y,UN,,1996,GRN,FORD,F150,PICKUP,N,,NA,NA,BACK END DAMAGE DISTRIBUTED IMPACT,NO DAMAGE,6,NA,NA,NA,N,NO TOW,DROVE OFF,NONE,NA,NA,EAST,N,0,0,0,0,1,0,0,1,DRIVER,FRONT LEFT,NOT INJURED,49,BLACK,FEMALE,NO,SHOULDER & LAP BELT,NOT DEPLOYED,NOT APPLICABLE,N,NONE,NA,NA,NONE,NOT APPLICABLE,NOT APPLICABLE,,DRIVER LICENSE,Texas,CLASS C,77083
15015431,3,MOTOR VEHICLE,N,Y,UN,,1996,GRN,FORD,F150,PICKUP,N,,NA,NA,BACK END DAMAGE DISTRIBUTED IMPACT,NO DAMAGE,6,NA,NA,NA,N,NO TOW,DROVE OFF,NONE,NA,NA,EAST,N,0,0,0,0,1,0,0,1,DRIVER,FRONT LEFT,NOT INJURED,47,BLACK,MALE,NO,SHOULDER & LAP BELT,NOT DEPLOYED,NOT APPLICABLE,N,NONE,NA,NA,NONE,NOT APPLICABLE,NOT APPLICABLE,,DRIVER LICENSE,Texas,CLASS C,77099
15039671,1,MOTOR VEHICLE,N,Y,UN,,NA,99,NA,NA,UNKNOWN,N,,2,NA,NA,NA,NA,NA,NA,NA,N,,,FAILED TO CONTROL SPEED,NA,NA,SOUTH,Y,0,0,0,0,1,0,0,1,DRIVER,FRONT LEFT,NOT INJURED,21,OTHER,MALE,NO,SHOULDER & LAP BELT,NOT DEPLOYED,NOT APPLICABLE,N,NONE,NA,NA,NONE,NOT APPLICABLE,NOT APPLICABLE,,DRIVER LICENSE,Texas,CLASS C,78414
15051195,1,MOTOR VEHICLE,N,Y,OK,1XKWDB9X23R897854,2003,BLU,KENWORTH,UNKNOWN,TRUCK TRACTOR,N,73018,1,PROOF OF LIABILITY INSURANCE,FRONT END DAMAGE DISTRIBUTED IMPACT,DAMAGED 1 MINIMUM,12,NA,NA,NA,N,FLED SCENE,,FAILED TO CONTROL SPEED,NA,NA,SOUTHWEST,Y,0,0,0,1,0,0,0,1,DRIVER,FRONT LEFT,NOT INJURED,56,WHITE,MALE,NO,UNKNOWN,NOT APPLICABLE,NOT APPLICABLE,N,NONE,NA,NA,NONE,NOT APPLICABLE,NOT APPLICABLE,,COMMERCIAL DRIVER LIC.,Oklahoma,OTHER/OUT OF STATE,73030
15051195,1,MOTOR VEHICLE,N,Y,OK,1XKWDB9X23R897854,2003,BLU,KENWORTH,UNKNOWN,TRUCK TRACTOR,N,73018,1,PROOF OF LIABILITY INSURANCE,FRONT END DAMAGE DISTRIBUTED IMPACT,DAMAGED 1 MINIMUM,12,NA,NA,NA,N,FLED SCENE,,FAILED TO CONTROL SPEED,NA,NA,SOUTHWEST,Y,0,0,0,1,0,0,0,1,DRIVER,FRONT LEFT,NOT INJURED,56,WHITE,MALE,NO,UNKNOWN,NOT APPLICABLE,NOT APPLICABLE,N,NONE,NA,NA,NONE,NOT APPLICABLE,NOT APPLICABLE,,COMMERCIAL DRIVER LIC.,Oklahoma,OTHER/OUT OF STATE,73030
15051195,1,MOTOR VEHICLE,N,Y,OK,1XKWDB9X23R897854,2003,BLU,KENWORTH,UNKNOWN,TRUCK TRACTOR,N,73018,1,PROOF OF LIABILITY INSURANCE,FRONT END DAMAGE DISTRIBUTED IMPACT,DAMAGED 1 MINIMUM,12,NA,NA,NA,N,FLED SCENE,,FAILED TO CONTROL SPEED,NA,NA,SOUTHWEST,Y,0,0,0,1,0,0,0,1,DRIVER,FRONT LEFT,NOT INJURED,57,ASIAN,FEMALE,NO,UNKNOWN,NOT DEPLOYED,NOT APPLICABLE,N,NONE,NA,NA,NONE,NOT APPLICABLE,NOT APPLICABLE,,DRIVER LICENSE,Texas,CLASS C,75075
15051195,1,MOTOR VEHICLE,N,Y,OK,1XKWDB9X23R897854,2003,BLU,KENWORTH,UNKNOWN,TRUCK TRACTOR,N,73018,1,PROOF OF LIABILITY INSURANCE,FRONT END DAMAGE DISTRIBUTED IMPACT,DAMAGED 1 MINIMUM,12,NA,NA,NA,N,FLED SCENE,,FAILED TO CONTROL SPEED,NA,NA,SOUTHWEST,Y,0,0,0,1,0,0,0,1,DRIVER,FRONT LEFT,NOT INJURED,57,ASIAN,FEMALE,NO,UNKNOWN,NOT DEPLOYED,NOT APPLICABLE,N,NONE,NA,NA,NONE,NOT APPLICABLE,NOT APPLICABLE,,DRIVER LICENSE,Texas,CLASS C,75075
15180217,1,MOTOR VEHICLE,N,Y,TX,1FMEU15W63LC59104,2003,WHI,FORD,EXPEDITION,SPORT UTILITY VEHICLE,N,76458,1,LIABILITY INSURANCE POLICY,FRONT END (LEFT) DAMAGE PARTIAL CONTACT,DAMAGED 1 MINIMUM,12,NA,NA,NA,N,RELEASED TO OWNER,RELEASED TO OWNER,TURNED IMPROPERLY - WIDE RIGHT,UNDER INFLUENCE - ALCOHOL,NA,WEST,Y,0,0,0,1,0,0,0,1,DRIVER,FRONT LEFT,NOT INJURED,58,WHITE,MALE,NO,UNKNOWN,NOT DEPLOYED,NOT APPLICABLE,N,NONE,NA,NA,NONE,NOT APPLICABLE,NOT APPLICABLE,,DRIVER LICENSE,Texas,CLASS A,76458
15120233,1,MOTOR VEHICLE,N,Y,TX,3B7HC13Z71M273591,2001,BLU,DODGE,RAM 1500,PICKUP,N,,1,PROOF OF LIABILITY INSURANCE,BACK END (RIGHT) DAMAGE PARTIAL CONTACT,DAMAGED 3,7,NA,NA,NA,N,,,BACKED WITHOUT SAFETY,NA,NA,NORTHWEST,Y,0,0,0,0,1,0,0,1,DRIVER,FRONT LEFT,UNKNOWN,32,HISPANIC,MALE,NO,UNKNOWN,NOT DEPLOYED,NOT APPLICABLE,N,NONE,NA,NA,NONE,NOT APPLICABLE,NOT APPLICABLE,,DRIVER LICENSE,Texas,CLASS C,78336
14998076,1,MOTOR VEHICLE,N,Y,UN,,NA,99,NA,NA,UNKNOWN,N,,NA,NA,BACK END DAMAGE DISTRIBUTED IMPACT,NO DAMAGE,6,NA,NA,NA,,DESTINATION,DRIVER,NONE,NA,NA,WEST,N,0,0,0,0,1,0,0,1,DRIVER,FRONT LEFT,NOT INJURED,19,HISPANIC,FEMALE,NO,SHOULDER & LAP BELT,NOT DEPLOYED,NOT APPLICABLE,N,NONE,NA,NA,NONE,NOT APPLICABLE,NOT APPLICABLE,,DRIVER LICENSE,Texas,CLASS C,77566
15001627,1,MOTOR VEHICLE,N,Y,TX,1GCEC14Z7PZ199632,1996,GRY,CHEVROLET,SILVERADO,PICKUP,N,79416,1,PROOF OF LIABILITY INSURANCE,FRONT END DAMAGE DISTRIBUTED IMPACT,DAMAGED 3,12,NA,NA,NA,N,LUBBOCK WRECKER,LUBBOCK WRECKER  3209 SLATON HWY   806-7,FAILED TO CONTROL SPEED,DRIVER INATTENTION,HAD BEEN DRINKING,SOUTHEAST,Y,0,0,1,0,0,1,0,1,DRIVER,FRONT LEFT,POSSIBLE INJURY,34,HISPANIC,FEMALE,NO,SHOULDER & LAP BELT,NOT DEPLOYED,NOT APPLICABLE,N,NONE,NA,NA,NONE,NOT APPLICABLE,NOT APPLICABLE,,DRIVER LICENSE,Mexico,OTHER/OUT OF STATE,79423
15001627,1,MOTOR VEHICLE,N,Y,TX,1GCEC14Z7PZ199632,1996,GRY,CHEVROLET,SILVERADO,PICKUP,N,79416,1,PROOF OF LIABILITY INSURANCE,FRONT END DAMAGE DISTRIBUTED IMPACT,DAMAGED 3,12,NA,NA,NA,N,LUBBOCK WRECKER,LUBBOCK WRECKER  3209 SLATON HWY   806-7,FAILED TO CONTROL SPEED,DRIVER INATTENTION,HAD BEEN DRINKING,SOUTHEAST,Y,0,0,1,0,0,1,0,1,DRIVER,FRONT LEFT,NOT INJURED,54,WHITE,MALE,NO,SHOULDER & LAP BELT,NOT DEPLOYED,NOT APPLICABLE,N,NONE,NA,NA,NONE,NOT APPLICABLE,NOT APPLICABLE,,DRIVER LICENSE,Texas,CLASS C,79423
15001630,1,MOTOR VEHICLE,N,Y,TX,3G5DA03E55S501785,2005,SIL,BUICK,RENDEZVOUS,"PASSENGER CAR, 4-DOOR",N,79414,1,LIABILITY INSURANCE POLICY,FRONT END (LEFT) DAMAGE PARTIAL CONTACT,DAMAGED 1 MINIMUM,11,NA,NA,NA,Y,LUBBOCK WRECKER,LUBBOCK WRECKER  3209 SLATON HWY,HAD BEEN DRINKING,FAILED TO DRIVE IN SINGLE LANE,NA,EAST,Y,0,0,0,1,0,0,0,1,DRIVER,FRONT LEFT,NOT INJURED,24,WHITE,MALE,NO,SHOULDER & LAP BELT,NOT DEPLOYED,NOT APPLICABLE,N,BLOOD,NA,NA,BLOOD,UNKNOWN,UNKNOWN,,DRIVER LICENSE,Texas,CLASS C,79414
15001630,1,MOTOR VEHICLE,N,Y,TX,3G5DA03E55S501785,2005,SIL,BUICK,RENDEZVOUS,"PASSENGER CAR, 4-DOOR",N,79414,1,LIABILITY INSURANCE POLICY,FRONT END (LEFT) DAMAGE PARTIAL CONTACT,DAMAGED 1 MINIMUM,11,NA,NA,NA,Y,LUBBOCK WRECKER,LUBBOCK WRECKER  3209 SLATON HWY,HAD BEEN DRINKING,FAILED TO DRIVE IN SINGLE LANE,NA,EAST,Y,0,0,0,1,0,0,0,1,DRIVER,FRONT LEFT,NOT INJURED,50,HISPANIC,FEMALE,NO,SHOULDER & LAP BELT,NOT DEPLOYED,NOT APPLICABLE,N,NONE,NA,NA,NONE,NOT APPLICABLE,NOT APPLICABLE,,DRIVER LICENSE,Texas,CLASS C,79414
15130677,1,MOTOR VEHICLE,N,Y,NM,1FTYR10D08PA24545,NA,BGE,FORD,RANGER,PICKUP,N,87124,2,NA,FRONT END DAMAGE DISTRIBUTED IMPACT,DAMAGED 4,12,NA,NA,NA,Y,HOME MOTORS,"HOME MOTORS, 3828 CHRISTOVAL ROAD, SAN A",FAILED TO CONTROL SPEED,DRIVER INATTENTION,NA,NORTH,Y,0,0,0,1,0,0,0,1,DRIVER,FRONT LEFT,NOT INJURED,18,UNKNOWN,MALE,NO,SHOULDER & LAP BELT,NOT DEPLOYED,NOT APPLICABLE,N,NONE,NA,NA,NONE,NOT APPLICABLE,NOT APPLICABLE,,DRIVER LICENSE,New Mexico,OTHER/OUT OF STATE,
15131107,1,MOTOR VEHICLE,N,Y,TX,2GCEK19T3Y1398338,2000,WHI,CHEVROLET,SILVERADO K1500,PICKUP,N,79606,1,LIABILITY INSURANCE POLICY,FRONT END (LEFT) DAMAGE PARTIAL CONTACT,DAMAGED 2,11,NA,NA,NA,Y,ABILENE WRECKER SERVICE,CITY OF ABILENE IMPOUND YARD,FAILED TO YIELD ROW - TURNING LEFT,NA,NA,EAST,Y,0,0,0,1,0,0,0,1,DRIVER,FRONT LEFT,NOT INJURED,69,HISPANIC,MALE,NO,SHOULDER & LAP BELT,NOT DEPLOYED,NOT APPLICABLE,N,NONE,NA,NA,NONE,NOT APPLICABLE,NOT APPLICABLE,,COMMERCIAL DRIVER LIC.,Texas,CLASS A,79601
15021288,1,MOTOR VEHICLE,N,Y,TX,1GNEC13Z83R233032,2003,WHI,CHEVROLET,TAHOE,SPORT UTILITY VEHICLE,N,75074,1,PROOF OF LIABILITY INSURANCE,LEFT BACK QUARTER DAMAGE ANGULAR IMPACT,DAMAGED 1 MINIMUM,9,NA,NA,NA,N,DRIVER,DRIVEN AWAY BY DRIVER,CHANGED LANE WHEN UNSAFE,ROAD RAGE,NA,NORTH,Y,0,0,0,0,1,0,0,1,DRIVER,FRONT LEFT,NOT INJURED,31,WHITE,MALE,NO,SHOULDER & LAP BELT,NOT DEPLOYED,NOT APPLICABLE,N,NONE,NA,NA,NONE,NOT APPLICABLE,NOT APPLICABLE,,DRIVER LICENSE,Texas,CLASS C AND M,75074
15024265,1,MOTOR VEHICLE,N,Y,TX,4A4JN2AS6BE032399,NA,SIL,MITSUBISHI,OUTLANDER,SPORT UTILITY VEHICLE,N,79414,1,PROOF OF LIABILITY INSURANCE,FRONT END (LEFT) DAMAGE PARTIAL CONTACT,DAMAGED 3,11,NA,NA,NA,N,LUBBOCK WRECKER,LUBBOCK WRECKER  3209 SLATON HWY   806-7,FAILED TO CONTROL SPEED,HAD BEEN DRINKING,NA,SOUTH,Y,0,1,0,0,0,1,0,1,DRIVER,FRONT LEFT,NON-INCAPACITATING INJURY,34,WHITE,FEMALE,NO,SHOULDER & LAP BELT,"DEPLOYED, FRONT",NOT APPLICABLE,N,BLOOD,NA,NA,BLOOD,UNKNOWN,UNKNOWN,,DRIVER LICENSE,Texas,CLASS C,79414
15155475,1,MOTOR VEHICLE,N,Y,TX,5NMSH73EX7H058905,2007,BLU,HYUNDAI,SANTA FE,SPORT UTILITY VEHICLE,N,78572,1,PROOF OF LIABILITY INSURANCE,FRONT END DAMAGE DISTRIBUTED IMPACT,DAMAGED 2,11,NA,NA,NA,N,,,OTHER (EXPLAIN IN NARRATIVE),NA,NA,NORTH,Y,0,0,0,1,0,0,0,1,DRIVER,FRONT LEFT,NOT INJURED,67,HISPANIC,MALE,NO,SHOULDER & LAP BELT,NOT DEPLOYED,NOT APPLICABLE,N,NONE,NA,NA,NONE,NOT APPLICABLE,NOT APPLICABLE,,DRIVER LICENSE,Texas,CLASS C,78572
15100526,1,MOTOR VEHICLE,N,Y,TX,2G1WF52E219214874,2001,WHI,CHEVROLET,IMPALA,"PASSENGER CAR, 4-DOOR",N,76708,1,PROOF OF LIABILITY INSURANCE,BACK END DAMAGE DISTRIBUTED IMPACT,DAMAGED 1 MINIMUM,6,NA,NA,NA,N,DRIVEN AWAY,,BACKED WITHOUT SAFETY,NA,NA,SOUTH,Y,0,0,0,1,0,0,0,1,DRIVER,FRONT LEFT,NOT INJURED,82,WHITE,FEMALE,NO,SHOULDER & LAP BELT,NOT DEPLOYED,NOT APPLICABLE,N,NONE,NA,NA,NONE,NOT APPLICABLE,NOT APPLICABLE,,DRIVER LICENSE,Texas,CLASS C,76708
15100526,1,MOTOR VEHICLE,N,Y,TX,2G1WF52E219214874,2001,WHI,CHEVROLET,IMPALA,"PASSENGER CAR, 4-DOOR",N,76708,1,PROOF OF LIABILITY INSURANCE,BACK END DAMAGE DISTRIBUTED IMPACT,DAMAGED 1 MINIMUM,6,NA,NA,NA,N,DRIVEN AWAY,,BACKED WITHOUT SAFETY,NA,NA,SOUTH,Y,0,0,0,1,0,0,0,1,DRIVER,FRONT LEFT,NOT INJURED,32,WHITE,FEMALE,NO,SHOULDER & LAP BELT,NOT DEPLOYED,NOT APPLICABLE,N,NONE,NA,NA,NONE,NOT APPLICABLE,NOT APPLICABLE,,DRIVER LICENSE,Texas,CLASS A,76708
15123613,3,MOTOR VEHICLE,N,Y,TX,1N4AL21E28N545767,NA,BLK,NISSAN,ALTIMA,"PASSENGER CAR, 4-DOOR",N,77071,1,PROOF OF LIABILITY INSURANCE,BACK END (LEFT) DAMAGE PARTIAL CONTACT,DAMAGED 2,7,DISTRIBUTED LEFT SIDE DAMAGE PARALLEL IMPACT,DAMAGED 1 MINIMUM,9,N,,LEFT AT SCENE,NONE,NA,NA,UNKNOWN,N,0,0,0,0,0,0,0,1,DRIVER,FRONT LEFT,NOT INJURED,51,HISPANIC,FEMALE,NO,SHOULDER & LAP BELT,UNKNOWN,NOT APPLICABLE,N,NONE,NA,NA,NONE,NOT APPLICABLE,NOT APPLICABLE,,DRIVER LICENSE,Texas,CLASS C,77071
15123613,1,MOTOR VEHICLE,N,Y,TX,1FTPW14V69KC92165,NA,BLK,FORD,F150,PICKUP,N,77071,1,PROOF OF LIABILITY INSURANCE,FRONT END (RIGHT)  DAMAGE PARTIAL CONTACT,DAMAGED 2,1,DISTRIBUTED RIGHT SIDE DAMAGE PARALLEL IMPACT,DAMAGED 1 MINIMUM,2,N,FLED THE SCENE,,NA,NA,DISTRACTION IN VEHICLE,UNKNOWN,Y,0,0,0,1,0,0,0,1,DRIVER,FRONT LEFT,NOT INJURED,51,HISPANIC,FEMALE,NO,SHOULDER & LAP BELT,UNKNOWN,NOT APPLICABLE,N,NONE,NA,NA,NONE,NOT APPLICABLE,NOT APPLICABLE,,DRIVER LICENSE,Texas,CLASS C,77071