CRASH_ID,UNIT_NBR,UNIT_DESC_ID,VEH_PARKED_FL,VEH_HNR_FL,VEH_LIC_STATE_ID,VIN,VEH_MOD_YEAR,VEH_COLOR_ID,VEH_MAKE_ID,VEH_MOD_ID,VEH_BODY_STYL_ID,EMER_RESPNDR_FL,OWNR_ZIP,FIN_RESP_PROOF_ID,FIN_RESP_TYPE_ID,VEH_DMAG_AREA_1_ID,VEH_DMAG_SCL_1_ID,FORCE_DIR_1_ID,VEH_DMAG_AREA_2_ID,VEH_DMAG_SCL_2_ID,FORCE_DIR_2_ID,VEH_INVENTORIED_FL,VEH_TRANSP_NAME,VEH_TRANSP_DEST,CONTRIB_FACTR_1_ID,CONTRIB_FACTR_2_ID,CONTRIB_FACTR_P1_ID,VEH_TRVL_DIR_ID,FIRST_HARM_EVT_INV_ID,INCAP_INJRY_CNT,NONINCAP_INJRY_CNT,POSS_INJRY_CNT,NON_INJRY_CNT,UNKN_INJRY_CNT,TOT_INJRY_CNT,DEATH_CNT,PRSN_NBR,PRSN_TYPE_ID,PRSN_OCCPNT_POS_ID,PRSN_INJRY_SEV_ID,PRSN_AGE,PRSN_ETHNICITY_ID,PRSN_GNDR_ID,PRSN_EJCT_ID,PRSN_REST_ID,PRSN_AIRBAG_ID,PRSN_HELMET_ID,PRSN_SOL_FL,PRSN_ALC_SPEC_TYPE_ID,PRSN_ALC_RSLT_ID,PRSN_BAC_TEST_RSLT,PRSN_DRG_SPEC_TYPE_ID,PRSN_DRG_RSLT_ID,DRVR_DRG_CAT_1_ID,PRSN_DEATH_TIME,DRVR_LIC_TYPE_ID,DRVR_LIC_STATE_ID,DRVR_LIC_CLS_ID,DRVR_ZIP
14994109,4,MOTOR VEHICLE,N,Y,TX,5N1AT2MT7GC742623,NA,BLK,NISSAN,ROGUE,SPORT UTILITY VEHICLE,N,77084,2,NA,BACK END DAMAGE DISTRIBUTED IMPACT,DAMAGED 1 MINIMUM,6,NA,NA,NA,N,,DRIVEN AWAY FROM SCENE,NONE,NA,NA,SOUTH,N,0,0,0,0,1,0,0,1,DRIVER,FRONT LEFT,NOT INJURED,66,ASIAN,FEMALE,NO,SHOULDER & LAP BELT,NOT DEPLOYED,NOT APPLICABLE,N,NONE,NA,NA,NONE,NOT APPLICABLE,NOT APPLICABLE,,DRIVER LICENSE,Texas,CLASS C,77077
14994109,4,MOTOR VEHICLE,N,Y,TX,5N1AT2MT7GC742623,NA,BLK,NISSAN,ROGUE,SPORT UTILITY VEHICLE,N,77084,2,NA,BACK END DAMAGE DISTRIBUTED IMPACT,DAMAGED 1 MINIMUM,6,NA,NA,NA,N,,DRIVEN AWAY FROM SCENE,NONE,NA,NA,SOUTH,N,0,0,0,0,1,0,0,1,DRIVER,FRONT LEFT,NOT INJURED,22,HISPANIC,MALE,NO,SHOULDER & LAP BELT,NOT DEPLOYED,NOT APPLICABLE,N,NONE,NA,NA,NONE,NOT APPLICABLE,NOT APPLICABLE,,DRIVER LICENSE,Texas,CLASS C,77044
15040518,3,MOTOR VEHICLE,N,Y,UN,,NA,WHI,FORD,F150,PICKUP,N,,2,NA,NA,NA,NA,NA,NA,NA,N,,DRIVEN OFF BY DRIVER,NONE,NA,NA,NORTH,N,0,0,0,0,1,0,0,1,DRIVER,FRONT LEFT,NOT INJURED,25,HISPANIC,MALE,NO,SHOULDER & LAP BELT,NOT DEPLOYED,NOT APPLICABLE,N,NONE,NA,NA,NONE,NOT APPLICABLE,NOT APPLICABLE,,DRIVER LICENSE,Texas,CLASS C,77055
15040518,3,MOTOR VEHICLE,N,Y,UN,,NA,WHI,FORD,F150,PICKUP,N,,2,NA,NA,NA,NA,NA,NA,NA,N,,DRIVEN OFF BY DRIVER,NONE,NA,NA,NORTH,N,0,0,0,0,1,0,0,1,DRIVER,FRONT LEFT,POSSIBLE INJURY,39,ASIAN,MALE,NO,NONE,NOT DEPLOYED,NOT APPLICABLE,N,NONE,NA,NA,NONE,NOT APPLICABLE,NOT APPLICABLE,,DRIVER LICENSE,Kansas,OTHER/OUT OF STATE,67226
15049094,1,MOTOR VEHICLE,N,Y,TX,1G1PF5SCXC7191447,NA,RED,CHEVROLET,CRUZE,"PASSENGER CAR, 4-DOOR",N,79606,1,PROOF OF LIABILITY INSURANCE,FRONT END (LEFT) DAMAGE PARTIAL CONTACT,DAMAGED 1 MINIMUM,12,FRONT END (RIGHT)  DAMAGE PARTIAL CONTACT,DAMAGED 2,12,Y,COLYER'S TOWING,"1442 BUTTERNUT, ABILENE, TX 79602",FAILED TO CONTROL SPEED,HAD BEEN DRINKING,NA,WEST,Y,0,0,0,0,1,0,0,1,DRIVER,FRONT LEFT,UNKNOWN,20,HISPANIC,MALE,NO,UNKNOWN,NOT DEPLOYED,NOT APPLICABLE,N,NONE,NA,NA,NONE,NOT APPLICABLE,NOT APPLICABLE,,DRIVER LICENSE,Texas,CLASS C,79606
15056010,1,MOTOR VEHICLE,N,Y,TX,4T1BD1FK4CU006095,NA,WHI,TOYOTA,COROLLA,"PASSENGER CAR, 4-DOOR",N,79404,1,PROOF OF LIABILITY INSURANCE,RIGHT FRONT QUARTER DAMAGE ANGULAR IMPACT,DAMAGED 5,2,DISTRIBUTED RIGHT SIDE DAMAGE PARALLEL IMPACT,DAMAGED 3,3,N,LUBBOCK WRECKER,LUBBOCK WRECKER  3209 SLATON HWY   806-7,FAILED TO DRIVE IN SINGLE LANE,NA,UNDER INFLUENCE - DRUG,WEST,Y,0,0,0,0,1,0,0,1,DRIVER,FRONT LEFT,UNKNOWN,32,WHITE,MALE,NO,UNKNOWN,"DEPLOYED, FRONT",NOT APPLICABLE,N,NONE,NA,NA,NONE,NOT APPLICABLE,NOT APPLICABLE,,DRIVER LICENSE,Texas,CLASS C,79404
15092254,1,MOTOR VEHICLE,N,Y,TX,1D7HA18DX4S596649,2004,WHI,DODGE,RAM 1500,PICKUP,N,79364,1,NA,DISTRIBUTED LEFT SIDE DAMAGE PARALLEL IMPACT,DAMAGED 3,9,NA,NA,NA,Y,LUBBOCK WRECKER,LUBBOCK WRECKER  3209 SLATON HWY   806-7,FAILED TO CONTROL SPEED,FAILED TO DRIVE IN SINGLE LANE,NA,WEST,Y,0,0,0,1,0,0,0,1,DRIVER,FRONT LEFT,NOT INJURED,34,HISPANIC,MALE,NO,SHOULDER & LAP BELT,NOT DEPLOYED,NOT APPLICABLE,N,BLOOD,NA,NA,BLOOD,UNKNOWN,UNKNOWN,,DRIVER LICENSE,Texas,CLASS C AND M,79364
15140641,1,MOTOR VEHICLE,N,Y,TX,1N6DD26T84C465887,2004,WHI,NISSAN,FRONTIER,PICKUP,N,75098,1,PROOF OF LIABILITY INSURANCE,FRONT END DAMAGE DISTRIBUTED IMPACT,DAMAGED 3,12,NA,NA,NA,Y,WYLIE AUTO TOWING,"1352 W FM 6 NEVADA,TX 75173",FOLLOWED TOO CLOSELY,FAULTY EVASIVE ACTION,NA,SOUTH,Y,0,0,0,1,0,0,0,1,DRIVER,FRONT LEFT,NOT INJURED,24,WHITE,MALE,NO,SHOULDER & LAP BELT,NOT DEPLOYED,NOT APPLICABLE,N,NONE,NA,NA,NONE,NOT APPLICABLE,NOT APPLICABLE,,DRIVER LICENSE,Texas,CLASS C,75098
15140641,1,MOTOR VEHICLE,N,Y,TX,1N6DD26T84C465887,2004,WHI,NISSAN,FRONTIER,PICKUP,N,75098,1,PROOF OF LIABILITY INSURANCE,FRONT END DAMAGE DISTRIBUTED IMPACT,DAMAGED 3,12,NA,NA,NA,Y,WYLIE AUTO TOWING,"1352 W FM 6 NEVADA,TX 75173",FOLLOWED TOO CLOSELY,FAULTY EVASIVE ACTION,NA,SOUTH,Y,0,0,0,1,0,0,0,1,DRIVER,FRONT LEFT,NOT INJURED,37,WHITE,MALE,NO,SHOULDER & LAP BELT,NOT DEPLOYED,NOT APPLICABLE,N,NONE,NA,NA,NONE,NOT APPLICABLE,NOT APPLICABLE,,DRIVER LICENSE,Texas,CLASS C AND M,75094
15043090,1,MOTOR VEHICLE,N,Y,UN,1C4BJWDG1FL665464,NA,99,JEEP,WRANGLER,SPORT UTILITY VEHICLE,N,78415,1,PROOF OF LIABILITY INSURANCE,FRONT END DAMAGE DISTRIBUTED IMPACT,DAMAGED 1 MINIMUM,12,NA,NA,NA,Y,APOLLO TOWING,CITY IMPOUND LOT,FAILED TO DRIVE IN SINGLE LANE,UNDER INFLUENCE - ALCOHOL,NA,SOUTH,Y,0,0,0,1,0,0,0,1,DRIVER,FRONT LEFT,NOT INJURED,45,WHITE,FEMALE,NO,SHOULDER & LAP BELT,NOT DEPLOYED,NOT APPLICABLE,N,BLOOD,Positive,0.31,NONE,NOT APPLICABLE,NOT APPLICABLE,,DRIVER LICENSE,Texas,CLASS A,78415
15049193,1,MOTOR VEHICLE,N,Y,TX,1J4AA2D18AL226314,NA,BLU,JEEP,WRANGLER,"PASSENGER CAR, 4-DOOR",N,75251,1,PROOF OF LIABILITY INSURANCE,LEFT FRONT QUARTER DAMAGE ANGULAR IMPACT,NO DAMAGE,9,LEFT BACK QUARTER DAMAGE ANGULAR IMPACT,NO DAMAGE,9,N,N/A DRIVEN HOME BY UNIT 1 DRIVER,N/A DRIVEN HOME BY UNIT 1 DRIVER,NA,NA,DRIVER INATTENTION,WEST,Y,0,0,0,1,0,0,0,1,DRIVER,FRONT LEFT,NOT INJURED,39,WHITE,FEMALE,NO,SHOULDER & LAP BELT,NOT DEPLOYED,NOT APPLICABLE,Y,NONE,NA,NA,NONE,NOT APPLICABLE,NOT APPLICABLE,,DRIVER LICENSE,Texas,CLASS C,76107
15049193,1,MOTOR VEHICLE,N,Y,TX,1J4AA2D18AL226314,NA,BLU,JEEP,WRANGLER,"PASSENGER CAR, 4-DOOR",N,75251,1,PROOF OF LIABILITY INSURANCE,LEFT FRONT QUARTER DAMAGE ANGULAR IMPACT,NO DAMAGE,9,LEFT BACK QUARTER DAMAGE ANGULAR IMPACT,NO DAMAGE,9,N,N/A DRIVEN HOME BY UNIT 1 DRIVER,N/A DRIVEN HOME BY UNIT 1 DRIVER,NA,NA,DRIVER INATTENTION,WEST,Y,0,0,0,1,0,0,0,1,DRIVER,FRONT LEFT,NOT INJURED,55,WHITE,MALE,NO,SHOULDER & LAP BELT,NOT DEPLOYED,NOT APPLICABLE,Y,NONE,NA,NA,NONE,NOT APPLICABLE,NOT APPLICABLE,,DRIVER LICENSE,Texas,CLASS C,76110
15078835,1,MOTOR VEHICLE,N,Y,TX,1GC1KVC80EF168304,NA,WHI,CHEVROLET,SILVERADO,PICKUP,N,79927,1,PROOF OF LIABILITY INSURANCE,FRONT END (RIGHT)  DAMAGE PARTIAL CONTACT,DAMAGED 1 MINIMUM,1,NA,NA,NA,N,,,FAILED TO CONTROL SPEED,DISTRACTION IN VEHICLE,NA,WEST,Y,0,0,0,1,0,0,0,1,DRIVER,FRONT LEFT,NOT INJURED,22,HISPANIC,MALE,NO,SHOULDER & LAP BELT,NOT DEPLOYED,NOT APPLICABLE,N,NONE,NA,NA,NONE,NOT APPLICABLE,NOT APPLICABLE,,DRIVER LICENSE,Texas,CLASS C,79927
15078835,1,MOTOR VEHICLE,N,Y,TX,1GC1KVC80EF168304,NA,WHI,CHEVROLET,SILVERADO,PICKUP,N,79927,1,PROOF OF LIABILITY INSURANCE,FRONT END (RIGHT)  DAMAGE PARTIAL CONTACT,DAMAGED 1 MINIMUM,1,NA,NA,NA,N,,,FAILED TO CONTROL SPEED,DISTRACTION IN VEHICLE,NA,WEST,Y,0,0,0,1,0,0,0,1,DRIVER,FRONT LEFT,NOT INJURED,50,HISPANIC,FEMALE,NO,SHOULDER & LAP BELT,NOT DEPLOYED,NOT APPLICABLE,N,NONE,NA,NA,NONE,NOT APPLICABLE,NOT APPLICABLE,,DRIVER LICENSE,Texas,CLASS C,79936
15088375,1,MOTOR VEHICLE,N,Y,TX,1FTNF20537EB43629,2007,WHI,FORD,F250,PICKUP,N,75801,1,PROOF OF LIABILITY INSURANCE,LEFT SIDE DAMAGE ANGULAR IMPACT,DAMAGED 3,10,FRONT END (RIGHT)  DAMAGE PARTIAL CONTACT,NO DAMAGE,12,,RICK'S AUTO CLINIC,"1321 W. PALESTINE AVE, PALESTINE, TX",UNDER INFLUENCE - ALCOHOL,NA,UNDER INFLUENCE - DRUG,WEST,Y,0,0,0,1,0,0,0,1,DRIVER,FRONT LEFT,NOT INJURED,33,WHITE,MALE,NO,UNKNOWN,NOT DEPLOYED,NOT APPLICABLE,N,BLOOD,NA,NA,BLOOD,UNKNOWN,UNKNOWN,,DRIVER LICENSE,Texas,CLASS C,75801
15088375,1,MOTOR VEHICLE,N,Y,TX,1FTNF20537EB43629,2007,WHI,FORD,F250,PICKUP,N,75801,1,PROOF OF LIABILITY INSURANCE,LEFT SIDE DAMAGE ANGULAR IMPACT,DAMAGED 3,10,FRONT END (RIGHT)  DAMAGE PARTIAL CONTACT,NO DAMAGE,12,,RICK'S AUTO CLINIC,"1321 W. PALESTINE AVE, PALESTINE, TX",UNDER INFLUENCE - ALCOHOL,NA,UNDER INFLUENCE - DRUG,WEST,Y,0,0,0,1,0,0,0,1,DRIVER,FRONT LEFT,NOT INJURED,24,WHITE,FEMALE,NO,SHOULDER & LAP BELT,NOT DEPLOYED,NOT APPLICABLE,N,NONE,NA,NA,NONE,NOT APPLICABLE,NOT APPLICABLE,,DRIVER LICENSE,Texas,CLASS C,
15139062,1,MOTOR VEHICLE,N,Y,TX,1G4CW65K224174552,2002,WHI,BUICK,PARK AVENUE,"PASSENGER CAR, 4-DOOR",N,79606,1,PROOF OF LIABILITY INSURANCE,RIGHT SIDE DAMAGE ANGULAR IMPACT,DAMAGED 2,3,NA,NA,NA,,FLED SCENE,,CHANGED LANE WHEN UNSAFE,OTHER (EXPLAIN IN NARRATIVE),NA,SOUTHWEST,Y,0,0,0,0,1,0,0,1,DRIVER OF MOTORCYCLE TYPE VEHICLE,FRONT LEFT,NON-INCAPACITATING INJURY,74,WHITE,MALE,NOT APPLICABLE,NOT APPLICABLE,NOT APPLICABLE,"WORN, NOT DAMAGED",N,NONE,NA,NA,NONE,NOT APPLICABLE,NOT APPLICABLE,,DRIVER LICENSE,Texas,CLASS C AND M,79605
14999422,1,MOTOR VEHICLE,N,Y,UN,,NA,99,UNKNOWN,UNKNOWN,UNKNOWN,N,,2,NA,NA,NA,NA,NA,NA,NA,N,DRIVEN FROM SCENE BY DRIVER,DRIVEN FROM SCENE,FAILED TO CONTROL SPEED,NA,NA,EAST,Y,0,0,0,0,1,0,0,1,DRIVER,FRONT LEFT,NOT INJURED,21,BLACK,MALE,NO,SHOULDER & LAP BELT,NOT DEPLOYED,NOT APPLICABLE,N,NONE,NA,NA,NONE,NOT APPLICABLE,NOT APPLICABLE,,DRIVER LICENSE,Texas,CLASS C,77338
14999422,1,MOTOR VEHICLE,N,Y,UN,,NA,99,UNKNOWN,UNKNOWN,UNKNOWN,N,,2,NA,NA,NA,NA,NA,NA,NA,N,DRIVEN FROM SCENE BY DRIVER,DRIVEN FROM SCENE,FAILED TO CONTROL SPEED,NA,NA,EAST,Y,0,0,0,0,1,0,0,1,DRIVER,FRONT LEFT,NOT INJURED,21,BLACK,MALE,NO,SHOULDER & LAP BELT,NOT DEPLOYED,NOT APPLICABLE,N,NONE,NA,NA,NONE,NOT APPLICABLE,NOT APPLICABLE,,DRIVER LICENSE,Texas,CLASS C,77338
15048194,1,MOTOR VEHICLE,N,Y,TX,JNKCV54E37M910180,2007,SIL,INFINITI,G35,"PASSENGER CAR, 2-DOOR",N,77520,1,PROOF OF LIABILITY INSURANCE,FRONT END (RIGHT)  DAMAGE PARTIAL CONTACT,DAMAGED 2,1,NA,NA,NA,N,BRAD'S WRECKER,#6 HAFER    PH # (281)  428-2723,FAILED TO CONTROL SPEED,FAILED TO DRIVE IN SINGLE LANE,NA,SOUTH,Y,0,0,0,1,0,0,0,1,DRIVER,FRONT LEFT,NOT INJURED,31,WHITE,MALE,NO,UNKNOWN,NOT DEPLOYED,NOT APPLICABLE,N,NONE,NA,NA,NONE,NOT APPLICABLE,NOT APPLICABLE,,DRIVER LICENSE,Texas,CLASS C,77520
15048194,1,MOTOR VEHICLE,N,Y,TX,JNKCV54E37M910180,2007,SIL,INFINITI,G35,"PASSENGER CAR, 2-DOOR",N,77520,1,PROOF OF LIABILITY INSURANCE,FRONT END (RIGHT)  DAMAGE PARTIAL CONTACT,DAMAGED 2,1,NA,NA,NA,N,BRAD'S WRECKER,#6 HAFER    PH # (281)  428-2723,FAILED TO CONTROL SPEED,FAILED TO DRIVE IN SINGLE LANE,NA,SOUTH,Y,0,0,0,1,0,0,0,1,DRIVER,FRONT LEFT,NOT INJURED,22,OTHER,MALE,NO,SHOULDER & LAP BELT,NOT DEPLOYED,NOT APPLICABLE,N,NONE,NA,NA,NONE,NOT APPLICABLE,NOT APPLICABLE,,DRIVER LICENSE,Texas,CLASS C,77520
15084042,1,MOTOR VEHICLE,N,Y,TX,2GCEC19W7X1250862,1999,WHI,CHEVROLET,UNKNOWN,PICKUP,N,79830,1,LIABILITY INSURANCE POLICY,FRONT END (LEFT) DAMAGE PARTIAL CONTACT,DAMAGED 6,12,LEFT FRONT QUARTER DAMAGE ANGULAR IMPACT,DAMAGED 6,9,N,ALPINE WRECKER SERVICE,"ALPINE WRECKER SERVICE, 90400 EAST HIGHW",SPEEDING - (OVERLIMIT),DISREGARD STOP SIGN OR LIGHT,DRIVER INATTENTION,EAST,Y,0,0,0,1,0,0,0,1,DRIVER,FRONT LEFT,NOT INJURED,26,HISPANIC,MALE,NO,UNKNOWN,NOT DEPLOYED,NOT APPLICABLE,N,NONE,NA,NA,NONE,NOT APPLICABLE,NOT APPLICABLE,,DRIVER LICENSE,Texas,CLASS C AND M,79830
15087495,1,MOTOR VEHICLE,N,Y,TX,1G1YY22G945124075,2004,BLU,CHEVROLET,CORVETTE,"PASSENGER CAR, 2-DOOR",N,76240,1,LIABILITY INSURANCE POLICY,FRONT END DAMAGE CONCENTRATED IMPACT,DAMAGED 5,1,NA,NA,NA,N,FRANKS,801 S MORRIS,FAILED TO CONTROL SPEED,NA,NA,EAST,Y,0,0,0,1,0,0,0,1,DRIVER,FRONT LEFT,NOT INJURED,42,HISPANIC,FEMALE,NO,SHOULDER & LAP BELT,NOT DEPLOYED,NOT APPLICABLE,N,NONE,NA,NA,NONE,NOT APPLICABLE,NOT APPLICABLE,,DRIVER LICENSE,Texas,CLASS C,76240
15090432,1,MOTOR VEHICLE,N,Y,TX,1HGEJ864XYL023048,2000,TAN,HONDA,CIVIC CRX,"PASSENGER CAR, 4-DOOR",N,78559,2,PROOF OF LIABILITY INSURANCE,FRONT END (LEFT) DAMAGE PARTIAL CONTACT,DAMAGED 7 HIGHEST,12,NA,NA,NA,N,ALMARAZ TOWING,5626 MILE 2 MERCEDES TEXAS,FATIGUED OR ASLEEP,HAD BEEN DRINKING,NA,EAST,Y,0,0,0,1,0,0,0,1,DRIVER,FRONT LEFT,NOT INJURED,20,HISPANIC,MALE,NO,SHOULDER & LAP BELT,NOT DEPLOYED,NOT APPLICABLE,N,NONE,NA,NA,NONE,NOT APPLICABLE,NOT APPLICABLE,,DRIVER LICENSE,Texas,CLASS C,78559
15120428,1,MOTOR VEHICLE,N,Y,TX,1GT22ZCG6DZ129037,NA,SIL,GMC,C1500,PICKUP,N,78336,1,PROOF OF LIABILITY INSURANCE,BACK END (RIGHT) DAMAGE PARTIAL CONTACT,DAMAGED 1 MINIMUM,5,NA,NA,NA,N,,,BACKED WITHOUT SAFETY,NA,HAD BEEN DRINKING,EAST,Y,0,0,0,1,0,0,0,1,DRIVER,FRONT LEFT,NOT INJURED,71,WHITE,MALE,NO,UNKNOWN,UNKNOWN,NOT APPLICABLE,N,OTHER (EXPLAIN IN NARRATIVE),NA,NA,OTHER (EXPLAIN IN NARRATIVE),UNKNOWN,UNKNOWN,,DRIVER LICENSE,Texas,CLASS C AND M,78336
15120428,1,MOTOR VEHICLE,N,Y,TX,1GT22ZCG6DZ129037,NA,SIL,GMC,C1500,PICKUP,N,78336,1,PROOF OF LIABILITY INSURANCE,BACK END (RIGHT) DAMAGE PARTIAL CONTACT,DAMAGED 1 MINIMUM,5,NA,NA,NA,N,,,BACKED WITHOUT SAFETY,NA,HAD BEEN DRINKING,EAST,Y,0,0,0,1,0,0,0,1,PASSENGER/OCCUPANT,FRONT LEFT,NOT INJURED,35,HISPANIC,MALE,NO,UNKNOWN,NOT DEPLOYED,NOT APPLICABLE,N,NONE,NA,NA,NONE,NOT APPLICABLE,NOT APPLICABLE,,DRIVER LICENSE,Texas,CLASS C,78336
14990011,1,MOTOR VEHICLE,N,Y,UN,1G2NW12E0YM884677,2000,99,PONTIAC,GRAND AM,UNKNOWN,N,77053,2,NA,DISTRIBUTED LEFT SIDE DAMAGE PARALLEL IMPACT,DAMAGED 1 MINIMUM,1,FRONT END DAMAGE DISTRIBUTED IMPACT,DAMAGED 1 MINIMUM,1,Y,,,FAILED TO DRIVE IN SINGLE LANE,NA,NA,NORTH,Y,0,0,0,1,0,0,0,1,DRIVER,FRONT LEFT,NOT INJURED,29,WHITE,FEMALE,NO,SHOULDER & LAP BELT,NOT DEPLOYED,NOT APPLICABLE,N,NONE,NA,NA,NONE,NOT APPLICABLE,NOT APPLICABLE,,DRIVER LICENSE,Texas,CLASS C,77053
14990011,1,MOTOR VEHICLE,N,Y,UN,1G2NW12E0YM884677,2000,99,PONTIAC,GRAND AM,UNKNOWN,N,77053,2,NA,DISTRIBUTED LEFT SIDE DAMAGE PARALLEL IMPACT,DAMAGED 1 MINIMUM,1,FRONT END DAMAGE DISTRIBUTED IMPACT,DAMAGED 1 MINIMUM,1,Y,,,FAILED TO DRIVE IN SINGLE LANE,NA,NA,NORTH,Y,0,0,0,1,0,0,0,1,DRIVER,FRONT LEFT,NOT INJURED,45,BLACK,MALE,NO,SHOULDER & LAP BELT,NOT DEPLOYED,NOT APPLICABLE,N,NONE,NA,NA,NONE,NOT APPLICABLE,NOT APPLICABLE,,DRIVER LICENSE,Texas,CLASS C,77459
15049616,3,MOTOR VEHICLE,N,Y,UN,,NA,99,NA,NA,UNKNOWN,N,,NA,NA,BACK END DAMAGE DISTRIBUTED IMPACT,NO DAMAGE,6,NA,NA,NA,,FLED THE SCENE,,NONE,NA,NA,EAST,N,0,0,0,0,1,0,0,1,DRIVER,FRONT LEFT,NOT INJURED,19,HISPANIC,MALE,NO,SHOULDER & LAP BELT,NOT DEPLOYED,NOT APPLICABLE,N,NONE,NA,NA,NONE,NOT APPLICABLE,NOT APPLICABLE,,DRIVER LICENSE,Texas,CLASS C,78550
15049616,3,MOTOR VEHICLE,N,Y,UN,,NA,99,NA,NA,UNKNOWN,N,,NA,NA,BACK END DAMAGE DISTRIBUTED IMPACT,NO DAMAGE,6,NA,NA,NA,,FLED THE SCENE,,NONE,NA,NA,EAST,N,0,0,0,0,1,0,0,1,DRIVER,FRONT LEFT,POSSIBLE INJURY,38,HISPANIC,FEMALE,NO,SHOULDER & LAP BELT,NOT DEPLOYED,NOT APPLICABLE,N,NONE,NA,NA,NONE,NOT APPLICABLE,NOT APPLICABLE,,DRIVER LICENSE,Texas,CLASS C,78521
15080323,3,MOTOR VEHICLE,N,Y,UN,,NA,TAN,CHEVROLET,C1500 SUBURBAN,SPORT UTILITY VEHICLE,N,,NA,NA,BACK END DAMAGE DISTRIBUTED IMPACT,DAMAGED 1 MINIMUM,6,NA,NA,NA,N,REMOVED BY DRIVER,AWAY FROM SCENE,NONE,NA,NA,WEST,N,0,0,0,0,1,0,0,1,DRIVER,FRONT LEFT,NOT INJURED,20,WHITE,FEMALE,NO,SHOULDER & LAP BELT,NOT DEPLOYED,NOT APPLICABLE,N,NONE,NA,NA,NONE,NOT APPLICABLE,NOT APPLICABLE,,DRIVER LICENSE,Texas,CLASS C,75961
15080323,2,MOTOR VEHICLE,N,Y,TX,1GCDC14K6MZ176384,1991,WHI,CHEVROLET,C1500,PICKUP,N,75964,1,PROOF OF LIABILITY INSURANCE,BACK END (RIGHT) DAMAGE PARTIAL CONTACT,DAMAGED 2,6,FRONT END (RIGHT)  DAMAGE PARTIAL CONTACT,DAMAGED 1 MINIMUM,12,N,REMOVED BY DRIVER,AWAY FROM SCENE,NA,NA,FOLLOWED TOO CLOSELY,WEST,Y,0,0,0,1,0,0,0,1,DRIVER,FRONT LEFT,NOT INJURED,20,WHITE,FEMALE,NO,SHOULDER & LAP BELT,NOT DEPLOYED,NOT APPLICABLE,N,NONE,NA,NA,NONE,NOT APPLICABLE,NOT APPLICABLE,,DRIVER LICENSE,Texas,CLASS C,75961
15080323,1,MOTOR VEHICLE,N,Y,TX,1FMZU64W33ZB00764,2003,BLK,FORD,EXPLORER,SPORT UTILITY VEHICLE,N,75692,1,PROOF OF LIABILITY INSURANCE,FRONT END (LEFT) DAMAGE PARTIAL CONTACT,DAMAGED 2,12,NA,NA,NA,N,BILLY ROSS TOWING,3205 N UNIVERSITY DR NACOGDOCHES TX,FAILED TO CONTROL SPEED,NA,FOLLOWED TOO CLOSELY,WEST,Y,0,0,0,1,0,0,0,1,DRIVER,FRONT LEFT,NOT INJURED,20,WHITE,FEMALE,NO,SHOULDER & LAP BELT,NOT DEPLOYED,NOT APPLICABLE,N,NONE,NA,NA,NONE,NOT APPLICABLE,NOT APPLICABLE,,DRIVER LICENSE,Texas,CLASS C,75961
15080323,3,MOTOR VEHICLE,N,Y,UN,,NA,TAN,CHEVROLET,C1500 SUBURBAN,SPORT UTILITY VEHICLE,N,,NA,NA,BACK END DAMAGE DISTRIBUTED IMPACT,DAMAGED 1 MINIMUM,6,NA,NA,NA,N,REMOVED BY DRIVER,AWAY FROM SCENE,NONE,NA,NA,WEST,N,0,0,0,0,1,0,0,1,DRIVER,FRONT LEFT,NOT INJURED,17,HISPANIC,MALE,NO,SHOULDER & LAP BELT,NOT APPLICABLE,NOT APPLICABLE,N,NONE,NA,NA,NONE,NOT APPLICABLE,NOT APPLICABLE,,DRIVER LICENSE,Texas,CLASS C,75964
15080323,2,MOTOR VEHICLE,N,Y,TX,1GCDC14K6MZ176384,1991,WHI,CHEVROLET,C1500,PICKUP,N,75964,1,PROOF OF LIABILITY INSURANCE,BACK END (RIGHT) DAMAGE PARTIAL CONTACT,DAMAGED 2,6,FRONT END (RIGHT)  DAMAGE PARTIAL CONTACT,DAMAGED 1 MINIMUM,12,N,REMOVED BY DRIVER,AWAY FROM SCENE,NA,NA,FOLLOWED TOO CLOSELY,WEST,Y,0,0,0,1,0,0,0,1,DRIVER,FRONT LEFT,NOT INJURED,17,HISPANIC,MALE,NO,SHOULDER & LAP BELT,NOT APPLICABLE,NOT APPLICABLE,N,NONE,NA,NA,NONE,NOT APPLICABLE,NOT APPLICABLE,,DRIVER LICENSE,Texas,CLASS C,75964
15080323,1,MOTOR VEHICLE,N,Y,TX,1FMZU64W33ZB00764,2003,BLK,FORD,EXPLORER,SPORT UTILITY VEHICLE,N,75692,1,PROOF OF LIABILITY INSURANCE,FRONT END (LEFT) DAMAGE PARTIAL CONTACT,DAMAGED 2,12,NA,NA,NA,N,BILLY ROSS TOWING,3205 N UNIVERSITY DR NACOGDOCHES TX,FAILED TO CONTROL SPEED,NA,FOLLOWED TOO CLOSELY,WEST,Y,0,0,0,1,0,0,0,1,DRIVER,FRONT LEFT,NOT INJURED,17,HISPANIC,MALE,NO,SHOULDER & LAP BELT,NOT APPLICABLE,NOT APPLICABLE,N,NONE,NA,NA,NONE,NOT APPLICABLE,NOT APPLICABLE,,DRIVER LICENSE,Texas,CLASS C,75964