CRASH_ID,UNIT_NBR,UNIT_DESC_ID,VEH_PARKED_FL,VEH_HNR_FL,VEH_LIC_STATE_ID,VIN,VEH_MOD_YEAR,VEH_COLOR_ID,VEH_MAKE_ID,VEH_MOD_ID,VEH_BODY_STYL_ID,EMER_RESPNDR_FL,OWNR_ZIP,FIN_RESP_PROOF_ID,FIN_RESP_TYPE_ID,VEH_DMAG_AREA_1_ID,VEH_DMAG_SCL_1_ID,FORCE_DIR_1_ID,VEH_DMAG_AREA_2_ID,VEH_DMAG_SCL_2_ID,FORCE_DIR_2_ID,VEH_INVENTORIED_FL,VEH_TRANSP_NAME,VEH_TRANSP_DEST,CONTRIB_FACTR_1_ID,CONTRIB_FACTR_2_ID,CONTRIB_FACTR_P1_ID,VEH_TRVL_DIR_ID,FIRST_HARM_EVT_INV_ID,INCAP_INJRY_CNT,NONINCAP_INJRY_CNT,POSS_INJRY_CNT,NON_INJRY_CNT,UNKN_INJRY_CNT,TOT_INJRY_CNT,DEATH_CNT,PRSN_NBR,PRSN_TYPE_ID,PRSN_OCCPNT_POS_ID,PRSN_INJRY_SEV_ID,PRSN_AGE,PRSN_ETHNICITY_ID,PRSN_GNDR_ID,PRSN_EJCT_ID,PRSN_REST_ID,PRSN_AIRBAG_ID,PRSN_HELMET_ID,PRSN_SOL_FL,PRSN_ALC_SPEC_TYPE_ID,PRSN_ALC_RSLT_ID,PRSN_BAC_TEST_RSLT,PRSN_DRG_SPEC_TYPE_ID,PRSN_DRG_RSLT_ID,DRVR_DRG_CAT_1_ID,PRSN_DEATH_TIME,DRVR_LIC_TYPE_ID,DRVR_LIC_STATE_ID,DRVR_LIC_CLS_ID,DRVR_ZIP
15121979,1,MOTOR VEHICLE,N,Y,TX,2GNALPEK1C6109293,NA,SIL,CHEVROLET,EQUINOX,SPORT UTILITY VEHICLE,N,75904,1,PROOF OF LIABILITY INSURANCE,LEFT SIDE DAMAGE ANGULAR IMPACT,DAMAGED 1 MINIMUM,9,NA,NA,NA,N,OWNER,DRIVEN AWAY,NONE,NA,NA,SOUTHEAST,Y,0,0,0,2,0,0,0,1,DRIVER,FRONT LEFT,NOT INJURED,26,WHITE,FEMALE,NOT APPLICABLE,SHOULDER & LAP BELT,NOT DEPLOYED,NOT APPLICABLE,N,NONE,NA,NA,NONE,NOT APPLICABLE,NOT APPLICABLE,,DRIVER LICENSE,Texas,CLASS C,75904
15121979,2,MOTOR VEHICLE,N,Y,TX,KNDJD733165589403,2006,WHI,KIA,SORENTO,SPORT UTILITY VEHICLE,N,75901,1,PROOF OF LIABILITY INSURANCE,RIGHT FRONT QUARTER DAMAGE ANGULAR IMPACT,DAMAGED 1 MINIMUM,3,NA,NA,NA,N,OWNER,DRIVEN AWAY,CHANGED LANE WHEN UNSAFE,NA,NA,SOUTHEAST,Y,0,0,0,1,0,0,0,1,DRIVER,FRONT LEFT,NOT INJURED,43,WHITE,FEMALE,NO,UNKNOWN,NOT DEPLOYED,NOT APPLICABLE,N,NONE,NA,NA,NONE,NOT APPLICABLE,NOT APPLICABLE,,DRIVER LICENSE,Texas,CLASS C,75901
15121979,1,MOTOR VEHICLE,N,Y,TX,2GNALPEK1C6109293,NA,SIL,CHEVROLET,EQUINOX,SPORT UTILITY VEHICLE,N,75904,1,PROOF OF LIABILITY INSURANCE,LEFT SIDE DAMAGE ANGULAR IMPACT,DAMAGED 1 MINIMUM,9,NA,NA,NA,N,OWNER,DRIVEN AWAY,NONE,NA,NA,SOUTHEAST,Y,0,0,0,2,0,0,0,1,DRIVER,FRONT LEFT,NOT INJURED,43,WHITE,FEMALE,NO,UNKNOWN,NOT DEPLOYED,NOT APPLICABLE,N,NONE,NA,NA,NONE,NOT APPLICABLE,NOT APPLICABLE,,DRIVER LICENSE,Texas,CLASS C,75901
15022022,1,MOTOR VEHICLE,N,Y,UN,,NA,99,NA,NA,UNKNOWN,N,,NA,NA,NA,NA,NA,NA,NA,NA,,,,NONE,NA,NA,SOUTH,Y,0,0,0,0,1,0,0,1,DRIVER,FRONT LEFT,POSSIBLE INJURY,21,WHITE,FEMALE,NO,SHOULDER & LAP BELT,NOT DEPLOYED,NOT APPLICABLE,N,NONE,NA,NA,NONE,NOT APPLICABLE,NOT APPLICABLE,,DRIVER LICENSE,Texas,CLASS C,78233
15022022,1,MOTOR VEHICLE,N,Y,UN,,NA,99,NA,NA,UNKNOWN,N,,NA,NA,NA,NA,NA,NA,NA,NA,,,,NONE,NA,NA,SOUTH,Y,0,0,0,0,1,0,0,1,DRIVER,FRONT LEFT,NOT INJURED,52,WHITE,MALE,NO,SHOULDER & LAP BELT,"DEPLOYED, FRONT",NOT APPLICABLE,N,NONE,NA,NA,NONE,NOT APPLICABLE,NOT APPLICABLE,,DRIVER LICENSE,Texas,CLASS C,75093
15022022,1,MOTOR VEHICLE,N,Y,UN,,NA,99,NA,NA,UNKNOWN,N,,NA,NA,NA,NA,NA,NA,NA,NA,,,,NONE,NA,NA,SOUTH,Y,0,0,0,0,1,0,0,1,DRIVER,FRONT LEFT,NOT INJURED,69,WHITE,MALE,NO,SHOULDER & LAP BELT,NOT DEPLOYED,NOT APPLICABLE,N,NONE,NA,NA,NONE,NOT APPLICABLE,NOT APPLICABLE,,DRIVER LICENSE,Texas,CLASS C,75034
15022022,1,MOTOR VEHICLE,N,Y,UN,,NA,99,NA,NA,UNKNOWN,N,,NA,NA,NA,NA,NA,NA,NA,NA,,,,NONE,NA,NA,SOUTH,Y,0,0,0,0,1,0,0,1,DRIVER,FRONT LEFT,NOT INJURED,25,WHITE,MALE,NO,SHOULDER & LAP BELT,NOT DEPLOYED,NOT APPLICABLE,N,NONE,NA,NA,NONE,NOT APPLICABLE,NOT APPLICABLE,,DRIVER LICENSE,Texas,CLASS C,76227
15044062,2,MOTOR VEHICLE,N,Y,TX,1GNDS13S742407720,2004,BLK,CHEVROLET,TRAILBLAZER,SPORT UTILITY VEHICLE,N,78242,2,NA,FRONT END DAMAGE DISTRIBUTED IMPACT,DAMAGED 1 MINIMUM,12,NA,NA,NA,N,,,FOLLOWED TOO CLOSELY,DRIVER INATTENTION,NA,SOUTHWEST,Y,0,0,0,1,0,0,0,1,DRIVER,FRONT LEFT,NOT INJURED,36,BLACK,FEMALE,NO,SHOULDER & LAP BELT,NOT DEPLOYED,NOT APPLICABLE,N,NONE,NA,NA,NONE,NOT APPLICABLE,NOT APPLICABLE,,DRIVER LICENSE,Texas,CLASS C,78240
15081208,1,MOTOR VEHICLE,N,Y,UN,2C3HE66G83H514422,2003,RED,CHRYSLER,300M,"PASSENGER CAR, 4-DOOR",N,,2,NA,FRONT END DAMAGE DISTRIBUTED IMPACT,DAMAGED 3,12,NA,NA,NA,Y,CAR KING TOWING,5675 W TIDWELL,DISREGARD STOP AND GO SIGNAL,NA,NA,WEST,Y,0,0,0,0,1,0,0,1,DRIVER,FRONT LEFT,NOT INJURED,53,HISPANIC,MALE,NO,SHOULDER & LAP BELT,NOT DEPLOYED,NOT APPLICABLE,N,NONE,NA,NA,NONE,NOT APPLICABLE,NOT APPLICABLE,,DRIVER LICENSE,Texas,CLASS C,77007
15104157,2,MOTOR VEHICLE,N,Y,TX,1FTRW07653KB84022,2003,RED,FORD,F150,PICKUP,N,78363,1,LIABILITY INSURANCE POLICY,DISTRIBUTED RIGHT SIDE DAMAGE PARALLEL IMPACT,DAMAGED 1 MINIMUM,2,NA,NA,NA,N,DRIVER,DRIVEN OFF,NONE,NA,NA,WEST,Y,0,0,0,2,0,0,0,1,DRIVER,FRONT LEFT,NOT INJURED,77,WHITE,FEMALE,NO,SHOULDER & LAP BELT,NOT DEPLOYED,NOT APPLICABLE,N,NONE,NA,NA,NONE,NOT APPLICABLE,NOT APPLICABLE,,DRIVER LICENSE,Texas,CLASS C,78332
15104157,2,MOTOR VEHICLE,N,Y,TX,1FTRW07653KB84022,2003,RED,FORD,F150,PICKUP,N,78363,1,LIABILITY INSURANCE POLICY,DISTRIBUTED RIGHT SIDE DAMAGE PARALLEL IMPACT,DAMAGED 1 MINIMUM,2,NA,NA,NA,N,DRIVER,DRIVEN OFF,NONE,NA,NA,WEST,Y,0,0,0,2,0,0,0,1,DRIVER,FRONT LEFT,NOT INJURED,55,WHITE,FEMALE,NO,SHOULDER & LAP BELT,NOT DEPLOYED,NOT APPLICABLE,N,NONE,NA,NA,NONE,NOT APPLICABLE,NOT APPLICABLE,,DRIVER LICENSE,Texas,CLASS C,78363
15071512,1,MOTOR VEHICLE,N,Y,UN,1FT7W2B64EEA14746,NA,99,FORD,F250,UNKNOWN,N,75149,1,LIABILITY INSURANCE POLICY,BACK END (LEFT) DAMAGE PARTIAL CONTACT,DAMAGED 1 MINIMUM,5,NA,NA,NA,N,,,FAILED TO CONTROL SPEED,DRIVER INATTENTION,NA,WEST,Y,0,0,0,1,0,0,0,1,DRIVER,FRONT LEFT,NOT INJURED,45,WHITE,MALE,NO,SHOULDER & LAP BELT,NOT DEPLOYED,NOT APPLICABLE,Y,NONE,NA,NA,NONE,NOT APPLICABLE,NOT APPLICABLE,,DRIVER LICENSE,Texas,CLASS C,75149
15138421,1,MOTOR VEHICLE,N,Y,TX,3B7KF2363YG113709,2000,BLU,DODGE,RAM PICKUP OR VAN,PICKUP,N,76087,1,NA,DISTRIBUTED LEFT SIDE DAMAGE PARALLEL IMPACT,DAMAGED 1 MINIMUM,10,NA,NA,NA,Y,H&R,"2015 ROBERTS CUTOFF RIVEROAKS, TX.",PASSED ON RIGHT SHOULDER,NA,UNDER INFLUENCE - DRUG,WEST,Y,0,0,0,1,0,0,0,1,DRIVER,FRONT LEFT,NOT INJURED,18,WHITE,MALE,NO,SHOULDER & LAP BELT,NOT DEPLOYED,NOT APPLICABLE,N,BLOOD,NA,NA,BLOOD,UNKNOWN,UNKNOWN,,DRIVER LICENSE,Texas,CLASS C,76087
15138421,1,MOTOR VEHICLE,N,Y,TX,3B7KF2363YG113709,2000,BLU,DODGE,RAM PICKUP OR VAN,PICKUP,N,76087,1,NA,DISTRIBUTED LEFT SIDE DAMAGE PARALLEL IMPACT,DAMAGED 1 MINIMUM,10,NA,NA,NA,Y,H&R,"2015 ROBERTS CUTOFF RIVEROAKS, TX.",PASSED ON RIGHT SHOULDER,NA,UNDER INFLUENCE - DRUG,WEST,Y,0,0,0,1,0,0,0,1,DRIVER,FRONT LEFT,NOT INJURED,23,WHITE,MALE,NO,SHOULDER & LAP BELT,NOT DEPLOYED,NOT APPLICABLE,N,NONE,NA,NA,NONE,NOT APPLICABLE,NOT APPLICABLE,,DRIVER LICENSE,Texas,CLASS A AND M,76133
15002070,1,MOTOR VEHICLE,N,Y,TX,3GKEC16T54G221040,2004,WHI,GMC,YUKON,SPORT UTILITY VEHICLE,N,76541,2,NA,RIGHT FRONT QUARTER DAMAGE ANGULAR IMPACT,DAMAGED 1 MINIMUM,2,DISTRIBUTED RIGHT SIDE DAMAGE PARALLEL IMPACT,DAMAGED 1 MINIMUM,3,N,,,FAILED TO DRIVE IN SINGLE LANE,OTHER (EXPLAIN IN NARRATIVE),NA,EAST,Y,0,0,0,0,1,0,0,1,DRIVER,FRONT LEFT,POSSIBLE INJURY,34,BLACK,FEMALE,NO,SHOULDER & LAP BELT,NOT DEPLOYED,NOT APPLICABLE,N,NONE,NA,NA,NONE,NOT APPLICABLE,NOT APPLICABLE,,DRIVER LICENSE,Mississippi,OTHER/OUT OF STATE,39560
15017841,1,MOTOR VEHICLE,N,Y,TX,2GCEK19TXY1267925,2000,BLU,CHEVROLET,C1500,PICKUP,N,78374,1,LIABILITY INSURANCE POLICY,FRONT END DAMAGE DISTRIBUTED IMPACT,NO DAMAGE,12,NA,NA,NA,N,DRIVER,FLED SCENE,FAILED TO CONTROL SPEED,NA,NA,NORTHEAST,Y,0,0,0,1,0,0,0,1,DRIVER,FRONT LEFT,NOT INJURED,30,WHITE,MALE,NO,SHOULDER & LAP BELT,NOT DEPLOYED,NOT APPLICABLE,N,NONE,NA,NA,NONE,NOT APPLICABLE,NOT APPLICABLE,,DRIVER LICENSE,Texas,CLASS C,78412
15017841,1,MOTOR VEHICLE,N,Y,TX,2GCEK19TXY1267925,2000,BLU,CHEVROLET,C1500,PICKUP,N,78374,1,LIABILITY INSURANCE POLICY,FRONT END DAMAGE DISTRIBUTED IMPACT,NO DAMAGE,12,NA,NA,NA,N,DRIVER,FLED SCENE,FAILED TO CONTROL SPEED,NA,NA,NORTHEAST,Y,0,0,0,1,0,0,0,1,DRIVER,FRONT LEFT,POSSIBLE INJURY,25,HISPANIC,FEMALE,NO,SHOULDER & LAP BELT,NOT DEPLOYED,NOT APPLICABLE,N,NONE,NA,NA,NONE,NOT APPLICABLE,NOT APPLICABLE,,DRIVER LICENSE,Texas,CLASS C,75604
15091821,3,MOTOR VEHICLE,N,Y,TX,KNAFX4A67E5087712,NA,BRO,KIA,FORTE,"PASSENGER CAR, 4-DOOR",N,76244,1,PROOF OF LIABILITY INSURANCE,BACK END DAMAGE CONCENTRATED IMPACT,DAMAGED 3,6,NA,NA,NA,N,,,NONE,NA,NA,EAST,N,0,0,0,1,0,0,0,1,DRIVER,FRONT LEFT,NOT INJURED,54,WHITE,FEMALE,NO,SHOULDER & LAP BELT,"DEPLOYED, FRONT",NOT APPLICABLE,N,BLOOD,NA,NA,BLOOD,UNKNOWN,UNKNOWN,,DRIVER LICENSE,Texas,CLASS C,76137
15091821,1,MOTOR VEHICLE,N,Y,TX,KNDJT2A29B7341446,NA,GRY,KIA,SOUL,"PASSENGER CAR, 4-DOOR",N,,1,PROOF OF LIABILITY INSURANCE,FRONT END DAMAGE DISTRIBUTED IMPACT,DAMAGED 3,12,NA,NA,NA,Y,THOMAS TOWING,FORT WORTH AUTO POUND,HAD BEEN DRINKING,FAILED TO CONTROL SPEED,NA,EAST,Y,0,0,0,1,0,0,0,1,DRIVER,FRONT LEFT,NOT INJURED,54,WHITE,FEMALE,NO,SHOULDER & LAP BELT,"DEPLOYED, FRONT",NOT APPLICABLE,N,BLOOD,NA,NA,BLOOD,UNKNOWN,UNKNOWN,,DRIVER LICENSE,Texas,CLASS C,76137
15091821,3,MOTOR VEHICLE,N,Y,TX,KNAFX4A67E5087712,NA,BRO,KIA,FORTE,"PASSENGER CAR, 4-DOOR",N,76244,1,PROOF OF LIABILITY INSURANCE,BACK END DAMAGE CONCENTRATED IMPACT,DAMAGED 3,6,NA,NA,NA,N,,,NONE,NA,NA,EAST,N,0,0,0,1,0,0,0,1,DRIVER,FRONT LEFT,NON-INCAPACITATING INJURY,38,WHITE,FEMALE,NO,SHOULDER & LAP BELT,"DEPLOYED, FRONT",NOT APPLICABLE,N,NONE,NA,NA,NONE,NOT APPLICABLE,NOT APPLICABLE,,DRIVER LICENSE,Texas,CLASS C,76117
15091821,1,MOTOR VEHICLE,N,Y,TX,KNDJT2A29B7341446,NA,GRY,KIA,SOUL,"PASSENGER CAR, 4-DOOR",N,,1,PROOF OF LIABILITY INSURANCE,FRONT END DAMAGE DISTRIBUTED IMPACT,DAMAGED 3,12,NA,NA,NA,Y,THOMAS TOWING,FORT WORTH AUTO POUND,HAD BEEN DRINKING,FAILED TO CONTROL SPEED,NA,EAST,Y,0,0,0,1,0,0,0,1,DRIVER,FRONT LEFT,NON-INCAPACITATING INJURY,38,WHITE,FEMALE,NO,SHOULDER & LAP BELT,"DEPLOYED, FRONT",NOT APPLICABLE,N,NONE,NA,NA,NONE,NOT APPLICABLE,NOT APPLICABLE,,DRIVER LICENSE,Texas,CLASS C,76117
15091821,3,MOTOR VEHICLE,N,Y,TX,KNAFX4A67E5087712,NA,BRO,KIA,FORTE,"PASSENGER CAR, 4-DOOR",N,76244,1,PROOF OF LIABILITY INSURANCE,BACK END DAMAGE CONCENTRATED IMPACT,DAMAGED 3,6,NA,NA,NA,N,,,NONE,NA,NA,EAST,N,0,0,0,1,0,0,0,1,DRIVER,FRONT LEFT,NOT INJURED,55,WHITE,FEMALE,NO,SHOULDER BELT ONLY,UNKNOWN,NOT APPLICABLE,N,NONE,NA,NA,NONE,NOT APPLICABLE,NOT APPLICABLE,,DRIVER LICENSE,Texas,CLASS C,76244
15091821,1,MOTOR VEHICLE,N,Y,TX,KNDJT2A29B7341446,NA,GRY,KIA,SOUL,"PASSENGER CAR, 4-DOOR",N,,1,PROOF OF LIABILITY INSURANCE,FRONT END DAMAGE DISTRIBUTED IMPACT,DAMAGED 3,12,NA,NA,NA,Y,THOMAS TOWING,FORT WORTH AUTO POUND,HAD BEEN DRINKING,FAILED TO CONTROL SPEED,NA,EAST,Y,0,0,0,1,0,0,0,1,DRIVER,FRONT LEFT,NOT INJURED,55,WHITE,FEMALE,NO,SHOULDER BELT ONLY,UNKNOWN,NOT APPLICABLE,N,NONE,NA,NA,NONE,NOT APPLICABLE,NOT APPLICABLE,,DRIVER LICENSE,Texas,CLASS C,76244
15021284,1,MOTOR VEHICLE,N,Y,TX,2GCEC19T041241485,2004,BLK,CHEVROLET,SILVERADO,PICKUP,N,75056,1,LIABILITY INSURANCE POLICY,FRONT END DAMAGE DISTRIBUTED IMPACT,DAMAGED 2,12,NA,NA,NA,Y,BIG BASS,BIG BASS 201 MAIN ST MCKINNEY TX 75069,DRIVER INATTENTION,FAILED TO CONTROL SPEED,NA,WEST,Y,0,0,0,1,0,0,0,1,DRIVER,FRONT LEFT,NOT INJURED,45,WHITE,MALE,NO,SHOULDER & LAP BELT,"DEPLOYED, FRONT",NOT APPLICABLE,N,NONE,NA,NA,NONE,NOT APPLICABLE,NOT APPLICABLE,,DRIVER LICENSE,Texas,CLASS C,75056
15021284,1,MOTOR VEHICLE,N,Y,TX,2GCEC19T041241485,2004,BLK,CHEVROLET,SILVERADO,PICKUP,N,75056,1,LIABILITY INSURANCE POLICY,FRONT END DAMAGE DISTRIBUTED IMPACT,DAMAGED 2,12,NA,NA,NA,Y,BIG BASS,BIG BASS 201 MAIN ST MCKINNEY TX 75069,DRIVER INATTENTION,FAILED TO CONTROL SPEED,NA,WEST,Y,0,0,0,1,0,0,0,1,DRIVER,FRONT LEFT,NON-INCAPACITATING INJURY,29,BLACK,FEMALE,NO,SHOULDER & LAP BELT,NOT DEPLOYED,NOT APPLICABLE,N,NONE,NA,NA,NONE,NOT APPLICABLE,NOT APPLICABLE,,DRIVER LICENSE,Texas,CLASS C,75068
15035914,1,MOTOR VEHICLE,N,Y,UN,1N4DL01DXXC135706,1999,TAN,NISSAN,ALTIMA,"PASSENGER CAR, 4-DOOR",N,75149,1,PROOF OF LIABILITY INSURANCE,FRONT END DAMAGE CONCENTRATED IMPACT,DAMAGED 3,12,NA,NA,NA,,,,UNDER INFLUENCE - ALCOHOL,NA,NA,SOUTH,Y,0,0,0,1,0,0,0,1,DRIVER,FRONT LEFT,NOT INJURED,25,BLACK,MALE,NO,UNKNOWN,"DEPLOYED, FRONT",NOT APPLICABLE,N,BLOOD,NA,NA,NONE,NOT APPLICABLE,NOT APPLICABLE,,DRIVER LICENSE,Texas,CLASS C,75150
15035390,1,MOTOR VEHICLE,N,Y,TX,1FTFW1ET2EFC15501,NA,BLK,FORD,F150,PICKUP,N,,1,LIABILITY INSURANCE POLICY,FRONT END DAMAGE DISTRIBUTED IMPACT,DAMAGED 2,12,NA,NA,NA,Y,NEAL POOL,1117 S. GRANT,UNDER INFLUENCE - ALCOHOL,FAILED TO CONTROL SPEED,NA,SOUTH,Y,0,0,0,0,1,0,0,1,DRIVER,FRONT LEFT,UNKNOWN,38,WHITE,MALE,NO,SHOULDER & LAP BELT,UNKNOWN,NOT APPLICABLE,N,BLOOD,NA,NA,BLOOD,NOT APPLICABLE,NOT APPLICABLE,,DRIVER LICENSE,Texas,CLASS C,
15035390,1,MOTOR VEHICLE,N,Y,TX,1FTFW1ET2EFC15501,NA,BLK,FORD,F150,PICKUP,N,,1,LIABILITY INSURANCE POLICY,FRONT END DAMAGE DISTRIBUTED IMPACT,DAMAGED 2,12,NA,NA,NA,Y,NEAL POOL,1117 S. GRANT,UNDER INFLUENCE - ALCOHOL,FAILED TO CONTROL SPEED,NA,SOUTH,Y,0,0,0,0,1,0,0,1,DRIVER,FRONT LEFT,NOT INJURED,27,WHITE,FEMALE,NO,SHOULDER & LAP BELT,NOT DEPLOYED,NOT APPLICABLE,N,NONE,NA,NA,NONE,NOT APPLICABLE,NOT APPLICABLE,,DRIVER LICENSE,Texas,CLASS C,
15040269,1,MOTOR VEHICLE,N,Y,TX,1N4AL2AP3CN511458,NA,SIL,NISSAN,ALTIMA,"PASSENGER CAR, 4-DOOR",N,76006,1,PROOF OF LIABILITY INSURANCE,FRONT END DAMAGE CONCENTRATED IMPACT,DAMAGED 3,1,NA,NA,NA,Y,PRO TOW WRECKER SERVICE,CITY IMPOUND LOT,FAULTY EVASIVE ACTION,NA,NA,SOUTHWEST,Y,0,0,0,1,0,0,0,1,DRIVER,FRONT LEFT,NOT INJURED,21,WHITE,FEMALE,NO,UNKNOWN,"DEPLOYED, FRONT",NOT APPLICABLE,N,NONE,NA,NA,NONE,NOT APPLICABLE,NOT APPLICABLE,,DRIVER LICENSE,New Mexico,OTHER/OUT OF STATE,76006
15077477,2,MOTOR VEHICLE,N,Y,TX,1GKDS13S882102472,NA,SIL,GMC,ENVOY,SPORT UTILITY VEHICLE,N,77029,1,PROOF OF LIABILITY INSURANCE,BACK END (RIGHT) DAMAGE PARTIAL CONTACT,DAMAGED 3,6,NA,NA,NA,N,DRIVEN OFF,,NONE,NA,NA,WEST,Y,0,0,0,2,0,0,0,1,DRIVER,FRONT LEFT,NOT INJURED,30,BLACK,MALE,NO,SHOULDER & LAP BELT,"DEPLOYED, FRONT",NOT APPLICABLE,N,NONE,NA,NA,NONE,NOT APPLICABLE,NOT APPLICABLE,,DRIVER LICENSE,Texas,CLASS C,77028
15077964,1,MOTOR VEHICLE,N,Y,TX,1G1JF12F247309985,2004,BLK,CHEVROLET,CAVALIER,"PASSENGER CAR, 2-DOOR",N,77523,1,PROOF OF LIABILITY INSURANCE,DISTRIBUTED RIGHT SIDE DAMAGE PARALLEL IMPACT,DAMAGED 2,3,NA,NA,NA,Y,LEKISHA HEBRON,DRIVEN AWAY,FAILED TO DRIVE IN SINGLE LANE,NA,NA,SOUTH,Y,0,0,0,1,0,0,0,1,DRIVER,FRONT LEFT,NOT INJURED,35,BLACK,FEMALE,NO,UNKNOWN,NOT DEPLOYED,NOT APPLICABLE,N,NONE,NA,NA,NONE,NOT APPLICABLE,NOT APPLICABLE,,DRIVER LICENSE,Texas,CLASS C,77523
15077964,1,MOTOR VEHICLE,N,Y,TX,1G1JF12F247309985,2004,BLK,CHEVROLET,CAVALIER,"PASSENGER CAR, 2-DOOR",N,77523,1,PROOF OF LIABILITY INSURANCE,DISTRIBUTED RIGHT SIDE DAMAGE PARALLEL IMPACT,DAMAGED 2,3,NA,NA,NA,Y,LEKISHA HEBRON,DRIVEN AWAY,FAILED TO DRIVE IN SINGLE LANE,NA,NA,SOUTH,Y,0,0,0,1,0,0,0,1,DRIVER,FRONT LEFT,NOT INJURED,36,HISPANIC,FEMALE,NO,SHOULDER & LAP BELT,NOT DEPLOYED,NOT APPLICABLE,N,NONE,NA,NA,NONE,NOT APPLICABLE,NOT APPLICABLE,,DRIVER LICENSE,Texas,CLASS C,77562
15112592,1,MOTOR VEHICLE,N,Y,UN,,NA,WHI,UNKNOWN,UNKNOWN,UNKNOWN,N,,2,NA,FRONT END DAMAGE DISTRIBUTED IMPACT,NO DAMAGE,12,NA,NA,NA,N,,,FAILED TO CONTROL SPEED,NA,NA,WEST,Y,0,0,0,0,1,0,0,1,DRIVER,FRONT LEFT,POSSIBLE INJURY,29,BLACK,MALE,NO,SHOULDER & LAP BELT,NOT DEPLOYED,NOT APPLICABLE,N,NONE,NA,NA,NONE,NOT APPLICABLE,NOT APPLICABLE,,DRIVER LICENSE,Texas,CLASS C,
15112592,1,MOTOR VEHICLE,N,Y,UN,,NA,WHI,UNKNOWN,UNKNOWN,UNKNOWN,N,,2,NA,FRONT END DAMAGE DISTRIBUTED IMPACT,NO DAMAGE,12,NA,NA,NA,N,,,FAILED TO CONTROL SPEED,NA,NA,WEST,Y,0,0,0,0,1,0,0,1,DRIVER,FRONT LEFT,POSSIBLE INJURY,29,BLACK,MALE,NO,SHOULDER & LAP BELT,NOT DEPLOYED,NOT APPLICABLE,N,NONE,NA,NA,NONE,NOT APPLICABLE,NOT APPLICABLE,,DRIVER LICENSE,Texas,CLASS C,
15112592,1,MOTOR VEHICLE,N,Y,UN,,NA,WHI,UNKNOWN,UNKNOWN,UNKNOWN,N,,2,NA,FRONT END DAMAGE DISTRIBUTED IMPACT,NO DAMAGE,12,NA,NA,NA,N,,,FAILED TO CONTROL SPEED,NA,NA,WEST,Y,0,0,0,0,1,0,0,1,DRIVER,FRONT LEFT,NOT INJURED,55,WHITE,FEMALE,NO,SHOULDER & LAP BELT,NOT DEPLOYED,NOT APPLICABLE,N,NONE,NA,NA,NONE,NOT APPLICABLE,NOT APPLICABLE,,DRIVER LICENSE,Texas,CLASS C,
15112592,1,MOTOR VEHICLE,N,Y,UN,,NA,WHI,UNKNOWN,UNKNOWN,UNKNOWN,N,,2,NA,FRONT END DAMAGE DISTRIBUTED IMPACT,NO DAMAGE,12,NA,NA,NA,N,,,FAILED TO CONTROL SPEED,NA,NA,WEST,Y,0,0,0,0,1,0,0,1,DRIVER,FRONT LEFT,NOT INJURED,55,WHITE,FEMALE,NO,SHOULDER & LAP BELT,NOT DEPLOYED,NOT APPLICABLE,N,NONE,NA,NA,NONE,NOT APPLICABLE,NOT APPLICABLE,,DRIVER LICENSE,Texas,CLASS C,
15112592,1,MOTOR VEHICLE,N,Y,UN,,NA,WHI,UNKNOWN,UNKNOWN,UNKNOWN,N,,2,NA,FRONT END DAMAGE DISTRIBUTED IMPACT,NO DAMAGE,12,NA,NA,NA,N,,,FAILED TO CONTROL SPEED,NA,NA,WEST,Y,0,0,0,0,1,0,0,1,DRIVER,FRONT LEFT,NOT INJURED,34,WHITE,MALE,NO,SHOULDER & LAP BELT,NOT DEPLOYED,NOT APPLICABLE,N,NONE,NA,NA,NONE,NOT APPLICABLE,NOT APPLICABLE,,DRIVER LICENSE,Texas,CLASS C,
15112592,1,MOTOR VEHICLE,N,Y,UN,,NA,WHI,UNKNOWN,UNKNOWN,UNKNOWN,N,,2,NA,FRONT END DAMAGE DISTRIBUTED IMPACT,NO DAMAGE,12,NA,NA,NA,N,,,FAILED TO CONTROL SPEED,NA,NA,WEST,Y,0,0,0,0,1,0,0,1,DRIVER,FRONT LEFT,NOT INJURED,34,WHITE,MALE,NO,SHOULDER & LAP BELT,NOT DEPLOYED,NOT APPLICABLE,N,NONE,NA,NA,NONE,NOT APPLICABLE,NOT APPLICABLE,,DRIVER LICENSE,Texas,CLASS C,
15020081,1,MOTOR VEHICLE,N,Y,TX,1FTSW21R98EB71182,NA,GRY,FORD,F250,PICKUP,N,79416,1,PROOF OF LIABILITY INSURANCE,FRONT END DAMAGE DISTRIBUTED IMPACT,DAMAGED 3,12,NA,NA,NA,N,LUBBOCK WRECKER,LUBBOCK WRECKER  3209 SLATON HWY   806-7,UNDER INFLUENCE - ALCOHOL,FAILED TO CONTROL SPEED,NA,SOUTH,Y,0,0,1,0,0,1,0,1,DRIVER,FRONT LEFT,POSSIBLE INJURY,33,HISPANIC,MALE,NO,SHOULDER & LAP BELT,"DEPLOYED, FRONT",NOT APPLICABLE,N,BLOOD,NA,NA,BLOOD,UNKNOWN,UNKNOWN,,DRIVER LICENSE,Texas,CLASS C,79416