CRASH_ID,UNIT_NBR,UNIT_DESC_ID,VEH_PARKED_FL,VEH_HNR_FL,VEH_LIC_STATE_ID,VIN,VEH_MOD_YEAR,VEH_COLOR_ID,VEH_MAKE_ID,VEH_MOD_ID,VEH_BODY_STYL_ID,EMER_RESPNDR_FL,OWNR_ZIP,FIN_RESP_PROOF_ID,FIN_RESP_TYPE_ID,VEH_DMAG_AREA_1_ID,VEH_DMAG_SCL_1_ID,FORCE_DIR_1_ID,VEH_DMAG_AREA_2_ID,VEH_DMAG_SCL_2_ID,FORCE_DIR_2_ID,VEH_INVENTORIED_FL,VEH_TRANSP_NAME,VEH_TRANSP_DEST,CONTRIB_FACTR_1_ID,CONTRIB_FACTR_2_ID,CONTRIB_FACTR_P1_ID,VEH_TRVL_DIR_ID,FIRST_HARM_EVT_INV_ID,INCAP_INJRY_CNT,NONINCAP_INJRY_CNT,POSS_INJRY_CNT,NON_INJRY_CNT,UNKN_INJRY_CNT,TOT_INJRY_CNT,DEATH_CNT,PRSN_NBR,PRSN_TYPE_ID,PRSN_OCCPNT_POS_ID,PRSN_INJRY_SEV_ID,PRSN_AGE,PRSN_ETHNICITY_ID,PRSN_GNDR_ID,PRSN_EJCT_ID,PRSN_REST_ID,PRSN_AIRBAG_ID,PRSN_HELMET_ID,PRSN_SOL_FL,PRSN_ALC_SPEC_TYPE_ID,PRSN_ALC_RSLT_ID,PRSN_BAC_TEST_RSLT,PRSN_DRG_SPEC_TYPE_ID,PRSN_DRG_RSLT_ID,DRVR_DRG_CAT_1_ID,PRSN_DEATH_TIME,DRVR_LIC_TYPE_ID,DRVR_LIC_STATE_ID,DRVR_LIC_CLS_ID,DRVR_ZIP
15351316,1,MOTOR VEHICLE,N,Y,TX,1B7HL2AN01S324507,2001,RED,DODGE,DAKOTA,PICKUP,N,76526,1,PROOF OF LIABILITY INSURANCE,DISTRIBUTED RIGHT SIDE DAMAGE PARALLEL IMPACT,DAMAGED 3,1,NA,NA,NA,N,,,UNSAFE SPEED,NA,NA,WEST,Y,0,0,0,1,0,0,0,1,DRIVER,FRONT LEFT,NOT INJURED,41,WHITE,MALE,NO,SHOULDER & LAP BELT,NOT DEPLOYED,NOT APPLICABLE,N,NONE,NA,NA,NONE,NOT APPLICABLE,NOT APPLICABLE,,DRIVER LICENSE,Texas,CLASS C,76526
15149938,3,MOTOR VEHICLE,N,Y,UN,,NA,GRY,NA,NA,"PASSENGER CAR, 4-DOOR",N,,NA,NA,NA,NA,NA,NA,NA,NA,,,,NONE,NA,NA,NORTH,Y,0,0,0,0,1,0,0,1,DRIVER,FRONT LEFT,NOT INJURED,53,WHITE,MALE,NO,SHOULDER & LAP BELT,"DEPLOYED, FRONT",NOT APPLICABLE,N,NONE,NA,NA,NONE,NOT APPLICABLE,NOT APPLICABLE,,DRIVER LICENSE,Texas,CLASS A AND M,79763
15149938,3,MOTOR VEHICLE,N,Y,UN,,NA,GRY,NA,NA,"PASSENGER CAR, 4-DOOR",N,,NA,NA,NA,NA,NA,NA,NA,NA,,,,NONE,NA,NA,NORTH,Y,0,0,0,0,1,0,0,1,DRIVER,FRONT LEFT,NOT INJURED,28,HISPANIC,MALE,NO,SHOULDER & LAP BELT,NOT DEPLOYED,NOT APPLICABLE,N,NONE,NA,NA,NONE,NOT APPLICABLE,NOT APPLICABLE,,DRIVER LICENSE,Texas,CLASS C,79705
15179158,1,MOTOR VEHICLE,N,Y,UN,1FAFP4441XF187272,1999,99,FORD,MUSTANG,"PASSENGER CAR, 2-DOOR",N,78840,3,PROOF OF LIABILITY INSURANCE,FRONT END (LEFT) DAMAGE PARTIAL CONTACT,DAMAGED 3,12,NA,NA,NA,N,DEPARTED SCENE PRIOR TO,POLICE ARRIVAL,DISREGARD STOP AND GO SIGNAL,NA,NA,WEST,Y,0,0,0,0,1,0,0,1,DRIVER,FRONT LEFT,UNKNOWN,25,HISPANIC,MALE,NO,UNKNOWN,NOT DEPLOYED,NOT APPLICABLE,N,NONE,NA,NA,NONE,NOT APPLICABLE,NOT APPLICABLE,,DRIVER LICENSE,Texas,CLASS C,78840
15179158,1,MOTOR VEHICLE,N,Y,UN,1FAFP4441XF187272,1999,99,FORD,MUSTANG,"PASSENGER CAR, 2-DOOR",N,78840,3,PROOF OF LIABILITY INSURANCE,FRONT END (LEFT) DAMAGE PARTIAL CONTACT,DAMAGED 3,12,NA,NA,NA,N,DEPARTED SCENE PRIOR TO,POLICE ARRIVAL,DISREGARD STOP AND GO SIGNAL,NA,NA,WEST,Y,0,0,0,0,1,0,0,1,DRIVER,FRONT LEFT,NON-INCAPACITATING INJURY,49,HISPANIC,FEMALE,NO,SHOULDER & LAP BELT,NOT DEPLOYED,NOT APPLICABLE,N,NONE,NA,NA,NONE,NOT APPLICABLE,NOT APPLICABLE,,DRIVER LICENSE,Texas,CLASS C,78840
15178937,1,MOTOR VEHICLE,N,Y,TX,KNAGE228995286961,NA,WHI,KIA,OPTIMA,"PASSENGER CAR, 4-DOOR",N,75561,1,PROOF OF LIABILITY INSURANCE,FRONT END (LEFT) DAMAGE PARTIAL CONTACT,DAMAGED 3,12,NA,NA,NA,Y,,,FATIGUED OR ASLEEP,FAILED TO CONTROL SPEED,NA,NORTHEAST,Y,0,0,0,1,0,0,0,1,DRIVER,FRONT LEFT,NOT INJURED,21,WHITE,FEMALE,NO,SHOULDER & LAP BELT,"DEPLOYED, FRONT",NOT APPLICABLE,N,NONE,NA,NA,NONE,NOT APPLICABLE,NOT APPLICABLE,,DRIVER LICENSE,Texas,CLASS C,75561
15178937,1,MOTOR VEHICLE,N,Y,TX,KNAGE228995286961,NA,WHI,KIA,OPTIMA,"PASSENGER CAR, 4-DOOR",N,75561,1,PROOF OF LIABILITY INSURANCE,FRONT END (LEFT) DAMAGE PARTIAL CONTACT,DAMAGED 3,12,NA,NA,NA,Y,,,FATIGUED OR ASLEEP,FAILED TO CONTROL SPEED,NA,NORTHEAST,Y,0,0,0,1,0,0,0,1,DRIVER,FRONT LEFT,INCAPACITATING INJURY,27,WHITE,MALE,NO,SHOULDER & LAP BELT,"DEPLOYED, FRONT",NOT APPLICABLE,N,NONE,NA,NA,NONE,NOT APPLICABLE,NOT APPLICABLE,,COMMERCIAL DRIVER LIC.,Texas,CLASS B,75482
15191094,1,MOTOR VEHICLE,N,Y,TX,1FTEX15NXPKA88968,1993,BRO,FORD,F150,PICKUP,N,75061,1,PROOF OF LIABILITY INSURANCE,FRONT END DAMAGE CONCENTRATED IMPACT,NO DAMAGE,12,NA,NA,NA,N,DRIVEN FORM SCENE,,HAD BEEN DRINKING,NA,NA,EAST,Y,0,0,0,1,0,0,0,1,DRIVER,FRONT LEFT,NOT INJURED,60,BLACK,FEMALE,NO,SHOULDER & LAP BELT,NOT DEPLOYED,NOT APPLICABLE,N,NONE,NA,NA,NONE,NOT APPLICABLE,NOT APPLICABLE,,DRIVER LICENSE,Texas,CLASS C,75401
15146045,5,MOTOR VEHICLE,N,Y,UN,UNKNOWN,NA,GRN,UNKNOWN,UNKNOWN,PICKUP,N,,NA,NA,NA,NA,NA,NA,NA,NA,N,,,NONE,NA,NA,EAST,N,0,0,0,0,0,0,0,1,DRIVER,FRONT LEFT,NOT INJURED,24,OTHER,MALE,NO,SHOULDER & LAP BELT,NOT DEPLOYED,NOT APPLICABLE,N,NONE,NA,NA,NONE,NOT APPLICABLE,NOT APPLICABLE,,DRIVER LICENSE,Texas,CLASS C,77015
15146045,5,MOTOR VEHICLE,N,Y,UN,UNKNOWN,NA,GRN,UNKNOWN,UNKNOWN,PICKUP,N,,NA,NA,NA,NA,NA,NA,NA,NA,N,,,NONE,NA,NA,EAST,N,0,0,0,0,0,0,0,1,DRIVER,FRONT LEFT,NOT INJURED,24,OTHER,MALE,NO,SHOULDER & LAP BELT,NOT DEPLOYED,NOT APPLICABLE,N,NONE,NA,NA,NONE,NOT APPLICABLE,NOT APPLICABLE,,DRIVER LICENSE,Texas,CLASS C,77015
15146045,5,MOTOR VEHICLE,N,Y,UN,UNKNOWN,NA,GRN,UNKNOWN,UNKNOWN,PICKUP,N,,NA,NA,NA,NA,NA,NA,NA,NA,N,,,NONE,NA,NA,EAST,N,0,0,0,0,0,0,0,1,DRIVER,FRONT LEFT,POSSIBLE INJURY,35,WHITE,FEMALE,NO,SHOULDER & LAP BELT,"DEPLOYED, FRONT",NOT APPLICABLE,N,NONE,NA,NA,NONE,NOT APPLICABLE,NOT APPLICABLE,,DRIVER LICENSE,Texas,CLASS C,77502
15146045,5,MOTOR VEHICLE,N,Y,UN,UNKNOWN,NA,GRN,UNKNOWN,UNKNOWN,PICKUP,N,,NA,NA,NA,NA,NA,NA,NA,NA,N,,,NONE,NA,NA,EAST,N,0,0,0,0,0,0,0,1,DRIVER,FRONT LEFT,POSSIBLE INJURY,35,WHITE,FEMALE,NO,SHOULDER & LAP BELT,"DEPLOYED, FRONT",NOT APPLICABLE,N,NONE,NA,NA,NONE,NOT APPLICABLE,NOT APPLICABLE,,DRIVER LICENSE,Texas,CLASS C,77502
15146045,5,MOTOR VEHICLE,N,Y,UN,UNKNOWN,NA,GRN,UNKNOWN,UNKNOWN,PICKUP,N,,NA,NA,NA,NA,NA,NA,NA,NA,N,,,NONE,NA,NA,EAST,N,0,0,0,0,0,0,0,1,DRIVER,FRONT LEFT,NOT INJURED,37,WHITE,MALE,NO,SHOULDER & LAP BELT,NOT DEPLOYED,NOT APPLICABLE,N,NONE,NA,NA,NONE,NOT APPLICABLE,NOT APPLICABLE,,DRIVER LICENSE,Kentucky,OTHER/OUT OF STATE,77521
15146045,5,MOTOR VEHICLE,N,Y,UN,UNKNOWN,NA,GRN,UNKNOWN,UNKNOWN,PICKUP,N,,NA,NA,NA,NA,NA,NA,NA,NA,N,,,NONE,NA,NA,EAST,N,0,0,0,0,0,0,0,1,DRIVER,FRONT LEFT,NOT INJURED,37,WHITE,MALE,NO,SHOULDER & LAP BELT,NOT DEPLOYED,NOT APPLICABLE,N,NONE,NA,NA,NONE,NOT APPLICABLE,NOT APPLICABLE,,DRIVER LICENSE,Kentucky,OTHER/OUT OF STATE,77521
15148459,1,MOTOR VEHICLE,N,Y,TX,5N1ED28Y31C548537,2001,YEL,NISSAN,XTERRA,"PASSENGER CAR, 4-DOOR",N,78238,2,NA,FRONT END DAMAGE DISTRIBUTED IMPACT,DAMAGED 3,12,NA,NA,NA,Y,CONTRACT WRECKER,GROWDON,FAILED TO DRIVE IN SINGLE LANE,FAILED TO CONTROL SPEED,NA,WEST,Y,0,0,0,1,0,0,0,1,DRIVER,FRONT LEFT,NOT INJURED,34,HISPANIC,FEMALE,NO,SHOULDER & LAP BELT,NOT DEPLOYED,NOT APPLICABLE,N,BLOOD,Positive,0.2,BLOOD,UNKNOWN,UNKNOWN,,DRIVER LICENSE,Texas,CLASS C,78238
15148459,1,MOTOR VEHICLE,N,Y,TX,5N1ED28Y31C548537,2001,YEL,NISSAN,XTERRA,"PASSENGER CAR, 4-DOOR",N,78238,2,NA,FRONT END DAMAGE DISTRIBUTED IMPACT,DAMAGED 3,12,NA,NA,NA,Y,CONTRACT WRECKER,GROWDON,FAILED TO DRIVE IN SINGLE LANE,FAILED TO CONTROL SPEED,NA,WEST,Y,0,0,0,1,0,0,0,1,DRIVER,FRONT LEFT,NOT INJURED,55,HISPANIC,MALE,NO,SHOULDER & LAP BELT,NOT DEPLOYED,NOT APPLICABLE,N,NONE,NA,NA,NONE,NOT APPLICABLE,NOT APPLICABLE,,DRIVER LICENSE,Texas,CLASS C,78254
15173891,1,MOTOR VEHICLE,N,Y,TX,KNDJT2A24B7733900,NA,BLK,KIA,SOUL,SPORT UTILITY VEHICLE,N,76862,1,LIABILITY INSURANCE POLICY,RIGHT FRONT QUARTER DAMAGE ANGULAR IMPACT,DAMAGED 5,3,NA,NA,NA,N,WOLFE'S WRECKER SERVICE,"WOLFE'S WRECKER SERVICE, 1005 N BRIDGE S",FAILED TO CONTROL SPEED,DRIVER INATTENTION,NA,SOUTH,Y,0,0,0,0,1,0,0,1,DRIVER,FRONT LEFT,UNKNOWN,39,WHITE,FEMALE,UNKNOWN,UNKNOWN,NOT DEPLOYED,NOT APPLICABLE,N,NONE,NA,NA,NONE,NOT APPLICABLE,NOT APPLICABLE,,DRIVER LICENSE,Texas,CLASS C,76862
15214573,2,MOTOR VEHICLE,N,Y,TX,1FTCR10T2LUB27784,1990,BLU,FORD,RANGER,PICKUP,N,79603,1,PROOF OF LIABILITY INSURANCE,BACK END (LEFT) DAMAGE PARTIAL CONTACT,DAMAGED 1 MINIMUM,8,NA,NA,NA,N,LEFT AT SCENE,,BACKED WITHOUT SAFETY,NA,NA,SOUTH,Y,0,0,0,1,0,0,0,1,DRIVER,FRONT LEFT,NOT INJURED,44,WHITE,MALE,NO,SHOULDER & LAP BELT,NOT DEPLOYED,NOT APPLICABLE,N,NONE,NA,NA,NONE,NOT APPLICABLE,NOT APPLICABLE,,DRIVER LICENSE,Texas,CLASS C,79603
15214573,1,MOTOR VEHICLE,N,Y,TX,4T1BF28B6YU002361,2000,WHI,TOYOTA,AVALON,"PASSENGER CAR, 4-DOOR",N,79602,1,PROOF OF LIABILITY INSURANCE,LEFT FRONT QUARTER DAMAGE ANGULAR IMPACT,DAMAGED 1 MINIMUM,10,NA,NA,NA,N,FLED SCENE,,NONE,NA,NA,EAST,Y,0,0,0,1,0,0,0,1,DRIVER,FRONT LEFT,NOT INJURED,44,WHITE,MALE,NO,SHOULDER & LAP BELT,NOT DEPLOYED,NOT APPLICABLE,N,NONE,NA,NA,NONE,NOT APPLICABLE,NOT APPLICABLE,,DRIVER LICENSE,Texas,CLASS C,79603
15246230,1,MOTOR VEHICLE,N,Y,TX,1GCHK23667F540520,2007,BLK,CHEVROLET,SILVERADO,PICKUP,N,77625,1,PROOF OF LIABILITY INSURANCE,FRONT END DAMAGE DISTRIBUTED IMPACT,DAMAGED 2,NA,NA,NA,NA,N,DRIVEN AWAY BY DRIVER,DRIVEN AWAY BY DRIVER,FAILED TO CONTROL SPEED,NA,UNDER INFLUENCE - ALCOHOL,NORTH,Y,0,0,0,1,0,0,0,1,DRIVER,FRONT LEFT,NOT INJURED,39,WHITE,MALE,NO,UNKNOWN,NOT DEPLOYED,NOT APPLICABLE,N,NONE,NA,NA,NONE,NOT APPLICABLE,NOT APPLICABLE,,DRIVER LICENSE,Texas,CLASS C,77625
15246230,1,MOTOR VEHICLE,N,Y,TX,1GCHK23667F540520,2007,BLK,CHEVROLET,SILVERADO,PICKUP,N,77625,1,PROOF OF LIABILITY INSURANCE,FRONT END DAMAGE DISTRIBUTED IMPACT,DAMAGED 2,NA,NA,NA,NA,N,DRIVEN AWAY BY DRIVER,DRIVEN AWAY BY DRIVER,FAILED TO CONTROL SPEED,NA,UNDER INFLUENCE - ALCOHOL,NORTH,Y,0,0,0,1,0,0,0,1,DRIVER,FRONT LEFT,NOT INJURED,31,WHITE,FEMALE,NO,SHOULDER & LAP BELT,NOT DEPLOYED,NOT APPLICABLE,N,NONE,NA,NA,NONE,NOT APPLICABLE,NOT APPLICABLE,,DRIVER LICENSE,Texas,CLASS C,98375
15338342,1,MOTOR VEHICLE,N,Y,TX,1FTRW12WX5FB38808,2005,MAR,FORD,F150,PICKUP,N,78578,1,PROOF OF LIABILITY INSURANCE,BACK END (RIGHT) DAMAGE PARTIAL CONTACT,DAMAGED 6,6,NA,NA,NA,Y,CANTU'S WRECK SERVICE,"106 JACKSON, LAGUNA HEIGHTS, TX",BACKED WITHOUT SAFETY,UNDER INFLUENCE - ALCOHOL,UNDER INFLUENCE - DRUG,NORTH,Y,0,0,1,0,0,1,0,1,DRIVER,FRONT LEFT,POSSIBLE INJURY,42,HISPANIC,MALE,NO,UNKNOWN,NOT DEPLOYED,NOT APPLICABLE,N,REFUSED,NA,NA,NONE,NOT APPLICABLE,NOT APPLICABLE,,DRIVER LICENSE,Texas,CLASS C,78578
15168866,1,MOTOR VEHICLE,N,Y,TX,KM8SC73D92U324062,2002,GRN,HYUNDAI,SANTA FE,SPORT UTILITY VEHICLE,N,78221,1,LIABILITY INSURANCE POLICY,FRONT END DAMAGE DISTRIBUTED IMPACT,DAMAGED 4,12,RIGHT SIDE AND TOP DAMAGE ROLLOVER EFFECTS,DAMAGED 4,3,Y,RICHARDS TOWING,GROWDON POUND,UNSAFE SPEED,DISREGARD STOP AND GO SIGNAL,NA,WEST,Y,0,0,1,0,0,1,0,1,DRIVER,FRONT LEFT,POSSIBLE INJURY,34,WHITE,FEMALE,NO,SHOULDER & LAP BELT,DEPLOYED MULTIPLE,NOT APPLICABLE,N,NONE,NA,NA,NONE,NOT APPLICABLE,NOT APPLICABLE,,DRIVER LICENSE,Texas,CLASS C,78207
15168866,1,MOTOR VEHICLE,N,Y,TX,KM8SC73D92U324062,2002,GRN,HYUNDAI,SANTA FE,SPORT UTILITY VEHICLE,N,78221,1,LIABILITY INSURANCE POLICY,FRONT END DAMAGE DISTRIBUTED IMPACT,DAMAGED 4,12,RIGHT SIDE AND TOP DAMAGE ROLLOVER EFFECTS,DAMAGED 4,3,Y,RICHARDS TOWING,GROWDON POUND,UNSAFE SPEED,DISREGARD STOP AND GO SIGNAL,NA,WEST,Y,0,0,1,0,0,1,0,1,DRIVER,FRONT LEFT,POSSIBLE INJURY,50,WHITE,FEMALE,NO,SHOULDER & LAP BELT,DEPLOYED MULTIPLE,NOT APPLICABLE,N,NONE,NA,NA,NONE,NOT APPLICABLE,NOT APPLICABLE,,DRIVER LICENSE,Texas,CLASS C,78216
15297160,1,MOTOR VEHICLE,N,Y,TX,1C3AN69L24X002100,2004,WHI,CHRYSLER,CROSSFIRE,"PASSENGER CAR, 2-DOOR",N,78045,1,LIABILITY INSURANCE POLICY,FRONT END DAMAGE DISTRIBUTED IMPACT,DAMAGED 2,12,NA,NA,NA,N,SMU TOWING,520 S ZAPATA,FAILED TO CONTROL SPEED,NA,NA,NORTH,Y,0,0,0,1,0,0,0,1,DRIVER,FRONT LEFT,NOT INJURED,22,HISPANIC,MALE,NO,SHOULDER & LAP BELT,NOT DEPLOYED,NOT APPLICABLE,N,NONE,NA,NA,NONE,NOT APPLICABLE,NOT APPLICABLE,,DRIVER LICENSE,Texas,CLASS C,78045
15304267,1,MOTOR VEHICLE,N,Y,TX,2GTEC19V231261589,2003,WHI,GMC,NA,PICKUP,N,77502,1,PROOF OF LIABILITY INSURANCE,RIGHT SIDE DAMAGE ANGULAR IMPACT,DAMAGED 4,3,NA,NA,NA,Y,TAYLOR TOWING,TAYLOR TOWING,DISREGARD STOP SIGN OR LIGHT,DRIVER INATTENTION,UNDER INFLUENCE - ALCOHOL,NORTH,Y,0,0,0,1,0,0,0,1,DRIVER,FRONT LEFT,POSSIBLE INJURY,55,WHITE,MALE,NO,SHOULDER & LAP BELT,"DEPLOYED, FRONT",NOT APPLICABLE,N,NONE,NA,NA,NONE,NOT APPLICABLE,NOT APPLICABLE,,DRIVER LICENSE,Texas,CLASS C,77539
15152623,1,MOTOR VEHICLE,N,Y,TX,3VWD17AJ8GM232445,NA,BLK,VOLKSWAGEN,JETTA,"PASSENGER CAR, 4-DOOR",N,76801,1,PROOF OF LIABILITY INSURANCE,FRONT END (RIGHT)  DAMAGE PARTIAL CONTACT,DAMAGED 3,11,NA,NA,NA,N,HARPER'S TOWING,1114 W. COMMERCE ST.,FAILED TO DRIVE IN SINGLE LANE,NA,NA,SOUTHWEST,Y,0,0,0,0,1,0,0,1,DRIVER,FRONT LEFT,UNKNOWN,33,HISPANIC,FEMALE,UNKNOWN,UNKNOWN,DEPLOYED MULTIPLE,NOT APPLICABLE,N,NONE,NA,NA,NONE,NOT APPLICABLE,NOT APPLICABLE,,DRIVER LICENSE,Texas,CLASS C,76801
15170131,2,MOTOR VEHICLE,N,Y,TX,1G4CW54K224197829,2002,GLD,BUICK,NA,"PASSENGER CAR, 4-DOOR",N,79331,1,LIABILITY INSURANCE POLICY,FRONT END (LEFT) DAMAGE PARTIAL CONTACT,DAMAGED 2,3,NA,NA,NA,N,NOT TOWED,NOT TOWED,NONE,NA,NA,SOUTH,Y,0,0,0,1,0,0,0,1,DRIVER,FRONT LEFT,NOT INJURED,45,WHITE,MALE,NO,SHOULDER & LAP BELT,NOT DEPLOYED,NOT APPLICABLE,N,NONE,NA,NA,NONE,NOT APPLICABLE,NOT APPLICABLE,,DRIVER LICENSE,Texas,CLASS C,79331
15201751,1,MOTOR VEHICLE,N,Y,UN,1GTCS1441S8513174,1995,99,UNKNOWN,UNKNOWN,UNKNOWN,N,77095,1,PROOF OF LIABILITY INSURANCE,LEFT FRONT QUARTER DAMAGE ANGULAR IMPACT,DAMAGED 1 MINIMUM,1,FRONT END (LEFT) DAMAGE PARTIAL CONTACT,DAMAGED 3,12,N,PEPE'S WRECKER,5710 CAMPBELL,DRIVER INATTENTION,FAILED TO DRIVE IN SINGLE LANE,NA,EAST,Y,0,0,0,1,0,0,0,1,DRIVER,FRONT LEFT,NOT INJURED,46,HISPANIC,MALE,NO,UNKNOWN,NOT DEPLOYED,NOT APPLICABLE,N,NONE,NA,NA,NONE,NOT APPLICABLE,NOT APPLICABLE,,DRIVER LICENSE,Texas,CLASS C AND M,77095
15201751,1,MOTOR VEHICLE,N,Y,UN,1GTCS1441S8513174,1995,99,UNKNOWN,UNKNOWN,UNKNOWN,N,77095,1,PROOF OF LIABILITY INSURANCE,LEFT FRONT QUARTER DAMAGE ANGULAR IMPACT,DAMAGED 1 MINIMUM,1,FRONT END (LEFT) DAMAGE PARTIAL CONTACT,DAMAGED 3,12,N,PEPE'S WRECKER,5710 CAMPBELL,DRIVER INATTENTION,FAILED TO DRIVE IN SINGLE LANE,NA,EAST,Y,0,0,0,1,0,0,0,1,DRIVER,FRONT LEFT,NOT INJURED,46,HISPANIC,MALE,NO,UNKNOWN,NOT DEPLOYED,NOT APPLICABLE,N,NONE,NA,NA,NONE,NOT APPLICABLE,NOT APPLICABLE,,DRIVER LICENSE,Texas,CLASS C AND M,77095
15257456,1,MOTOR VEHICLE,N,Y,TX,2GCEC19V611395812,2001,BLK,CHEVROLET,C1500,PICKUP,N,78415,1,LIABILITY INSURANCE POLICY,DISTRIBUTED RIGHT SIDE DAMAGE PARALLEL IMPACT,DAMAGED 2,3,NA,NA,NA,N,DRIVER,DRIVEN AWAY,CHANGED LANE WHEN UNSAFE,NA,DRIVER INATTENTION,SOUTHEAST,Y,0,0,0,1,0,0,0,1,DRIVER,FRONT LEFT,NOT INJURED,46,HISPANIC,MALE,NO,LAP BELT ONLY,NOT DEPLOYED,NOT APPLICABLE,N,NONE,NA,NA,NONE,NOT APPLICABLE,NOT APPLICABLE,,DRIVER LICENSE,Texas,CLASS C,78415
15312271,1,MOTOR VEHICLE,N,Y,UN,1FMRU1766YLB70705,2000,99,FORD,EXPLORER,UNKNOWN,N,77414,1,PROOF OF LIABILITY INSURANCE,DISTRIBUTED LEFT SIDE DAMAGE PARALLEL IMPACT,DAMAGED 1 MINIMUM,11,NA,NA,NA,Y,BAY CITY WRECKER,3333 7TH STREET,UNDER INFLUENCE - ALCOHOL,NA,NA,NORTH,Y,0,0,0,1,0,0,0,1,DRIVER,FRONT LEFT,NOT INJURED,33,HISPANIC,FEMALE,NO,UNKNOWN,NOT DEPLOYED,NOT APPLICABLE,N,NONE,NA,NA,NONE,NOT APPLICABLE,NOT APPLICABLE,,DRIVER LICENSE,Texas,CLASS C,77562
15182159,3,MOTOR VEHICLE,N,Y,UN,,NA,RED,UNKNOWN,UNKNOWN,UNKNOWN,N,,2,NA,BACK END DAMAGE DISTRIBUTED IMPACT,DAMAGED 1 MINIMUM,6,NA,NA,NA,N,NA - FLED THE SCENE,,NONE,NA,NA,WEST,N,0,0,0,0,1,0,0,1,DRIVER,FRONT LEFT,NOT INJURED,57,WHITE,MALE,NO,SHOULDER & LAP BELT,NOT DEPLOYED,NOT APPLICABLE,N,NONE,NA,NA,NONE,NOT APPLICABLE,NOT APPLICABLE,,DRIVER LICENSE,Texas,CLASS C,77587
15182159,3,MOTOR VEHICLE,N,Y,UN,,NA,RED,UNKNOWN,UNKNOWN,UNKNOWN,N,,2,NA,BACK END DAMAGE DISTRIBUTED IMPACT,DAMAGED 1 MINIMUM,6,NA,NA,NA,N,NA - FLED THE SCENE,,NONE,NA,NA,WEST,N,0,0,0,0,1,0,0,1,DRIVER,FRONT LEFT,NOT INJURED,57,WHITE,MALE,NO,SHOULDER & LAP BELT,NOT DEPLOYED,NOT APPLICABLE,N,NONE,NA,NA,NONE,NOT APPLICABLE,NOT APPLICABLE,,DRIVER LICENSE,Texas,CLASS C,77587
15182159,3,MOTOR VEHICLE,N,Y,UN,,NA,RED,UNKNOWN,UNKNOWN,UNKNOWN,N,,2,NA,BACK END DAMAGE DISTRIBUTED IMPACT,DAMAGED 1 MINIMUM,6,NA,NA,NA,N,NA - FLED THE SCENE,,NONE,NA,NA,WEST,N,0,0,0,0,1,0,0,1,DRIVER,FRONT LEFT,NOT INJURED,56,WHITE,FEMALE,NO,SHOULDER & LAP BELT,NOT DEPLOYED,NOT APPLICABLE,N,NONE,NA,NA,NONE,NOT APPLICABLE,NOT APPLICABLE,,DRIVER LICENSE,Texas,CLASS C,77302
15182159,3,MOTOR VEHICLE,N,Y,UN,,NA,RED,UNKNOWN,UNKNOWN,UNKNOWN,N,,2,NA,BACK END DAMAGE DISTRIBUTED IMPACT,DAMAGED 1 MINIMUM,6,NA,NA,NA,N,NA - FLED THE SCENE,,NONE,NA,NA,WEST,N,0,0,0,0,1,0,0,1,DRIVER,FRONT LEFT,NOT INJURED,56,WHITE,FEMALE,NO,SHOULDER & LAP BELT,NOT DEPLOYED,NOT APPLICABLE,N,NONE,NA,NA,NONE,NOT APPLICABLE,NOT APPLICABLE,,DRIVER LICENSE,Texas,CLASS C,77302
15308285,1,MOTOR VEHICLE,N,Y,TX,5TESN92N11Z825022,2001,WHI,TOYOTA,TACOMA,UNKNOWN,N,78133,1,LIABILITY INSURANCE POLICY,BACK END DAMAGE DISTRIBUTED IMPACT,DAMAGED 1 MINIMUM,6,FRONT END (RIGHT)  DAMAGE PARTIAL CONTACT,DAMAGED 1 MINIMUM,12,Y,TRITON TOWING,"1204 LINCOLN AVE PFLUGERVILLE, TX 78660",OTHER (EXPLAIN IN NARRATIVE),NA,NA,SOUTH,Y,0,0,0,1,0,0,0,1,DRIVER,FRONT LEFT,NOT INJURED,27,WHITE,UNKNOWN,NO,UNKNOWN,NOT DEPLOYED,NOT APPLICABLE,N,NONE,NA,NA,NONE,NOT APPLICABLE,NOT APPLICABLE,,DRIVER LICENSE,Texas,CLASS C,78133
15166377,1,MOTOR VEHICLE,N,Y,UN,,NA,99,BUICK,NA,UNKNOWN,N,,NA,NA,FRONT END DAMAGE DISTRIBUTED IMPACT,DAMAGED 2,12,NA,NA,NA,N,DRIVER,FLED,FOLLOWED TOO CLOSELY,NA,NA,EAST,Y,0,0,0,0,1,0,0,1,DRIVER,FRONT LEFT,NOT INJURED,56,HISPANIC,MALE,NO,SHOULDER & LAP BELT,NOT DEPLOYED,NOT APPLICABLE,N,NONE,NA,NA,NONE,NOT APPLICABLE,NOT APPLICABLE,,DRIVER LICENSE,Mexico,OTHER/OUT OF STATE,75217
15204789,1,MOTOR VEHICLE,N,Y,TX,1G4CU541714241206,2001,BLK,BUICK,PARK AVENUE,"PASSENGER CAR, 4-DOOR",N,79411,1,PROOF OF LIABILITY INSURANCE,FRONT END (RIGHT)  DAMAGE PARTIAL CONTACT,DAMAGED 2,12,NA,NA,NA,N,FLED THE SCENE,,FAILED TO PASS TO LEFT SAFELY,NA,NA,NORTH,Y,0,0,0,1,0,0,0,1,PASSENGER/OCCUPANT,FRONT LEFT,NOT INJURED,34,HISPANIC,FEMALE,NO,SHOULDER & LAP BELT,NOT DEPLOYED,NOT APPLICABLE,N,NONE,NA,NA,NONE,NOT APPLICABLE,NOT APPLICABLE,,DRIVER LICENSE,Texas,CLASS C,79403