CRASH_ID,UNIT_NBR,UNIT_DESC_ID,VEH_PARKED_FL,VEH_HNR_FL,VEH_LIC_STATE_ID,VIN,VEH_MOD_YEAR,VEH_COLOR_ID,VEH_MAKE_ID,VEH_MOD_ID,VEH_BODY_STYL_ID,EMER_RESPNDR_FL,OWNR_ZIP,FIN_RESP_PROOF_ID,FIN_RESP_TYPE_ID,VEH_DMAG_AREA_1_ID,VEH_DMAG_SCL_1_ID,FORCE_DIR_1_ID,VEH_DMAG_AREA_2_ID,VEH_DMAG_SCL_2_ID,FORCE_DIR_2_ID,VEH_INVENTORIED_FL,VEH_TRANSP_NAME,VEH_TRANSP_DEST,CONTRIB_FACTR_1_ID,CONTRIB_FACTR_2_ID,CONTRIB_FACTR_P1_ID,VEH_TRVL_DIR_ID,FIRST_HARM_EVT_INV_ID,INCAP_INJRY_CNT,NONINCAP_INJRY_CNT,POSS_INJRY_CNT,NON_INJRY_CNT,UNKN_INJRY_CNT,TOT_INJRY_CNT,DEATH_CNT,PRSN_NBR,PRSN_TYPE_ID,PRSN_OCCPNT_POS_ID,PRSN_INJRY_SEV_ID,PRSN_AGE,PRSN_ETHNICITY_ID,PRSN_GNDR_ID,PRSN_EJCT_ID,PRSN_REST_ID,PRSN_AIRBAG_ID,PRSN_HELMET_ID,PRSN_SOL_FL,PRSN_ALC_SPEC_TYPE_ID,PRSN_ALC_RSLT_ID,PRSN_BAC_TEST_RSLT,PRSN_DRG_SPEC_TYPE_ID,PRSN_DRG_RSLT_ID,DRVR_DRG_CAT_1_ID,PRSN_DEATH_TIME,DRVR_LIC_TYPE_ID,DRVR_LIC_STATE_ID,DRVR_LIC_CLS_ID,DRVR_ZIP
15242072,1,MOTOR VEHICLE,N,Y,UN,,NA,99,NA,NA,UNKNOWN,N,,NA,NA,NA,NA,NA,NA,NA,NA,,,,CHANGED LANE WHEN UNSAFE,NA,NA,WEST,Y,0,0,0,0,1,0,0,1,DRIVER,FRONT LEFT,NOT INJURED,25,OTHER,MALE,NO,SHOULDER & LAP BELT,NOT DEPLOYED,NOT APPLICABLE,N,NONE,NA,NA,NONE,NOT APPLICABLE,NOT APPLICABLE,,DRIVER LICENSE,Virginia,OTHER/OUT OF STATE,75082
15259684,1,MOTOR VEHICLE,N,Y,TX,JHMES16573S002358,2003,RED,HONDA,CIVIC,"PASSENGER CAR, 4-DOOR",N,78676,2,NA,LEFT FRONT QUARTER DAMAGE ANGULAR IMPACT,DAMAGED 5,9,FRONT END DAMAGE DISTRIBUTED IMPACT,DAMAGED 5,12,Y,HARPERS TOWING SERVICE INC,HARPERS TOWING SERVICE INC,DISREGARD STOP AND GO SIGNAL,FAILED TO CONTROL SPEED,DRIVER INATTENTION,SOUTH,Y,0,1,0,0,0,1,0,1,DRIVER,FRONT LEFT,NOT INJURED,54,BLACK,MALE,NO,SHOULDER & LAP BELT,"DEPLOYED, FRONT",NOT APPLICABLE,N,NONE,NA,NA,NONE,NOT APPLICABLE,NOT APPLICABLE,,DRIVER LICENSE,Texas,CLASS C,78725
15279038,1,MOTOR VEHICLE,N,Y,TX,3GCRCSE0XAG264259,NA,WHI,CHEVROLET,SILVERADO,PICKUP,N,79413,1,PROOF OF LIABILITY INSURANCE,FRONT END (LEFT) DAMAGE PARTIAL CONTACT,DAMAGED 2,1,NA,NA,NA,N,FLED THE SCENE,,FAILED TO CONTROL SPEED,NA,WRONG SIDE - APPROACH OR INTERSECTION,EAST,Y,0,0,0,1,0,0,0,1,DRIVER,FRONT LEFT,NOT INJURED,20,WHITE,FEMALE,NO,UNKNOWN,NOT DEPLOYED,NOT APPLICABLE,N,NONE,NA,NA,NONE,NOT APPLICABLE,NOT APPLICABLE,,DRIVER LICENSE,Texas,CLASS C,79413
15150450,1,MOTOR VEHICLE,N,Y,TX,2GCEC19V5X1226969,1999,99,CHEVROLET,SILVERADO C1500,PICKUP,N,78023,1,LIABILITY INSURANCE POLICY,BACK END (LEFT) DAMAGE PARTIAL CONTACT,DAMAGED 1 MINIMUM,7,NA,NA,NA,N,,,NONE,NA,NA,UNKNOWN,Y,0,0,0,0,0,0,0,1,DRIVER,FRONT LEFT,NOT INJURED,21,HISPANIC,MALE,NO,SHOULDER & LAP BELT,NOT DEPLOYED,NOT APPLICABLE,N,NONE,NA,NA,NONE,NOT APPLICABLE,NOT APPLICABLE,,DRIVER LICENSE,Texas,CLASS C,78023
15171389,1,MOTOR VEHICLE,N,Y,TX,19UUA56631A006542,2001,BLU,ACURA,TL,"PASSENGER CAR, 4-DOOR",N,77449,1,LIABILITY INSURANCE POLICY,RIGHT BACK QUARTER DAMAGE ANGULAR IMPACT,DAMAGED 2,5,NA,NA,NA,N,DRIVER,DRIVEN FROM SCENE,FAILED TO YIELD ROW - TURNING LEFT,NA,NA,EAST,Y,0,0,0,1,0,0,0,1,DRIVER,FRONT LEFT,NOT INJURED,58,HISPANIC,FEMALE,NO,SHOULDER & LAP BELT,NOT DEPLOYED,NOT APPLICABLE,N,NONE,NA,NA,NONE,NOT APPLICABLE,NOT APPLICABLE,,DRIVER LICENSE,Texas,CLASS C,77449
15171389,1,MOTOR VEHICLE,N,Y,TX,19UUA56631A006542,2001,BLU,ACURA,TL,"PASSENGER CAR, 4-DOOR",N,77449,1,LIABILITY INSURANCE POLICY,RIGHT BACK QUARTER DAMAGE ANGULAR IMPACT,DAMAGED 2,5,NA,NA,NA,N,DRIVER,DRIVEN FROM SCENE,FAILED TO YIELD ROW - TURNING LEFT,NA,NA,EAST,Y,0,0,0,1,0,0,0,1,DRIVER,FRONT LEFT,NOT INJURED,66,WHITE,MALE,NO,SHOULDER & LAP BELT,NOT DEPLOYED,NOT APPLICABLE,N,NONE,NA,NA,NONE,NOT APPLICABLE,NOT APPLICABLE,,DRIVER LICENSE,Texas,CLASS C,75862
15191850,1,MOTOR VEHICLE,N,Y,TX,1FTRX17W1YKA54653,2000,GRN,FORD,F150,PICKUP,N,76050,1,PROOF OF LIABILITY INSURANCE,BACK END (LEFT) DAMAGE PARTIAL CONTACT,NO DAMAGE,7,NA,NA,NA,N,,,BACKED WITHOUT SAFETY,NA,NA,EAST,Y,0,0,0,1,0,0,0,1,DRIVER,FRONT LEFT,NOT INJURED,69,WHITE,FEMALE,NO,SHOULDER & LAP BELT,NOT DEPLOYED,NOT APPLICABLE,N,NONE,NA,NA,NONE,NOT APPLICABLE,NOT APPLICABLE,,DRIVER LICENSE,Texas,CLASS C,76033
15269903,1,MOTOR VEHICLE,N,Y,TX,1N6AD0ER6BC442957,NA,GRY,NISSAN,FRONTIER,PICKUP,N,75211,1,PROOF OF LIABILITY INSURANCE,FRONT END DAMAGE DISTRIBUTED IMPACT,DAMAGED 1 MINIMUM,12,NA,NA,NA,N,FLED,,UNDER INFLUENCE - ALCOHOL,FAILED TO CONTROL SPEED,NA,EAST,Y,0,0,0,0,1,0,0,1,DRIVER,FRONT LEFT,UNKNOWN,42,HISPANIC,MALE,NO,SHOULDER & LAP BELT,NOT DEPLOYED,NOT APPLICABLE,N,BLOOD,Positive,0.205,BLOOD,NOT APPLICABLE,NOT APPLICABLE,,DRIVER LICENSE,Texas,CLASS A,75211
15269903,1,MOTOR VEHICLE,N,Y,TX,1N6AD0ER6BC442957,NA,GRY,NISSAN,FRONTIER,PICKUP,N,75211,1,PROOF OF LIABILITY INSURANCE,FRONT END DAMAGE DISTRIBUTED IMPACT,DAMAGED 1 MINIMUM,12,NA,NA,NA,N,FLED,,UNDER INFLUENCE - ALCOHOL,FAILED TO CONTROL SPEED,NA,EAST,Y,0,0,0,0,1,0,0,1,DRIVER,FRONT LEFT,NOT INJURED,55,HISPANIC,MALE,NO,SHOULDER & LAP BELT,NOT DEPLOYED,NOT APPLICABLE,N,NONE,NA,NA,NONE,NOT APPLICABLE,NOT APPLICABLE,,DRIVER LICENSE,Texas,CLASS C,75061
15195067,3,MOTOR VEHICLE,N,Y,NA,,NA,NA,NA,NA,UNKNOWN,N,,2,NA,NA,NA,NA,NA,NA,NA,N,,,NONE,NA,NA,SOUTHWEST,N,0,0,0,0,1,0,0,1,DRIVER,FRONT LEFT,NOT INJURED,61,WHITE,MALE,NO,SHOULDER & LAP BELT,NOT DEPLOYED,NOT APPLICABLE,N,NONE,NA,NA,NONE,NOT APPLICABLE,NOT APPLICABLE,,DRIVER LICENSE,Texas,CLASS C AND M,77651
15195067,3,MOTOR VEHICLE,N,Y,NA,,NA,NA,NA,NA,UNKNOWN,N,,2,NA,NA,NA,NA,NA,NA,NA,N,,,NONE,NA,NA,SOUTHWEST,N,0,0,0,0,1,0,0,1,DRIVER,FRONT LEFT,NOT INJURED,44,ASIAN,FEMALE,NO,SHOULDER & LAP BELT,NOT DEPLOYED,NOT APPLICABLE,N,NONE,NA,NA,NONE,NOT APPLICABLE,NOT APPLICABLE,,DRIVER LICENSE,Texas,CLASS C,77642
15217740,1,MOTOR VEHICLE,N,Y,TX,1GCFG15X881154110,NA,WHI,CHEVROLET,EXPRESS,VAN,N,77373,2,NA,FRONT END (LEFT) DAMAGE PARTIAL CONTACT,DAMAGED 2,NA,NA,NA,NA,N,FLED THE SCENE,,FAILED TO CONTROL SPEED,FLEEING OR EVADING POLICE,NA,WEST,Y,0,0,0,0,1,0,0,1,DRIVER,FRONT LEFT,UNKNOWN,30,OTHER,MALE,NO,UNKNOWN,NOT APPLICABLE,NOT APPLICABLE,N,BLOOD,Negative,0,BLOOD,Positive,MULTIPLE DRUGS (EXPLAIN IN NARRATIVE),,DRIVER LICENSE,Texas,CLASS C,77093
15217740,1,MOTOR VEHICLE,N,Y,TX,1GCFG15X881154110,NA,WHI,CHEVROLET,EXPRESS,VAN,N,77373,2,NA,FRONT END (LEFT) DAMAGE PARTIAL CONTACT,DAMAGED 2,NA,NA,NA,NA,N,FLED THE SCENE,,FAILED TO CONTROL SPEED,FLEEING OR EVADING POLICE,NA,WEST,Y,0,0,0,0,1,0,0,1,DRIVER,FRONT LEFT,NOT INJURED,52,WHITE,MALE,NO,SHOULDER & LAP BELT,NOT DEPLOYED,NOT APPLICABLE,N,NONE,NA,NA,NONE,NOT APPLICABLE,NOT APPLICABLE,,DRIVER LICENSE,Texas,CLASS C,77651
15246725,2,MOTOR VEHICLE,N,Y,UN,,NA,99,NA,NA,UNKNOWN,N,,NA,NA,NA,NA,NA,NA,NA,NA,N,,,NONE,NA,NA,EAST,Y,0,0,0,0,1,0,0,1,DRIVER,FRONT LEFT,NOT INJURED,63,BLACK,MALE,NO,SHOULDER & LAP BELT,NOT DEPLOYED,NOT APPLICABLE,N,BREATH,Positive,0.157,NONE,NOT APPLICABLE,NOT APPLICABLE,,DRIVER LICENSE,Texas,CLASS C,77531
15312027,1,MOTOR VEHICLE,N,Y,UN,1C4AJWAG9CL147291,NA,SIL,JEEP,WRANGLER,SPORT UTILITY VEHICLE,N,734489560,1,LIABILITY INSURANCE POLICY,LEFT FRONT QUARTER DAMAGE ANGULAR IMPACT,DAMAGED 2,10,NA,NA,NA,N,TROOPER DE LA CERDA #14264,UNKNOWN LOCATION,UNDER INFLUENCE - ALCOHOL,FAILED TO DRIVE IN SINGLE LANE,NA,NORTH,Y,0,0,0,0,1,0,0,1,DRIVER,FRONT LEFT,NOT INJURED,47,WHITE,MALE,NO,SHOULDER & LAP BELT,NOT DEPLOYED,NOT APPLICABLE,N,NONE,NA,NA,NONE,NOT APPLICABLE,NOT APPLICABLE,,DRIVER LICENSE,Texas,CLASS C,76240
15191125,1,MOTOR VEHICLE,N,Y,TX,1LNHM87A64Y618320,2004,BLK,LINCOLN,LS,"PASSENGER CAR, 4-DOOR",N,76111,2,NA,FRONT END DAMAGE DISTRIBUTED IMPACT,DAMAGED 5,NA,NA,NA,NA,Y,SEGA,2500 BRENNAN,DISREGARD STOP AND GO SIGNAL,FAILED TO CONTROL SPEED,HAD BEEN DRINKING,EAST,Y,0,0,0,1,0,0,0,1,DRIVER,FRONT LEFT,NOT INJURED,23,HISPANIC,MALE,NO,SHOULDER & LAP BELT,"DEPLOYED, FRONT",NOT APPLICABLE,N,NONE,NA,NA,NONE,NOT APPLICABLE,NOT APPLICABLE,,DRIVER LICENSE,Texas,CLASS C,76111
15191125,1,MOTOR VEHICLE,N,Y,TX,1LNHM87A64Y618320,2004,BLK,LINCOLN,LS,"PASSENGER CAR, 4-DOOR",N,76111,2,NA,FRONT END DAMAGE DISTRIBUTED IMPACT,DAMAGED 5,NA,NA,NA,NA,Y,SEGA,2500 BRENNAN,DISREGARD STOP AND GO SIGNAL,FAILED TO CONTROL SPEED,HAD BEEN DRINKING,EAST,Y,0,0,0,1,0,0,0,1,DRIVER,FRONT LEFT,NOT INJURED,17,HISPANIC,MALE,NO,SHOULDER & LAP BELT,NOT APPLICABLE,NOT APPLICABLE,N,NONE,NA,NA,NONE,NOT APPLICABLE,NOT APPLICABLE,,DRIVER LICENSE,Texas,CLASS C,76133
15195039,1,MOTOR VEHICLE,N,Y,TX,3D7MA48C04G202123,2004,WHI,DODGE,RAM 1500,PICKUP,N,75766,1,PROOF OF LIABILITY INSURANCE,RIGHT FRONT QUARTER DAMAGE ANGULAR IMPACT,DAMAGED 2,2,NA,NA,NA,N,DRIVEN AWAY BY DRIVER,DRIVEN AWAY BY DRIVER,CHANGED LANE WHEN UNSAFE,NA,DRIVER INATTENTION,NORTH,Y,0,0,0,0,1,0,0,1,DRIVER,FRONT LEFT,NOT INJURED,19,BLACK,FEMALE,NO,SHOULDER & LAP BELT,NOT DEPLOYED,NOT APPLICABLE,N,NONE,NA,NA,NONE,NOT APPLICABLE,NOT APPLICABLE,,DRIVER LICENSE,Texas,CLASS C,75762
15266317,1,MOTOR VEHICLE,N,Y,TX,4A4MM21S74E020622,2004,GRY,MITSUBISHI,MONTERO,SPORT UTILITY VEHICLE,N,78109,3,PROOF OF LIABILITY INSURANCE,FRONT END DAMAGE DISTRIBUTED IMPACT,DAMAGED 1 MINIMUM,12,NA,NA,NA,N,,FLED SCENE,DRIVER INATTENTION,FOLLOWED TOO CLOSELY,NA,SOUTHEAST,Y,0,0,0,1,0,0,0,1,DRIVER,FRONT LEFT,NOT INJURED,38,HISPANIC,FEMALE,NO,SHOULDER & LAP BELT,NOT DEPLOYED,NOT APPLICABLE,N,NONE,NA,NA,NONE,NOT APPLICABLE,NOT APPLICABLE,,DRIVER LICENSE,Texas,CLASS C,78109
15266317,1,MOTOR VEHICLE,N,Y,TX,4A4MM21S74E020622,2004,GRY,MITSUBISHI,MONTERO,SPORT UTILITY VEHICLE,N,78109,3,PROOF OF LIABILITY INSURANCE,FRONT END DAMAGE DISTRIBUTED IMPACT,DAMAGED 1 MINIMUM,12,NA,NA,NA,N,,FLED SCENE,DRIVER INATTENTION,FOLLOWED TOO CLOSELY,NA,SOUTHEAST,Y,0,0,0,1,0,0,0,1,DRIVER,FRONT LEFT,NOT INJURED,20,WHITE,MALE,NO,SHOULDER & LAP BELT,NOT DEPLOYED,NOT APPLICABLE,N,NONE,NA,NA,NONE,NOT APPLICABLE,NOT APPLICABLE,,DRIVER LICENSE,Texas,CLASS C,78152
15266317,1,MOTOR VEHICLE,N,Y,TX,4A4MM21S74E020622,2004,GRY,MITSUBISHI,MONTERO,SPORT UTILITY VEHICLE,N,78109,3,PROOF OF LIABILITY INSURANCE,FRONT END DAMAGE DISTRIBUTED IMPACT,DAMAGED 1 MINIMUM,12,NA,NA,NA,N,,FLED SCENE,DRIVER INATTENTION,FOLLOWED TOO CLOSELY,NA,SOUTHEAST,Y,0,0,0,1,0,0,0,1,DRIVER,FRONT LEFT,NOT INJURED,46,WHITE,MALE,NO,SHOULDER & LAP BELT,NOT DEPLOYED,NOT APPLICABLE,N,NONE,NA,NA,NONE,NOT APPLICABLE,NOT APPLICABLE,,DRIVER LICENSE,Texas,CLASS C,78121
15166410,2,MOTOR VEHICLE,N,Y,UN,1B3HB48B18D670642,NA,GRY,DODGE,CALIBER,"PASSENGER CAR, 4-DOOR",N,77078,1,PROOF OF LIABILITY INSURANCE,DISTRIBUTED RIGHT SIDE DAMAGE PARALLEL IMPACT,DAMAGED 3,6,NA,NA,NA,N,NO TOW REQUIRED,NO TOW REQUIRED,NONE,NA,NA,EAST,Y,0,0,0,0,1,0,0,1,DRIVER,FRONT LEFT,NON-INCAPACITATING INJURY,29,BLACK,FEMALE,NO,SHOULDER & LAP BELT,NOT DEPLOYED,NOT APPLICABLE,N,NONE,NA,NA,NONE,NOT APPLICABLE,NOT APPLICABLE,,DRIVER LICENSE,Texas,CLASS C,77026
15187376,1,MOTOR VEHICLE,N,Y,TX,1GNDS13S932306497,2003,BLU,CHEVROLET,TRAILBLAZER,SPORT UTILITY VEHICLE,N,78749,2,NA,FRONT END DAMAGE CONCENTRATED IMPACT,DAMAGED 3,12,FRONT END (RIGHT)  DAMAGE PARTIAL CONTACT,DAMAGED 2,11,Y,HARPERS TOWING SERVICE INC,HARPERS TOWING SERVICE INC,NA,NA,HAD BEEN DRINKING,EAST,Y,0,0,0,1,0,0,0,1,DRIVER,FRONT LEFT,NOT INJURED,44,HISPANIC,MALE,NOT APPLICABLE,SHOULDER & LAP BELT,NOT DEPLOYED,NOT APPLICABLE,N,NONE,NA,NA,NONE,NOT APPLICABLE,NOT APPLICABLE,,DRIVER LICENSE,Texas,CLASS C,78745
15210386,1,MOTOR VEHICLE,N,Y,OK,1FTRW12W57FB60976,2007,RED,FORD,F150,PICKUP,N,748809731,2,NA,FRONT END DAMAGE DISTRIBUTED IMPACT,DAMAGED 2,12,LEFT FRONT QUARTER DAMAGE ANGULAR IMPACT,DAMAGED 1 MINIMUM,11,N,SIGNATURE TOWING,"1204 MUNICIPAL AVE, PLANO , TX 75074",DISREGARD WARNING SIGN AT CONSTRUCTION,FAILED TO CONTROL SPEED,NA,SOUTH,Y,0,1,0,0,0,1,0,1,DRIVER,FRONT LEFT,NON-INCAPACITATING INJURY,31,WHITE,MALE,NO,UNKNOWN,NOT DEPLOYED,NOT APPLICABLE,N,NONE,NA,NA,NONE,NOT APPLICABLE,NOT APPLICABLE,,DRIVER LICENSE,Oklahoma,OTHER/OUT OF STATE,73031
15240521,2,MOTOR VEHICLE,N,Y,TX,5TBEV58177S466624,2007,GLD,TOYOTA,TUNDRA,PICKUP,N,75034,1,PROOF OF LIABILITY INSURANCE,RIGHT FRONT QUARTER DAMAGE ANGULAR IMPACT,DAMAGED 2,1,NA,NA,NA,N,,,FAILED TO CONTROL SPEED,NA,DRIVER INATTENTION,SOUTH,Y,0,0,0,1,0,0,0,1,DRIVER,FRONT LEFT,NOT INJURED,37,WHITE,MALE,NO,SHOULDER & LAP BELT,NOT DEPLOYED,NOT APPLICABLE,N,NONE,NA,NA,NONE,NOT APPLICABLE,NOT APPLICABLE,,DRIVER LICENSE,Texas,CLASS C,76244
15240521,2,MOTOR VEHICLE,N,Y,TX,5TBEV58177S466624,2007,GLD,TOYOTA,TUNDRA,PICKUP,N,75034,1,PROOF OF LIABILITY INSURANCE,RIGHT FRONT QUARTER DAMAGE ANGULAR IMPACT,DAMAGED 2,1,NA,NA,NA,N,,,FAILED TO CONTROL SPEED,NA,DRIVER INATTENTION,SOUTH,Y,0,0,0,1,0,0,0,1,DRIVER,FRONT LEFT,NOT INJURED,34,BLACK,MALE,NO,SHOULDER & LAP BELT,NOT DEPLOYED,NOT APPLICABLE,N,NONE,NA,NA,NONE,NOT APPLICABLE,NOT APPLICABLE,,COMMERCIAL DRIVER LIC.,Texas,CLASS A,75034
15296965,1,MOTOR VEHICLE,N,Y,UN,,NA,SIL,NISSAN,ALTIMA,"PASSENGER CAR, 4-DOOR",N,,NA,NA,NA,NA,NA,NA,NA,NA,,,,FAILED TO CONTROL SPEED,DRIVER INATTENTION,NA,WEST,Y,0,0,0,0,1,0,0,1,DRIVER,FRONT LEFT,NOT INJURED,20,WHITE,MALE,NO,SHOULDER & LAP BELT,NOT DEPLOYED,NOT APPLICABLE,N,NONE,NA,NA,NONE,NOT APPLICABLE,NOT APPLICABLE,,DRIVER LICENSE,Texas,CLASS C,76262
15296965,1,MOTOR VEHICLE,N,Y,UN,,NA,SIL,NISSAN,ALTIMA,"PASSENGER CAR, 4-DOOR",N,,NA,NA,NA,NA,NA,NA,NA,NA,,,,FAILED TO CONTROL SPEED,DRIVER INATTENTION,NA,WEST,Y,0,0,0,0,1,0,0,1,DRIVER,FRONT LEFT,NOT INJURED,55,WHITE,FEMALE,NO,SHOULDER & LAP BELT,NOT DEPLOYED,NOT APPLICABLE,N,NONE,NA,NA,NONE,NOT APPLICABLE,NOT APPLICABLE,,DRIVER LICENSE,Texas,CLASS C,76078
15151091,1,MOTOR VEHICLE,N,Y,TX,RN47011191,1979,RED,TOYOTA,PICKUP,PICKUP,N,75061,1,PROOF OF LIABILITY INSURANCE,BACK END (LEFT) DAMAGE PARTIAL CONTACT,DAMAGED 1 MINIMUM,6,NA,NA,NA,N,OPERATOR,DRIVEN AWAY,BACKED WITHOUT SAFETY,NA,NA,SOUTHWEST,Y,0,0,0,1,0,0,0,1,DRIVER,FRONT LEFT,NOT INJURED,79,WHITE,MALE,NO,UNKNOWN,NOT DEPLOYED,NOT APPLICABLE,N,NONE,NA,NA,NONE,NOT APPLICABLE,NOT APPLICABLE,,DRIVER LICENSE,Texas,CLASS C,75061
15151091,1,MOTOR VEHICLE,N,Y,TX,RN47011191,1979,RED,TOYOTA,PICKUP,PICKUP,N,75061,1,PROOF OF LIABILITY INSURANCE,BACK END (LEFT) DAMAGE PARTIAL CONTACT,DAMAGED 1 MINIMUM,6,NA,NA,NA,N,OPERATOR,DRIVEN AWAY,BACKED WITHOUT SAFETY,NA,NA,SOUTHWEST,Y,0,0,0,1,0,0,0,1,PASSENGER/OCCUPANT,FRONT LEFT,NOT INJURED,56,HISPANIC,MALE,NO,SHOULDER & LAP BELT,NOT DEPLOYED,NOT APPLICABLE,N,NONE,NA,NA,NONE,NOT APPLICABLE,NOT APPLICABLE,,COMMERCIAL DRIVER LIC.,Texas,CLASS A,75060
15153274,1,MOTOR VEHICLE,N,Y,TX,3GCEC14X86G156429,2006,WHI,CHEVROLET,SILVERADO,PICKUP,N,79072,1,LIABILITY INSURANCE POLICY,FRONT END DAMAGE CONCENTRATED IMPACT,DAMAGED 3,12,NA,NA,NA,N,RELEASED,RELEASED,FAILED TO CONTROL SPEED,UNDER INFLUENCE - ALCOHOL,NA,NORTH,Y,0,0,0,1,0,0,0,1,DRIVER,FRONT LEFT,NOT INJURED,58,WHITE,MALE,NO,SHOULDER & LAP BELT,NOT DEPLOYED,NOT APPLICABLE,N,BLOOD,NA,NA,NONE,NOT APPLICABLE,NOT APPLICABLE,,DRIVER LICENSE,Texas,CLASS C,79072
15162715,1,MOTOR VEHICLE,N,Y,TX,1G1ND52MXX6237375,1999,SIL,CHEVROLET,MALIBU,"PASSENGER CAR, 4-DOOR",N,76705,1,LIABILITY INSURANCE POLICY,FRONT END DAMAGE DISTRIBUTED IMPACT,DAMAGED 3,NA,NA,NA,NA,N,DRIVEN AWAY,BY DRIVER,FAILED TO CONTROL SPEED,NA,NA,SOUTH,Y,0,0,0,1,0,0,0,1,DRIVER,FRONT LEFT,NOT INJURED,67,HISPANIC,MALE,NO,SHOULDER & LAP BELT,NOT DEPLOYED,NOT APPLICABLE,N,NONE,NA,NA,NONE,NOT APPLICABLE,NOT APPLICABLE,,DRIVER LICENSE,Texas,CLASS C,76705
15210542,1,MOTOR VEHICLE,N,Y,TX,1J4GL58K37W501751,2007,GRY,JEEP,LIBERTY,SPORT UTILITY VEHICLE,N,78414,1,LIABILITY INSURANCE POLICY,FRONT END DAMAGE DISTRIBUTED IMPACT,DAMAGED 1 MINIMUM,12,NA,NA,NA,N,DRIVER,DRIVEN AWAY,FAILED TO CONTROL SPEED,NA,NA,SOUTHEAST,Y,0,0,0,1,0,0,0,1,DRIVER,FRONT LEFT,NOT INJURED,84,WHITE,FEMALE,NO,SHOULDER & LAP BELT,NOT DEPLOYED,NOT APPLICABLE,N,NONE,NA,NA,NONE,NOT APPLICABLE,NOT APPLICABLE,,DRIVER LICENSE,Texas,CLASS C,784140000
15215919,1,MOTOR VEHICLE,N,Y,TX,1FTPX045X4KB91081,2004,YEL,FORD,F150,PICKUP,N,78610,2,PROOF OF LIABILITY INSURANCE,FRONT END (RIGHT)  DAMAGE PARTIAL CONTACT,DAMAGED 1 MINIMUM,12,NA,NA,NA,N,,,DRIVER INATTENTION,FAILED TO CONTROL SPEED,NA,EAST,Y,0,0,0,1,0,0,0,1,DRIVER,FRONT LEFT,NOT INJURED,31,BLACK,MALE,NO,SHOULDER & LAP BELT,NOT DEPLOYED,NOT APPLICABLE,Y,NONE,NA,NA,NONE,NOT APPLICABLE,NOT APPLICABLE,,DRIVER LICENSE,Texas,CLASS C,78610
15311350,1,MOTOR VEHICLE,N,Y,TX,2G2WP552961295226,2006,SIL,PONTIAC,GRAND PRIX,"PASSENGER CAR, 4-DOOR",N,79904,2,NA,FRONT END DAMAGE DISTRIBUTED IMPACT,DAMAGED 4,12,NA,NA,NA,N,DEPENDABLE TOWING,11615 RAILROAD,DRIVER INATTENTION,NA,NA,NORTH,Y,0,0,0,1,0,0,0,1,DRIVER,FRONT LEFT,NOT INJURED,62,HISPANIC,FEMALE,NO,SHOULDER & LAP BELT,NOT DEPLOYED,NOT APPLICABLE,N,NONE,NA,NA,NONE,NOT APPLICABLE,NOT APPLICABLE,,DRIVER LICENSE,Texas,CLASS C,79936
15208599,1,MOTOR VEHICLE,N,Y,MN,2FAFP71W15X149890,2005,BLK,FORD,CROWN VIC,"PASSENGER CAR, 4-DOOR",N,77084,1,PROOF OF LIABILITY INSURANCE,FRONT END DAMAGE DISTRIBUTED IMPACT,DAMAGED 1 MINIMUM,NA,NA,NA,NA,N,DRIVEN FROM SCENE BY OWNER,DRIVEN FROM SCENE,TURNED IMPROPERLY - CUT CORNER ON LEFT,NA,NA,NORTH,Y,0,0,0,1,0,0,0,1,DRIVER,FRONT LEFT,NOT INJURED,27,BLACK,MALE,NO,SHOULDER & LAP BELT,NOT DEPLOYED,NOT APPLICABLE,N,NONE,NA,NA,NONE,NOT APPLICABLE,NOT APPLICABLE,,DRIVER LICENSE,Texas,CLASS C,77084
15258564,1,MOTOR VEHICLE,N,Y,TX,1G4GD22K0V4702246,1997,BGE,BUICK,REGAL,"PASSENGER CAR, 4-DOOR",N,77550,1,PROOF OF LIABILITY INSURANCE,FRONT END DAMAGE DISTRIBUTED IMPACT,DAMAGED 4,1,NA,NA,NA,N,TONY N BROS,"EVIDENCE BAY, 601 54TH ST",DISREGARD STOP AND GO SIGNAL,NA,NA,WEST,Y,0,0,0,1,0,0,0,1,DRIVER,FRONT LEFT,NOT INJURED,39,BLACK,MALE,NO,SHOULDER & LAP BELT,NOT DEPLOYED,NOT APPLICABLE,N,NONE,NA,NA,NONE,NOT APPLICABLE,NOT APPLICABLE,,DRIVER LICENSE,Texas,CLASS C,77550