CRASH_ID,UNIT_NBR,UNIT_DESC_ID,VEH_PARKED_FL,VEH_HNR_FL,VEH_LIC_STATE_ID,VIN,VEH_MOD_YEAR,VEH_COLOR_ID,VEH_MAKE_ID,VEH_MOD_ID,VEH_BODY_STYL_ID,EMER_RESPNDR_FL,OWNR_ZIP,FIN_RESP_PROOF_ID,FIN_RESP_TYPE_ID,VEH_DMAG_AREA_1_ID,VEH_DMAG_SCL_1_ID,FORCE_DIR_1_ID,VEH_DMAG_AREA_2_ID,VEH_DMAG_SCL_2_ID,FORCE_DIR_2_ID,VEH_INVENTORIED_FL,VEH_TRANSP_NAME,VEH_TRANSP_DEST,CONTRIB_FACTR_1_ID,CONTRIB_FACTR_2_ID,CONTRIB_FACTR_P1_ID,VEH_TRVL_DIR_ID,FIRST_HARM_EVT_INV_ID,INCAP_INJRY_CNT,NONINCAP_INJRY_CNT,POSS_INJRY_CNT,NON_INJRY_CNT,UNKN_INJRY_CNT,TOT_INJRY_CNT,DEATH_CNT,PRSN_NBR,PRSN_TYPE_ID,PRSN_OCCPNT_POS_ID,PRSN_INJRY_SEV_ID,PRSN_AGE,PRSN_ETHNICITY_ID,PRSN_GNDR_ID,PRSN_EJCT_ID,PRSN_REST_ID,PRSN_AIRBAG_ID,PRSN_HELMET_ID,PRSN_SOL_FL,PRSN_ALC_SPEC_TYPE_ID,PRSN_ALC_RSLT_ID,PRSN_BAC_TEST_RSLT,PRSN_DRG_SPEC_TYPE_ID,PRSN_DRG_RSLT_ID,DRVR_DRG_CAT_1_ID,PRSN_DEATH_TIME,DRVR_LIC_TYPE_ID,DRVR_LIC_STATE_ID,DRVR_LIC_CLS_ID,DRVR_ZIP
15147730,3,MOTOR VEHICLE,N,Y,UN,,NA,99,CHEVROLET,NA,PICKUP,N,,NA,NA,BACK END DAMAGE DISTRIBUTED IMPACT,NO DAMAGE,6,NA,NA,NA,N,,,NONE,NA,NA,NORTH,N,0,0,0,0,1,0,0,1,DRIVER,FRONT LEFT,POSSIBLE INJURY,25,WHITE,FEMALE,NO,SHOULDER & LAP BELT,NOT DEPLOYED,NOT APPLICABLE,N,NONE,NA,NA,NONE,NOT APPLICABLE,NOT APPLICABLE,,DRIVER LICENSE,Texas,CLASS C,75702
15147730,2,MOTOR VEHICLE,N,Y,TX,JA4MS31X57Z015697,2007,BLU,MITSUBISHI,OUTLANDER,SPORT UTILITY VEHICLE,N,75762,1,PROOF OF LIABILITY INSURANCE,FRONT END DAMAGE DISTRIBUTED IMPACT,DAMAGED 3,12,NA,NA,NA,N,CROW WRECKER SERVICE,BODY SHOP,FAILED TO CONTROL SPEED,NA,NA,NORTH,Y,0,0,0,1,0,0,0,1,DRIVER,FRONT LEFT,POSSIBLE INJURY,25,WHITE,FEMALE,NO,SHOULDER & LAP BELT,NOT DEPLOYED,NOT APPLICABLE,N,NONE,NA,NA,NONE,NOT APPLICABLE,NOT APPLICABLE,,DRIVER LICENSE,Texas,CLASS C,75702
15147730,1,MOTOR VEHICLE,N,Y,TX,1YVFP80C155M03553,2005,SIL,MAZDA,6I,"PASSENGER CAR, 4-DOOR",N,75702,1,PROOF OF LIABILITY INSURANCE,BACK END DAMAGE DISTRIBUTED IMPACT,DAMAGED 3,6,FRONT END DAMAGE DISTRIBUTED IMPACT,DAMAGED 3,12,N,LIBERTY WRECKER SERV,WRECKER LOT,NONE,NA,NA,NORTH,Y,0,0,1,0,0,1,0,1,DRIVER,FRONT LEFT,POSSIBLE INJURY,25,WHITE,FEMALE,NO,SHOULDER & LAP BELT,NOT DEPLOYED,NOT APPLICABLE,N,NONE,NA,NA,NONE,NOT APPLICABLE,NOT APPLICABLE,,DRIVER LICENSE,Texas,CLASS C,75702
15147730,3,MOTOR VEHICLE,N,Y,UN,,NA,99,CHEVROLET,NA,PICKUP,N,,NA,NA,BACK END DAMAGE DISTRIBUTED IMPACT,NO DAMAGE,6,NA,NA,NA,N,,,NONE,NA,NA,NORTH,N,0,0,0,0,1,0,0,1,DRIVER,FRONT LEFT,NOT INJURED,16,WHITE,FEMALE,NO,SHOULDER & LAP BELT,NOT DEPLOYED,NOT APPLICABLE,N,NONE,NA,NA,NONE,NOT APPLICABLE,NOT APPLICABLE,,DRIVER LICENSE,Texas,CLASS C,75762
15147730,2,MOTOR VEHICLE,N,Y,TX,JA4MS31X57Z015697,2007,BLU,MITSUBISHI,OUTLANDER,SPORT UTILITY VEHICLE,N,75762,1,PROOF OF LIABILITY INSURANCE,FRONT END DAMAGE DISTRIBUTED IMPACT,DAMAGED 3,12,NA,NA,NA,N,CROW WRECKER SERVICE,BODY SHOP,FAILED TO CONTROL SPEED,NA,NA,NORTH,Y,0,0,0,1,0,0,0,1,DRIVER,FRONT LEFT,NOT INJURED,16,WHITE,FEMALE,NO,SHOULDER & LAP BELT,NOT DEPLOYED,NOT APPLICABLE,N,NONE,NA,NA,NONE,NOT APPLICABLE,NOT APPLICABLE,,DRIVER LICENSE,Texas,CLASS C,75762
15147730,1,MOTOR VEHICLE,N,Y,TX,1YVFP80C155M03553,2005,SIL,MAZDA,6I,"PASSENGER CAR, 4-DOOR",N,75702,1,PROOF OF LIABILITY INSURANCE,BACK END DAMAGE DISTRIBUTED IMPACT,DAMAGED 3,6,FRONT END DAMAGE DISTRIBUTED IMPACT,DAMAGED 3,12,N,LIBERTY WRECKER SERV,WRECKER LOT,NONE,NA,NA,NORTH,Y,0,0,1,0,0,1,0,1,DRIVER,FRONT LEFT,NOT INJURED,16,WHITE,FEMALE,NO,SHOULDER & LAP BELT,NOT DEPLOYED,NOT APPLICABLE,N,NONE,NA,NA,NONE,NOT APPLICABLE,NOT APPLICABLE,,DRIVER LICENSE,Texas,CLASS C,75762
15241907,2,MOTOR VEHICLE,N,Y,TX,1G6KD54Y74U122852,2004,TAN,CADILLAC,DEVILLE,"PASSENGER CAR, 4-DOOR",N,76664,1,PROOF OF LIABILITY INSURANCE,FRONT END (RIGHT)  DAMAGE PARTIAL CONTACT,DAMAGED 1 MINIMUM,12,NA,NA,NA,N,,,FAILED TO CONTROL SPEED,NA,NA,NORTH,Y,0,0,0,1,0,0,0,1,DRIVER,FRONT LEFT,NON-INCAPACITATING INJURY,32,ASIAN,FEMALE,NO,SHOULDER & LAP BELT,NOT DEPLOYED,NOT APPLICABLE,N,NONE,NA,NA,NONE,NOT APPLICABLE,NOT APPLICABLE,,DRIVER LICENSE,Oklahoma,OTHER/OUT OF STATE,73170
15241907,2,MOTOR VEHICLE,N,Y,TX,1G6KD54Y74U122852,2004,TAN,CADILLAC,DEVILLE,"PASSENGER CAR, 4-DOOR",N,76664,1,PROOF OF LIABILITY INSURANCE,FRONT END (RIGHT)  DAMAGE PARTIAL CONTACT,DAMAGED 1 MINIMUM,12,NA,NA,NA,N,,,FAILED TO CONTROL SPEED,NA,NA,NORTH,Y,0,0,0,1,0,0,0,1,DRIVER,FRONT LEFT,NOT INJURED,69,BLACK,MALE,NO,UNKNOWN,UNKNOWN,NOT APPLICABLE,N,NONE,NA,NA,NONE,NOT APPLICABLE,NOT APPLICABLE,,DRIVER LICENSE,Texas,CLASS C,76664
15245607,1,MOTOR VEHICLE,N,Y,TX,1FTNE24L14HB32232,2004,WHI,FORD,ECONOLINE VAN,VAN,N,77003,1,PROOF OF LIABILITY INSURANCE,FRONT END DAMAGE CONCENTRATED IMPACT,DAMAGED 1 MINIMUM,12,NA,NA,NA,N,FLED SCENE,FSGI VEHICLE,FAILED TO CONTROL SPEED,NA,NA,SOUTH,Y,0,0,0,1,0,0,0,1,DRIVER,FRONT LEFT,NOT INJURED,43,WHITE,FEMALE,NO,SHOULDER & LAP BELT,NOT DEPLOYED,NOT APPLICABLE,N,NONE,NA,NA,NONE,NOT APPLICABLE,NOT APPLICABLE,,DRIVER LICENSE,Texas,CLASS C,77009
15358720,1,MOTOR VEHICLE,N,Y,TX,6G2VX12U05L423696,2005,SIL,PONTIAC,GTO,"PASSENGER CAR, 2-DOOR",N,,1,PROOF OF LIABILITY INSURANCE,FRONT END DAMAGE DISTRIBUTED IMPACT,DAMAGED 2,12,FRONT END (RIGHT)  DAMAGE PARTIAL CONTACT,DAMAGED 3,12,N,NOT TOWED,,NA,NA,UNSAFE SPEED,SOUTHEAST,Y,0,0,0,1,0,0,0,1,DRIVER,FRONT LEFT,NOT INJURED,25,WHITE,MALE,NO,SHOULDER & LAP BELT,UNKNOWN,NOT APPLICABLE,N,NONE,NA,NA,NONE,NOT APPLICABLE,NOT APPLICABLE,,DRIVER LICENSE,Texas,CLASS C,
15146596,1,MOTOR VEHICLE,N,Y,TX,1B3EL46X05N578202,2005,WHI,DODGE,STRATUS,"PASSENGER CAR, 4-DOOR",N,79601,1,PROOF OF LIABILITY INSURANCE,FRONT END DAMAGE DISTRIBUTED IMPACT,DAMAGED 2,12,NA,NA,NA,N,FLED SCENE,,FAILED TO YIELD ROW - STOP SIGN,NA,NA,WEST,Y,0,0,0,1,0,0,0,1,DRIVER,FRONT LEFT,NOT INJURED,61,WHITE,FEMALE,NO,SHOULDER & LAP BELT,NOT DEPLOYED,NOT APPLICABLE,N,NONE,NA,NA,NONE,NOT APPLICABLE,NOT APPLICABLE,,DRIVER LICENSE,Texas,CLASS C,79601
15146596,1,MOTOR VEHICLE,N,Y,TX,1B3EL46X05N578202,2005,WHI,DODGE,STRATUS,"PASSENGER CAR, 4-DOOR",N,79601,1,PROOF OF LIABILITY INSURANCE,FRONT END DAMAGE DISTRIBUTED IMPACT,DAMAGED 2,12,NA,NA,NA,N,FLED SCENE,,FAILED TO YIELD ROW - STOP SIGN,NA,NA,WEST,Y,0,0,0,1,0,0,0,1,DRIVER,FRONT LEFT,NOT INJURED,66,WHITE,FEMALE,NO,SHOULDER & LAP BELT,NOT DEPLOYED,NOT APPLICABLE,N,NONE,NA,NA,NONE,NOT APPLICABLE,NOT APPLICABLE,,DRIVER LICENSE,Texas,CLASS C,79601
15250720,1,MOTOR VEHICLE,N,Y,TX,1GCDC14Z6PZ124013,1993,GRY,CHEVROLET,SILVERADO,PICKUP,N,78852,1,LIABILITY INSURANCE POLICY,FRONT END DAMAGE CONCENTRATED IMPACT,DAMAGED 1 MINIMUM,12,NA,NA,NA,N,,,FAILED TO CONTROL SPEED,NA,NA,SOUTH,Y,0,0,0,1,0,0,0,1,DRIVER,FRONT LEFT,NOT INJURED,18,HISPANIC,MALE,NO,SHOULDER & LAP BELT,NOT DEPLOYED,NOT APPLICABLE,N,NONE,NA,NA,NONE,NOT APPLICABLE,NOT APPLICABLE,,DRIVER LICENSE,Texas,CLASS C,78852
15250720,1,MOTOR VEHICLE,N,Y,TX,1GCDC14Z6PZ124013,1993,GRY,CHEVROLET,SILVERADO,PICKUP,N,78852,1,LIABILITY INSURANCE POLICY,FRONT END DAMAGE CONCENTRATED IMPACT,DAMAGED 1 MINIMUM,12,NA,NA,NA,N,,,FAILED TO CONTROL SPEED,NA,NA,SOUTH,Y,0,0,0,1,0,0,0,1,DRIVER,FRONT LEFT,NOT INJURED,21,HISPANIC,MALE,NO,SHOULDER & LAP BELT,NOT DEPLOYED,NOT APPLICABLE,N,NONE,NA,NA,NONE,NOT APPLICABLE,NOT APPLICABLE,,DRIVER LICENSE,Texas,CLASS C,78852
15271846,1,MOTOR VEHICLE,N,Y,TX,1GCJC33254F223258,2004,BLK,CHEVROLET,SILVERADO C3500,PICKUP,N,77044,1,PROOF OF LIABILITY INSURANCE,FRONT END DAMAGE DISTRIBUTED IMPACT,DAMAGED 2,12,NA,NA,NA,N,UNITED AUTO WORKS,11101 WALLISVILLE,FAILED TO CONTROL SPEED,NA,NA,EAST,Y,0,0,0,1,0,0,0,1,DRIVER,FRONT LEFT,NOT INJURED,28,OTHER,MALE,NO,SHOULDER & LAP BELT,"DEPLOYED, FRONT",NOT APPLICABLE,N,NONE,NA,NA,NONE,NOT APPLICABLE,NOT APPLICABLE,,DRIVER LICENSE,Texas,CLASS A,77020
15271846,1,MOTOR VEHICLE,N,Y,TX,1GCJC33254F223258,2004,BLK,CHEVROLET,SILVERADO C3500,PICKUP,N,77044,1,PROOF OF LIABILITY INSURANCE,FRONT END DAMAGE DISTRIBUTED IMPACT,DAMAGED 2,12,NA,NA,NA,N,UNITED AUTO WORKS,11101 WALLISVILLE,FAILED TO CONTROL SPEED,NA,NA,EAST,Y,0,0,0,1,0,0,0,1,DRIVER,FRONT LEFT,NOT INJURED,41,HISPANIC,FEMALE,NO,SHOULDER & LAP BELT,NOT DEPLOYED,NOT APPLICABLE,N,NONE,NA,NA,NONE,NOT APPLICABLE,NOT APPLICABLE,,DRIVER LICENSE,Texas,CLASS C,77547
15272149,1,MOTOR VEHICLE,N,Y,TX,1FTNE24L14HB35258,2004,WHI,FORD,UNKNOWN,VAN,N,79415,1,PROOF OF LIABILITY INSURANCE,BACK END DAMAGE DISTRIBUTED IMPACT,DAMAGED 1 MINIMUM,6,NA,NA,NA,N,FLED THE SCENE,FLED THE SCENE,BACKED WITHOUT SAFETY,NA,NA,EAST,Y,0,0,0,1,0,0,0,1,DRIVER,FRONT LEFT,NOT INJURED,50,HISPANIC,MALE,NO,UNKNOWN,NOT DEPLOYED,NOT APPLICABLE,N,NONE,NA,NA,NONE,NOT APPLICABLE,NOT APPLICABLE,,DRIVER LICENSE,Texas,CLASS C,76111
15285766,1,MOTOR VEHICLE,N,Y,TX,1GCEC14T14Z303359,2004,RED,CHEVROLET,SILVERADO,PICKUP,N,75633,2,NA,FRONT END (LEFT) DAMAGE PARTIAL CONTACT,DAMAGED 1 MINIMUM,12,LEFT BACK QUARTER DAMAGE ANGULAR IMPACT,DAMAGED 2,7,N,LEFT SCENE,WITHOUT PROVIDING INFORMATION,UNSAFE SPEED,NA,NA,SOUTH,Y,0,0,0,1,0,0,0,1,DRIVER,FRONT LEFT,NOT INJURED,31,WHITE,MALE,NO,SHOULDER & LAP BELT,NOT DEPLOYED,NOT APPLICABLE,N,NONE,NA,NA,NONE,NOT APPLICABLE,NOT APPLICABLE,,DRIVER LICENSE,Texas,CLASS C,75633
15217491,1,MOTOR VEHICLE,N,Y,UN,1G2JB12FX47328453,2004,99,PONTIAC,SUNFIRE,UNKNOWN,N,78577,1,LIABILITY INSURANCE POLICY,FRONT END DAMAGE DISTRIBUTED IMPACT,DAMAGED 2,12,NA,NA,NA,N,DRIVER,UNKNOWN,FAILED TO CONTROL SPEED,DRIVER INATTENTION,NA,WEST,Y,0,0,0,0,1,0,0,1,DRIVER,FRONT LEFT,POSSIBLE INJURY,47,WHITE,MALE,NO,SHOULDER & LAP BELT,NOT DEPLOYED,NOT APPLICABLE,N,NONE,NA,NA,NONE,NOT APPLICABLE,NOT APPLICABLE,,DRIVER LICENSE,Texas,CLASS C,78572
15170727,1,MOTOR VEHICLE,N,Y,UN,,NA,99,NA,NA,UNKNOWN,N,,NA,NA,NA,NA,NA,NA,NA,NA,N,DRIVER,FLED SCENE,NONE,NA,NA,WEST,Y,0,0,0,0,1,0,0,1,DRIVER,FRONT LEFT,NOT INJURED,26,HISPANIC,FEMALE,NO,SHOULDER & LAP BELT,NOT DEPLOYED,NOT APPLICABLE,N,NONE,NA,NA,NONE,NOT APPLICABLE,NOT APPLICABLE,,DRIVER LICENSE,Texas,CLASS C,78550
15170727,1,MOTOR VEHICLE,N,Y,UN,,NA,99,NA,NA,UNKNOWN,N,,NA,NA,NA,NA,NA,NA,NA,NA,N,DRIVER,FLED SCENE,NONE,NA,NA,WEST,Y,0,0,0,0,1,0,0,1,DRIVER,FRONT LEFT,NOT INJURED,38,HISPANIC,FEMALE,NO,SHOULDER & LAP BELT,NOT DEPLOYED,NOT APPLICABLE,N,NONE,NA,NA,NONE,NOT APPLICABLE,NOT APPLICABLE,,DRIVER LICENSE,Texas,CLASS C,78550
15221249,1,MOTOR VEHICLE,N,Y,TX,1GNEC13R6XJ359250,1999,BRZ,CHEVROLET,TAHOE,SPORT UTILITY VEHICLE,N,79364,1,PROOF OF LIABILITY INSURANCE,FRONT END (LEFT) DAMAGE PARTIAL CONTACT,DAMAGED 2,11,NA,NA,NA,Y,RED RAIDER WRECKER,"303 30TH ST. LUBBOCK TX, 79404",NA,NA,FATIGUED OR ASLEEP,EAST,Y,0,0,0,0,1,0,0,1,DRIVER,FRONT LEFT,UNKNOWN,32,UNKNOWN,MALE,UNKNOWN,UNKNOWN,NOT DEPLOYED,NOT APPLICABLE,N,NONE,NA,NA,NONE,NOT APPLICABLE,NOT APPLICABLE,,DRIVER LICENSE,Texas,CLASS C,79411
15413764,1,MOTOR VEHICLE,N,Y,TX,1D7HA18N54J115074,2004,WHI,DODGE,RAM 1500,PICKUP,N,76009,1,LIABILITY INSURANCE POLICY,FRONT END DAMAGE DISTRIBUTED IMPACT,DAMAGED 7 HIGHEST,12,FRONT END DAMAGE CONCENTRATED IMPACT,DAMAGED 7 HIGHEST,12,N,NOT TOWED,,FATIGUED OR ASLEEP,NA,OTHER (EXPLAIN IN NARRATIVE),WEST,Y,0,0,0,1,0,0,0,1,DRIVER,FRONT LEFT,NOT INJURED,28,WHITE,MALE,NO,UNKNOWN,NOT DEPLOYED,NOT APPLICABLE,N,NONE,NA,NA,NONE,NOT APPLICABLE,NOT APPLICABLE,,DRIVER LICENSE,Texas,CLASS C,76009
15162975,1,MOTOR VEHICLE,N,Y,UN,2C3CDZAG2GH213477,NA,BLK,DODGE,CHALLENGER,"PASSENGER CAR, 2-DOOR",N,74134,1,PROOF OF LIABILITY INSURANCE,FRONT END DAMAGE DISTRIBUTED IMPACT,DAMAGED 4,12,LEFT FRONT QUARTER DAMAGE ANGULAR IMPACT,DAMAGED 3,11,N,PRESTIGE,4004 ARC ST,FAILED TO CONTROL SPEED,FAILED TO DRIVE IN SINGLE LANE,NA,WEST,Y,0,0,0,1,0,0,0,1,DRIVER,FRONT LEFT,NOT INJURED,30,ASIAN,MALE,NO,SHOULDER & LAP BELT,NOT DEPLOYED,NOT APPLICABLE,N,NONE,NA,NA,NONE,NOT APPLICABLE,NOT APPLICABLE,,DRIVER LICENSE,Texas,CLASS C,77083
15162975,1,MOTOR VEHICLE,N,Y,UN,2C3CDZAG2GH213477,NA,BLK,DODGE,CHALLENGER,"PASSENGER CAR, 2-DOOR",N,74134,1,PROOF OF LIABILITY INSURANCE,FRONT END DAMAGE DISTRIBUTED IMPACT,DAMAGED 4,12,LEFT FRONT QUARTER DAMAGE ANGULAR IMPACT,DAMAGED 3,11,N,PRESTIGE,4004 ARC ST,FAILED TO CONTROL SPEED,FAILED TO DRIVE IN SINGLE LANE,NA,WEST,Y,0,0,0,1,0,0,0,1,DRIVER,FRONT LEFT,NOT INJURED,24,WHITE,MALE,NO,SHOULDER & LAP BELT,NOT DEPLOYED,NOT APPLICABLE,N,NONE,NA,NA,NONE,NOT APPLICABLE,NOT APPLICABLE,,DRIVER LICENSE,Texas,CLASS C,
15193603,1,MOTOR VEHICLE,N,Y,TX,1G11C5SA1DF127673,NA,WHI,CHEVROLET,MALIBU,"PASSENGER CAR, 4-DOOR",N,79415,1,PROOF OF LIABILITY INSURANCE,FRONT END (LEFT) DAMAGE PARTIAL CONTACT,DAMAGED 2,12,NA,NA,NA,N,LUBBOCK WRECKER,LUBBOCK WRECKER  3209 SLATON HWY   806-7,FAILED TO DRIVE IN SINGLE LANE,NA,NA,NORTH,Y,0,0,0,0,1,0,0,1,DRIVER,FRONT LEFT,UNKNOWN,28,HISPANIC,FEMALE,NO,UNKNOWN,NOT DEPLOYED,NOT APPLICABLE,N,NONE,NA,NA,NONE,NOT APPLICABLE,NOT APPLICABLE,,DRIVER LICENSE,Texas,CLASS C,79415
15221866,1,MOTOR VEHICLE,N,Y,TX,1FTRF12206NB84085,2006,BLU,FORD,F150,PICKUP,N,78043,1,LIABILITY INSURANCE POLICY,FRONT END (RIGHT)  DAMAGE PARTIAL CONTACT,DAMAGED 1 MINIMUM,12,NA,NA,NA,N,DRIVEN AWAY,3215 ROSARIO,FAILED TO CONTROL SPEED,NA,NA,WEST,Y,0,0,0,1,0,0,0,1,DRIVER,FRONT LEFT,NOT INJURED,62,HISPANIC,MALE,NO,SHOULDER & LAP BELT,NOT DEPLOYED,NOT APPLICABLE,N,NONE,NA,NA,NONE,NOT APPLICABLE,NOT APPLICABLE,,DRIVER LICENSE,Texas,CLASS C,78043
15265374,1,MOTOR VEHICLE,N,Y,TX,1ZVHT80N495133362,NA,BLU,FORD,MUSTANG,"PASSENGER CAR, 2-DOOR",N,75418,1,PROOF OF LIABILITY INSURANCE,FRONT END (RIGHT)  DAMAGE PARTIAL CONTACT,DAMAGED 2,10,NA,NA,NA,Y,TOM'S AUTO BODY,"207 S. DEWEY, SHERMAN, TX",UNDER INFLUENCE - ALCOHOL,UNDER INFLUENCE - DRUG,NA,UNKNOWN,Y,0,0,0,1,0,0,0,1,DRIVER,FRONT LEFT,NOT INJURED,36,WHITE,MALE,NO,UNKNOWN,NOT DEPLOYED,NOT APPLICABLE,N,BLOOD,NA,NA,BLOOD,UNKNOWN,UNKNOWN,,DRIVER LICENSE,Texas,CLASS C,75418
15699971,3,MOTOR VEHICLE,N,Y,UN,,NA,99,NA,NA,PICKUP,N,,NA,NA,BACK END DAMAGE DISTRIBUTED IMPACT,NO DAMAGE,6,NA,NA,NA,N,DRIVEN AWAY BY OPERATOR,LEFT SCENE PRIOR TO POLICE ARRIVAL,NONE,NA,NA,EAST,N,0,0,0,0,1,0,0,1,DRIVER,FRONT LEFT,NOT INJURED,26,ASIAN,FEMALE,NO,SHOULDER & LAP BELT,"DEPLOYED, FRONT",NOT APPLICABLE,N,NONE,NA,NA,NONE,NOT APPLICABLE,NOT APPLICABLE,,DRIVER LICENSE,Texas,CLASS C,77041
15699971,3,MOTOR VEHICLE,N,Y,UN,,NA,99,NA,NA,PICKUP,N,,NA,NA,BACK END DAMAGE DISTRIBUTED IMPACT,NO DAMAGE,6,NA,NA,NA,N,DRIVEN AWAY BY OPERATOR,LEFT SCENE PRIOR TO POLICE ARRIVAL,NONE,NA,NA,EAST,N,0,0,0,0,1,0,0,1,DRIVER,FRONT LEFT,NOT INJURED,36,ASIAN,MALE,NO,SHOULDER & LAP BELT,"DEPLOYED, FRONT",NOT APPLICABLE,N,NONE,NA,NA,NONE,NOT APPLICABLE,NOT APPLICABLE,,DRIVER LICENSE,Texas,CLASS C,77494
15289409,1,MOTOR VEHICLE,N,Y,TX,1FMZU67K55UB78438,2005,99,FORD,EXPLORER,UNKNOWN,N,79603,1,PROOF OF LIABILITY INSURANCE,FRONT END (LEFT) DAMAGE PARTIAL CONTACT,DAMAGED 2,12,LEFT FRONT QUARTER DAMAGE ANGULAR IMPACT,DAMAGED 2,11,N,ABILENE WRECKER SERVICE,"5201 N. 1ST STREET, ABILENE, TX 79603",UNDER INFLUENCE - ALCOHOL,FAILED TO GIVE HALF OF ROADWAY,NA,SOUTHEAST,Y,0,0,0,1,0,0,0,1,DRIVER,FRONT LEFT,NOT INJURED,54,HISPANIC,MALE,NO,UNKNOWN,NOT DEPLOYED,NOT APPLICABLE,N,BREATH,Positive,0.178,NONE,NOT APPLICABLE,NOT APPLICABLE,,DRIVER LICENSE,Texas,CLASS C,79603
15289409,1,MOTOR VEHICLE,N,Y,TX,1FMZU67K55UB78438,2005,99,FORD,EXPLORER,UNKNOWN,N,79603,1,PROOF OF LIABILITY INSURANCE,FRONT END (LEFT) DAMAGE PARTIAL CONTACT,DAMAGED 2,12,LEFT FRONT QUARTER DAMAGE ANGULAR IMPACT,DAMAGED 2,11,N,ABILENE WRECKER SERVICE,"5201 N. 1ST STREET, ABILENE, TX 79603",UNDER INFLUENCE - ALCOHOL,FAILED TO GIVE HALF OF ROADWAY,NA,SOUTHEAST,Y,0,0,0,1,0,0,0,1,DRIVER,FRONT LEFT,NOT INJURED,32,WHITE,MALE,NO,SHOULDER & LAP BELT,NOT DEPLOYED,NOT APPLICABLE,N,NONE,NA,NA,NONE,NOT APPLICABLE,NOT APPLICABLE,,DRIVER LICENSE,Texas,CLASS C,79601
15213079,1,MOTOR VEHICLE,N,Y,TX,1GCGC23R4XF099683,1999,TAN,CHEVROLET,UNKNOWN,PICKUP,N,77551,1,LIABILITY INSURANCE POLICY,RIGHT FRONT QUARTER DAMAGE ANGULAR IMPACT,DAMAGED 1 MINIMUM,1,NA,NA,NA,N,DRIVER,DRIVEN AWAY,FAILED TO DRIVE IN SINGLE LANE,DRIVER INATTENTION,HAD BEEN DRINKING,EAST,Y,0,0,0,1,0,0,0,1,DRIVER,FRONT LEFT,NOT INJURED,55,WHITE,MALE,NOT APPLICABLE,SHOULDER & LAP BELT,NOT DEPLOYED,NOT APPLICABLE,N,NONE,NA,NA,NONE,NOT APPLICABLE,NOT APPLICABLE,,DRIVER LICENSE,Texas,CLASS C,77551
15220511,1,MOTOR VEHICLE,N,Y,TX,3B7HC13Z8VG775577,1997,GRN,DODGE,RAM 1500,PICKUP,N,77484,3,PROOF OF LIABILITY INSURANCE,FRONT END (LEFT) DAMAGE PARTIAL CONTACT,NO DAMAGE,11,NA,NA,NA,N,RELEASED AND ARKED AT MORGAN'S RESIDENCE,"20990 TERA PARK TRL #10, HEMPSTEAD TX",DRIVER INATTENTION,FAILED TO DRIVE IN SINGLE LANE,NA,SOUTHWEST,Y,0,0,0,1,0,0,0,1,DRIVER,FRONT LEFT,NOT INJURED,32,WHITE,FEMALE,NO,UNKNOWN,NOT DEPLOYED,NOT APPLICABLE,N,NONE,NA,NA,NONE,NOT APPLICABLE,NOT APPLICABLE,,DRIVER LICENSE,Texas,CLASS C,77445
15233628,1,MOTOR VEHICLE,N,Y,TX,1MEFM6535XK627472,1999,WHI,MERCURY,MYSTIQUE,"PASSENGER CAR, 4-DOOR",N,,1,LIABILITY INSURANCE POLICY,FRONT END (RIGHT)  DAMAGE PARTIAL CONTACT,DAMAGED 1 MINIMUM,12,NA,NA,NA,N,,,FAILED TO CONTROL SPEED,NA,DRIVER INATTENTION,SOUTH,Y,0,0,0,1,0,0,0,1,DRIVER,FRONT LEFT,NOT INJURED,25,BLACK,MALE,NO,SHOULDER & LAP BELT,NOT DEPLOYED,NOT APPLICABLE,N,NONE,NA,NA,NONE,NOT APPLICABLE,NOT APPLICABLE,,DRIVER LICENSE,Texas,CLASS C,
15233628,1,MOTOR VEHICLE,N,Y,TX,1MEFM6535XK627472,1999,WHI,MERCURY,MYSTIQUE,"PASSENGER CAR, 4-DOOR",N,,1,LIABILITY INSURANCE POLICY,FRONT END (RIGHT)  DAMAGE PARTIAL CONTACT,DAMAGED 1 MINIMUM,12,NA,NA,NA,N,,,FAILED TO CONTROL SPEED,NA,DRIVER INATTENTION,SOUTH,Y,0,0,0,1,0,0,0,1,DRIVER,FRONT LEFT,NOT INJURED,26,WHITE,MALE,NO,SHOULDER & LAP BELT,NOT DEPLOYED,NOT APPLICABLE,N,NONE,NA,NA,NONE,NOT APPLICABLE,NOT APPLICABLE,,DRIVER LICENSE,Texas,CLASS C,
15262372,1,MOTOR VEHICLE,N,Y,TX,3N1CE2CPXFL413366,NA,SIL,NISSAN,VERSA,"PASSENGER CAR, 4-DOOR",N,78629,2,NA,FRONT END DAMAGE DISTRIBUTED IMPACT,DAMAGED 5,12,NA,NA,NA,Y,TRITON TOWING,"1204 LINCOLN AVE. PFLUGERVILLE, TX 78660",FAILED TO CONTROL SPEED,FOLLOWED TOO CLOSELY,DRIVER INATTENTION,NORTHEAST,Y,0,0,0,1,0,0,0,1,DRIVER,FRONT LEFT,NOT INJURED,21,HISPANIC,MALE,NO,SHOULDER & LAP BELT,"DEPLOYED, FRONT",NOT APPLICABLE,N,NONE,NA,NA,NONE,NOT APPLICABLE,NOT APPLICABLE,,DRIVER LICENSE,Texas,CLASS C,78629