CRASH_ID,UNIT_NBR,UNIT_DESC_ID,VEH_PARKED_FL,VEH_HNR_FL,VEH_LIC_STATE_ID,VIN,VEH_MOD_YEAR,VEH_COLOR_ID,VEH_MAKE_ID,VEH_MOD_ID,VEH_BODY_STYL_ID,EMER_RESPNDR_FL,OWNR_ZIP,FIN_RESP_PROOF_ID,FIN_RESP_TYPE_ID,VEH_DMAG_AREA_1_ID,VEH_DMAG_SCL_1_ID,FORCE_DIR_1_ID,VEH_DMAG_AREA_2_ID,VEH_DMAG_SCL_2_ID,FORCE_DIR_2_ID,VEH_INVENTORIED_FL,VEH_TRANSP_NAME,VEH_TRANSP_DEST,CONTRIB_FACTR_1_ID,CONTRIB_FACTR_2_ID,CONTRIB_FACTR_P1_ID,VEH_TRVL_DIR_ID,FIRST_HARM_EVT_INV_ID,INCAP_INJRY_CNT,NONINCAP_INJRY_CNT,POSS_INJRY_CNT,NON_INJRY_CNT,UNKN_INJRY_CNT,TOT_INJRY_CNT,DEATH_CNT,PRSN_NBR,PRSN_TYPE_ID,PRSN_OCCPNT_POS_ID,PRSN_INJRY_SEV_ID,PRSN_AGE,PRSN_ETHNICITY_ID,PRSN_GNDR_ID,PRSN_EJCT_ID,PRSN_REST_ID,PRSN_AIRBAG_ID,PRSN_HELMET_ID,PRSN_SOL_FL,PRSN_ALC_SPEC_TYPE_ID,PRSN_ALC_RSLT_ID,PRSN_BAC_TEST_RSLT,PRSN_DRG_SPEC_TYPE_ID,PRSN_DRG_RSLT_ID,DRVR_DRG_CAT_1_ID,PRSN_DEATH_TIME,DRVR_LIC_TYPE_ID,DRVR_LIC_STATE_ID,DRVR_LIC_CLS_ID,DRVR_ZIP
15147836,4,MOTOR VEHICLE,N,Y,UN,,NA,NA,NA,NA,UNKNOWN,N,,NA,NA,NA,NA,NA,NA,NA,NA,N,,,NONE,NA,NA,EAST,N,0,0,0,1,0,0,0,1,DRIVER,FRONT LEFT,NOT INJURED,26,WHITE,FEMALE,NO,SHOULDER & LAP BELT,NOT DEPLOYED,NOT APPLICABLE,N,NONE,NA,NA,NONE,NOT APPLICABLE,NOT APPLICABLE,,DRIVER LICENSE,Texas,CLASS C,77575
15147836,4,MOTOR VEHICLE,N,Y,UN,,NA,NA,NA,NA,UNKNOWN,N,,NA,NA,NA,NA,NA,NA,NA,NA,N,,,NONE,NA,NA,EAST,N,0,0,0,1,0,0,0,1,DRIVER,FRONT LEFT,NOT INJURED,29,WHITE,MALE,NO,SHOULDER & LAP BELT,NOT DEPLOYED,NOT APPLICABLE,N,NONE,NA,NA,NONE,NOT APPLICABLE,NOT APPLICABLE,,DRIVER LICENSE,Texas,CLASS C,77066
15176408,3,MOTOR VEHICLE,N,Y,UN,,NA,99,UNKNOWN,UNKNOWN,UNKNOWN,N,,NA,NA,FRONT END DAMAGE DISTRIBUTED IMPACT,NO DAMAGE,1,NA,NA,NA,N,,,NONE,NA,NA,NORTH,N,0,0,0,0,1,0,0,1,DRIVER,FRONT LEFT,NOT INJURED,19,BLACK,FEMALE,NO,SHOULDER & LAP BELT,NOT DEPLOYED,NOT APPLICABLE,N,NONE,NA,NA,NONE,NOT APPLICABLE,NOT APPLICABLE,,DRIVER LICENSE,Texas,CLASS C,
15176408,3,MOTOR VEHICLE,N,Y,UN,,NA,99,UNKNOWN,UNKNOWN,UNKNOWN,N,,NA,NA,FRONT END DAMAGE DISTRIBUTED IMPACT,NO DAMAGE,1,NA,NA,NA,N,,,NONE,NA,NA,NORTH,N,0,0,0,0,1,0,0,1,DRIVER,FRONT LEFT,NOT INJURED,19,BLACK,FEMALE,NO,SHOULDER & LAP BELT,NOT DEPLOYED,NOT APPLICABLE,N,NONE,NA,NA,NONE,NOT APPLICABLE,NOT APPLICABLE,,DRIVER LICENSE,Texas,CLASS C,
15176408,3,MOTOR VEHICLE,N,Y,UN,,NA,99,UNKNOWN,UNKNOWN,UNKNOWN,N,,NA,NA,FRONT END DAMAGE DISTRIBUTED IMPACT,NO DAMAGE,1,NA,NA,NA,N,,,NONE,NA,NA,NORTH,N,0,0,0,0,1,0,0,1,DRIVER,FRONT LEFT,UNKNOWN,57,BLACK,MALE,NO,SHOULDER & LAP BELT,NOT DEPLOYED,NOT APPLICABLE,N,NONE,NA,NA,NONE,NOT APPLICABLE,NOT APPLICABLE,,DRIVER LICENSE,Texas,CLASS C,
15176408,3,MOTOR VEHICLE,N,Y,UN,,NA,99,UNKNOWN,UNKNOWN,UNKNOWN,N,,NA,NA,FRONT END DAMAGE DISTRIBUTED IMPACT,NO DAMAGE,1,NA,NA,NA,N,,,NONE,NA,NA,NORTH,N,0,0,0,0,1,0,0,1,DRIVER,FRONT LEFT,UNKNOWN,57,BLACK,MALE,NO,SHOULDER & LAP BELT,NOT DEPLOYED,NOT APPLICABLE,N,NONE,NA,NA,NONE,NOT APPLICABLE,NOT APPLICABLE,,DRIVER LICENSE,Texas,CLASS C,
15199227,1,MOTOR VEHICLE,N,Y,TX,1FAHP2E80FG142895,NA,99,FORD,TAURUS,"PASSENGER CAR, 4-DOOR",N,60016,1,LIABILITY INSURANCE POLICY,FRONT END (LEFT) DAMAGE PARTIAL CONTACT,DAMAGED 2,10,RIGHT BACK QUARTER DAMAGE ANGULAR IMPACT,DAMAGED 1 MINIMUM,8,Y,WYLIE AUTO TOWING,"1352 W FM 6, NEVADA, TX, 75173",DISREGARD STOP AND GO SIGNAL,UNSAFE SPEED,NA,NORTHEAST,Y,0,0,0,1,0,0,0,1,DRIVER,FRONT LEFT,NOT INJURED,31,WHITE,MALE,NO,SHOULDER & LAP BELT,"DEPLOYED, FRONT",NOT APPLICABLE,N,NONE,NA,NA,NONE,NOT APPLICABLE,NOT APPLICABLE,,DRIVER LICENSE,Oklahoma,OTHER/OUT OF STATE,73031
15199227,1,MOTOR VEHICLE,N,Y,TX,1FAHP2E80FG142895,NA,99,FORD,TAURUS,"PASSENGER CAR, 4-DOOR",N,60016,1,LIABILITY INSURANCE POLICY,FRONT END (LEFT) DAMAGE PARTIAL CONTACT,DAMAGED 2,10,RIGHT BACK QUARTER DAMAGE ANGULAR IMPACT,DAMAGED 1 MINIMUM,8,Y,WYLIE AUTO TOWING,"1352 W FM 6, NEVADA, TX, 75173",DISREGARD STOP AND GO SIGNAL,UNSAFE SPEED,NA,NORTHEAST,Y,0,0,0,1,0,0,0,1,DRIVER,FRONT LEFT,NOT INJURED,59,WHITE,MALE,NO,SHOULDER & LAP BELT,"DEPLOYED, SIDE",NOT APPLICABLE,N,NONE,NA,NA,NONE,NOT APPLICABLE,NOT APPLICABLE,,DRIVER LICENSE,Texas,CLASS C,75098
15246397,1,MOTOR VEHICLE,N,Y,UN,1B3EL46X66N218837,2006,99,DODGE,STRATUS,UNKNOWN,N,75904,1,PROOF OF LIABILITY INSURANCE,RIGHT FRONT QUARTER DAMAGE ANGULAR IMPACT,DAMAGED 2,NA,BACK END DAMAGE CONCENTRATED IMPACT,DAMAGED 2,NA,N,COREY'S TOWING SERVICE,709 SWIFT STREET,FAILED TO CONTROL SPEED,HAD BEEN DRINKING,NA,EAST,Y,0,0,1,0,0,1,0,1,DRIVER,FRONT LEFT,POSSIBLE INJURY,40,BLACK,MALE,NO,SHOULDER & LAP BELT,DEPLOYED MULTIPLE,NOT APPLICABLE,N,BLOOD,Positive,0.186,BLOOD,UNKNOWN,UNKNOWN,,DRIVER LICENSE,Texas,CLASS A,75904
15263964,1,MOTOR VEHICLE,N,Y,UN,1GCEC14X15Z101223,2005,BGE,CHEVROLET,SILVERADO,PICKUP,N,75601,1,PROOF OF LIABILITY INSURANCE,FRONT END DAMAGE CONCENTRATED IMPACT,DAMAGED 3,NA,NA,NA,NA,N,LONDON'S WRECKER SERVICE,LONDON'S WRECKER STORAGE FACILITY,NONE,NA,NA,SOUTH,Y,0,0,0,0,1,0,0,1,DRIVER,FRONT LEFT,UNKNOWN,26,WHITE,MALE,NO,SHOULDER & LAP BELT,"DEPLOYED, FRONT",NOT APPLICABLE,N,NONE,NA,NA,NONE,NOT APPLICABLE,NOT APPLICABLE,,DRIVER LICENSE,Texas,CLASS C,75602
15270511,2,MOTOR VEHICLE,N,Y,TX,2GCEC19K5N1116572,1992,GRY,CHEVROLET,SILVERADO C1500,PICKUP,N,75217,1,LIABILITY INSURANCE POLICY,FRONT END DAMAGE DISTRIBUTED IMPACT,DAMAGED 3,12,NA,NA,NA,N,NOT TOWED,NOT TOWED,FAILED TO CONTROL SPEED,NA,NA,EAST,Y,0,0,0,1,0,0,0,1,DRIVER,FRONT LEFT,NOT INJURED,57,BLACK,MALE,NO,SHOULDER & LAP BELT,NOT DEPLOYED,NOT APPLICABLE,N,NONE,NA,NA,NONE,NOT APPLICABLE,NOT APPLICABLE,,DRIVER LICENSE,Texas,CLASS C,75006
15273114,1,MOTOR VEHICLE,N,Y,TX,4T1BF28B33U310077,2003,WHI,TOYOTA,AVALON,"PASSENGER CAR, 4-DOOR",N,77059,1,PROOF OF LIABILITY INSURANCE,RIGHT FRONT QUARTER DAMAGE ANGULAR IMPACT,DAMAGED 3,1,NA,NA,NA,N,DRIVER,OWNER RECOVERED OR RELEASE TO OWNER,FAILED TO CONTROL SPEED,NA,NA,NORTH,Y,0,0,0,1,0,0,0,1,DRIVER,FRONT LEFT,NOT INJURED,26,WHITE,MALE,NO,SHOULDER & LAP BELT,NOT DEPLOYED,NOT APPLICABLE,N,NONE,NA,NA,NONE,NOT APPLICABLE,NOT APPLICABLE,,DRIVER LICENSE,Texas,CLASS C,77059
15296394,1,MOTOR VEHICLE,N,Y,TX,1GCGSCEA8G1225010,NA,WHI,CHEVROLET,SILVERADO,PICKUP,N,78253,1,PROOF OF LIABILITY INSURANCE,FRONT END (LEFT) DAMAGE PARTIAL CONTACT,DAMAGED 3,12,NA,NA,NA,Y,TEXAS TOWING,422 STEVES,NA,NA,UNDER INFLUENCE - ALCOHOL,WEST,Y,0,0,0,0,1,0,0,1,DRIVER,FRONT LEFT,UNKNOWN,22,HISPANIC,MALE,NO,UNKNOWN,UNKNOWN,NOT APPLICABLE,N,BREATH,Positive,0.223,NONE,NOT APPLICABLE,NOT APPLICABLE,,DRIVER LICENSE,Texas,CLASS C,78253
15296394,1,MOTOR VEHICLE,N,Y,TX,1GCGSCEA8G1225010,NA,WHI,CHEVROLET,SILVERADO,PICKUP,N,78253,1,PROOF OF LIABILITY INSURANCE,FRONT END (LEFT) DAMAGE PARTIAL CONTACT,DAMAGED 3,12,NA,NA,NA,Y,TEXAS TOWING,422 STEVES,NA,NA,UNDER INFLUENCE - ALCOHOL,WEST,Y,0,0,0,0,1,0,0,1,DRIVER,FRONT LEFT,NOT INJURED,22,HISPANIC,MALE,NO,SHOULDER & LAP BELT,NOT DEPLOYED,NOT APPLICABLE,N,NONE,NA,NA,NONE,NOT APPLICABLE,NOT APPLICABLE,,DRIVER LICENSE,Texas,CLASS C,78245
15311958,1,MOTOR VEHICLE,N,Y,UN,1N4AA5AP1CC857902,NA,99,NISSAN,MAXIMA,UNKNOWN,N,77803,1,PROOF OF LIABILITY INSURANCE,FRONT END (RIGHT)  DAMAGE PARTIAL CONTACT,DAMAGED 6,NA,RIGHT SIDE AND TOP DAMAGE ROLLOVER EFFECTS,DAMAGED 6,NA,N,ALLSTAR TOWING,"1816 DRILLERS DR BRYAN, TX 77802",FAILED TO PASS TO LEFT SAFELY,NA,DRIVER INATTENTION,NORTHWEST,Y,0,1,0,0,0,1,0,1,DRIVER,FRONT LEFT,NON-INCAPACITATING INJURY,45,BLACK,MALE,NO,SHOULDER & LAP BELT,NOT DEPLOYED,NOT APPLICABLE,N,NONE,NA,NA,NONE,NOT APPLICABLE,NOT APPLICABLE,,DRIVER LICENSE,Texas,CLASS A,77803
15253996,3,MOTOR VEHICLE,N,Y,TX,1FT7X2B66CEA70875,NA,SIL,FORD,F250,"PASSENGER CAR, 4-DOOR",N,79701,2,NA,FRONT END DAMAGE DISTRIBUTED IMPACT,DAMAGED 2,12,LEFT SIDE DAMAGE ANGULAR IMPACT,DAMAGED 1 MINIMUM,9,Y,ACTION WRECKER SERVICE,1109 S MIDLAND DR MIDLAND TX 79703,NONE,NA,NA,WEST,N,0,0,0,0,1,0,0,1,DRIVER,FRONT LEFT,NOT INJURED,28,HISPANIC,MALE,NO,SHOULDER & LAP BELT,NOT DEPLOYED,NOT APPLICABLE,N,NONE,NA,NA,NONE,NOT APPLICABLE,NOT APPLICABLE,,DRIVER LICENSE,Texas,CLASS A,78046
15253996,2,MOTOR VEHICLE,N,Y,TX,1GNFC130X7R350705,2007,BLU,CHEVROLET,TAHOE,"PASSENGER CAR, 4-DOOR",N,79703,1,PROOF OF LIABILITY INSURANCE,FRONT END (LEFT) DAMAGE PARTIAL CONTACT,DAMAGED 1 MINIMUM,11,FRONT END (RIGHT)  DAMAGE PARTIAL CONTACT,DAMAGED 1 MINIMUM,1,N,DRIVEN AWAY,,NONE,NA,NA,WEST,Y,0,0,1,0,0,1,0,1,DRIVER,FRONT LEFT,NOT INJURED,28,HISPANIC,MALE,NO,SHOULDER & LAP BELT,NOT DEPLOYED,NOT APPLICABLE,N,NONE,NA,NA,NONE,NOT APPLICABLE,NOT APPLICABLE,,DRIVER LICENSE,Texas,CLASS A,78046
15253996,1,MOTOR VEHICLE,N,Y,TX,2C3CDYAG5DH609165,NA,BLK,DODGE,CHALLENGER,"PASSENGER CAR, 4-DOOR",N,78046,2,NA,FRONT END (RIGHT)  DAMAGE PARTIAL CONTACT,DAMAGED 2,1,LEFT BACK QUARTER DAMAGE ANGULAR IMPACT,DAMAGED 2,8,Y,ACTION WRECKER SERVICE,1109 S MIDLAND DR MIDLAND TX 79703,DISREGARD STOP AND GO SIGNAL,NA,NA,NORTH,Y,0,0,0,1,0,0,0,1,DRIVER,FRONT LEFT,NOT INJURED,28,HISPANIC,MALE,NO,SHOULDER & LAP BELT,NOT DEPLOYED,NOT APPLICABLE,N,NONE,NA,NA,NONE,NOT APPLICABLE,NOT APPLICABLE,,DRIVER LICENSE,Texas,CLASS A,78046
15253996,3,MOTOR VEHICLE,N,Y,TX,1FT7X2B66CEA70875,NA,SIL,FORD,F250,"PASSENGER CAR, 4-DOOR",N,79701,2,NA,FRONT END DAMAGE DISTRIBUTED IMPACT,DAMAGED 2,12,LEFT SIDE DAMAGE ANGULAR IMPACT,DAMAGED 1 MINIMUM,9,Y,ACTION WRECKER SERVICE,1109 S MIDLAND DR MIDLAND TX 79703,NONE,NA,NA,WEST,N,0,0,0,0,1,0,0,1,DRIVER,FRONT LEFT,POSSIBLE INJURY,39,BLACK,FEMALE,NO,SHOULDER & LAP BELT,NOT DEPLOYED,NOT APPLICABLE,N,NONE,NA,NA,NONE,NOT APPLICABLE,NOT APPLICABLE,,DRIVER LICENSE,Texas,CLASS C,79703
15253996,2,MOTOR VEHICLE,N,Y,TX,1GNFC130X7R350705,2007,BLU,CHEVROLET,TAHOE,"PASSENGER CAR, 4-DOOR",N,79703,1,PROOF OF LIABILITY INSURANCE,FRONT END (LEFT) DAMAGE PARTIAL CONTACT,DAMAGED 1 MINIMUM,11,FRONT END (RIGHT)  DAMAGE PARTIAL CONTACT,DAMAGED 1 MINIMUM,1,N,DRIVEN AWAY,,NONE,NA,NA,WEST,Y,0,0,1,0,0,1,0,1,DRIVER,FRONT LEFT,POSSIBLE INJURY,39,BLACK,FEMALE,NO,SHOULDER & LAP BELT,NOT DEPLOYED,NOT APPLICABLE,N,NONE,NA,NA,NONE,NOT APPLICABLE,NOT APPLICABLE,,DRIVER LICENSE,Texas,CLASS C,79703
15253996,1,MOTOR VEHICLE,N,Y,TX,2C3CDYAG5DH609165,NA,BLK,DODGE,CHALLENGER,"PASSENGER CAR, 4-DOOR",N,78046,2,NA,FRONT END (RIGHT)  DAMAGE PARTIAL CONTACT,DAMAGED 2,1,LEFT BACK QUARTER DAMAGE ANGULAR IMPACT,DAMAGED 2,8,Y,ACTION WRECKER SERVICE,1109 S MIDLAND DR MIDLAND TX 79703,DISREGARD STOP AND GO SIGNAL,NA,NA,NORTH,Y,0,0,0,1,0,0,0,1,DRIVER,FRONT LEFT,POSSIBLE INJURY,39,BLACK,FEMALE,NO,SHOULDER & LAP BELT,NOT DEPLOYED,NOT APPLICABLE,N,NONE,NA,NA,NONE,NOT APPLICABLE,NOT APPLICABLE,,DRIVER LICENSE,Texas,CLASS C,79703
15204778,2,MOTOR VEHICLE,N,Y,TX,3MEHM07Z29R612546,NA,MAR,MERCURY,MILAN,"PASSENGER CAR, 4-DOOR",N,79415,1,NA,LEFT SIDE DAMAGE ANGULAR IMPACT,DAMAGED 3,9,NA,NA,NA,N,DRIVEN FROM SCENE BY OWNER,,NONE,NA,NA,SOUTH,Y,0,0,0,1,0,0,0,1,DRIVER,FRONT LEFT,UNKNOWN,30,WHITE,MALE,NO,UNKNOWN,NOT DEPLOYED,NOT APPLICABLE,N,NONE,NA,NA,NONE,NOT APPLICABLE,NOT APPLICABLE,,DRIVER LICENSE,Texas,CLASS C,79415
15204778,1,MOTOR VEHICLE,N,Y,TX,1J4GW48S33C560571,2003,SIL,JEEP,CHEROKEE,SPORT UTILITY VEHICLE,N,79415,1,PROOF OF LIABILITY INSURANCE,FRONT END DAMAGE DISTRIBUTED IMPACT,DAMAGED 3,12,NA,NA,NA,N,FLED THE SCENE,,FAILED TO YIELD ROW - TURNING LEFT,NA,NA,WEST,Y,0,0,0,0,1,0,0,1,DRIVER,FRONT LEFT,UNKNOWN,30,WHITE,MALE,NO,UNKNOWN,NOT DEPLOYED,NOT APPLICABLE,N,NONE,NA,NA,NONE,NOT APPLICABLE,NOT APPLICABLE,,DRIVER LICENSE,Texas,CLASS C,79415
15204778,2,MOTOR VEHICLE,N,Y,TX,3MEHM07Z29R612546,NA,MAR,MERCURY,MILAN,"PASSENGER CAR, 4-DOOR",N,79415,1,NA,LEFT SIDE DAMAGE ANGULAR IMPACT,DAMAGED 3,9,NA,NA,NA,N,DRIVEN FROM SCENE BY OWNER,,NONE,NA,NA,SOUTH,Y,0,0,0,1,0,0,0,1,DRIVER,FRONT LEFT,NOT INJURED,78,HISPANIC,MALE,NO,SHOULDER & LAP BELT,NOT DEPLOYED,NOT APPLICABLE,N,NONE,NA,NA,NONE,NOT APPLICABLE,NOT APPLICABLE,,DRIVER LICENSE,Texas,CLASS C,79415
15204778,1,MOTOR VEHICLE,N,Y,TX,1J4GW48S33C560571,2003,SIL,JEEP,CHEROKEE,SPORT UTILITY VEHICLE,N,79415,1,PROOF OF LIABILITY INSURANCE,FRONT END DAMAGE DISTRIBUTED IMPACT,DAMAGED 3,12,NA,NA,NA,N,FLED THE SCENE,,FAILED TO YIELD ROW - TURNING LEFT,NA,NA,WEST,Y,0,0,0,0,1,0,0,1,DRIVER,FRONT LEFT,NOT INJURED,78,HISPANIC,MALE,NO,SHOULDER & LAP BELT,NOT DEPLOYED,NOT APPLICABLE,N,NONE,NA,NA,NONE,NOT APPLICABLE,NOT APPLICABLE,,DRIVER LICENSE,Texas,CLASS C,79415
15272069,1,MOTOR VEHICLE,N,Y,TX,2GCEC13J871558913,2007,BRO,CHEVROLET,SILVERADO,PICKUP,N,77531,2,NA,FRONT END (RIGHT)  DAMAGE PARTIAL CONTACT,DAMAGED 2,1,NA,NA,NA,Y,MEYERS TOWING,MEYERS TOWING,FAILED TO CONTROL SPEED,FAILED TO DRIVE IN SINGLE LANE,NA,WEST,Y,0,0,0,1,0,0,0,1,DRIVER,FRONT LEFT,NOT INJURED,25,WHITE,MALE,NO,SHOULDER & LAP BELT,NOT DEPLOYED,NOT APPLICABLE,N,NONE,NA,NA,NONE,NOT APPLICABLE,NOT APPLICABLE,,DRIVER LICENSE,Texas,CLASS C,77531
15433172,1,MOTOR VEHICLE,N,Y,TX,JN1CV6APXAM400478,NA,BLK,INFINITI,UNKNOWN,"PASSENGER CAR, 4-DOOR",N,78755,2,NA,RIGHT SIDE DAMAGE ANGULAR IMPACT,DAMAGED 3,3,RIGHT BACK QUARTER DAMAGE ANGULAR IMPACT,DAMAGED 1 MINIMUM,3,N,ALFREDO'S WRECKER SERVICE,"14405 N MILE 2W RD., MERCEDES, TX 78570",CHANGED LANE WHEN UNSAFE,NA,SPEEDING - (OVERLIMIT),EAST,Y,0,0,0,1,0,0,0,1,DRIVER,FRONT LEFT,NOT INJURED,21,HISPANIC,MALE,NO,SHOULDER & LAP BELT,NOT DEPLOYED,NOT APPLICABLE,N,NONE,NA,NA,NONE,NOT APPLICABLE,NOT APPLICABLE,,DRIVER LICENSE,Texas,CLASS C,78755
15433172,1,MOTOR VEHICLE,N,Y,TX,JN1CV6APXAM400478,NA,BLK,INFINITI,UNKNOWN,"PASSENGER CAR, 4-DOOR",N,78755,2,NA,RIGHT SIDE DAMAGE ANGULAR IMPACT,DAMAGED 3,3,RIGHT BACK QUARTER DAMAGE ANGULAR IMPACT,DAMAGED 1 MINIMUM,3,N,ALFREDO'S WRECKER SERVICE,"14405 N MILE 2W RD., MERCEDES, TX 78570",CHANGED LANE WHEN UNSAFE,NA,SPEEDING - (OVERLIMIT),EAST,Y,0,0,0,1,0,0,0,1,DRIVER,FRONT LEFT,POSSIBLE INJURY,56,HISPANIC,FEMALE,NO,SHOULDER & LAP BELT,"DEPLOYED, FRONT",NOT APPLICABLE,N,NONE,NA,NA,NONE,NOT APPLICABLE,NOT APPLICABLE,,DRIVER LICENSE,Texas,CLASS C,78596
15185017,1,MOTOR VEHICLE,N,Y,TX,1J4GW58S1XC610055,1999,BLK,JEEP,GRAND CHEROKEE,SPORT UTILITY VEHICLE,N,78520,1,PROOF OF LIABILITY INSURANCE,FRONT END (RIGHT)  DAMAGE PARTIAL CONTACT,DAMAGED 1 MINIMUM,12,NA,NA,NA,N,DRIVER,FLED SCENE,FAILED TO YIELD ROW - PRIVATE DRIVE,NA,NA,EAST,Y,0,0,0,1,0,0,0,1,DRIVER,FRONT LEFT,NOT INJURED,32,HISPANIC,MALE,NO,SHOULDER & LAP BELT,NOT DEPLOYED,NOT APPLICABLE,N,NONE,NA,NA,NONE,NOT APPLICABLE,NOT APPLICABLE,,DRIVER LICENSE,Mexico,OTHER/OUT OF STATE,87344
15185017,1,MOTOR VEHICLE,N,Y,TX,1J4GW58S1XC610055,1999,BLK,JEEP,GRAND CHEROKEE,SPORT UTILITY VEHICLE,N,78520,1,PROOF OF LIABILITY INSURANCE,FRONT END (RIGHT)  DAMAGE PARTIAL CONTACT,DAMAGED 1 MINIMUM,12,NA,NA,NA,N,DRIVER,FLED SCENE,FAILED TO YIELD ROW - PRIVATE DRIVE,NA,NA,EAST,Y,0,0,0,1,0,0,0,1,DRIVER,FRONT LEFT,NOT INJURED,56,HISPANIC,FEMALE,NO,SHOULDER & LAP BELT,NOT DEPLOYED,NOT APPLICABLE,N,NONE,NA,NA,NONE,NOT APPLICABLE,NOT APPLICABLE,,DRIVER LICENSE,Texas,CLASS C,78521
15239699,1,MOTOR VEHICLE,N,Y,TX,1N6DD26T53C465246,2003,MAR,NISSAN,FRONTIER,PICKUP,N,77064,1,PROOF OF LIABILITY INSURANCE,FRONT END DAMAGE DISTRIBUTED IMPACT,DAMAGED 5,12,NA,NA,NA,Y,PRO TOW,"8545 W UNIVERSITY DR, DENTON, TX 76205",DRIVER INATTENTION,FAILED TO CONTROL SPEED,NA,SOUTH,Y,0,1,0,0,0,1,0,1,DRIVER,FRONT LEFT,NON-INCAPACITATING INJURY,43,ASIAN,MALE,NO,SHOULDER & LAP BELT,"DEPLOYED, FRONT",NOT APPLICABLE,N,NONE,NA,NA,NONE,NOT APPLICABLE,NOT APPLICABLE,,DRIVER LICENSE,Texas,CLASS C,77064
15239699,1,MOTOR VEHICLE,N,Y,TX,1N6DD26T53C465246,2003,MAR,NISSAN,FRONTIER,PICKUP,N,77064,1,PROOF OF LIABILITY INSURANCE,FRONT END DAMAGE DISTRIBUTED IMPACT,DAMAGED 5,12,NA,NA,NA,Y,PRO TOW,"8545 W UNIVERSITY DR, DENTON, TX 76205",DRIVER INATTENTION,FAILED TO CONTROL SPEED,NA,SOUTH,Y,0,1,0,0,0,1,0,1,DRIVER,FRONT LEFT,NON-INCAPACITATING INJURY,64,HISPANIC,MALE,NO,SHOULDER & LAP BELT,NOT DEPLOYED,NOT APPLICABLE,N,NONE,NA,NA,NONE,NOT APPLICABLE,NOT APPLICABLE,,DRIVER LICENSE,Wisconsin,OTHER/OUT OF STATE,78569
15239699,1,MOTOR VEHICLE,N,Y,TX,1N6DD26T53C465246,2003,MAR,NISSAN,FRONTIER,PICKUP,N,77064,1,PROOF OF LIABILITY INSURANCE,FRONT END DAMAGE DISTRIBUTED IMPACT,DAMAGED 5,12,NA,NA,NA,Y,PRO TOW,"8545 W UNIVERSITY DR, DENTON, TX 76205",DRIVER INATTENTION,FAILED TO CONTROL SPEED,NA,SOUTH,Y,0,1,0,0,0,1,0,1,DRIVER,FRONT LEFT,NON-INCAPACITATING INJURY,33,WHITE,MALE,NO,SHOULDER & LAP BELT,NOT DEPLOYED,NOT APPLICABLE,N,NONE,NA,NA,NONE,NOT APPLICABLE,NOT APPLICABLE,,DRIVER LICENSE,Oklahoma,OTHER/OUT OF STATE,74868
15188386,1,MOTOR VEHICLE,N,Y,UN,,NA,BLK,FORD,FUSION,UNKNOWN,N,,NA,NA,FRONT END DAMAGE DISTRIBUTED IMPACT,DAMAGED 3,12,NA,NA,NA,N,DRIVER,TRAFFIC,NONE,NA,NA,SOUTH,N,0,0,0,0,1,0,0,1,DRIVER,FRONT LEFT,NOT INJURED,41,WHITE,FEMALE,NO,SHOULDER & LAP BELT,NOT DEPLOYED,NOT APPLICABLE,N,NONE,NA,NA,NONE,NOT APPLICABLE,NOT APPLICABLE,,DRIVER LICENSE,Texas,CLASS C,79936
15204115,1,MOTOR VEHICLE,N,Y,TX,1GNEC13T61J153977,2001,BLK,CHEVROLET,TAHOE,SPORT UTILITY VEHICLE,N,77469,2,NA,FRONT END DAMAGE DISTRIBUTED IMPACT,DAMAGED 2,12,NA,NA,NA,Y,UPTOWN,3501 BF TERRY BLVD.,FAILED TO CONTROL SPEED,NA,NA,NORTHEAST,Y,0,0,0,1,0,0,0,1,DRIVER,FRONT LEFT,NOT INJURED,62,HISPANIC,UNKNOWN,NO,SHOULDER & LAP BELT,NOT DEPLOYED,NOT APPLICABLE,N,NONE,NA,NA,NONE,NOT APPLICABLE,NOT APPLICABLE,,DRIVER LICENSE,Texas,CLASS C,77471
15216671,1,MOTOR VEHICLE,N,Y,TX,1GTGK23U24F138130,2004,GRY,GMC,NA,PICKUP,N,79415,1,PROOF OF LIABILITY INSURANCE,FRONT END DAMAGE DISTRIBUTED IMPACT,DAMAGED 5,12,NA,NA,NA,Y,LUBBOCK WRECKER,LUBBOCK WRECKER  3209 SLATON HWY   806-7,FAILED TO DRIVE IN SINGLE LANE,NA,NA,EAST,Y,0,0,0,0,1,0,0,1,DRIVER,FRONT LEFT,UNKNOWN,47,WHITE,MALE,NO,UNKNOWN,"DEPLOYED, FRONT",NOT APPLICABLE,N,NONE,NA,NA,NONE,NOT APPLICABLE,NOT APPLICABLE,,DRIVER LICENSE,Texas,CLASS C,79414