CRASH_ID,UNIT_NBR,UNIT_DESC_ID,VEH_PARKED_FL,VEH_HNR_FL,VEH_LIC_STATE_ID,VIN,VEH_MOD_YEAR,VEH_COLOR_ID,VEH_MAKE_ID,VEH_MOD_ID,VEH_BODY_STYL_ID,EMER_RESPNDR_FL,OWNR_ZIP,FIN_RESP_PROOF_ID,FIN_RESP_TYPE_ID,VEH_DMAG_AREA_1_ID,VEH_DMAG_SCL_1_ID,FORCE_DIR_1_ID,VEH_DMAG_AREA_2_ID,VEH_DMAG_SCL_2_ID,FORCE_DIR_2_ID,VEH_INVENTORIED_FL,VEH_TRANSP_NAME,VEH_TRANSP_DEST,CONTRIB_FACTR_1_ID,CONTRIB_FACTR_2_ID,CONTRIB_FACTR_P1_ID,VEH_TRVL_DIR_ID,FIRST_HARM_EVT_INV_ID,INCAP_INJRY_CNT,NONINCAP_INJRY_CNT,POSS_INJRY_CNT,NON_INJRY_CNT,UNKN_INJRY_CNT,TOT_INJRY_CNT,DEATH_CNT,PRSN_NBR,PRSN_TYPE_ID,PRSN_OCCPNT_POS_ID,PRSN_INJRY_SEV_ID,PRSN_AGE,PRSN_ETHNICITY_ID,PRSN_GNDR_ID,PRSN_EJCT_ID,PRSN_REST_ID,PRSN_AIRBAG_ID,PRSN_HELMET_ID,PRSN_SOL_FL,PRSN_ALC_SPEC_TYPE_ID,PRSN_ALC_RSLT_ID,PRSN_BAC_TEST_RSLT,PRSN_DRG_SPEC_TYPE_ID,PRSN_DRG_RSLT_ID,DRVR_DRG_CAT_1_ID,PRSN_DEATH_TIME,DRVR_LIC_TYPE_ID,DRVR_LIC_STATE_ID,DRVR_LIC_CLS_ID,DRVR_ZIP
15174700,1,MOTOR VEHICLE,N,Y,TX,1GNEC13T41R225146,2001,99,CHEVROLET,TAHOE,SPORT UTILITY VEHICLE,N,78351,2,NA,FRONT END (RIGHT)  DAMAGE PARTIAL CONTACT,DAMAGED 2,NA,NA,NA,NA,Y,ABSOLUTE WRECKER,IMPOUND,UNDER INFLUENCE - ALCOHOL,FAILED TO CONTROL SPEED,NA,SOUTH,Y,0,0,0,1,0,0,0,1,DRIVER,FRONT LEFT,NOT INJURED,47,HISPANIC,MALE,NO,UNKNOWN,NOT DEPLOYED,NOT APPLICABLE,N,BLOOD,Positive,0.23,NONE,NOT APPLICABLE,NOT APPLICABLE,,DRIVER LICENSE,Texas,CLASS C,78351
15208169,1,MOTOR VEHICLE,N,Y,TX,1P3EJ46XXYN144281,2000,GRY,PLYMOUTH,BREEZE,"PASSENGER CAR, 4-DOOR",N,79336,1,PROOF OF LIABILITY INSURANCE,RIGHT FRONT QUARTER DAMAGE ANGULAR IMPACT,DAMAGED 1 MINIMUM,1,NA,NA,NA,N,FLED THE SCENE,,FAILED TO CONTROL SPEED,NA,NA,EAST,Y,0,0,0,1,0,0,0,1,DRIVER,FRONT LEFT,NOT INJURED,42,HISPANIC,MALE,NO,UNKNOWN,NOT DEPLOYED,NOT APPLICABLE,N,NONE,NA,NA,NONE,NOT APPLICABLE,NOT APPLICABLE,,DRIVER LICENSE,Texas,CLASS C,79336
15208169,1,MOTOR VEHICLE,N,Y,TX,1P3EJ46XXYN144281,2000,GRY,PLYMOUTH,BREEZE,"PASSENGER CAR, 4-DOOR",N,79336,1,PROOF OF LIABILITY INSURANCE,RIGHT FRONT QUARTER DAMAGE ANGULAR IMPACT,DAMAGED 1 MINIMUM,1,NA,NA,NA,N,FLED THE SCENE,,FAILED TO CONTROL SPEED,NA,NA,EAST,Y,0,0,0,1,0,0,0,1,DRIVER,FRONT LEFT,NOT INJURED,18,WHITE,FEMALE,NO,UNKNOWN,NOT DEPLOYED,NOT APPLICABLE,N,NONE,NA,NA,NONE,NOT APPLICABLE,NOT APPLICABLE,,DRIVER LICENSE,Texas,CLASS C,79424
15241688,1,MOTOR VEHICLE,N,Y,TX,1J4GZ58Y3RC187509,1994,BLU,JEEP,CHEROKEE,"PASSENGER CAR, 4-DOOR",N,77535,1,LIABILITY INSURANCE POLICY,FRONT END DAMAGE DISTRIBUTED IMPACT,DAMAGED 4,2,NA,NA,NA,N,DRIVER,,HAD BEEN DRINKING,FAILED TO CONTROL SPEED,NA,SOUTH,Y,0,0,1,0,0,1,0,1,DRIVER,FRONT LEFT,POSSIBLE INJURY,30,WHITE,FEMALE,NO,SHOULDER & LAP BELT,"DEPLOYED, FRONT",NOT APPLICABLE,N,BLOOD,NA,NA,BLOOD,UNKNOWN,UNKNOWN,,DRIVER LICENSE,Texas,CLASS C,77535
15241688,1,MOTOR VEHICLE,N,Y,TX,1J4GZ58Y3RC187509,1994,BLU,JEEP,CHEROKEE,"PASSENGER CAR, 4-DOOR",N,77535,1,LIABILITY INSURANCE POLICY,FRONT END DAMAGE DISTRIBUTED IMPACT,DAMAGED 4,2,NA,NA,NA,N,DRIVER,,HAD BEEN DRINKING,FAILED TO CONTROL SPEED,NA,SOUTH,Y,0,0,1,0,0,1,0,1,DRIVER,FRONT LEFT,POSSIBLE INJURY,37,WHITE,MALE,NO,SHOULDER & LAP BELT,NOT DEPLOYED,NOT APPLICABLE,N,NONE,NA,NA,NONE,NOT APPLICABLE,NOT APPLICABLE,,DRIVER LICENSE,Texas,CLASS C,77546
15152660,2,MOTOR VEHICLE,N,Y,TX,4T1BE32K25U579370,2005,SIL,TOYOTA,CAMRY,"PASSENGER CAR, 4-DOOR",N,75253,1,PROOF OF LIABILITY INSURANCE,FRONT END (RIGHT)  DAMAGE PARTIAL CONTACT,DAMAGED 1 MINIMUM,NA,NA,NA,NA,Y,DSO TOW,DSO TOW 972-437-6869,FOLLOWED TOO CLOSELY,UNDER INFLUENCE - ALCOHOL,NA,SOUTH,Y,0,0,0,1,0,0,0,1,DRIVER,FRONT LEFT,NOT INJURED,41,WHITE,MALE,NO,SHOULDER & LAP BELT,NOT DEPLOYED,NOT APPLICABLE,N,NONE,NA,NA,NONE,NOT APPLICABLE,NOT APPLICABLE,,DRIVER LICENSE,Texas,CLASS C,75233
15152660,2,MOTOR VEHICLE,N,Y,TX,4T1BE32K25U579370,2005,SIL,TOYOTA,CAMRY,"PASSENGER CAR, 4-DOOR",N,75253,1,PROOF OF LIABILITY INSURANCE,FRONT END (RIGHT)  DAMAGE PARTIAL CONTACT,DAMAGED 1 MINIMUM,NA,NA,NA,NA,Y,DSO TOW,DSO TOW 972-437-6869,FOLLOWED TOO CLOSELY,UNDER INFLUENCE - ALCOHOL,NA,SOUTH,Y,0,0,0,1,0,0,0,1,DRIVER,FRONT LEFT,NOT INJURED,24,HISPANIC,MALE,NO,UNKNOWN,NOT DEPLOYED,NOT APPLICABLE,N,BLOOD,NA,NA,BLOOD,UNKNOWN,UNKNOWN,,DRIVER LICENSE,Texas,CLASS C,75233
15174307,4,MOTOR VEHICLE,N,Y,UN,,NA,WHI,UNKNOWN,NA,"PASSENGER CAR, 4-DOOR",N,,NA,NA,NA,NA,NA,NA,NA,NA,N,UNKNOWN DRIVER OF UNIT 4,FLED FROM SCENE,FAILED TO CONTROL SPEED,NA,NA,WEST,N,0,0,0,0,1,0,0,1,DRIVER,FRONT LEFT,NOT INJURED,33,BLACK,MALE,NO,SHOULDER & LAP BELT,NOT DEPLOYED,NOT APPLICABLE,N,NONE,NA,NA,NONE,NOT APPLICABLE,NOT APPLICABLE,,COMMERCIAL DRIVER LIC.,Georgia,OTHER/OUT OF STATE,31907
15174307,4,MOTOR VEHICLE,N,Y,UN,,NA,WHI,UNKNOWN,NA,"PASSENGER CAR, 4-DOOR",N,,NA,NA,NA,NA,NA,NA,NA,NA,N,UNKNOWN DRIVER OF UNIT 4,FLED FROM SCENE,FAILED TO CONTROL SPEED,NA,NA,WEST,N,0,0,0,0,1,0,0,1,DRIVER,FRONT LEFT,NOT INJURED,46,HISPANIC,MALE,NO,SHOULDER & LAP BELT,NOT DEPLOYED,NOT APPLICABLE,Y,NONE,NA,NA,NONE,NOT APPLICABLE,NOT APPLICABLE,,DRIVER LICENSE,Arkansas,OTHER/OUT OF STATE,72143
15310151,1,MOTOR VEHICLE,N,Y,TX,1FTRW08LX3KA15182,2003,MAR,FORD,F150,PICKUP,N,77095,1,LIABILITY INSURANCE POLICY,FRONT END DAMAGE CONCENTRATED IMPACT,DAMAGED 3,12,FRONT END (RIGHT)  DAMAGE PARTIAL CONTACT,DAMAGED 3,12,N,KNIGHT TOWING INC,5710 CAMPBELL,FAILED TO DRIVE IN SINGLE LANE,NA,NA,NORTH,Y,0,0,0,1,0,0,0,1,DRIVER,FRONT LEFT,NOT INJURED,54,WHITE,MALE,NO,SHOULDER & LAP BELT,NOT DEPLOYED,NOT APPLICABLE,N,NONE,NA,NA,NONE,NOT APPLICABLE,NOT APPLICABLE,,DRIVER LICENSE,Texas,CLASS C,77095
15328509,3,MOTOR VEHICLE,N,Y,UN,,NA,SIL,NA,NA,UNKNOWN,N,,NA,NA,BACK END DAMAGE DISTRIBUTED IMPACT,NO DAMAGE,6,NA,NA,NA,N,,,NONE,NA,NA,SOUTH,N,0,0,0,0,1,0,0,1,DRIVER,FRONT LEFT,NOT INJURED,32,WHITE,MALE,NO,SHOULDER & LAP BELT,NOT DEPLOYED,NOT APPLICABLE,N,NONE,NA,NA,NONE,NOT APPLICABLE,NOT APPLICABLE,,DRIVER LICENSE,Texas,CLASS C,76033
15328509,1,MOTOR VEHICLE,N,Y,TX,1FMRU15WX1LA87240,2001,SIL,FORD,EXPEDITION,SPORT UTILITY VEHICLE,N,76033,1,PROOF OF LIABILITY INSURANCE,FRONT END DAMAGE DISTRIBUTED IMPACT,NO DAMAGE,12,NA,NA,NA,N,DRIVEN AWAY,OPERATOR,FAILED TO CONTROL SPEED,NA,NA,SOUTH,Y,0,0,0,1,0,0,0,1,DRIVER,FRONT LEFT,NOT INJURED,32,WHITE,MALE,NO,SHOULDER & LAP BELT,NOT DEPLOYED,NOT APPLICABLE,N,NONE,NA,NA,NONE,NOT APPLICABLE,NOT APPLICABLE,,DRIVER LICENSE,Texas,CLASS C,76033
15328509,3,MOTOR VEHICLE,N,Y,UN,,NA,SIL,NA,NA,UNKNOWN,N,,NA,NA,BACK END DAMAGE DISTRIBUTED IMPACT,NO DAMAGE,6,NA,NA,NA,N,,,NONE,NA,NA,SOUTH,N,0,0,0,0,1,0,0,1,DRIVER,FRONT LEFT,NOT INJURED,19,WHITE,MALE,NO,SHOULDER & LAP BELT,NOT DEPLOYED,NOT APPLICABLE,N,NONE,NA,NA,NONE,NOT APPLICABLE,NOT APPLICABLE,,DRIVER LICENSE,Texas,CLASS C,76058
15328509,1,MOTOR VEHICLE,N,Y,TX,1FMRU15WX1LA87240,2001,SIL,FORD,EXPEDITION,SPORT UTILITY VEHICLE,N,76033,1,PROOF OF LIABILITY INSURANCE,FRONT END DAMAGE DISTRIBUTED IMPACT,NO DAMAGE,12,NA,NA,NA,N,DRIVEN AWAY,OPERATOR,FAILED TO CONTROL SPEED,NA,NA,SOUTH,Y,0,0,0,1,0,0,0,1,DRIVER,FRONT LEFT,NOT INJURED,19,WHITE,MALE,NO,SHOULDER & LAP BELT,NOT DEPLOYED,NOT APPLICABLE,N,NONE,NA,NA,NONE,NOT APPLICABLE,NOT APPLICABLE,,DRIVER LICENSE,Texas,CLASS C,76058
15197955,1,MOTOR VEHICLE,N,Y,TX,1GNFC23019R147579,NA,BLK,CHEVROLET,TAHOE,SPORT UTILITY VEHICLE,N,77346,1,PROOF OF LIABILITY INSURANCE,FRONT END DAMAGE DISTRIBUTED IMPACT,DAMAGED 1 MINIMUM,12,NA,NA,NA,N,S & S WRECKER SERVICE,11440 FM 1960 EAST,FAILED TO CONTROL SPEED,DISREGARD STOP SIGN OR LIGHT,UNDER INFLUENCE - ALCOHOL,WEST,Y,0,0,0,1,0,0,0,1,DRIVER,FRONT LEFT,NOT INJURED,31,WHITE,FEMALE,NO,SHOULDER & LAP BELT,NOT DEPLOYED,NOT APPLICABLE,N,NONE,NA,NA,NONE,NOT APPLICABLE,NOT APPLICABLE,,DRIVER LICENSE,Texas,CLASS C,77581
15197955,1,MOTOR VEHICLE,N,Y,TX,1GNFC23019R147579,NA,BLK,CHEVROLET,TAHOE,SPORT UTILITY VEHICLE,N,77346,1,PROOF OF LIABILITY INSURANCE,FRONT END DAMAGE DISTRIBUTED IMPACT,DAMAGED 1 MINIMUM,12,NA,NA,NA,N,S & S WRECKER SERVICE,11440 FM 1960 EAST,FAILED TO CONTROL SPEED,DISREGARD STOP SIGN OR LIGHT,UNDER INFLUENCE - ALCOHOL,WEST,Y,0,0,0,1,0,0,0,1,DRIVER,FRONT LEFT,NOT INJURED,63,WHITE,FEMALE,NO,SHOULDER & LAP BELT,NOT DEPLOYED,NOT APPLICABLE,N,NONE,NA,NA,NONE,NOT APPLICABLE,NOT APPLICABLE,,DRIVER LICENSE,Texas,CLASS C,77346
15197955,1,MOTOR VEHICLE,N,Y,TX,1GNFC23019R147579,NA,BLK,CHEVROLET,TAHOE,SPORT UTILITY VEHICLE,N,77346,1,PROOF OF LIABILITY INSURANCE,FRONT END DAMAGE DISTRIBUTED IMPACT,DAMAGED 1 MINIMUM,12,NA,NA,NA,N,S & S WRECKER SERVICE,11440 FM 1960 EAST,FAILED TO CONTROL SPEED,DISREGARD STOP SIGN OR LIGHT,UNDER INFLUENCE - ALCOHOL,WEST,Y,0,0,0,1,0,0,0,1,DRIVER,FRONT LEFT,POSSIBLE INJURY,33,WHITE,FEMALE,NO,SHOULDER & LAP BELT,"DEPLOYED, SIDE",NOT APPLICABLE,N,NONE,NA,NA,NONE,NOT APPLICABLE,NOT APPLICABLE,,DRIVER LICENSE,Texas,CLASS C,77044
15252580,1,MOTOR VEHICLE,N,Y,UN,,NA,WHI,CHEVROLET,IMPALA,"PASSENGER CAR, 4-DOOR",N,,2,NA,FRONT END DAMAGE CONCENTRATED IMPACT,DAMAGED 1 MINIMUM,12,NA,NA,NA,N,LEFT THE SCENE,LEFT THE SCENE,FAILED TO CONTROL SPEED,NA,NA,SOUTH,Y,0,0,0,0,1,0,0,1,DRIVER,FRONT LEFT,NOT INJURED,30,BLACK,FEMALE,NO,SHOULDER & LAP BELT,NOT DEPLOYED,NOT APPLICABLE,N,NONE,NA,NA,NONE,NOT APPLICABLE,NOT APPLICABLE,,DRIVER LICENSE,Texas,CLASS C,77025
15270612,1,MOTOR VEHICLE,N,Y,UN,,NA,99,NA,NA,UNKNOWN,N,,NA,NA,NA,NA,NA,NA,NA,NA,,,,FAILED TO GIVE HALF OF ROADWAY,NA,NA,SOUTHEAST,Y,0,0,0,0,1,0,0,1,DRIVER,FRONT LEFT,NOT INJURED,26,WHITE,MALE,NO,SHOULDER & LAP BELT,NOT DEPLOYED,NOT APPLICABLE,N,NONE,NA,NA,NONE,NOT APPLICABLE,NOT APPLICABLE,,DRIVER LICENSE,Texas,CLASS C,76549
15271090,1,MOTOR VEHICLE,N,Y,TX,1G2WP5219WF245060,1998,WHI,PONTIAC,GRAND PRIX,"PASSENGER CAR, 4-DOOR",N,78417,2,NA,FRONT END (LEFT) DAMAGE PARTIAL CONTACT,DAMAGED 3,12,FRONT END DAMAGE CONCENTRATED IMPACT,DAMAGED 3,12,Y,ACE-1 WRECKER,CITY IMPOUND LOT,DISREGARD STOP SIGN OR LIGHT,DRIVER INATTENTION,NA,SOUTHEAST,Y,0,0,1,0,0,1,0,1,DRIVER,FRONT LEFT,POSSIBLE INJURY,35,HISPANIC,MALE,NO,SHOULDER & LAP BELT,"DEPLOYED, FRONT",NOT APPLICABLE,N,NONE,NA,NA,NONE,NOT APPLICABLE,NOT APPLICABLE,,DRIVER LICENSE,Texas,CLASS C,78412
15300840,1,MOTOR VEHICLE,N,Y,TX,2GCEK13T841267778,2004,BLK,CHEVROLET,C1500,PICKUP,N,79605,1,PROOF OF LIABILITY INSURANCE,FRONT END DAMAGE CONCENTRATED IMPACT,DAMAGED 1 MINIMUM,12,NA,NA,NA,N,,,IMPROPER START FROM PARKED POSITION,NA,DISTRACTION IN VEHICLE,SOUTH,Y,0,0,0,1,0,0,0,1,DRIVER,FRONT LEFT,NOT INJURED,35,WHITE,MALE,NO,SHOULDER & LAP BELT,NOT DEPLOYED,NOT APPLICABLE,N,NONE,NA,NA,NONE,NOT APPLICABLE,NOT APPLICABLE,,DRIVER LICENSE,Texas,CLASS C,79605
15221280,1,MOTOR VEHICLE,N,Y,TX,2GCEK19M2T1196513,1996,MAR,CHEVROLET,UNKNOWN,PICKUP,N,78041,1,PROOF OF LIABILITY INSURANCE,FRONT END (LEFT) DAMAGE PARTIAL CONTACT,NO DAMAGE,12,NA,NA,NA,N,,,TURNED IMPROPERLY - WIDE RIGHT,NA,NA,WEST,Y,0,0,0,1,0,0,0,1,DRIVER,FRONT LEFT,NOT INJURED,70,HISPANIC,MALE,NO,SHOULDER & LAP BELT,NOT DEPLOYED,NOT APPLICABLE,N,NONE,NA,NA,NONE,NOT APPLICABLE,NOT APPLICABLE,,DRIVER LICENSE,Texas,CLASS C,78041
15189404,2,MOTOR VEHICLE,N,Y,UN,,NA,99,UNKNOWN,UNKNOWN,UNKNOWN,N,,NA,NA,BACK END DAMAGE DISTRIBUTED IMPACT,NA,6,NA,NA,NA,N,FLED SCENE,FLED SCENE,NONE,NA,NA,EAST,Y,0,0,0,0,1,0,0,1,DRIVER,FRONT LEFT,NOT INJURED,44,HISPANIC,FEMALE,NO,SHOULDER & LAP BELT,NOT DEPLOYED,NOT APPLICABLE,N,BREATH,Positive,0.17,NONE,NOT APPLICABLE,NOT APPLICABLE,,DRIVER LICENSE,Texas,CLASS C,78526
15189404,2,MOTOR VEHICLE,N,Y,UN,,NA,99,UNKNOWN,UNKNOWN,UNKNOWN,N,,NA,NA,BACK END DAMAGE DISTRIBUTED IMPACT,NA,6,NA,NA,NA,N,FLED SCENE,FLED SCENE,NONE,NA,NA,EAST,Y,0,0,0,0,1,0,0,1,DRIVER,FRONT LEFT,NOT INJURED,44,HISPANIC,FEMALE,NO,SHOULDER & LAP BELT,NOT DEPLOYED,NOT APPLICABLE,N,BREATH,Positive,0.17,NONE,NOT APPLICABLE,NOT APPLICABLE,,DRIVER LICENSE,Texas,CLASS C,78526
15235345,1,MOTOR VEHICLE,N,Y,TX,2GCEK19T8Y1386511,2000,RED,CHEVROLET,SILVERADO C1500,PICKUP,N,78387,3,LIABILITY INSURANCE POLICY,LEFT SIDE DAMAGE ANGULAR IMPACT,DAMAGED 2,11,NA,NA,NA,N,,,FAILED TO DRIVE IN SINGLE LANE,NA,DRIVER INATTENTION,EAST,Y,0,0,0,0,1,0,0,1,DRIVER,FRONT LEFT,NOT INJURED,39,ASIAN,FEMALE,NO,SHOULDER & LAP BELT,NOT DEPLOYED,NOT APPLICABLE,N,NONE,NA,NA,NONE,NOT APPLICABLE,NOT APPLICABLE,,DRIVER LICENSE,Texas,CLASS C,78148
15310177,1,MOTOR VEHICLE,N,Y,TX,JM1FE173450149794,2005,BLK,MAZDA,RX8,"PASSENGER CAR, 4-DOOR",N,76227,2,NA,FRONT END (RIGHT)  DAMAGE PARTIAL CONTACT,DAMAGED 3,1,LEFT FRONT QUARTER DAMAGE ANGULAR IMPACT,DAMAGED 3,11,Y,CONTRACT WRECKER,"1955 VILBIG, DALLAS, TEXAS",FAILED TO CONTROL SPEED,NA,NA,SOUTHEAST,Y,0,0,0,0,2,0,0,1,DRIVER,FRONT LEFT,NOT INJURED,31,WHITE,MALE,NO,SHOULDER & LAP BELT,NOT DEPLOYED,NOT APPLICABLE,N,NONE,NA,NA,NONE,NOT APPLICABLE,NOT APPLICABLE,,DRIVER LICENSE,Texas,CLASS C,75234
15196866,3,MOTOR VEHICLE,N,Y,TX,2GTEC13T061193952,2006,GLD,GMC,SIERRA C1500,PICKUP,N,79782,1,PROOF OF LIABILITY INSURANCE,LEFT FRONT QUARTER DAMAGE ANGULAR IMPACT,DAMAGED 4,NA,NA,NA,NA,N,,,FAILED TO YIELD ROW - YIELD SIGN,NA,UNDER INFLUENCE - ALCOHOL,EAST,Y,0,0,0,0,1,0,0,1,DRIVER,FRONT LEFT,NOT INJURED,50,WHITE,MALE,NO,SHOULDER BELT ONLY,NOT DEPLOYED,NOT APPLICABLE,N,NONE,NA,NA,NONE,NOT APPLICABLE,NOT APPLICABLE,,COMMERCIAL DRIVER LIC.,Utah,OTHER/OUT OF STATE,84317
15196866,1,MOTOR VEHICLE,N,Y,OK,1XKDD79X2DJ339426,NA,MUL,KENWORTH,UNKNOWN,TRUCK TRACTOR,N,77072,1,PROOF OF LIABILITY INSURANCE,RIGHT FRONT QUARTER DAMAGE ANGULAR IMPACT,DAMAGED 2,NA,NA,NA,NA,N,DRIVEN AWAY,,NONE,NA,NA,SOUTHEAST,Y,0,0,0,1,0,0,0,1,DRIVER,FRONT LEFT,NOT INJURED,50,WHITE,MALE,NO,SHOULDER BELT ONLY,NOT DEPLOYED,NOT APPLICABLE,N,NONE,NA,NA,NONE,NOT APPLICABLE,NOT APPLICABLE,,COMMERCIAL DRIVER LIC.,Utah,OTHER/OUT OF STATE,84317
15196866,1,MOTOR VEHICLE,N,Y,OK,1XKDD79X2DJ339426,NA,MUL,KENWORTH,UNKNOWN,TRUCK TRACTOR,N,77072,1,PROOF OF LIABILITY INSURANCE,RIGHT FRONT QUARTER DAMAGE ANGULAR IMPACT,DAMAGED 2,NA,NA,NA,NA,N,DRIVEN AWAY,,NONE,NA,NA,SOUTHEAST,Y,0,0,0,1,0,0,0,1,DRIVER,FRONT LEFT,NOT INJURED,50,WHITE,MALE,NO,SHOULDER BELT ONLY,NOT DEPLOYED,NOT APPLICABLE,N,NONE,NA,NA,NONE,NOT APPLICABLE,NOT APPLICABLE,,COMMERCIAL DRIVER LIC.,Utah,OTHER/OUT OF STATE,84317
15196866,3,MOTOR VEHICLE,N,Y,TX,2GTEC13T061193952,2006,GLD,GMC,SIERRA C1500,PICKUP,N,79782,1,PROOF OF LIABILITY INSURANCE,LEFT FRONT QUARTER DAMAGE ANGULAR IMPACT,DAMAGED 4,NA,NA,NA,NA,N,,,FAILED TO YIELD ROW - YIELD SIGN,NA,UNDER INFLUENCE - ALCOHOL,EAST,Y,0,0,0,0,1,0,0,1,DRIVER,FRONT LEFT,UNKNOWN,31,WHITE,MALE,NO,SHOULDER & LAP BELT,UNKNOWN,NOT APPLICABLE,N,NONE,NA,NA,NONE,NOT APPLICABLE,NOT APPLICABLE,,DRIVER LICENSE,Texas,CLASS C,79782
15196866,1,MOTOR VEHICLE,N,Y,OK,1XKDD79X2DJ339426,NA,MUL,KENWORTH,UNKNOWN,TRUCK TRACTOR,N,77072,1,PROOF OF LIABILITY INSURANCE,RIGHT FRONT QUARTER DAMAGE ANGULAR IMPACT,DAMAGED 2,NA,NA,NA,NA,N,DRIVEN AWAY,,NONE,NA,NA,SOUTHEAST,Y,0,0,0,1,0,0,0,1,DRIVER,FRONT LEFT,UNKNOWN,31,WHITE,MALE,NO,SHOULDER & LAP BELT,UNKNOWN,NOT APPLICABLE,N,NONE,NA,NA,NONE,NOT APPLICABLE,NOT APPLICABLE,,DRIVER LICENSE,Texas,CLASS C,79782
15196866,1,MOTOR VEHICLE,N,Y,OK,1XKDD79X2DJ339426,NA,MUL,KENWORTH,UNKNOWN,TRUCK TRACTOR,N,77072,1,PROOF OF LIABILITY INSURANCE,RIGHT FRONT QUARTER DAMAGE ANGULAR IMPACT,DAMAGED 2,NA,NA,NA,NA,N,DRIVEN AWAY,,NONE,NA,NA,SOUTHEAST,Y,0,0,0,1,0,0,0,1,DRIVER,FRONT LEFT,UNKNOWN,31,WHITE,MALE,NO,SHOULDER & LAP BELT,UNKNOWN,NOT APPLICABLE,N,NONE,NA,NA,NONE,NOT APPLICABLE,NOT APPLICABLE,,DRIVER LICENSE,Texas,CLASS C,79782
15202170,1,MOTOR VEHICLE,N,Y,TX,1FDKF37G5VEC74036,1997,WHI,FORD,F SERIES,OTHER  (EXPLAIN IN NARRATIVE),N,78757,3,LIABILITY INSURANCE POLICY,FRONT END DAMAGE DISTRIBUTED IMPACT,DAMAGED 2,12,NA,NA,NA,Y,,,NONE,NA,NA,WEST,Y,0,0,0,1,0,0,0,1,DRIVER,FRONT LEFT,POSSIBLE INJURY,26,OTHER,MALE,NO,SHOULDER & LAP BELT,NOT DEPLOYED,NOT APPLICABLE,N,NONE,NA,NA,NONE,NOT APPLICABLE,NOT APPLICABLE,,DRIVER LICENSE,New Mexico,OTHER/OUT OF STATE,87111
15299975,1,MOTOR VEHICLE,N,Y,TX,1FMEU31K57UA28810,2007,RED,FORD,EXPLORER SPORT TRAC,PICKUP,N,77459,1,PROOF OF LIABILITY INSURANCE,FRONT END DAMAGE DISTRIBUTED IMPACT,DAMAGED 2,12,LEFT FRONT QUARTER DAMAGE ANGULAR IMPACT,DAMAGED 3,10,N,PRECISE TOWING,12999 MAIN ST,NA,NA,UNDER INFLUENCE - ALCOHOL,SOUTH,Y,0,0,1,0,0,1,0,1,DRIVER,FRONT LEFT,NOT INJURED,64,BLACK,FEMALE,NO,SHOULDER & LAP BELT,NOT DEPLOYED,NOT APPLICABLE,N,NONE,NA,NA,NONE,NOT APPLICABLE,NOT APPLICABLE,,DRIVER LICENSE,Texas,CLASS C,77489
15186716,3,MOTOR VEHICLE,N,Y,TX,2HNYD18663H527718,2003,99,ACURA,MDX,SPORT UTILITY VEHICLE,N,77545,1,PROOF OF LIABILITY INSURANCE,BACK END DAMAGE DISTRIBUTED IMPACT,DAMAGED 1 MINIMUM,6,NA,NA,NA,N,,,NONE,NA,NA,NORTH,N,0,0,0,0,0,0,0,1,DRIVER,FRONT LEFT,NOT INJURED,49,BLACK,MALE,NO,UNKNOWN,NOT DEPLOYED,NOT APPLICABLE,N,NONE,NA,NA,NONE,NOT APPLICABLE,NOT APPLICABLE,,DRIVER LICENSE,Texas,CLASS C,77545
15185909,1,MOTOR VEHICLE,N,Y,TX,JN8AZ08T97W532156,2007,GLD,NISSAN,MURANO,SPORT UTILITY VEHICLE,N,,1,LIABILITY INSURANCE POLICY,RIGHT FRONT QUARTER DAMAGE ANGULAR IMPACT,DAMAGED 3,12,FRONT END (RIGHT)  DAMAGE PARTIAL CONTACT,DAMAGED 2,12,N,PERFECT TOUCH,8798 GLENMONT,FAILED TO YIELD ROW - OPEN INTERSECTION,NA,NA,SOUTH,Y,0,0,0,0,1,0,0,1,DRIVER,FRONT LEFT,UNKNOWN,29,HISPANIC,MALE,NO,UNKNOWN,"DEPLOYED, SIDE",NOT APPLICABLE,N,NONE,NA,NA,NONE,NOT APPLICABLE,NOT APPLICABLE,,DRIVER LICENSE,Texas,CLASS C,77099
15185909,1,MOTOR VEHICLE,N,Y,TX,JN8AZ08T97W532156,2007,GLD,NISSAN,MURANO,SPORT UTILITY VEHICLE,N,,1,LIABILITY INSURANCE POLICY,RIGHT FRONT QUARTER DAMAGE ANGULAR IMPACT,DAMAGED 3,12,FRONT END (RIGHT)  DAMAGE PARTIAL CONTACT,DAMAGED 2,12,N,PERFECT TOUCH,8798 GLENMONT,FAILED TO YIELD ROW - OPEN INTERSECTION,NA,NA,SOUTH,Y,0,0,0,0,1,0,0,1,DRIVER,FRONT LEFT,POSSIBLE INJURY,34,HISPANIC,FEMALE,NO,SHOULDER & LAP BELT,DEPLOYED MULTIPLE,NOT APPLICABLE,N,NONE,NA,NA,NONE,NOT APPLICABLE,NOT APPLICABLE,,DRIVER LICENSE,Texas,CLASS C,