CRASH_ID,UNIT_NBR,UNIT_DESC_ID,VEH_PARKED_FL,VEH_HNR_FL,VEH_LIC_STATE_ID,VIN,VEH_MOD_YEAR,VEH_COLOR_ID,VEH_MAKE_ID,VEH_MOD_ID,VEH_BODY_STYL_ID,EMER_RESPNDR_FL,OWNR_ZIP,FIN_RESP_PROOF_ID,FIN_RESP_TYPE_ID,VEH_DMAG_AREA_1_ID,VEH_DMAG_SCL_1_ID,FORCE_DIR_1_ID,VEH_DMAG_AREA_2_ID,VEH_DMAG_SCL_2_ID,FORCE_DIR_2_ID,VEH_INVENTORIED_FL,VEH_TRANSP_NAME,VEH_TRANSP_DEST,CONTRIB_FACTR_1_ID,CONTRIB_FACTR_2_ID,CONTRIB_FACTR_P1_ID,VEH_TRVL_DIR_ID,FIRST_HARM_EVT_INV_ID,INCAP_INJRY_CNT,NONINCAP_INJRY_CNT,POSS_INJRY_CNT,NON_INJRY_CNT,UNKN_INJRY_CNT,TOT_INJRY_CNT,DEATH_CNT,PRSN_NBR,PRSN_TYPE_ID,PRSN_OCCPNT_POS_ID,PRSN_INJRY_SEV_ID,PRSN_AGE,PRSN_ETHNICITY_ID,PRSN_GNDR_ID,PRSN_EJCT_ID,PRSN_REST_ID,PRSN_AIRBAG_ID,PRSN_HELMET_ID,PRSN_SOL_FL,PRSN_ALC_SPEC_TYPE_ID,PRSN_ALC_RSLT_ID,PRSN_BAC_TEST_RSLT,PRSN_DRG_SPEC_TYPE_ID,PRSN_DRG_RSLT_ID,DRVR_DRG_CAT_1_ID,PRSN_DEATH_TIME,DRVR_LIC_TYPE_ID,DRVR_LIC_STATE_ID,DRVR_LIC_CLS_ID,DRVR_ZIP
15290383,2,MOTOR VEHICLE,N,Y,TX,1GCVKREC9GZ320754,NA,GRY,CHEVROLET,NA,PICKUP,N,75354,1,LIABILITY INSURANCE POLICY,RIGHT SIDE DAMAGE ANGULAR IMPACT,DAMAGED 7 HIGHEST,5,RIGHT FRONT QUARTER DAMAGE ANGULAR IMPACT,DAMAGED 7 HIGHEST,4,N,,,NONE,NA,NA,NORTH,Y,0,0,0,3,0,0,0,1,DRIVER,FRONT LEFT,NOT INJURED,50,WHITE,MALE,NO,SHOULDER & LAP BELT,NOT DEPLOYED,NOT APPLICABLE,N,NONE,NA,NA,NONE,NOT APPLICABLE,NOT APPLICABLE,,DRIVER LICENSE,Texas,CLASS C,75142
15290383,1,MOTOR VEHICLE,N,Y,TX,19XFB2F91EE063063,NA,WHI,HONDA,CIVIC,"PASSENGER CAR, 4-DOOR",N,75160,1,LIABILITY INSURANCE POLICY,FRONT END DAMAGE CONCENTRATED IMPACT,DAMAGED 5,12,LEFT FRONT QUARTER DAMAGE ANGULAR IMPACT,DAMAGED 5,9,Y,TODDS WRECKER SERVICE,"2940 RUGER DRIVE, ROYSE CITY TX. 75189",PASSED ON RIGHT SHOULDER,NA,UNDER INFLUENCE - DRUG,NORTH,Y,0,0,0,1,0,0,0,1,DRIVER,FRONT LEFT,NOT INJURED,50,WHITE,MALE,NO,SHOULDER & LAP BELT,NOT DEPLOYED,NOT APPLICABLE,N,NONE,NA,NA,NONE,NOT APPLICABLE,NOT APPLICABLE,,DRIVER LICENSE,Texas,CLASS C,75142
15300245,1,MOTOR VEHICLE,N,Y,UN,,NA,99,UNKNOWN,UNKNOWN,UNKNOWN,N,,2,NA,FRONT END DAMAGE DISTRIBUTED IMPACT,DAMAGED 3,12,NA,NA,NA,N,DRIVER,FLED SCENE,FAILED TO CONTROL SPEED,NA,NA,WEST,Y,0,0,0,0,1,0,0,1,DRIVER,FRONT LEFT,NON-INCAPACITATING INJURY,43,HISPANIC,MALE,NO,SHOULDER & LAP BELT,"DEPLOYED, FRONT",NOT APPLICABLE,N,NONE,NA,NA,NONE,NOT APPLICABLE,NOT APPLICABLE,,DRIVER LICENSE,Texas,CLASS C,77063
15300245,1,MOTOR VEHICLE,N,Y,UN,,NA,99,UNKNOWN,UNKNOWN,UNKNOWN,N,,2,NA,FRONT END DAMAGE DISTRIBUTED IMPACT,DAMAGED 3,12,NA,NA,NA,N,DRIVER,FLED SCENE,FAILED TO CONTROL SPEED,NA,NA,WEST,Y,0,0,0,0,1,0,0,1,DRIVER,FRONT LEFT,NON-INCAPACITATING INJURY,43,HISPANIC,MALE,NO,SHOULDER & LAP BELT,"DEPLOYED, FRONT",NOT APPLICABLE,N,NONE,NA,NA,NONE,NOT APPLICABLE,NOT APPLICABLE,,DRIVER LICENSE,Texas,CLASS C,77063
15300245,1,MOTOR VEHICLE,N,Y,UN,,NA,99,UNKNOWN,UNKNOWN,UNKNOWN,N,,2,NA,FRONT END DAMAGE DISTRIBUTED IMPACT,DAMAGED 3,12,NA,NA,NA,N,DRIVER,FLED SCENE,FAILED TO CONTROL SPEED,NA,NA,WEST,Y,0,0,0,0,1,0,0,1,DRIVER,FRONT LEFT,NOT INJURED,36,WHITE,MALE,NO,SHOULDER & LAP BELT,NOT DEPLOYED,NOT APPLICABLE,N,NONE,NA,NA,NONE,NOT APPLICABLE,NOT APPLICABLE,,DRIVER LICENSE,Texas,CLASS C,77479
15300245,1,MOTOR VEHICLE,N,Y,UN,,NA,99,UNKNOWN,UNKNOWN,UNKNOWN,N,,2,NA,FRONT END DAMAGE DISTRIBUTED IMPACT,DAMAGED 3,12,NA,NA,NA,N,DRIVER,FLED SCENE,FAILED TO CONTROL SPEED,NA,NA,WEST,Y,0,0,0,0,1,0,0,1,DRIVER,FRONT LEFT,NOT INJURED,36,WHITE,MALE,NO,SHOULDER & LAP BELT,NOT DEPLOYED,NOT APPLICABLE,N,NONE,NA,NA,NONE,NOT APPLICABLE,NOT APPLICABLE,,DRIVER LICENSE,Texas,CLASS C,77479
15305022,1,MOTOR VEHICLE,N,Y,TX,5NPDH4AE8DH265091,NA,GRY,HYUNDAI,ELANTRA,"PASSENGER CAR, 4-DOOR",N,78744,1,LIABILITY INSURANCE POLICY,FRONT END (LEFT) DAMAGE PARTIAL CONTACT,DAMAGED 3,10,NA,NA,NA,Y,SOUTHSIDE WRECKER INC,SOUTHSIDE WRECKER INC,HAD BEEN DRINKING,DRIVER INATTENTION,NA,NORTH,Y,0,0,0,1,0,0,0,1,DRIVER,FRONT LEFT,NOT INJURED,45,WHITE,FEMALE,NO,SHOULDER & LAP BELT,NOT DEPLOYED,NOT APPLICABLE,N,BREATH,Positive,0.187,NONE,NOT APPLICABLE,NOT APPLICABLE,,DRIVER LICENSE,Texas,CLASS C,78744
15158612,1,MOTOR VEHICLE,N,Y,TX,1G2AN15B277289037,2007,SIL,PONTIAC,G5,"PASSENGER CAR, 2-DOOR",N,75068,1,PROOF OF LIABILITY INSURANCE,FRONT END DAMAGE DISTRIBUTED IMPACT,DAMAGED 1 MINIMUM,12,NA,NA,NA,N,,,FAILED TO CONTROL SPEED,NA,NA,NORTHEAST,Y,0,0,0,1,0,0,0,1,DRIVER,FRONT LEFT,NOT INJURED,29,BLACK,MALE,NO,UNKNOWN,NOT DEPLOYED,NOT APPLICABLE,N,NONE,NA,NA,NONE,NOT APPLICABLE,NOT APPLICABLE,,DRIVER LICENSE,Tennessee,OTHER/OUT OF STATE,75068
15158612,1,MOTOR VEHICLE,N,Y,TX,1G2AN15B277289037,2007,SIL,PONTIAC,G5,"PASSENGER CAR, 2-DOOR",N,75068,1,PROOF OF LIABILITY INSURANCE,FRONT END DAMAGE DISTRIBUTED IMPACT,DAMAGED 1 MINIMUM,12,NA,NA,NA,N,,,FAILED TO CONTROL SPEED,NA,NA,NORTHEAST,Y,0,0,0,1,0,0,0,1,DRIVER,FRONT LEFT,NOT INJURED,26,BLACK,FEMALE,NO,SHOULDER & LAP BELT,NOT DEPLOYED,NOT APPLICABLE,N,NONE,NA,NA,NONE,NOT APPLICABLE,NOT APPLICABLE,,DRIVER LICENSE,Texas,CLASS C,75007
15158999,1,MOTOR VEHICLE,N,Y,TX,1D7HA18N78S580746,NA,SIL,DODGE,RAM 1500,PICKUP,N,76049,2,NA,DISTRIBUTED LEFT SIDE DAMAGE PARALLEL IMPACT,DAMAGED 1 MINIMUM,11,NA,NA,NA,Y,,,UNDER INFLUENCE - ALCOHOL,FAILED TO GIVE HALF OF ROADWAY,NA,EAST,Y,0,0,0,1,0,0,0,1,DRIVER,FRONT LEFT,NOT INJURED,40,WHITE,MALE,NO,NONE,NOT DEPLOYED,NOT APPLICABLE,N,BLOOD,Positive,0.18,NONE,NOT APPLICABLE,NOT APPLICABLE,,DRIVER LICENSE,Texas,CLASS C,76049
15158999,1,MOTOR VEHICLE,N,Y,TX,1D7HA18N78S580746,NA,SIL,DODGE,RAM 1500,PICKUP,N,76049,2,NA,DISTRIBUTED LEFT SIDE DAMAGE PARALLEL IMPACT,DAMAGED 1 MINIMUM,11,NA,NA,NA,Y,,,UNDER INFLUENCE - ALCOHOL,FAILED TO GIVE HALF OF ROADWAY,NA,EAST,Y,0,0,0,1,0,0,0,1,DRIVER,FRONT LEFT,NOT INJURED,51,WHITE,MALE,NO,SHOULDER & LAP BELT,NOT DEPLOYED,NOT APPLICABLE,N,NONE,NA,NA,NONE,NOT APPLICABLE,NOT APPLICABLE,,DRIVER LICENSE,Texas,CLASS C,76049
15175477,1,MOTOR VEHICLE,N,Y,UN,1N4AL11D96N455112,2006,99,NISSAN,ALTIMA,UNKNOWN,N,78023,1,PROOF OF LIABILITY INSURANCE,FRONT END DAMAGE CONCENTRATED IMPACT,DAMAGED 7 HIGHEST,12,NA,NA,NA,N,,,UNDER INFLUENCE - ALCOHOL,FAILED TO CONTROL SPEED,NA,SOUTHEAST,Y,0,0,0,1,0,0,0,1,DRIVER,FRONT LEFT,NOT INJURED,35,HISPANIC,MALE,UNKNOWN,UNKNOWN,NOT DEPLOYED,NOT APPLICABLE,N,NONE,NA,NA,NONE,NOT APPLICABLE,NOT APPLICABLE,,DRIVER LICENSE,Texas,CLASS C,78023
15215787,1,MOTOR VEHICLE,N,Y,TX,3FTSW30F72MA04978,2002,GRY,FORD,F350,PICKUP,N,75044,1,PROOF OF LIABILITY INSURANCE,FRONT END (LEFT) DAMAGE PARTIAL CONTACT,DAMAGED 1 MINIMUM,12,NA,NA,NA,N,,,FAILED TO CONTROL SPEED,NA,NA,NORTH,Y,0,0,0,1,0,0,0,1,DRIVER,FRONT LEFT,NOT INJURED,50,WHITE,MALE,NO,SHOULDER & LAP BELT,NOT DEPLOYED,NOT APPLICABLE,N,NONE,NA,NA,NONE,NOT APPLICABLE,NOT APPLICABLE,,DRIVER LICENSE,New Mexico,OTHER/OUT OF STATE,87571
15215787,1,MOTOR VEHICLE,N,Y,TX,3FTSW30F72MA04978,2002,GRY,FORD,F350,PICKUP,N,75044,1,PROOF OF LIABILITY INSURANCE,FRONT END (LEFT) DAMAGE PARTIAL CONTACT,DAMAGED 1 MINIMUM,12,NA,NA,NA,N,,,FAILED TO CONTROL SPEED,NA,NA,NORTH,Y,0,0,0,1,0,0,0,1,DRIVER,FRONT LEFT,NOT INJURED,44,WHITE,MALE,NOT APPLICABLE,SHOULDER & LAP BELT,NOT DEPLOYED,NOT APPLICABLE,N,NONE,NA,NA,NONE,NOT APPLICABLE,NOT APPLICABLE,,DRIVER LICENSE,Texas,CLASS C AND M,75081
15237121,1,MOTOR VEHICLE,N,Y,TX,1FAFP42X64F147987,2004,BLK,FORD,MUSTANG,"PASSENGER CAR, 2-DOOR",N,75006,1,PROOF OF LIABILITY INSURANCE,FRONT END DAMAGE DISTRIBUTED IMPACT,DAMAGED 5,12,NA,NA,NA,N,SIGNATURE TOWING,"1204 MUNICIPAL AVE, PLANO , TX 75074",FAILED TO DRIVE IN SINGLE LANE,FAILED TO CONTROL SPEED,NA,SOUTH,Y,0,0,0,0,1,0,0,1,DRIVER,FRONT LEFT,UNKNOWN,25,ASIAN,MALE,NO,SHOULDER & LAP BELT,"DEPLOYED, FRONT",NOT APPLICABLE,N,NONE,NA,NA,NONE,NOT APPLICABLE,NOT APPLICABLE,,DRIVER LICENSE,Texas,CLASS C,75006
15237121,1,MOTOR VEHICLE,N,Y,TX,1FAFP42X64F147987,2004,BLK,FORD,MUSTANG,"PASSENGER CAR, 2-DOOR",N,75006,1,PROOF OF LIABILITY INSURANCE,FRONT END DAMAGE DISTRIBUTED IMPACT,DAMAGED 5,12,NA,NA,NA,N,SIGNATURE TOWING,"1204 MUNICIPAL AVE, PLANO , TX 75074",FAILED TO DRIVE IN SINGLE LANE,FAILED TO CONTROL SPEED,NA,SOUTH,Y,0,0,0,0,1,0,0,1,PASSENGER/OCCUPANT,FRONT LEFT,NON-INCAPACITATING INJURY,33,BLACK,MALE,NO,SHOULDER & LAP BELT,NOT DEPLOYED,NOT APPLICABLE,N,NONE,NA,NA,NONE,NOT APPLICABLE,NOT APPLICABLE,,DRIVER LICENSE,Louisiana,OTHER/OUT OF STATE,75002
15272529,2,MOTOR VEHICLE,N,Y,UN,,NA,99,NA,NA,UNKNOWN,N,,2,NA,NA,NA,NA,NA,NA,NA,N,,,NONE,NA,NA,NORTH,Y,0,0,0,0,1,0,0,1,DRIVER,FRONT LEFT,POSSIBLE INJURY,30,WHITE,MALE,NO,SHOULDER & LAP BELT,"DEPLOYED, SIDE",NOT APPLICABLE,N,BLOOD,Negative,0.04,BLOOD,Positive,CNS DEPRESSANTS,,DRIVER LICENSE,Texas,CLASS C,76012
15272529,1,MOTOR VEHICLE,N,Y,TX,1G1PE5SB3G7131526,NA,SIL,CHEVROLET,CRUZE,"PASSENGER CAR, 4-DOOR",N,75038,1,CERTIFICATE OF SELF-INSURANCE,RIGHT FRONT QUARTER DAMAGE ANGULAR IMPACT,DAMAGED 4,NA,NA,NA,NA,N,KELLY MCKNIGHT WRECKER 817-265-1336,"1108  HARRISON AVE, ARLINGTON, TX, 76011",UNDER INFLUENCE - DRUG,CHANGED LANE WHEN UNSAFE,NA,NORTH,Y,0,0,1,0,0,1,0,1,DRIVER,FRONT LEFT,POSSIBLE INJURY,30,WHITE,MALE,NO,SHOULDER & LAP BELT,"DEPLOYED, SIDE",NOT APPLICABLE,N,BLOOD,Negative,0.04,BLOOD,Positive,CNS DEPRESSANTS,,DRIVER LICENSE,Texas,CLASS C,76012
15176311,1,MOTOR VEHICLE,N,Y,UN,1D7HA18N83S297393,2003,99,DODGE,RAM 1500,UNKNOWN,N,78725,1,PROOF OF LIABILITY INSURANCE,FRONT END DAMAGE DISTRIBUTED IMPACT,DAMAGED 1 MINIMUM,12,NA,NA,NA,N,NOT TOWED,,FAILED TO CONTROL SPEED,NA,UNDER INFLUENCE - ALCOHOL,EAST,Y,0,0,0,1,0,0,0,1,DRIVER,FRONT LEFT,NOT INJURED,25,BLACK,MALE,NO,SHOULDER & LAP BELT,NOT DEPLOYED,NOT APPLICABLE,N,NONE,NA,NA,NONE,NOT APPLICABLE,NOT APPLICABLE,,DRIVER LICENSE,Texas,CLASS C,78725
15203364,1,MOTOR VEHICLE,N,Y,TX,1C4BJWEG5GL274768,NA,GRY,JEEP,NA,SPORT UTILITY VEHICLE,N,77659,1,PROOF OF LIABILITY INSURANCE,DISTRIBUTED LEFT SIDE DAMAGE PARALLEL IMPACT,DAMAGED 4,11,NA,NA,NA,N,,,UNSAFE SPEED,NA,FATIGUED OR ASLEEP,NORTH,Y,0,0,0,1,0,0,0,1,DRIVER,FRONT LEFT,NOT INJURED,24,BLACK,MALE,NO,SHOULDER & LAP BELT,NOT DEPLOYED,NOT APPLICABLE,N,NONE,NA,NA,NONE,NOT APPLICABLE,NOT APPLICABLE,,DRIVER LICENSE,Texas,CLASS C,77659
15208319,1,MOTOR VEHICLE,N,Y,TX,1G1BN52P4RR107166,1994,BLU,CHEVROLET,CAPRICE,"PASSENGER CAR, 4-DOOR",N,79412,2,NA,FRONT END (RIGHT)  DAMAGE PARTIAL CONTACT,DAMAGED 2,3,NA,NA,NA,Y,LUBBOCK WRECKER,LUBBOCK WRECKER  3209 SLATON HWY   806-7,FAILED TO CONTROL SPEED,NA,NA,EAST,Y,0,0,0,1,0,0,0,1,DRIVER,FRONT LEFT,NOT INJURED,25,BLACK,MALE,NO,NOT APPLICABLE,NOT DEPLOYED,NOT APPLICABLE,N,NONE,NA,NA,NONE,NOT APPLICABLE,NOT APPLICABLE,,DRIVER LICENSE,Texas,CLASS C,
15261995,2,MOTOR VEHICLE,N,Y,TX,2GCEC13T761179384,2006,GRY,CHEVROLET,C1500,PICKUP,N,78223,3,PROOF OF LIABILITY INSURANCE,FRONT END (RIGHT)  DAMAGE PARTIAL CONTACT,DAMAGED 1 MINIMUM,12,NA,NA,NA,N,DRIVEN BY DRIVER,,DRIVER INATTENTION,NA,NA,WEST,Y,0,0,0,0,1,0,0,1,DRIVER,FRONT LEFT,NOT INJURED,28,HISPANIC,FEMALE,NO,SHOULDER & LAP BELT,NOT DEPLOYED,NOT APPLICABLE,N,NONE,NA,NA,NONE,NOT APPLICABLE,NOT APPLICABLE,,DRIVER LICENSE,Texas,CLASS C,78239
15155825,3,MOTOR VEHICLE,N,Y,UN,,NA,99,NA,NA,UNKNOWN,N,,NA,NA,NA,NA,NA,NA,NA,NA,N,,,NONE,NA,NA,WEST,N,0,0,0,0,1,0,0,1,DRIVER,FRONT LEFT,NOT INJURED,23,WHITE,MALE,NO,SHOULDER & LAP BELT,NOT DEPLOYED,NOT APPLICABLE,N,NONE,NA,NA,NONE,NOT APPLICABLE,NOT APPLICABLE,,DRIVER LICENSE,Texas,CLASS C,77075
15155825,3,MOTOR VEHICLE,N,Y,UN,,NA,99,NA,NA,UNKNOWN,N,,NA,NA,NA,NA,NA,NA,NA,NA,N,,,NONE,NA,NA,WEST,N,0,0,0,0,1,0,0,1,DRIVER,FRONT LEFT,NOT INJURED,27,HISPANIC,FEMALE,NO,SHOULDER & LAP BELT,NOT DEPLOYED,NOT APPLICABLE,N,NONE,NA,NA,NONE,NOT APPLICABLE,NOT APPLICABLE,,DRIVER LICENSE,Texas,CLASS C,77571
15157789,1,MOTOR VEHICLE,N,Y,TX,1D7HA18K56J174540,2006,RED,DODGE,RAM TRUCK 1500,TRUCK,N,77503,3,LIABILITY INSURANCE POLICY,RIGHT SIDE DAMAGE ANGULAR IMPACT,DAMAGED 3,6,NA,NA,NA,Y,SARAH INVESTMENTS,10400 SW PLAZA,FAILED TO DRIVE IN SINGLE LANE,NA,NA,EAST,Y,0,0,0,1,0,0,0,1,DRIVER,FRONT LEFT,NOT INJURED,31,HISPANIC,FEMALE,NO,SHOULDER & LAP BELT,NOT DEPLOYED,NOT APPLICABLE,N,BREATH,Positive,0.127,NONE,NOT APPLICABLE,NOT APPLICABLE,,DRIVER LICENSE,Texas,CLASS C,77503
15157789,1,MOTOR VEHICLE,N,Y,TX,1D7HA18K56J174540,2006,RED,DODGE,RAM TRUCK 1500,TRUCK,N,77503,3,LIABILITY INSURANCE POLICY,RIGHT SIDE DAMAGE ANGULAR IMPACT,DAMAGED 3,6,NA,NA,NA,Y,SARAH INVESTMENTS,10400 SW PLAZA,FAILED TO DRIVE IN SINGLE LANE,NA,NA,EAST,Y,0,0,0,1,0,0,0,1,DRIVER,FRONT LEFT,NOT INJURED,55,BLACK,MALE,NO,SHOULDER & LAP BELT,NOT DEPLOYED,NOT APPLICABLE,N,NONE,NA,NA,NONE,NOT APPLICABLE,NOT APPLICABLE,,DRIVER LICENSE,Texas,CLASS C,77083
15161034,2,MOTOR VEHICLE,N,Y,TX,1FDSE35L08DA05326,NA,WHI,FORD,550,TRUCK,N,77022,1,PROOF OF LIABILITY INSURANCE,DISTRIBUTED LEFT SIDE DAMAGE PARALLEL IMPACT,DAMAGED 4,9,NA,NA,NA,N,GOGO'S TOWING,7814 FULTON ST,NONE,NA,NA,WEST,Y,0,0,1,0,0,1,0,1,DRIVER,FRONT LEFT,NOT INJURED,22,WHITE,MALE,NO,SHOULDER & LAP BELT,"DEPLOYED, FRONT",NOT APPLICABLE,N,NONE,NA,NA,NONE,NOT APPLICABLE,NOT APPLICABLE,,DRIVER LICENSE,Texas,CLASS C,77018
15161034,1,MOTOR VEHICLE,N,Y,UN,1GNEC13T31R204904,2001,TAN,CHEVROLET,TAHOE,SPORT UTILITY VEHICLE,N,77018,1,PROOF OF LIABILITY INSURANCE,FRONT END DAMAGE CONCENTRATED IMPACT,DAMAGED 4,12,NA,NA,NA,N,,,DISREGARD STOP SIGN OR LIGHT,NA,UNSAFE SPEED,NORTH,Y,0,0,0,1,0,0,0,1,DRIVER,FRONT LEFT,NOT INJURED,22,WHITE,MALE,NO,SHOULDER & LAP BELT,"DEPLOYED, FRONT",NOT APPLICABLE,N,NONE,NA,NA,NONE,NOT APPLICABLE,NOT APPLICABLE,,DRIVER LICENSE,Texas,CLASS C,77018
15161034,2,MOTOR VEHICLE,N,Y,TX,1FDSE35L08DA05326,NA,WHI,FORD,550,TRUCK,N,77022,1,PROOF OF LIABILITY INSURANCE,DISTRIBUTED LEFT SIDE DAMAGE PARALLEL IMPACT,DAMAGED 4,9,NA,NA,NA,N,GOGO'S TOWING,7814 FULTON ST,NONE,NA,NA,WEST,Y,0,0,1,0,0,1,0,1,DRIVER,FRONT LEFT,POSSIBLE INJURY,50,HISPANIC,MALE,NO,SHOULDER & LAP BELT,NOT DEPLOYED,NOT APPLICABLE,N,NONE,NA,NA,NONE,NOT APPLICABLE,NOT APPLICABLE,,DRIVER LICENSE,Texas,CLASS C,77022
15161034,1,MOTOR VEHICLE,N,Y,UN,1GNEC13T31R204904,2001,TAN,CHEVROLET,TAHOE,SPORT UTILITY VEHICLE,N,77018,1,PROOF OF LIABILITY INSURANCE,FRONT END DAMAGE CONCENTRATED IMPACT,DAMAGED 4,12,NA,NA,NA,N,,,DISREGARD STOP SIGN OR LIGHT,NA,UNSAFE SPEED,NORTH,Y,0,0,0,1,0,0,0,1,DRIVER,FRONT LEFT,POSSIBLE INJURY,50,HISPANIC,MALE,NO,SHOULDER & LAP BELT,NOT DEPLOYED,NOT APPLICABLE,N,NONE,NA,NA,NONE,NOT APPLICABLE,NOT APPLICABLE,,DRIVER LICENSE,Texas,CLASS C,77022
15171548,1,MOTOR VEHICLE,N,Y,TX,2MELM75W2VX714193,1997,GLD,MERCURY,GRAND MARQUIS,"PASSENGER CAR, 4-DOOR",N,77375,1,PROOF OF LIABILITY INSURANCE,FRONT END DAMAGE DISTRIBUTED IMPACT,DAMAGED 1 MINIMUM,12,NA,NA,NA,N,SECURED AND LEFT AT SCENE,SECURED AND LEFT AT SCENE,UNDER INFLUENCE - ALCOHOL,FAILED TO CONTROL SPEED,NA,NORTH,Y,0,0,0,1,0,0,0,1,DRIVER,FRONT LEFT,NOT INJURED,44,WHITE,FEMALE,NO,SHOULDER & LAP BELT,NOT DEPLOYED,NOT APPLICABLE,N,BLOOD,Positive,0.093,NONE,NOT APPLICABLE,NOT APPLICABLE,,DRIVER LICENSE,Texas,CLASS C,77339
15171548,1,MOTOR VEHICLE,N,Y,TX,2MELM75W2VX714193,1997,GLD,MERCURY,GRAND MARQUIS,"PASSENGER CAR, 4-DOOR",N,77375,1,PROOF OF LIABILITY INSURANCE,FRONT END DAMAGE DISTRIBUTED IMPACT,DAMAGED 1 MINIMUM,12,NA,NA,NA,N,SECURED AND LEFT AT SCENE,SECURED AND LEFT AT SCENE,UNDER INFLUENCE - ALCOHOL,FAILED TO CONTROL SPEED,NA,NORTH,Y,0,0,0,1,0,0,0,1,DRIVER,FRONT LEFT,NOT INJURED,28,WHITE,MALE,NO,SHOULDER & LAP BELT,NOT DEPLOYED,NOT APPLICABLE,N,NONE,NA,NA,NONE,NOT APPLICABLE,NOT APPLICABLE,,DRIVER LICENSE,Texas,CLASS C,77339
15306020,1,MOTOR VEHICLE,N,Y,TX,JTHBF30G220048865,2002,GLD,LEXUS,ES 300,"PASSENGER CAR, 4-DOOR",N,77598,2,NA,LEFT BACK QUARTER DAMAGE ANGULAR IMPACT,DAMAGED 1 MINIMUM,10,FRONT END DAMAGE DISTRIBUTED IMPACT,DAMAGED 4,11,Y,APPLE TOWING,DART LOT,FAILED TO DRIVE IN SINGLE LANE,NA,NA,SOUTH,Y,0,0,0,1,0,0,0,1,DRIVER,FRONT LEFT,NOT INJURED,30,HISPANIC,MALE,NO,SHOULDER & LAP BELT,"DEPLOYED, FRONT",NOT APPLICABLE,N,NONE,NA,NA,NONE,NOT APPLICABLE,NOT APPLICABLE,,DRIVER LICENSE,Texas,CLASS C,77598
15306020,1,MOTOR VEHICLE,N,Y,TX,JTHBF30G220048865,2002,GLD,LEXUS,ES 300,"PASSENGER CAR, 4-DOOR",N,77598,2,NA,LEFT BACK QUARTER DAMAGE ANGULAR IMPACT,DAMAGED 1 MINIMUM,10,FRONT END DAMAGE DISTRIBUTED IMPACT,DAMAGED 4,11,Y,APPLE TOWING,DART LOT,FAILED TO DRIVE IN SINGLE LANE,NA,NA,SOUTH,Y,0,0,0,1,0,0,0,1,DRIVER,FRONT LEFT,NOT INJURED,65,ASIAN,MALE,NO,SHOULDER & LAP BELT,NOT DEPLOYED,NOT APPLICABLE,N,NONE,NA,NA,NONE,NOT APPLICABLE,NOT APPLICABLE,,DRIVER LICENSE,Texas,CLASS C,77587
15306020,1,MOTOR VEHICLE,N,Y,TX,JTHBF30G220048865,2002,GLD,LEXUS,ES 300,"PASSENGER CAR, 4-DOOR",N,77598,2,NA,LEFT BACK QUARTER DAMAGE ANGULAR IMPACT,DAMAGED 1 MINIMUM,10,FRONT END DAMAGE DISTRIBUTED IMPACT,DAMAGED 4,11,Y,APPLE TOWING,DART LOT,FAILED TO DRIVE IN SINGLE LANE,NA,NA,SOUTH,Y,0,0,0,1,0,0,0,1,DRIVER,FRONT LEFT,NOT INJURED,51,ASIAN,MALE,NO,SHOULDER & LAP BELT,NOT DEPLOYED,NOT APPLICABLE,N,NONE,NA,NA,NONE,NOT APPLICABLE,NOT APPLICABLE,,DRIVER LICENSE,Texas,CLASS C,77024
15191051,1,MOTOR VEHICLE,N,Y,TX,1FTYR14C3YTB17570,2000,RED,FORD,RANGER,PICKUP,N,,1,LIABILITY INSURANCE POLICY,FRONT END DAMAGE DISTRIBUTED IMPACT,DAMAGED 3,12,NA,NA,NA,Y,TOWED,TOWED,DRIVER INATTENTION,NA,NA,SOUTH,Y,0,0,0,0,1,0,0,1,DRIVER,FRONT LEFT,UNKNOWN,28,HISPANIC,MALE,NO,UNKNOWN,NOT DEPLOYED,NOT APPLICABLE,N,NONE,NA,NA,NONE,NOT APPLICABLE,NOT APPLICABLE,,DRIVER LICENSE,Texas,CLASS C,78741
15191051,1,MOTOR VEHICLE,N,Y,TX,1FTYR14C3YTB17570,2000,RED,FORD,RANGER,PICKUP,N,,1,LIABILITY INSURANCE POLICY,FRONT END DAMAGE DISTRIBUTED IMPACT,DAMAGED 3,12,NA,NA,NA,Y,TOWED,TOWED,DRIVER INATTENTION,NA,NA,SOUTH,Y,0,0,0,0,1,0,0,1,DRIVER,FRONT LEFT,NOT INJURED,67,WHITE,FEMALE,NO,SHOULDER & LAP BELT,"DEPLOYED, SIDE",NOT APPLICABLE,N,NONE,NA,NA,NONE,NOT APPLICABLE,NOT APPLICABLE,,DRIVER LICENSE,Texas,CLASS B,78745
15276815,1,MOTOR VEHICLE,N,Y,TX,1N4BA41E34C803919,2004,TAN,NISSAN,MAXIMA,"PASSENGER CAR, 4-DOOR",N,76048,1,PROOF OF LIABILITY INSURANCE,FRONT END DAMAGE DISTRIBUTED IMPACT,DAMAGED 3,12,NA,NA,NA,N,,,UNSAFE SPEED,NA,NA,SOUTH,Y,0,0,0,1,0,0,0,1,DRIVER,FRONT LEFT,NOT INJURED,36,WHITE,MALE,NO,SHOULDER & LAP BELT,"DEPLOYED, FRONT",NOT APPLICABLE,N,NONE,NA,NA,NONE,NOT APPLICABLE,NOT APPLICABLE,,DRIVER LICENSE,Texas,CLASS C,76048