CRASH_ID,UNIT_NBR,UNIT_DESC_ID,VEH_PARKED_FL,VEH_HNR_FL,VEH_LIC_STATE_ID,VIN,VEH_MOD_YEAR,VEH_COLOR_ID,VEH_MAKE_ID,VEH_MOD_ID,VEH_BODY_STYL_ID,EMER_RESPNDR_FL,OWNR_ZIP,FIN_RESP_PROOF_ID,FIN_RESP_TYPE_ID,VEH_DMAG_AREA_1_ID,VEH_DMAG_SCL_1_ID,FORCE_DIR_1_ID,VEH_DMAG_AREA_2_ID,VEH_DMAG_SCL_2_ID,FORCE_DIR_2_ID,VEH_INVENTORIED_FL,VEH_TRANSP_NAME,VEH_TRANSP_DEST,CONTRIB_FACTR_1_ID,CONTRIB_FACTR_2_ID,CONTRIB_FACTR_P1_ID,VEH_TRVL_DIR_ID,FIRST_HARM_EVT_INV_ID,INCAP_INJRY_CNT,NONINCAP_INJRY_CNT,POSS_INJRY_CNT,NON_INJRY_CNT,UNKN_INJRY_CNT,TOT_INJRY_CNT,DEATH_CNT,PRSN_NBR,PRSN_TYPE_ID,PRSN_OCCPNT_POS_ID,PRSN_INJRY_SEV_ID,PRSN_AGE,PRSN_ETHNICITY_ID,PRSN_GNDR_ID,PRSN_EJCT_ID,PRSN_REST_ID,PRSN_AIRBAG_ID,PRSN_HELMET_ID,PRSN_SOL_FL,PRSN_ALC_SPEC_TYPE_ID,PRSN_ALC_RSLT_ID,PRSN_BAC_TEST_RSLT,PRSN_DRG_SPEC_TYPE_ID,PRSN_DRG_RSLT_ID,DRVR_DRG_CAT_1_ID,PRSN_DEATH_TIME,DRVR_LIC_TYPE_ID,DRVR_LIC_STATE_ID,DRVR_LIC_CLS_ID,DRVR_ZIP
15201228,1,MOTOR VEHICLE,N,Y,TX,2GCEC19C381308845,NA,99,CHEVROLET,SILVERADO,PICKUP,N,77354,1,PROOF OF LIABILITY INSURANCE,RIGHT SIDE DAMAGE ANGULAR IMPACT,DAMAGED 1 MINIMUM,3,NA,NA,NA,Y,MISTEAD (281)367-3535,29707  HAWTHORNE SPRING TX 77386,UNDER INFLUENCE - ALCOHOL,FAILED TO DRIVE IN SINGLE LANE,NA,EAST,Y,0,0,0,1,0,0,0,1,DRIVER,FRONT LEFT,NOT INJURED,29,WHITE,MALE,NO,SHOULDER & LAP BELT,NOT DEPLOYED,NOT APPLICABLE,N,BREATH,Negative,0.072,NONE,NOT APPLICABLE,NOT APPLICABLE,,DRIVER LICENSE,Texas,CLASS C,773540000
15201228,1,MOTOR VEHICLE,N,Y,TX,2GCEC19C381308845,NA,99,CHEVROLET,SILVERADO,PICKUP,N,77354,1,PROOF OF LIABILITY INSURANCE,RIGHT SIDE DAMAGE ANGULAR IMPACT,DAMAGED 1 MINIMUM,3,NA,NA,NA,Y,MISTEAD (281)367-3535,29707  HAWTHORNE SPRING TX 77386,UNDER INFLUENCE - ALCOHOL,FAILED TO DRIVE IN SINGLE LANE,NA,EAST,Y,0,0,0,1,0,0,0,1,DRIVER,FRONT LEFT,NOT INJURED,42,WHITE,MALE,NO,SHOULDER & LAP BELT,NOT DEPLOYED,NOT APPLICABLE,N,NONE,NA,NA,NONE,NOT APPLICABLE,NOT APPLICABLE,,DRIVER LICENSE,Texas,CLASS C,773551965
15271987,2,MOTOR VEHICLE,N,Y,TX,1C3CCCAB3GN131219,NA,WHI,CHRYSLER,200,"PASSENGER CAR, 4-DOOR",N,74134,1,CERTIFICATE OF SELF-INSURANCE,RIGHT FRONT QUARTER DAMAGE ANGULAR IMPACT,DAMAGED 2,12,NA,NA,NA,N,MISSION WRECKER SERVICE,3625 GROWDON RD,FAILED TO CONTROL SPEED,HAD BEEN DRINKING,NA,SOUTH,Y,0,0,0,1,0,0,0,1,DRIVER,FRONT LEFT,NON-INCAPACITATING INJURY,33,BLACK,FEMALE,NO,SHOULDER & LAP BELT,NOT DEPLOYED,NOT APPLICABLE,N,NONE,NA,NA,NONE,NOT APPLICABLE,NOT APPLICABLE,,DRIVER LICENSE,Texas,CLASS C,78148
15271987,2,MOTOR VEHICLE,N,Y,TX,1C3CCCAB3GN131219,NA,WHI,CHRYSLER,200,"PASSENGER CAR, 4-DOOR",N,74134,1,CERTIFICATE OF SELF-INSURANCE,RIGHT FRONT QUARTER DAMAGE ANGULAR IMPACT,DAMAGED 2,12,NA,NA,NA,N,MISSION WRECKER SERVICE,3625 GROWDON RD,FAILED TO CONTROL SPEED,HAD BEEN DRINKING,NA,SOUTH,Y,0,0,0,1,0,0,0,1,DRIVER,FRONT LEFT,NOT INJURED,31,WHITE,MALE,NO,SHOULDER & LAP BELT,NOT DEPLOYED,NOT APPLICABLE,N,NONE,NA,NA,NONE,NOT APPLICABLE,NOT APPLICABLE,,DRIVER LICENSE,Hawaii,OTHER/OUT OF STATE,77058
15272001,1,MOTOR VEHICLE,N,Y,TX,2HGFA165X7H302080,2007,GRY,HONDA,CIVIC,UNKNOWN,N,78210,1,LIABILITY INSURANCE POLICY,DISTRIBUTED LEFT SIDE DAMAGE PARALLEL IMPACT,DAMAGED 1 MINIMUM,11,NA,NA,NA,N,,,DRIVER INATTENTION,NA,OTHER (EXPLAIN IN NARRATIVE),NORTH,Y,0,0,0,0,1,0,0,1,DRIVER,FRONT LEFT,NOT INJURED,31,WHITE,MALE,NO,SHOULDER & LAP BELT,NOT DEPLOYED,NOT APPLICABLE,N,NONE,NA,NA,NONE,NOT APPLICABLE,NOT APPLICABLE,,DRIVER LICENSE,Texas,CLASS C,78213
15289656,4,MOTOR VEHICLE,N,Y,UN,,NA,BLK,UNKNOWN,UNKNOWN,UNKNOWN,N,,NA,NA,BACK END DAMAGE DISTRIBUTED IMPACT,DAMAGED 1 MINIMUM,6,NA,NA,NA,N,DRIVER,UNKNOWN LOCATION,NONE,NA,NA,NORTH,N,0,0,0,0,1,0,0,1,DRIVER,FRONT LEFT,NOT INJURED,76,HISPANIC,FEMALE,NO,SHOULDER & LAP BELT,NOT DEPLOYED,NOT APPLICABLE,N,NONE,NA,NA,NONE,NOT APPLICABLE,NOT APPLICABLE,,DRIVER LICENSE,Texas,CLASS C,78201
15289656,4,MOTOR VEHICLE,N,Y,UN,,NA,BLK,UNKNOWN,UNKNOWN,UNKNOWN,N,,NA,NA,BACK END DAMAGE DISTRIBUTED IMPACT,DAMAGED 1 MINIMUM,6,NA,NA,NA,N,DRIVER,UNKNOWN LOCATION,NONE,NA,NA,NORTH,N,0,0,0,0,1,0,0,1,DRIVER,FRONT LEFT,NOT INJURED,76,HISPANIC,FEMALE,NO,SHOULDER & LAP BELT,NOT DEPLOYED,NOT APPLICABLE,N,NONE,NA,NA,NONE,NOT APPLICABLE,NOT APPLICABLE,,DRIVER LICENSE,Texas,CLASS C,78201
15289656,3,MOTOR VEHICLE,N,Y,TX,1D7HA18N44J153685,2004,SIL,DODGE,RAM 1500,PICKUP,N,78213,1,LIABILITY INSURANCE POLICY,FRONT END DAMAGE DISTRIBUTED IMPACT,DAMAGED 1 MINIMUM,12,NA,NA,NA,,DAMAE REYNA,UNKNOWN LOCATION,UNDER INFLUENCE - ALCOHOL,NA,NA,NORTH,Y,0,0,0,1,0,0,0,1,DRIVER,FRONT LEFT,NOT INJURED,76,HISPANIC,FEMALE,NO,SHOULDER & LAP BELT,NOT DEPLOYED,NOT APPLICABLE,N,NONE,NA,NA,NONE,NOT APPLICABLE,NOT APPLICABLE,,DRIVER LICENSE,Texas,CLASS C,78201
15289656,2,MOTOR VEHICLE,N,Y,TX,1G2ZG57B88412538,NA,SIL,PONTIAC,G6,"PASSENGER CAR, 4-DOOR",N,78213,1,LIABILITY INSURANCE POLICY,BACK END DAMAGE DISTRIBUTED IMPACT,DAMAGED 1 MINIMUM,6,FRONT END DAMAGE DISTRIBUTED IMPACT,DAMAGED 1 MINIMUM,12,N,DRIVER,UNKNOWN LOCATION,NONE,NA,NA,NORTH,Y,0,0,0,1,0,0,0,1,DRIVER,FRONT LEFT,NOT INJURED,76,HISPANIC,FEMALE,NO,SHOULDER & LAP BELT,NOT DEPLOYED,NOT APPLICABLE,N,NONE,NA,NA,NONE,NOT APPLICABLE,NOT APPLICABLE,,DRIVER LICENSE,Texas,CLASS C,78201
15289656,1,MOTOR VEHICLE,N,Y,TX,1N4AL3APXEN211750,NA,BLK,NISSAN,ALTIMA,"PASSENGER CAR, 4-DOOR",N,78201,1,LIABILITY INSURANCE POLICY,BACK END DAMAGE DISTRIBUTED IMPACT,DAMAGED 1 MINIMUM,6,FRONT END DAMAGE DISTRIBUTED IMPACT,DAMAGED 1 MINIMUM,12,N,DRIVER,UNKNOWN LOCATION,NONE,NA,NA,NORTH,N,0,0,0,1,0,0,0,1,DRIVER,FRONT LEFT,NOT INJURED,76,HISPANIC,FEMALE,NO,SHOULDER & LAP BELT,NOT DEPLOYED,NOT APPLICABLE,N,NONE,NA,NA,NONE,NOT APPLICABLE,NOT APPLICABLE,,DRIVER LICENSE,Texas,CLASS C,78201
15289656,4,MOTOR VEHICLE,N,Y,UN,,NA,BLK,UNKNOWN,UNKNOWN,UNKNOWN,N,,NA,NA,BACK END DAMAGE DISTRIBUTED IMPACT,DAMAGED 1 MINIMUM,6,NA,NA,NA,N,DRIVER,UNKNOWN LOCATION,NONE,NA,NA,NORTH,N,0,0,0,0,1,0,0,1,DRIVER,FRONT LEFT,NOT INJURED,64,HISPANIC,MALE,NO,SHOULDER & LAP BELT,NOT DEPLOYED,NOT APPLICABLE,N,NONE,NA,NA,NONE,NOT APPLICABLE,NOT APPLICABLE,,DRIVER LICENSE,Texas,CLASS C,78213
15289656,4,MOTOR VEHICLE,N,Y,UN,,NA,BLK,UNKNOWN,UNKNOWN,UNKNOWN,N,,NA,NA,BACK END DAMAGE DISTRIBUTED IMPACT,DAMAGED 1 MINIMUM,6,NA,NA,NA,N,DRIVER,UNKNOWN LOCATION,NONE,NA,NA,NORTH,N,0,0,0,0,1,0,0,1,DRIVER,FRONT LEFT,NOT INJURED,64,HISPANIC,MALE,NO,SHOULDER & LAP BELT,NOT DEPLOYED,NOT APPLICABLE,N,NONE,NA,NA,NONE,NOT APPLICABLE,NOT APPLICABLE,,DRIVER LICENSE,Texas,CLASS C,78213
15289656,3,MOTOR VEHICLE,N,Y,TX,1D7HA18N44J153685,2004,SIL,DODGE,RAM 1500,PICKUP,N,78213,1,LIABILITY INSURANCE POLICY,FRONT END DAMAGE DISTRIBUTED IMPACT,DAMAGED 1 MINIMUM,12,NA,NA,NA,,DAMAE REYNA,UNKNOWN LOCATION,UNDER INFLUENCE - ALCOHOL,NA,NA,NORTH,Y,0,0,0,1,0,0,0,1,DRIVER,FRONT LEFT,NOT INJURED,64,HISPANIC,MALE,NO,SHOULDER & LAP BELT,NOT DEPLOYED,NOT APPLICABLE,N,NONE,NA,NA,NONE,NOT APPLICABLE,NOT APPLICABLE,,DRIVER LICENSE,Texas,CLASS C,78213
15289656,2,MOTOR VEHICLE,N,Y,TX,1G2ZG57B88412538,NA,SIL,PONTIAC,G6,"PASSENGER CAR, 4-DOOR",N,78213,1,LIABILITY INSURANCE POLICY,BACK END DAMAGE DISTRIBUTED IMPACT,DAMAGED 1 MINIMUM,6,FRONT END DAMAGE DISTRIBUTED IMPACT,DAMAGED 1 MINIMUM,12,N,DRIVER,UNKNOWN LOCATION,NONE,NA,NA,NORTH,Y,0,0,0,1,0,0,0,1,DRIVER,FRONT LEFT,NOT INJURED,64,HISPANIC,MALE,NO,SHOULDER & LAP BELT,NOT DEPLOYED,NOT APPLICABLE,N,NONE,NA,NA,NONE,NOT APPLICABLE,NOT APPLICABLE,,DRIVER LICENSE,Texas,CLASS C,78213
15289656,1,MOTOR VEHICLE,N,Y,TX,1N4AL3APXEN211750,NA,BLK,NISSAN,ALTIMA,"PASSENGER CAR, 4-DOOR",N,78201,1,LIABILITY INSURANCE POLICY,BACK END DAMAGE DISTRIBUTED IMPACT,DAMAGED 1 MINIMUM,6,FRONT END DAMAGE DISTRIBUTED IMPACT,DAMAGED 1 MINIMUM,12,N,DRIVER,UNKNOWN LOCATION,NONE,NA,NA,NORTH,N,0,0,0,1,0,0,0,1,DRIVER,FRONT LEFT,NOT INJURED,64,HISPANIC,MALE,NO,SHOULDER & LAP BELT,NOT DEPLOYED,NOT APPLICABLE,N,NONE,NA,NA,NONE,NOT APPLICABLE,NOT APPLICABLE,,DRIVER LICENSE,Texas,CLASS C,78213
15289656,4,MOTOR VEHICLE,N,Y,UN,,NA,BLK,UNKNOWN,UNKNOWN,UNKNOWN,N,,NA,NA,BACK END DAMAGE DISTRIBUTED IMPACT,DAMAGED 1 MINIMUM,6,NA,NA,NA,N,DRIVER,UNKNOWN LOCATION,NONE,NA,NA,NORTH,N,0,0,0,0,1,0,0,1,DRIVER,FRONT LEFT,NOT INJURED,63,HISPANIC,MALE,NO,SHOULDER & LAP BELT,NOT DEPLOYED,NOT APPLICABLE,N,BREATH,Positive,0.163,NONE,NOT APPLICABLE,NOT APPLICABLE,,DRIVER LICENSE,Texas,CLASS C,78213
15289656,4,MOTOR VEHICLE,N,Y,UN,,NA,BLK,UNKNOWN,UNKNOWN,UNKNOWN,N,,NA,NA,BACK END DAMAGE DISTRIBUTED IMPACT,DAMAGED 1 MINIMUM,6,NA,NA,NA,N,DRIVER,UNKNOWN LOCATION,NONE,NA,NA,NORTH,N,0,0,0,0,1,0,0,1,DRIVER,FRONT LEFT,NOT INJURED,63,HISPANIC,MALE,NO,SHOULDER & LAP BELT,NOT DEPLOYED,NOT APPLICABLE,N,BREATH,Positive,0.163,NONE,NOT APPLICABLE,NOT APPLICABLE,,DRIVER LICENSE,Texas,CLASS C,78213
15289656,3,MOTOR VEHICLE,N,Y,TX,1D7HA18N44J153685,2004,SIL,DODGE,RAM 1500,PICKUP,N,78213,1,LIABILITY INSURANCE POLICY,FRONT END DAMAGE DISTRIBUTED IMPACT,DAMAGED 1 MINIMUM,12,NA,NA,NA,,DAMAE REYNA,UNKNOWN LOCATION,UNDER INFLUENCE - ALCOHOL,NA,NA,NORTH,Y,0,0,0,1,0,0,0,1,DRIVER,FRONT LEFT,NOT INJURED,63,HISPANIC,MALE,NO,SHOULDER & LAP BELT,NOT DEPLOYED,NOT APPLICABLE,N,BREATH,Positive,0.163,NONE,NOT APPLICABLE,NOT APPLICABLE,,DRIVER LICENSE,Texas,CLASS C,78213
15289656,2,MOTOR VEHICLE,N,Y,TX,1G2ZG57B88412538,NA,SIL,PONTIAC,G6,"PASSENGER CAR, 4-DOOR",N,78213,1,LIABILITY INSURANCE POLICY,BACK END DAMAGE DISTRIBUTED IMPACT,DAMAGED 1 MINIMUM,6,FRONT END DAMAGE DISTRIBUTED IMPACT,DAMAGED 1 MINIMUM,12,N,DRIVER,UNKNOWN LOCATION,NONE,NA,NA,NORTH,Y,0,0,0,1,0,0,0,1,DRIVER,FRONT LEFT,NOT INJURED,63,HISPANIC,MALE,NO,SHOULDER & LAP BELT,NOT DEPLOYED,NOT APPLICABLE,N,BREATH,Positive,0.163,NONE,NOT APPLICABLE,NOT APPLICABLE,,DRIVER LICENSE,Texas,CLASS C,78213
15289656,1,MOTOR VEHICLE,N,Y,TX,1N4AL3APXEN211750,NA,BLK,NISSAN,ALTIMA,"PASSENGER CAR, 4-DOOR",N,78201,1,LIABILITY INSURANCE POLICY,BACK END DAMAGE DISTRIBUTED IMPACT,DAMAGED 1 MINIMUM,6,FRONT END DAMAGE DISTRIBUTED IMPACT,DAMAGED 1 MINIMUM,12,N,DRIVER,UNKNOWN LOCATION,NONE,NA,NA,NORTH,N,0,0,0,1,0,0,0,1,DRIVER,FRONT LEFT,NOT INJURED,63,HISPANIC,MALE,NO,SHOULDER & LAP BELT,NOT DEPLOYED,NOT APPLICABLE,N,BREATH,Positive,0.163,NONE,NOT APPLICABLE,NOT APPLICABLE,,DRIVER LICENSE,Texas,CLASS C,78213
15191734,1,MOTOR VEHICLE,N,Y,UN,,NA,99,UNKNOWN,UNKNOWN,UNKNOWN,N,,2,NA,NA,NA,NA,NA,NA,NA,N,,,NONE,NA,NA,SOUTHWEST,N,0,0,0,0,1,0,0,1,DRIVER,FRONT LEFT,NOT INJURED,51,BLACK,MALE,NO,SHOULDER & LAP BELT,NOT DEPLOYED,NOT APPLICABLE,N,NONE,NA,NA,NONE,NOT APPLICABLE,NOT APPLICABLE,,DRIVER LICENSE,Texas,CLASS C,75070
15191734,1,MOTOR VEHICLE,N,Y,UN,,NA,99,UNKNOWN,UNKNOWN,UNKNOWN,N,,2,NA,NA,NA,NA,NA,NA,NA,N,,,NONE,NA,NA,SOUTHWEST,N,0,0,0,0,1,0,0,1,DRIVER,FRONT LEFT,NOT INJURED,51,BLACK,MALE,NO,SHOULDER & LAP BELT,NOT DEPLOYED,NOT APPLICABLE,N,NONE,NA,NA,NONE,NOT APPLICABLE,NOT APPLICABLE,,DRIVER LICENSE,Texas,CLASS C,75070
15191734,1,MOTOR VEHICLE,N,Y,UN,,NA,99,UNKNOWN,UNKNOWN,UNKNOWN,N,,2,NA,NA,NA,NA,NA,NA,NA,N,,,NONE,NA,NA,SOUTHWEST,N,0,0,0,0,1,0,0,1,DRIVER,FRONT LEFT,NOT INJURED,23,HISPANIC,FEMALE,NO,SHOULDER & LAP BELT,"DEPLOYED, FRONT",NOT APPLICABLE,N,NONE,NA,NA,NONE,NOT APPLICABLE,NOT APPLICABLE,,DRIVER LICENSE,Texas,CLASS C,75006
15191734,1,MOTOR VEHICLE,N,Y,UN,,NA,99,UNKNOWN,UNKNOWN,UNKNOWN,N,,2,NA,NA,NA,NA,NA,NA,NA,N,,,NONE,NA,NA,SOUTHWEST,N,0,0,0,0,1,0,0,1,DRIVER,FRONT LEFT,NOT INJURED,23,HISPANIC,FEMALE,NO,SHOULDER & LAP BELT,"DEPLOYED, FRONT",NOT APPLICABLE,N,NONE,NA,NA,NONE,NOT APPLICABLE,NOT APPLICABLE,,DRIVER LICENSE,Texas,CLASS C,75006
15201421,1,MOTOR VEHICLE,N,Y,UN,2FTRX08L41CA97988,2001,99,FORD,F150,UNKNOWN,N,77840,1,PROOF OF LIABILITY INSURANCE,LEFT FRONT QUARTER DAMAGE ANGULAR IMPACT,DAMAGED 5,11,LEFT SIDE AND TOP DAMAGE ROLLOVER EFFECTS,DAMAGED 5,10,Y,DOUG'S WRECKER SERVICE,STORAGE LOT,FAILED TO CONTROL SPEED,FAILED TO DRIVE IN SINGLE LANE,NA,SOUTH,Y,0,0,0,1,0,0,0,1,DRIVER,FRONT LEFT,NOT INJURED,28,WHITE,MALE,NO,SHOULDER & LAP BELT,NOT DEPLOYED,NOT APPLICABLE,N,NONE,NA,NA,NONE,NOT APPLICABLE,NOT APPLICABLE,,DRIVER LICENSE,Texas,CLASS C,77840
15149005,1,MOTOR VEHICLE,N,Y,TX,1B4HR28Z6YF301482,2000,GRY,DODGE,DURANGO,SPORT UTILITY VEHICLE,N,76542,1,PROOF OF LIABILITY INSURANCE,FRONT END (RIGHT)  DAMAGE PARTIAL CONTACT,DAMAGED 4,12,NA,NA,NA,N,,,UNSAFE SPEED,NA,NA,WEST,Y,0,0,0,1,0,0,0,1,DRIVER,FRONT LEFT,NOT INJURED,34,HISPANIC,FEMALE,NO,SHOULDER & LAP BELT,NOT DEPLOYED,NOT APPLICABLE,N,NONE,NA,NA,NONE,NOT APPLICABLE,NOT APPLICABLE,,DRIVER LICENSE,Texas,CLASS C,76542
15167462,1,MOTOR VEHICLE,N,Y,TX,SAJWA71C64SG28393,2004,MAR,JAGUAR,XJ8,"PASSENGER CAR, 4-DOOR",N,79065,1,PROOF OF LIABILITY INSURANCE,UNDERCARRIAGE DAMAGE ONLY,NO DAMAGE,11,NA,NA,NA,N,"JUDD WILSON 2537 CHESTNUT PAMPA, TX","2537 CHESTNUT PAMPA, TX 79065",FAILED TO CONTROL SPEED,NA,NA,NORTH,Y,0,0,0,1,0,0,0,1,DRIVER,FRONT LEFT,NOT INJURED,18,WHITE,MALE,NO,SHOULDER & LAP BELT,NOT DEPLOYED,NOT APPLICABLE,N,NONE,NA,NA,NONE,NOT APPLICABLE,NOT APPLICABLE,,DRIVER LICENSE,Texas,CLASS C,79065
15199390,1,MOTOR VEHICLE,N,Y,TX,2C3CDYAGXEH298673,NA,GRY,DODGE,CHALLENGER,"PASSENGER CAR, 2-DOOR",N,75227,1,LIABILITY INSURANCE POLICY,FRONT END (LEFT) DAMAGE PARTIAL CONTACT,DAMAGED 2,11,NA,NA,NA,N,OPERATOR,DRIVEN AWAY,FAULTY EVASIVE ACTION,DRIVER INATTENTION,NA,SOUTHWEST,Y,0,0,0,1,0,0,0,1,DRIVER,FRONT LEFT,NOT INJURED,29,HISPANIC,MALE,NO,SHOULDER & LAP BELT,NOT DEPLOYED,NOT APPLICABLE,N,NONE,NA,NA,NONE,NOT APPLICABLE,NOT APPLICABLE,,DRIVER LICENSE,Texas,CLASS C,75227
15217375,1,MOTOR VEHICLE,N,Y,TX,1J4GK48K15W551851,2004,BRZ,JEEP,LIBERTY,SPORT UTILITY VEHICLE,N,79382,1,PROOF OF LIABILITY INSURANCE,FRONT END DAMAGE DISTRIBUTED IMPACT,DAMAGED 3,12,TOP DAMAGE ONLY,NO DAMAGE,12,N,LUBBOCK WRECKER,LUBBOCK WRECKER  3209 SLATON HWY   806-7,FAILED TO DRIVE IN SINGLE LANE,NA,NA,EAST,Y,0,0,1,0,0,1,0,1,DRIVER,FRONT LEFT,POSSIBLE INJURY,21,WHITE,FEMALE,NO,SHOULDER & LAP BELT,"DEPLOYED, FRONT",NOT APPLICABLE,N,NONE,NA,NA,NONE,NOT APPLICABLE,NOT APPLICABLE,,DRIVER LICENSE,Texas,CLASS C,79424
15255744,1,MOTOR VEHICLE,N,Y,TX,,NA,ONG,HONDA,ELEMENT,UNKNOWN,N,75252,2,NA,FRONT END DAMAGE DISTRIBUTED IMPACT,NA,NA,NA,NA,NA,N,,,FAILED TO CONTROL SPEED,NA,NA,SOUTH,Y,0,0,0,0,1,0,0,1,DRIVER,FRONT LEFT,NOT INJURED,25,WHITE,FEMALE,NO,SHOULDER & LAP BELT,NOT DEPLOYED,NOT APPLICABLE,N,NONE,NA,NA,NONE,NOT APPLICABLE,NOT APPLICABLE,,DRIVER LICENSE,Texas,CLASS C,75034
15222835,1,MOTOR VEHICLE,N,Y,UN,,NA,WHI,NISSAN,UNKNOWN,"PASSENGER CAR, 4-DOOR",N,,2,NA,LEFT FRONT QUARTER DAMAGE ANGULAR IMPACT,DAMAGED 2,10,NA,NA,NA,N,,,FAILED TO DRIVE IN SINGLE LANE,NA,NA,NORTH,Y,0,0,0,0,1,0,0,1,DRIVER,FRONT LEFT,NOT INJURED,40,WHITE,MALE,NO,SHOULDER & LAP BELT,NOT DEPLOYED,NOT APPLICABLE,N,NONE,NA,NA,NONE,NOT APPLICABLE,NOT APPLICABLE,,DRIVER LICENSE,Texas,CLASS C,77530
15225242,1,MOTOR VEHICLE,N,Y,TX,4T1BE46K67U099738,2007,GRY,TOYOTA,CAMRY,"PASSENGER CAR, 4-DOOR",N,75110,1,PROOF OF LIABILITY INSURANCE,BACK END DAMAGE CONCENTRATED IMPACT,NO DAMAGE,6,NA,NA,NA,N,B&W TOWING,1900 S BUSINESS 45,BACKED WITHOUT SAFETY,NA,NA,EAST,Y,0,0,0,1,0,0,0,1,DRIVER,FRONT LEFT,NOT INJURED,31,WHITE,FEMALE,NO,SHOULDER & LAP BELT,NOT DEPLOYED,NOT APPLICABLE,N,NONE,NA,NA,NONE,NOT APPLICABLE,NOT APPLICABLE,,DRIVER LICENSE,Texas,CLASS C,75859
15250296,1,MOTOR VEHICLE,N,Y,OK,1FTEF14Y3KNB21461,1989,99,FORD,F150,UNKNOWN,N,74127,2,NA,LEFT SIDE AND TOP DAMAGE ROLLOVER EFFECTS,DAMAGED 5,9,RIGHT SIDE AND TOP DAMAGE ROLLOVER EFFECTS,DAMAGED 5,3,N,LESTER'S,"3025 SOUTH CHURCH PARIS, TX",NONE,NA,NA,UNKNOWN,Y,0,0,1,0,0,1,0,1,DRIVER,FRONT LEFT,POSSIBLE INJURY,NA,WHITE,MALE,UNKNOWN,UNKNOWN,NOT DEPLOYED,NOT APPLICABLE,N,NONE,NA,NA,NONE,NOT APPLICABLE,NOT APPLICABLE,,DRIVER LICENSE,Texas,CLASS C,75462
15305238,1,MOTOR VEHICLE,N,Y,TX,1G2ZG558464184654,2006,BLK,PONTIAC,G6,"PASSENGER CAR, 4-DOOR",N,78552,1,PROOF OF LIABILITY INSURANCE,FRONT END DAMAGE DISTRIBUTED IMPACT,DAMAGED 3,12,NA,NA,NA,N,,,DISREGARD STOP AND GO SIGNAL,UNDER INFLUENCE - DRUG,NA,SOUTH,Y,0,0,0,1,0,0,0,1,DRIVER,FRONT LEFT,NOT INJURED,28,HISPANIC,FEMALE,NO,SHOULDER & LAP BELT,NOT DEPLOYED,NOT APPLICABLE,N,REFUSED,NA,NA,BLOOD,UNKNOWN,UNKNOWN,,DRIVER LICENSE,Texas,CLASS C,78501
15305238,1,MOTOR VEHICLE,N,Y,TX,1G2ZG558464184654,2006,BLK,PONTIAC,G6,"PASSENGER CAR, 4-DOOR",N,78552,1,PROOF OF LIABILITY INSURANCE,FRONT END DAMAGE DISTRIBUTED IMPACT,DAMAGED 3,12,NA,NA,NA,N,,,DISREGARD STOP AND GO SIGNAL,UNDER INFLUENCE - DRUG,NA,SOUTH,Y,0,0,0,1,0,0,0,1,DRIVER,FRONT LEFT,POSSIBLE INJURY,53,WHITE,FEMALE,NO,SHOULDER & LAP BELT,NOT DEPLOYED,NOT APPLICABLE,N,NONE,NA,NA,NONE,NOT APPLICABLE,NOT APPLICABLE,,DRIVER LICENSE,Texas,CLASS C,78573
15160941,1,MOTOR VEHICLE,N,Y,TX,4T1BF28BXYU098835,2000,SIL,TOYOTA,AVALON,"PASSENGER CAR, 4-DOOR",N,76248,1,LIABILITY INSURANCE POLICY,LEFT SIDE DAMAGE ANGULAR IMPACT,DAMAGED 3,9,NA,NA,NA,N,DRIVER,UNKNOWN LOCATION,UNDER INFLUENCE - ALCOHOL,FAILED TO STOP AT PROPER PLACE,NA,SOUTH,Y,0,0,0,1,0,0,0,1,DRIVER,FRONT LEFT,NOT INJURED,39,WHITE,MALE,NO,SHOULDER & LAP BELT,NOT DEPLOYED,NOT APPLICABLE,N,BLOOD,Positive,0.218,NONE,NOT APPLICABLE,NOT APPLICABLE,,COMMERCIAL DRIVER LIC.,Texas,CLASS A,76248
15160941,1,MOTOR VEHICLE,N,Y,TX,4T1BF28BXYU098835,2000,SIL,TOYOTA,AVALON,"PASSENGER CAR, 4-DOOR",N,76248,1,LIABILITY INSURANCE POLICY,LEFT SIDE DAMAGE ANGULAR IMPACT,DAMAGED 3,9,NA,NA,NA,N,DRIVER,UNKNOWN LOCATION,UNDER INFLUENCE - ALCOHOL,FAILED TO STOP AT PROPER PLACE,NA,SOUTH,Y,0,0,0,1,0,0,0,1,DRIVER,FRONT LEFT,NOT INJURED,25,WHITE,FEMALE,NO,SHOULDER & LAP BELT,NOT DEPLOYED,NOT APPLICABLE,N,NONE,NA,NA,NONE,NOT APPLICABLE,NOT APPLICABLE,,DRIVER LICENSE,Texas,CLASS C,76244
15178627,3,MOTOR VEHICLE,N,Y,UN,,NA,99,NA,NA,UNKNOWN,N,,NA,NA,NA,NA,NA,NA,NA,NA,,,,NONE,NA,NA,SOUTH,Y,0,0,0,0,1,0,0,1,DRIVER,FRONT LEFT,NOT INJURED,39,HISPANIC,MALE,NO,SHOULDER & LAP BELT,NOT DEPLOYED,NOT APPLICABLE,N,NONE,NA,NA,NONE,NOT APPLICABLE,NOT APPLICABLE,,DRIVER LICENSE,Texas,CLASS C,77651
15195750,3,MOTOR VEHICLE,N,Y,UN,,NA,99,NA,NA,UNKNOWN,N,,NA,NA,NA,NA,NA,NA,NA,NA,N,,,NONE,NA,NA,EAST,N,0,0,0,0,1,0,0,1,DRIVER,FRONT LEFT,NOT INJURED,60,WHITE,MALE,NO,SHOULDER & LAP BELT,NOT DEPLOYED,NOT APPLICABLE,N,NONE,NA,NA,NONE,NOT APPLICABLE,NOT APPLICABLE,,DRIVER LICENSE,Texas,CLASS C,79107