CRASH_ID,UNIT_NBR,UNIT_DESC_ID,VEH_PARKED_FL,VEH_HNR_FL,VEH_LIC_STATE_ID,VIN,VEH_MOD_YEAR,VEH_COLOR_ID,VEH_MAKE_ID,VEH_MOD_ID,VEH_BODY_STYL_ID,EMER_RESPNDR_FL,OWNR_ZIP,FIN_RESP_PROOF_ID,FIN_RESP_TYPE_ID,VEH_DMAG_AREA_1_ID,VEH_DMAG_SCL_1_ID,FORCE_DIR_1_ID,VEH_DMAG_AREA_2_ID,VEH_DMAG_SCL_2_ID,FORCE_DIR_2_ID,VEH_INVENTORIED_FL,VEH_TRANSP_NAME,VEH_TRANSP_DEST,CONTRIB_FACTR_1_ID,CONTRIB_FACTR_2_ID,CONTRIB_FACTR_P1_ID,VEH_TRVL_DIR_ID,FIRST_HARM_EVT_INV_ID,INCAP_INJRY_CNT,NONINCAP_INJRY_CNT,POSS_INJRY_CNT,NON_INJRY_CNT,UNKN_INJRY_CNT,TOT_INJRY_CNT,DEATH_CNT,PRSN_NBR,PRSN_TYPE_ID,PRSN_OCCPNT_POS_ID,PRSN_INJRY_SEV_ID,PRSN_AGE,PRSN_ETHNICITY_ID,PRSN_GNDR_ID,PRSN_EJCT_ID,PRSN_REST_ID,PRSN_AIRBAG_ID,PRSN_HELMET_ID,PRSN_SOL_FL,PRSN_ALC_SPEC_TYPE_ID,PRSN_ALC_RSLT_ID,PRSN_BAC_TEST_RSLT,PRSN_DRG_SPEC_TYPE_ID,PRSN_DRG_RSLT_ID,DRVR_DRG_CAT_1_ID,PRSN_DEATH_TIME,DRVR_LIC_TYPE_ID,DRVR_LIC_STATE_ID,DRVR_LIC_CLS_ID,DRVR_ZIP
15261836,1,MOTOR VEHICLE,N,Y,TX,1FAHP35N79W261002,NA,WHI,FORD,FUSION,"PASSENGER CAR, 4-DOOR",N,75703,1,PROOF OF LIABILITY INSURANCE,FRONT END DAMAGE CONCENTRATED IMPACT,DAMAGED 3,1,NA,NA,NA,Y,LIBERTY,LIBERTY,UNDER INFLUENCE - ALCOHOL,DISTRACTION IN VEHICLE,NA,EAST,Y,0,0,0,1,0,0,0,1,DRIVER,FRONT LEFT,NOT INJURED,31,BLACK,MALE,NO,SHOULDER & LAP BELT,NOT DEPLOYED,NOT APPLICABLE,N,BLOOD,NA,NA,BLOOD,UNKNOWN,UNKNOWN,,DRIVER LICENSE,Texas,CLASS C,75703
15187963,3,MOTOR VEHICLE,N,Y,UN,,NA,WHI,FORD,ECONOLINE VAN,VAN,N,,NA,NA,NA,NA,NA,NA,NA,NA,N,,,NONE,NA,NA,NORTHEAST,N,0,0,0,0,1,0,0,1,DRIVER,FRONT LEFT,NOT INJURED,51,BLACK,MALE,NO,SHOULDER & LAP BELT,NOT DEPLOYED,NOT APPLICABLE,N,NONE,NA,NA,NONE,NOT APPLICABLE,NOT APPLICABLE,,DRIVER LICENSE,Texas,CLASS C,77373
15231037,1,MOTOR VEHICLE,N,Y,TX,1FUYDZYB2RP590135,1994,BLK,FREIGHTLINER,UNKNOWN,TRUCK TRACTOR,N,77584,1,PROOF OF LIABILITY INSURANCE,LEFT FRONT QUARTER DAMAGE ANGULAR IMPACT,DAMAGED 1 MINIMUM,7,NA,NA,NA,N,DRIVER,DRIVEN AWAY,NA,NA,CHANGED LANE WHEN UNSAFE,NORTH,Y,0,0,0,1,0,0,0,1,DRIVER,FRONT LEFT,NOT INJURED,60,BLACK,MALE,NO,SHOULDER & LAP BELT,NOT DEPLOYED,NOT APPLICABLE,N,NONE,NA,NA,NONE,NOT APPLICABLE,NOT APPLICABLE,,COMMERCIAL DRIVER LIC.,Texas,CLASS A,77414
15231037,1,MOTOR VEHICLE,N,Y,TX,1FUYDZYB2RP590135,1994,BLK,FREIGHTLINER,UNKNOWN,TRUCK TRACTOR,N,77584,1,PROOF OF LIABILITY INSURANCE,LEFT FRONT QUARTER DAMAGE ANGULAR IMPACT,DAMAGED 1 MINIMUM,7,NA,NA,NA,N,DRIVER,DRIVEN AWAY,NA,NA,CHANGED LANE WHEN UNSAFE,NORTH,Y,0,0,0,1,0,0,0,1,DRIVER,FRONT LEFT,NOT INJURED,60,BLACK,MALE,NO,SHOULDER & LAP BELT,NOT DEPLOYED,NOT APPLICABLE,N,NONE,NA,NA,NONE,NOT APPLICABLE,NOT APPLICABLE,,COMMERCIAL DRIVER LIC.,Texas,CLASS A,77414
15231037,1,MOTOR VEHICLE,N,Y,TX,1FUYDZYB2RP590135,1994,BLK,FREIGHTLINER,UNKNOWN,TRUCK TRACTOR,N,77584,1,PROOF OF LIABILITY INSURANCE,LEFT FRONT QUARTER DAMAGE ANGULAR IMPACT,DAMAGED 1 MINIMUM,7,NA,NA,NA,N,DRIVER,DRIVEN AWAY,NA,NA,CHANGED LANE WHEN UNSAFE,NORTH,Y,0,0,0,1,0,0,0,1,DRIVER,FRONT LEFT,NOT INJURED,36,HISPANIC,MALE,NO,SHOULDER & LAP BELT,NOT DEPLOYED,NOT APPLICABLE,N,NONE,NA,NA,NONE,NOT APPLICABLE,NOT APPLICABLE,,COMMERCIAL DRIVER LIC.,Texas,CLASS A,78501
15231037,1,MOTOR VEHICLE,N,Y,TX,1FUYDZYB2RP590135,1994,BLK,FREIGHTLINER,UNKNOWN,TRUCK TRACTOR,N,77584,1,PROOF OF LIABILITY INSURANCE,LEFT FRONT QUARTER DAMAGE ANGULAR IMPACT,DAMAGED 1 MINIMUM,7,NA,NA,NA,N,DRIVER,DRIVEN AWAY,NA,NA,CHANGED LANE WHEN UNSAFE,NORTH,Y,0,0,0,1,0,0,0,1,DRIVER,FRONT LEFT,NOT INJURED,36,HISPANIC,MALE,NO,SHOULDER & LAP BELT,NOT DEPLOYED,NOT APPLICABLE,N,NONE,NA,NA,NONE,NOT APPLICABLE,NOT APPLICABLE,,COMMERCIAL DRIVER LIC.,Texas,CLASS A,78501
15258455,1,MOTOR VEHICLE,N,Y,TX,1FTRW12859KB47866,NA,RED,FORD,F150,PICKUP,N,79762,1,PROOF OF LIABILITY INSURANCE,FRONT END (RIGHT)  DAMAGE PARTIAL CONTACT,DAMAGED 2,1,NA,NA,NA,,,,NA,NA,DISTRACTION IN VEHICLE,EAST,Y,0,0,0,1,0,0,0,1,DRIVER,FRONT LEFT,NOT INJURED,23,WHITE,MALE,NO,SHOULDER & LAP BELT,NOT DEPLOYED,NOT APPLICABLE,N,NONE,NA,NA,NONE,NOT APPLICABLE,NOT APPLICABLE,,DRIVER LICENSE,Texas,CLASS C,79766
15295193,1,MOTOR VEHICLE,N,Y,TX,1GNEC13V73R291016,2003,GRY,CHEVROLET,TAHOE,SPORT UTILITY VEHICLE,N,76134,1,PROOF OF LIABILITY INSURANCE,FRONT END DAMAGE CONCENTRATED IMPACT,DAMAGED 1 MINIMUM,NA,FRONT END DAMAGE DISTRIBUTED IMPACT,DAMAGED 2,NA,Y,DEL HARRIS (936) 449-4444,"700 WEST LEWIS ST, CONROE, TX 77301",UNDER INFLUENCE - ALCOHOL,FAILED TO DRIVE IN SINGLE LANE,NA,NORTH,Y,0,0,0,1,0,0,0,1,DRIVER,FRONT LEFT,NOT INJURED,37,HISPANIC,MALE,NO,SHOULDER & LAP BELT,NOT DEPLOYED,NOT APPLICABLE,N,BLOOD,NA,NA,BLOOD,NOT APPLICABLE,NOT APPLICABLE,,DRIVER LICENSE,Texas,CLASS C,76134
15158332,1,MOTOR VEHICLE,N,Y,TX,2CNDL937X86320835,NA,MAR,CHEVROLET,EQUINOX,SPORT UTILITY VEHICLE,N,78501,1,PROOF OF LIABILITY INSURANCE,DISTRIBUTED RIGHT SIDE DAMAGE PARALLEL IMPACT,DAMAGED 2,1,NA,NA,NA,N,OWNER,1618 XANTHISMA  MCALLEN TX 78504,DRIVER INATTENTION,HAD BEEN DRINKING,NA,NORTH,Y,0,0,0,1,0,0,0,1,DRIVER,FRONT LEFT,NOT INJURED,19,WHITE,FEMALE,NO,SHOULDER & LAP BELT,NOT DEPLOYED,NOT APPLICABLE,N,NONE,NA,NA,NONE,NOT APPLICABLE,NOT APPLICABLE,,DRIVER LICENSE,Texas,CLASS C,78501
15179964,1,MOTOR VEHICLE,N,Y,TX,1FAFP53U84G129656,2004,GRN,FORD,TAURUS,"PASSENGER CAR, 4-DOOR",N,79065,1,PROOF OF LIABILITY INSURANCE,BACK END (LEFT) DAMAGE PARTIAL CONTACT,DAMAGED 1 MINIMUM,7,NA,NA,NA,N,,,BACKED WITHOUT SAFETY,NA,NA,SOUTHEAST,Y,0,0,0,1,0,0,0,1,DRIVER,FRONT LEFT,NOT INJURED,25,OTHER,MALE,NO,SHOULDER & LAP BELT,NOT DEPLOYED,NOT APPLICABLE,N,NONE,NA,NA,NONE,NOT APPLICABLE,NOT APPLICABLE,,DRIVER LICENSE,Texas,CLASS C,76205
15184464,1,MOTOR VEHICLE,N,Y,TX,JN8AZ18U79W011230,NA,BLK,NISSAN,MURANO,SPORT UTILITY VEHICLE,N,75228,1,PROOF OF LIABILITY INSURANCE,FRONT END (RIGHT)  DAMAGE PARTIAL CONTACT,DAMAGED 3,1,NA,NA,NA,Y,WILLIAMS PAINT AND BODY,WILLIAMS PAINT AND BODY,NONE,NA,NA,NORTH,Y,0,0,0,1,0,0,0,1,DRIVER,FRONT LEFT,NOT INJURED,31,WHITE,MALE,NO,SHOULDER & LAP BELT,NOT DEPLOYED,NOT APPLICABLE,N,NONE,NA,NA,NONE,NOT APPLICABLE,NOT APPLICABLE,,DRIVER LICENSE,Texas,CLASS C,75228
15213008,1,MOTOR VEHICLE,N,Y,TX,1FMPU18L6X6C19072,1999,GRN,FORD,EXPEDITION,SPORT UTILITY VEHICLE,N,79331,1,PROOF OF LIABILITY INSURANCE,FRONT END DAMAGE DISTRIBUTED IMPACT,DAMAGED 1 MINIMUM,12,NA,NA,NA,N,OWNER,DRIVEN AWAY,DRIVER INATTENTION,NA,NA,NORTH,Y,0,0,0,1,0,0,0,1,DRIVER,FRONT LEFT,NOT INJURED,52,HISPANIC,MALE,NO,SHOULDER & LAP BELT,NOT DEPLOYED,NOT APPLICABLE,N,NONE,NA,NA,NONE,NOT APPLICABLE,NOT APPLICABLE,,DRIVER LICENSE,Texas,CLASS C,79331
15213008,1,MOTOR VEHICLE,N,Y,TX,1FMPU18L6X6C19072,1999,GRN,FORD,EXPEDITION,SPORT UTILITY VEHICLE,N,79331,1,PROOF OF LIABILITY INSURANCE,FRONT END DAMAGE DISTRIBUTED IMPACT,DAMAGED 1 MINIMUM,12,NA,NA,NA,N,OWNER,DRIVEN AWAY,DRIVER INATTENTION,NA,NA,NORTH,Y,0,0,0,1,0,0,0,1,DRIVER,FRONT LEFT,NON-INCAPACITATING INJURY,88,WHITE,MALE,NO,SHOULDER & LAP BELT,NOT DEPLOYED,NOT APPLICABLE,N,NONE,NA,NA,NONE,NOT APPLICABLE,NOT APPLICABLE,,DRIVER LICENSE,Texas,CLASS C,79331
15221082,1,MOTOR VEHICLE,N,Y,UN,5TFRM5F11DX051951,NA,BRO,TOYOTA,TUNDRA,PICKUP,N,78741,1,PROOF OF LIABILITY INSURANCE,FRONT END (RIGHT)  DAMAGE PARTIAL CONTACT,DAMAGED 1 MINIMUM,1,BACK END (LEFT) DAMAGE PARTIAL CONTACT,DAMAGED 1 MINIMUM,7,N,DRIVEN FROM SCENE,BY DRIVER,FAILED TO CONTROL SPEED,BACKED WITHOUT SAFETY,NA,NORTHWEST,Y,0,0,0,1,0,0,0,1,DRIVER,FRONT LEFT,NOT INJURED,24,BLACK,UNKNOWN,NO,UNKNOWN,NOT DEPLOYED,NOT APPLICABLE,N,NONE,NA,NA,NONE,NOT APPLICABLE,NOT APPLICABLE,,DRIVER LICENSE,Texas,CLASS C,78660
15273294,1,MOTOR VEHICLE,N,Y,UN,,NA,99,NA,NA,UNKNOWN,N,,NA,NA,NA,NA,NA,NA,NA,NA,,,,NONE,NA,NA,NORTH,Y,0,0,0,0,1,0,0,1,DRIVER,FRONT LEFT,NOT INJURED,43,WHITE,MALE,NO,SHOULDER & LAP BELT,NOT DEPLOYED,NOT APPLICABLE,N,NONE,NA,NA,NONE,NOT APPLICABLE,NOT APPLICABLE,,DRIVER LICENSE,Texas,CLASS C,77017
15273294,1,MOTOR VEHICLE,N,Y,UN,,NA,99,NA,NA,UNKNOWN,N,,NA,NA,NA,NA,NA,NA,NA,NA,,,,NONE,NA,NA,NORTH,Y,0,0,0,0,1,0,0,1,DRIVER,FRONT LEFT,NOT INJURED,32,WHITE,MALE,NO,SHOULDER & LAP BELT,NOT DEPLOYED,NOT APPLICABLE,N,NONE,NA,NA,NONE,NOT APPLICABLE,NOT APPLICABLE,,DRIVER LICENSE,Texas,CLASS C,77034
15406722,1,MOTOR VEHICLE,N,Y,TX,3GNEC13T72G105813,2002,BLK,CHEVROLET,AVALANCHE,TRUCK,N,77385,2,NA,FRONT END (LEFT) DAMAGE PARTIAL CONTACT,DAMAGED 2,11,FRONT END DAMAGE DISTRIBUTED IMPACT,DAMAGED 2,12,Y,TONY BROS,5907 AVE J,DRIVER INATTENTION,FAILED TO DRIVE IN SINGLE LANE,NA,SOUTH,Y,0,0,0,1,0,0,0,1,DRIVER,FRONT LEFT,NOT INJURED,31,WHITE,MALE,NO,SHOULDER & LAP BELT,NOT DEPLOYED,NOT APPLICABLE,Y,NONE,NA,NA,NONE,NOT APPLICABLE,NOT APPLICABLE,,DRIVER LICENSE,Texas,CLASS C,77385
15406722,1,MOTOR VEHICLE,N,Y,TX,3GNEC13T72G105813,2002,BLK,CHEVROLET,AVALANCHE,TRUCK,N,77385,2,NA,FRONT END (LEFT) DAMAGE PARTIAL CONTACT,DAMAGED 2,11,FRONT END DAMAGE DISTRIBUTED IMPACT,DAMAGED 2,12,Y,TONY BROS,5907 AVE J,DRIVER INATTENTION,FAILED TO DRIVE IN SINGLE LANE,NA,SOUTH,Y,0,0,0,1,0,0,0,1,DRIVER,FRONT LEFT,NOT INJURED,64,WHITE,FEMALE,NO,SHOULDER & LAP BELT,NOT DEPLOYED,NOT APPLICABLE,N,NONE,NA,NA,NONE,NOT APPLICABLE,NOT APPLICABLE,,DRIVER LICENSE,Texas,CLASS C,77590
15406722,1,MOTOR VEHICLE,N,Y,TX,3GNEC13T72G105813,2002,BLK,CHEVROLET,AVALANCHE,TRUCK,N,77385,2,NA,FRONT END (LEFT) DAMAGE PARTIAL CONTACT,DAMAGED 2,11,FRONT END DAMAGE DISTRIBUTED IMPACT,DAMAGED 2,12,Y,TONY BROS,5907 AVE J,DRIVER INATTENTION,FAILED TO DRIVE IN SINGLE LANE,NA,SOUTH,Y,0,0,0,1,0,0,0,1,DRIVER,FRONT LEFT,NOT INJURED,21,BLACK,MALE,NO,SHOULDER & LAP BELT,NOT DEPLOYED,NOT APPLICABLE,N,NONE,NA,NA,NONE,NOT APPLICABLE,NOT APPLICABLE,,DRIVER LICENSE,Texas,CLASS C,77550
15406722,1,MOTOR VEHICLE,N,Y,TX,3GNEC13T72G105813,2002,BLK,CHEVROLET,AVALANCHE,TRUCK,N,77385,2,NA,FRONT END (LEFT) DAMAGE PARTIAL CONTACT,DAMAGED 2,11,FRONT END DAMAGE DISTRIBUTED IMPACT,DAMAGED 2,12,Y,TONY BROS,5907 AVE J,DRIVER INATTENTION,FAILED TO DRIVE IN SINGLE LANE,NA,SOUTH,Y,0,0,0,1,0,0,0,1,DRIVER,FRONT LEFT,NOT INJURED,19,HISPANIC,MALE,NO,SHOULDER & LAP BELT,NOT DEPLOYED,NOT APPLICABLE,N,NONE,NA,NA,NONE,NOT APPLICABLE,NOT APPLICABLE,,DRIVER LICENSE,Texas,CLASS C,77551
15298499,1,MOTOR VEHICLE,N,Y,UN,,NA,99,UNKNOWN,UNKNOWN,UNKNOWN,N,,NA,NA,NA,NA,NA,NA,NA,NA,N,,,NONE,NA,NA,SOUTH,Y,0,0,0,0,1,0,0,1,DRIVER,FRONT LEFT,NOT INJURED,40,WHITE,FEMALE,NO,UNKNOWN,DEPLOYED MULTIPLE,NOT APPLICABLE,N,NONE,NA,NA,NONE,NOT APPLICABLE,NOT APPLICABLE,,DRIVER LICENSE,Texas,CLASS C,77057
15298499,1,MOTOR VEHICLE,N,Y,UN,,NA,99,UNKNOWN,UNKNOWN,UNKNOWN,N,,NA,NA,NA,NA,NA,NA,NA,NA,N,,,NONE,NA,NA,SOUTH,Y,0,0,0,0,1,0,0,1,DRIVER,FRONT LEFT,NOT INJURED,40,WHITE,FEMALE,NO,UNKNOWN,DEPLOYED MULTIPLE,NOT APPLICABLE,N,NONE,NA,NA,NONE,NOT APPLICABLE,NOT APPLICABLE,,DRIVER LICENSE,Texas,CLASS C,77057
15302674,1,MOTOR VEHICLE,N,Y,TX,1G1PF5S98B7184502,NA,GRY,CHEVROLET,CRUZE,"PASSENGER CAR, 4-DOOR",N,77076,1,PROOF OF LIABILITY INSURANCE,FRONT END DAMAGE DISTRIBUTED IMPACT,DAMAGED 6,NA,BACK END (LEFT) DAMAGE PARTIAL CONTACT,DAMAGED 2,NA,Y,J C TOWING & RECOVERY #563,11360 EASTEX FRWY,DISREGARD STOP AND GO SIGNAL,NA,NA,SOUTH,Y,0,0,0,1,0,0,0,1,DRIVER,FRONT LEFT,NOT INJURED,21,HISPANIC,MALE,NO,SHOULDER & LAP BELT,DEPLOYED MULTIPLE,NOT APPLICABLE,N,NONE,NA,NA,NONE,NOT APPLICABLE,NOT APPLICABLE,,DRIVER LICENSE,Texas,CLASS C,77076
15302674,1,MOTOR VEHICLE,N,Y,TX,1G1PF5S98B7184502,NA,GRY,CHEVROLET,CRUZE,"PASSENGER CAR, 4-DOOR",N,77076,1,PROOF OF LIABILITY INSURANCE,FRONT END DAMAGE DISTRIBUTED IMPACT,DAMAGED 6,NA,BACK END (LEFT) DAMAGE PARTIAL CONTACT,DAMAGED 2,NA,Y,J C TOWING & RECOVERY #563,11360 EASTEX FRWY,DISREGARD STOP AND GO SIGNAL,NA,NA,SOUTH,Y,0,0,0,1,0,0,0,1,DRIVER,FRONT LEFT,NON-INCAPACITATING INJURY,49,HISPANIC,FEMALE,NO,SHOULDER & LAP BELT,DEPLOYED MULTIPLE,NOT APPLICABLE,N,NONE,NA,NA,NONE,NOT APPLICABLE,NOT APPLICABLE,,DRIVER LICENSE,Texas,CLASS C,77037
15302674,1,MOTOR VEHICLE,N,Y,TX,1G1PF5S98B7184502,NA,GRY,CHEVROLET,CRUZE,"PASSENGER CAR, 4-DOOR",N,77076,1,PROOF OF LIABILITY INSURANCE,FRONT END DAMAGE DISTRIBUTED IMPACT,DAMAGED 6,NA,BACK END (LEFT) DAMAGE PARTIAL CONTACT,DAMAGED 2,NA,Y,J C TOWING & RECOVERY #563,11360 EASTEX FRWY,DISREGARD STOP AND GO SIGNAL,NA,NA,SOUTH,Y,0,0,0,1,0,0,0,1,DRIVER,FRONT LEFT,NOT INJURED,56,BLACK,MALE,NO,SHOULDER & LAP BELT,NOT DEPLOYED,NOT APPLICABLE,N,NONE,NA,NA,NONE,NOT APPLICABLE,NOT APPLICABLE,,COMMERCIAL DRIVER LIC.,Texas,CLASS A,77049
15302674,1,MOTOR VEHICLE,N,Y,TX,1G1PF5S98B7184502,NA,GRY,CHEVROLET,CRUZE,"PASSENGER CAR, 4-DOOR",N,77076,1,PROOF OF LIABILITY INSURANCE,FRONT END DAMAGE DISTRIBUTED IMPACT,DAMAGED 6,NA,BACK END (LEFT) DAMAGE PARTIAL CONTACT,DAMAGED 2,NA,Y,J C TOWING & RECOVERY #563,11360 EASTEX FRWY,DISREGARD STOP AND GO SIGNAL,NA,NA,SOUTH,Y,0,0,0,1,0,0,0,1,DRIVER,FRONT LEFT,NOT INJURED,58,HISPANIC,MALE,NO,SHOULDER & LAP BELT,NOT DEPLOYED,NOT APPLICABLE,N,NONE,NA,NA,NONE,NOT APPLICABLE,NOT APPLICABLE,,DRIVER LICENSE,Texas,CLASS C,77093
15155763,1,MOTOR VEHICLE,N,Y,TX,5GTDN136468226831,2006,BLK,HUMMER,H3,SPORT UTILITY VEHICLE,N,77551,1,PROOF OF LIABILITY INSURANCE,FRONT END (RIGHT)  DAMAGE PARTIAL CONTACT,DAMAGED 3,2,NA,NA,NA,Y,ALL AMERICAN,5100 POST OFFICE,HAD BEEN DRINKING,NA,NA,WEST,Y,0,0,0,1,0,0,0,1,DRIVER,FRONT LEFT,NOT INJURED,51,WHITE,FEMALE,NO,SHOULDER & LAP BELT,NOT DEPLOYED,NOT APPLICABLE,Y,BREATH,Positive,0.19,NONE,NOT APPLICABLE,NOT APPLICABLE,,DRIVER LICENSE,Texas,UNKNOWN,77551
15232669,2,MOTOR VEHICLE,N,Y,UN,,NA,99,UNKNOWN,UNKNOWN,PICKUP,N,,2,NA,DISTRIBUTED LEFT SIDE DAMAGE PARALLEL IMPACT,DAMAGED 1 MINIMUM,9,NA,NA,NA,N,,,NONE,NA,NA,WEST,Y,0,0,0,0,1,0,0,1,DRIVER,FRONT LEFT,NOT INJURED,63,WHITE,FEMALE,NO,SHOULDER & LAP BELT,NOT DEPLOYED,NOT APPLICABLE,N,NONE,NA,NA,NONE,NOT APPLICABLE,NOT APPLICABLE,,DRIVER LICENSE,Texas,CLASS C,77494
15232669,2,MOTOR VEHICLE,N,Y,UN,,NA,99,UNKNOWN,UNKNOWN,PICKUP,N,,2,NA,DISTRIBUTED LEFT SIDE DAMAGE PARALLEL IMPACT,DAMAGED 1 MINIMUM,9,NA,NA,NA,N,,,NONE,NA,NA,WEST,Y,0,0,0,0,1,0,0,1,DRIVER,FRONT LEFT,NOT INJURED,63,WHITE,FEMALE,NO,SHOULDER & LAP BELT,NOT DEPLOYED,NOT APPLICABLE,N,NONE,NA,NA,NONE,NOT APPLICABLE,NOT APPLICABLE,,DRIVER LICENSE,Texas,CLASS C,77494
15232669,2,MOTOR VEHICLE,N,Y,UN,,NA,99,UNKNOWN,UNKNOWN,PICKUP,N,,2,NA,DISTRIBUTED LEFT SIDE DAMAGE PARALLEL IMPACT,DAMAGED 1 MINIMUM,9,NA,NA,NA,N,,,NONE,NA,NA,WEST,Y,0,0,0,0,1,0,0,1,DRIVER,FRONT LEFT,NOT INJURED,18,ASIAN,MALE,NO,SHOULDER & LAP BELT,NOT DEPLOYED,NOT APPLICABLE,N,NONE,NA,NA,NONE,NOT APPLICABLE,NOT APPLICABLE,,DRIVER LICENSE,Louisiana,OTHER/OUT OF STATE,70506
15232669,2,MOTOR VEHICLE,N,Y,UN,,NA,99,UNKNOWN,UNKNOWN,PICKUP,N,,2,NA,DISTRIBUTED LEFT SIDE DAMAGE PARALLEL IMPACT,DAMAGED 1 MINIMUM,9,NA,NA,NA,N,,,NONE,NA,NA,WEST,Y,0,0,0,0,1,0,0,1,DRIVER,FRONT LEFT,NOT INJURED,18,ASIAN,MALE,NO,SHOULDER & LAP BELT,NOT DEPLOYED,NOT APPLICABLE,N,NONE,NA,NA,NONE,NOT APPLICABLE,NOT APPLICABLE,,DRIVER LICENSE,Louisiana,OTHER/OUT OF STATE,70506
15252845,1,MOTOR VEHICLE,N,Y,TX,1G1BL52W5TR110355,1996,GRY,CHEVROLET,CAPRICE,"PASSENGER CAR, 4-DOOR",N,79102,1,LIABILITY INSURANCE POLICY,FRONT END (RIGHT)  DAMAGE PARTIAL CONTACT,DAMAGED 1 MINIMUM,12,NA,NA,NA,N,,,FAILED TO CONTROL SPEED,NA,NA,WEST,Y,0,0,0,1,0,0,0,1,DRIVER,FRONT LEFT,NOT INJURED,25,BLACK,MALE,NO,SHOULDER & LAP BELT,NOT DEPLOYED,NOT APPLICABLE,N,NONE,NA,NA,NONE,NOT APPLICABLE,NOT APPLICABLE,,DRIVER LICENSE,Texas,CLASS C,79107
15252845,1,MOTOR VEHICLE,N,Y,TX,1G1BL52W5TR110355,1996,GRY,CHEVROLET,CAPRICE,"PASSENGER CAR, 4-DOOR",N,79102,1,LIABILITY INSURANCE POLICY,FRONT END (RIGHT)  DAMAGE PARTIAL CONTACT,DAMAGED 1 MINIMUM,12,NA,NA,NA,N,,,FAILED TO CONTROL SPEED,NA,NA,WEST,Y,0,0,0,1,0,0,0,1,DRIVER,FRONT LEFT,POSSIBLE INJURY,28,HISPANIC,FEMALE,NO,SHOULDER & LAP BELT,NOT DEPLOYED,NOT APPLICABLE,N,NONE,NA,NA,NONE,NOT APPLICABLE,NOT APPLICABLE,,DRIVER LICENSE,Texas,CLASS C,79104
15266728,1,MOTOR VEHICLE,N,Y,TX,1GKEC13Z33R299162,2003,WHI,GMC,YUKON,SPORT UTILITY VEHICLE,N,79411,3,LIABILITY INSURANCE POLICY,FRONT END DAMAGE DISTRIBUTED IMPACT,DAMAGED 2,11,NA,NA,NA,N,FLED THE SCENE,,FAILED TO DRIVE IN SINGLE LANE,NA,HAD BEEN DRINKING,SOUTH,Y,0,0,0,0,1,0,0,1,DRIVER,FRONT LEFT,POSSIBLE INJURY,57,WHITE,MALE,NO,SHOULDER & LAP BELT,"DEPLOYED, FRONT",NOT APPLICABLE,N,NONE,NA,NA,NONE,NOT APPLICABLE,NOT APPLICABLE,,DRIVER LICENSE,Texas,CLASS C,79407
15175982,2,MOTOR VEHICLE,N,Y,TX,1FM5K7D83DGA92643,NA,GRY,FORD,EXPLORER,SPORT UTILITY VEHICLE,N,79605,1,PROOF OF LIABILITY INSURANCE,RIGHT SIDE DAMAGE ANGULAR IMPACT,DAMAGED 2,3,NA,NA,NA,N,NOT TOWED,,NONE,NA,NA,EAST,Y,0,0,0,1,0,0,0,1,DRIVER,FRONT LEFT,NOT INJURED,29,HISPANIC,FEMALE,NO,SHOULDER & LAP BELT,NOT DEPLOYED,NOT APPLICABLE,N,NONE,NA,NA,NONE,NOT APPLICABLE,NOT APPLICABLE,,DRIVER LICENSE,Texas,CLASS C,79605
15175982,1,MOTOR VEHICLE,N,Y,TX,2G1WF52E559141442,2005,GLD,CHEVROLET,IMPALA,"PASSENGER CAR, 4-DOOR",N,79601,2,NA,FRONT END (LEFT) DAMAGE PARTIAL CONTACT,DAMAGED 1 MINIMUM,11,NA,NA,NA,N,FLED THE SCENE,,CHANGED LANE WHEN UNSAFE,IMPROPER START FROM PARKED POSITION,NA,EAST,Y,0,0,0,1,0,0,0,1,DRIVER,FRONT LEFT,NOT INJURED,29,HISPANIC,FEMALE,NO,SHOULDER & LAP BELT,NOT DEPLOYED,NOT APPLICABLE,N,NONE,NA,NA,NONE,NOT APPLICABLE,NOT APPLICABLE,,DRIVER LICENSE,Texas,CLASS C,79605
15188402,1,MOTOR VEHICLE,N,Y,TX,2HKRM3H78EH533660,NA,BLU,HONDA,CR-V,SPORT UTILITY VEHICLE,N,76705,1,LIABILITY INSURANCE POLICY,FRONT END DAMAGE DISTRIBUTED IMPACT,DAMAGED 4,12,NA,NA,NA,Y,,,DRIVER INATTENTION,NA,UNDER INFLUENCE - ALCOHOL,NORTH,Y,0,0,0,0,1,0,0,1,DRIVER,FRONT LEFT,UNKNOWN,20,WHITE,MALE,NO,UNKNOWN,"DEPLOYED, FRONT",NOT APPLICABLE,N,NONE,NA,NA,NONE,NOT APPLICABLE,NOT APPLICABLE,,DRIVER LICENSE,Texas,CLASS C,76682
15188402,1,MOTOR VEHICLE,N,Y,TX,2HKRM3H78EH533660,NA,BLU,HONDA,CR-V,SPORT UTILITY VEHICLE,N,76705,1,LIABILITY INSURANCE POLICY,FRONT END DAMAGE DISTRIBUTED IMPACT,DAMAGED 4,12,NA,NA,NA,Y,,,DRIVER INATTENTION,NA,UNDER INFLUENCE - ALCOHOL,NORTH,Y,0,0,0,0,1,0,0,1,DRIVER,FRONT LEFT,NON-INCAPACITATING INJURY,49,BLACK,FEMALE,NO,SHOULDER & LAP BELT,NOT DEPLOYED,NOT APPLICABLE,N,NONE,NA,NA,NONE,NOT APPLICABLE,NOT APPLICABLE,,DRIVER LICENSE,Texas,CLASS C,76707