CRASH_ID,UNIT_NBR,UNIT_DESC_ID,VEH_PARKED_FL,VEH_HNR_FL,VEH_LIC_STATE_ID,VIN,VEH_MOD_YEAR,VEH_COLOR_ID,VEH_MAKE_ID,VEH_MOD_ID,VEH_BODY_STYL_ID,EMER_RESPNDR_FL,OWNR_ZIP,FIN_RESP_PROOF_ID,FIN_RESP_TYPE_ID,VEH_DMAG_AREA_1_ID,VEH_DMAG_SCL_1_ID,FORCE_DIR_1_ID,VEH_DMAG_AREA_2_ID,VEH_DMAG_SCL_2_ID,FORCE_DIR_2_ID,VEH_INVENTORIED_FL,VEH_TRANSP_NAME,VEH_TRANSP_DEST,CONTRIB_FACTR_1_ID,CONTRIB_FACTR_2_ID,CONTRIB_FACTR_P1_ID,VEH_TRVL_DIR_ID,FIRST_HARM_EVT_INV_ID,INCAP_INJRY_CNT,NONINCAP_INJRY_CNT,POSS_INJRY_CNT,NON_INJRY_CNT,UNKN_INJRY_CNT,TOT_INJRY_CNT,DEATH_CNT,PRSN_NBR,PRSN_TYPE_ID,PRSN_OCCPNT_POS_ID,PRSN_INJRY_SEV_ID,PRSN_AGE,PRSN_ETHNICITY_ID,PRSN_GNDR_ID,PRSN_EJCT_ID,PRSN_REST_ID,PRSN_AIRBAG_ID,PRSN_HELMET_ID,PRSN_SOL_FL,PRSN_ALC_SPEC_TYPE_ID,PRSN_ALC_RSLT_ID,PRSN_BAC_TEST_RSLT,PRSN_DRG_SPEC_TYPE_ID,PRSN_DRG_RSLT_ID,DRVR_DRG_CAT_1_ID,PRSN_DEATH_TIME,DRVR_LIC_TYPE_ID,DRVR_LIC_STATE_ID,DRVR_LIC_CLS_ID,DRVR_ZIP
15215068,1,MOTOR VEHICLE,N,Y,TX,1D7RB1GT1AS226602,NA,WHI,DODGE,RAM 1500,PICKUP,N,77090,1,PROOF OF LIABILITY INSURANCE,FRONT END (RIGHT)  DAMAGE PARTIAL CONTACT,DAMAGED 1 MINIMUM,NA,NA,NA,NA,Y,TTRS,5114 HWY. 6 NORTH,UNDER INFLUENCE - ALCOHOL,FAILED TO DRIVE IN SINGLE LANE,NA,SOUTH,Y,0,0,0,1,0,0,0,1,DRIVER,FRONT LEFT,NOT INJURED,27,BLACK,MALE,NO,SHOULDER & LAP BELT,NOT DEPLOYED,NOT APPLICABLE,N,BREATH,Positive,0.112,NONE,NOT APPLICABLE,NOT APPLICABLE,,DRIVER LICENSE,Texas,CLASS C,77090
15215216,1,MOTOR VEHICLE,N,Y,TX,1G4HP52K1XH479627,1999,TAN,BUICK,LESABRE,"PASSENGER CAR, 4-DOOR",N,76114,1,LIABILITY INSURANCE POLICY,BACK END DAMAGE DISTRIBUTED IMPACT,DAMAGED 1 MINIMUM,6,NA,NA,NA,N,,,DRIVER INATTENTION,NA,NA,EAST,Y,0,0,0,1,0,0,0,1,DRIVER,FRONT LEFT,NOT INJURED,73,HISPANIC,FEMALE,NO,SHOULDER & LAP BELT,NOT DEPLOYED,NOT APPLICABLE,N,NONE,NA,NA,NONE,NOT APPLICABLE,NOT APPLICABLE,,DRIVER LICENSE,Texas,CLASS C,76114
15243317,1,MOTOR VEHICLE,N,Y,TX,JTLKT324164091495,2006,GRY,TOYOTA,REQUIRES INTERPRETATION,"PASSENGER CAR, 4-DOOR",N,77713,1,PROOF OF LIABILITY INSURANCE,FRONT END (RIGHT)  DAMAGE PARTIAL CONTACT,DAMAGED 2,12,RIGHT SIDE DAMAGE ANGULAR IMPACT,DAMAGED 2,3,N,BERNARD SALAS,8747 SCHUMACHER,FAILED TO DRIVE IN SINGLE LANE,NA,NA,WEST,Y,0,0,0,0,1,0,0,1,DRIVER,FRONT LEFT,UNKNOWN,40,WHITE,MALE,NO,UNKNOWN,UNKNOWN,NOT APPLICABLE,N,NONE,NA,NA,NONE,NOT APPLICABLE,NOT APPLICABLE,,DRIVER LICENSE,Texas,CLASS C,77713
15244226,2,MOTOR VEHICLE,N,Y,UN,,NA,99,UNKNOWN,NA,SPORT UTILITY VEHICLE,N,,2,NA,NA,NA,NA,NA,NA,NA,N,,,NONE,NA,NA,WEST,Y,0,0,0,0,1,0,0,1,DRIVER,FRONT LEFT,NOT INJURED,50,WHITE,FEMALE,NO,SHOULDER & LAP BELT,NOT DEPLOYED,NOT APPLICABLE,N,NONE,NA,NA,NONE,NOT APPLICABLE,NOT APPLICABLE,,DRIVER LICENSE,Texas,CLASS C,78046
15244226,2,MOTOR VEHICLE,N,Y,UN,,NA,99,UNKNOWN,NA,SPORT UTILITY VEHICLE,N,,2,NA,NA,NA,NA,NA,NA,NA,N,,,NONE,NA,NA,WEST,Y,0,0,0,0,1,0,0,1,DRIVER,FRONT LEFT,NOT INJURED,32,WHITE,FEMALE,NO,"CHILD SEAT, FACING FORWARD",NOT DEPLOYED,NOT APPLICABLE,N,NONE,NA,NA,NONE,NOT APPLICABLE,NOT APPLICABLE,,DRIVER LICENSE,Texas,CLASS C,78043
15248003,3,MOTOR VEHICLE,N,Y,UN,,NA,SIL,CHEVROLET,UNKNOWN,PICKUP,N,,2,NA,NA,NA,NA,NA,NA,NA,N,,,NONE,NA,NA,NORTH,N,0,0,0,0,1,0,0,1,DRIVER,FRONT LEFT,NOT INJURED,23,HISPANIC,MALE,NO,SHOULDER & LAP BELT,NOT DEPLOYED,NOT APPLICABLE,N,NONE,NA,NA,NONE,NOT APPLICABLE,NOT APPLICABLE,,DRIVER LICENSE,Texas,CLASS C,77338
15248003,3,MOTOR VEHICLE,N,Y,UN,,NA,SIL,CHEVROLET,UNKNOWN,PICKUP,N,,2,NA,NA,NA,NA,NA,NA,NA,N,,,NONE,NA,NA,NORTH,N,0,0,0,0,1,0,0,1,DRIVER,FRONT LEFT,POSSIBLE INJURY,24,HISPANIC,FEMALE,NO,SHOULDER BELT ONLY,NOT DEPLOYED,NOT APPLICABLE,N,NONE,NA,NA,NONE,NOT APPLICABLE,NOT APPLICABLE,,DRIVER LICENSE,Texas,CLASS C,77015
15272016,1,MOTOR VEHICLE,N,Y,TX,1GNDT13S052350632,2005,99,CHEVROLET,TRAILBLAZER,SPORT UTILITY VEHICLE,N,78717,2,NA,LEFT FRONT QUARTER DAMAGE ANGULAR IMPACT,DAMAGED 3,12,FRONT END DAMAGE DISTRIBUTED IMPACT,DAMAGED 2,12,N,DRIVEN FROM SCENE,BY DRIVER,FAILED TO YIELD ROW - TURNING LEFT,DISREGARD STOP AND GO SIGNAL,NA,EAST,Y,0,0,0,1,0,0,0,1,DRIVER,FRONT LEFT,NOT INJURED,26,WHITE,MALE,NO,UNKNOWN,NOT DEPLOYED,NOT APPLICABLE,N,NONE,NA,NA,NONE,NOT APPLICABLE,NOT APPLICABLE,,DRIVER LICENSE,California,OTHER/OUT OF STATE,78665
15272016,1,MOTOR VEHICLE,N,Y,TX,1GNDT13S052350632,2005,99,CHEVROLET,TRAILBLAZER,SPORT UTILITY VEHICLE,N,78717,2,NA,LEFT FRONT QUARTER DAMAGE ANGULAR IMPACT,DAMAGED 3,12,FRONT END DAMAGE DISTRIBUTED IMPACT,DAMAGED 2,12,N,DRIVEN FROM SCENE,BY DRIVER,FAILED TO YIELD ROW - TURNING LEFT,DISREGARD STOP AND GO SIGNAL,NA,EAST,Y,0,0,0,1,0,0,0,1,DRIVER,FRONT LEFT,POSSIBLE INJURY,27,BLACK,FEMALE,NO,SHOULDER & LAP BELT,"DEPLOYED, SIDE",NOT APPLICABLE,N,NONE,NA,NA,NONE,NOT APPLICABLE,NOT APPLICABLE,,DRIVER LICENSE,Texas,CLASS C,78664
15280709,1,MOTOR VEHICLE,N,Y,UN,1N4DL01D5WC239776,1998,99,NISSAN,ALTIMA,UNKNOWN,N,78613,1,LIABILITY INSURANCE POLICY,FRONT END DAMAGE CONCENTRATED IMPACT,DAMAGED 1 MINIMUM,12,NA,NA,NA,N,,,DRIVER INATTENTION,NA,FOLLOWED TOO CLOSELY,UNKNOWN,Y,0,0,0,1,0,0,0,1,DRIVER,FRONT LEFT,NOT INJURED,18,WHITE,MALE,NO,SHOULDER & LAP BELT,NOT DEPLOYED,NOT APPLICABLE,N,NONE,NA,NA,NONE,NOT APPLICABLE,NOT APPLICABLE,,DRIVER LICENSE,Texas,CLASS C,78613
15280709,1,MOTOR VEHICLE,N,Y,UN,1N4DL01D5WC239776,1998,99,NISSAN,ALTIMA,UNKNOWN,N,78613,1,LIABILITY INSURANCE POLICY,FRONT END DAMAGE CONCENTRATED IMPACT,DAMAGED 1 MINIMUM,12,NA,NA,NA,N,,,DRIVER INATTENTION,NA,FOLLOWED TOO CLOSELY,UNKNOWN,Y,0,0,0,1,0,0,0,1,DRIVER,FRONT LEFT,NOT INJURED,41,WHITE,FEMALE,NO,SHOULDER & LAP BELT,NOT DEPLOYED,NOT APPLICABLE,N,NONE,NA,NA,NONE,NOT APPLICABLE,NOT APPLICABLE,,DRIVER LICENSE,Texas,CLASS C,786130000
15289972,3,MOTOR VEHICLE,N,Y,UN,,NA,99,NA,NA,UNKNOWN,N,,NA,NA,NA,NA,NA,NA,NA,NA,,,,NONE,NA,NA,SOUTH,N,0,0,0,0,1,0,0,1,DRIVER,FRONT LEFT,NOT INJURED,17,HISPANIC,MALE,NO,SHOULDER & LAP BELT,NOT DEPLOYED,NOT APPLICABLE,N,NONE,NA,NA,NONE,NOT APPLICABLE,NOT APPLICABLE,,DRIVER LICENSE,Texas,CLASS C,77089
15289972,3,MOTOR VEHICLE,N,Y,UN,,NA,99,NA,NA,UNKNOWN,N,,NA,NA,NA,NA,NA,NA,NA,NA,,,,NONE,NA,NA,SOUTH,N,0,0,0,0,1,0,0,1,DRIVER,FRONT LEFT,NOT INJURED,56,ASIAN,MALE,NO,SHOULDER & LAP BELT,NOT DEPLOYED,NOT APPLICABLE,N,NONE,NA,NA,NONE,NOT APPLICABLE,NOT APPLICABLE,,DRIVER LICENSE,Texas,CLASS C,77059
15308775,1,MOTOR VEHICLE,N,Y,TX,3GCUKREC1EG487652,NA,BLU,CHEVROLET,SILVERADO,PICKUP,N,79413,1,LIABILITY INSURANCE POLICY,FRONT END DAMAGE DISTRIBUTED IMPACT,DAMAGED 4,12,DISTRIBUTED RIGHT SIDE DAMAGE PARALLEL IMPACT,DAMAGED 3,3,N,LUBBOCK WRECKER,LUBBOCK WRECKER  3209 SLATON HWY   806-7,HAD BEEN DRINKING,NA,NA,WEST,Y,0,1,0,0,0,1,0,1,DRIVER,FRONT LEFT,NON-INCAPACITATING INJURY,36,WHITE,MALE,NO,UNKNOWN,NOT DEPLOYED,NOT APPLICABLE,N,BLOOD,NA,NA,BLOOD,UNKNOWN,UNKNOWN,,DRIVER LICENSE,Texas,CLASS C AND M,79413
15165561,1,MOTOR VEHICLE,N,Y,TX,2MEFM74W23X629527,2003,99,MERCURY,GRAND MARQUIS,"PASSENGER CAR, 4-DOOR",N,79605,1,PROOF OF LIABILITY INSURANCE,FRONT END DAMAGE DISTRIBUTED IMPACT,DAMAGED 5,12,NA,NA,NA,Y,OBARS,2349 SANDY CITY IMPOUND,OTHER (EXPLAIN IN NARRATIVE),NA,NA,NORTH,Y,0,1,0,0,0,1,0,1,DRIVER,FRONT LEFT,NON-INCAPACITATING INJURY,27,BLACK,MALE,NO,UNKNOWN,UNKNOWN,NOT APPLICABLE,N,NONE,NA,NA,NONE,NOT APPLICABLE,NOT APPLICABLE,,DRIVER LICENSE,Louisiana,OTHER/OUT OF STATE,79605
15180327,1,MOTOR VEHICLE,N,Y,TX,1N4AL21E68N469860,NA,WHI,NISSAN,ALTIMA,"PASSENGER CAR, 2-DOOR",N,78613,1,LIABILITY INSURANCE POLICY,FRONT END (LEFT) DAMAGE PARTIAL CONTACT,DAMAGED 4,11,NA,NA,NA,Y,LEANDER WRECKER,LEANDER WRECKER YARD,HAD BEEN DRINKING,NA,NA,UNKNOWN,Y,0,1,0,0,0,1,0,1,DRIVER,FRONT LEFT,NON-INCAPACITATING INJURY,61,WHITE,MALE,NO,UNKNOWN,NOT DEPLOYED,NOT APPLICABLE,N,NONE,NA,NA,NONE,NOT APPLICABLE,NOT APPLICABLE,,DRIVER LICENSE,Texas,CLASS C,78613
15181718,1,MOTOR VEHICLE,N,Y,TX,1C4RJEAG7DC569669,NA,BLK,JEEP,GRAND CHEROKEE,SPORT UTILITY VEHICLE,N,77377,1,PROOF OF LIABILITY INSURANCE,DISTRIBUTED RIGHT SIDE DAMAGE PARALLEL IMPACT,DAMAGED 1 MINIMUM,1,NA,NA,NA,N,DRIVER,"12410 EMBER VILLAGE LN; TOMBALL, TX  773",FAILED TO CONTROL SPEED,NA,FAILED TO HEED WARNING SIGN,EAST,Y,0,0,0,1,0,0,0,1,DRIVER,FRONT LEFT,NOT INJURED,44,WHITE,FEMALE,NO,SHOULDER & LAP BELT,NOT DEPLOYED,NOT APPLICABLE,N,NONE,NA,NA,NONE,NOT APPLICABLE,NOT APPLICABLE,,DRIVER LICENSE,Texas,CLASS C,77377
15247284,1,MOTOR VEHICLE,N,Y,TX,5LMEU88H14ZJ18958,2004,BLK,LINCOLN,AVIATOR,SPORT UTILITY VEHICLE,N,79915,1,PROOF OF LIABILITY INSURANCE,FRONT END DAMAGE DISTRIBUTED IMPACT,DAMAGED 3,12,NA,NA,NA,N,DRIVER,LEFT THE SCENE,NONE,NA,NA,WEST,Y,0,0,0,1,0,0,0,1,DRIVER,FRONT LEFT,NOT INJURED,29,HISPANIC,MALE,NO,SHOULDER & LAP BELT,NOT DEPLOYED,NOT APPLICABLE,N,NONE,NA,NA,NONE,NOT APPLICABLE,NOT APPLICABLE,,DRIVER LICENSE,Texas,CLASS C,79849
15274784,3,MOTOR VEHICLE,N,Y,UN,,NA,99,NA,NA,UNKNOWN,N,,NA,NA,NA,NA,NA,NA,NA,NA,,,,NONE,NA,NA,EAST,N,0,0,0,0,1,0,0,1,DRIVER,FRONT LEFT,NOT INJURED,21,BLACK,MALE,NO,SHOULDER & LAP BELT,NOT DEPLOYED,NOT APPLICABLE,N,NONE,NA,NA,NONE,NOT APPLICABLE,NOT APPLICABLE,,DRIVER LICENSE,Texas,CLASS C,77514
15274784,2,MOTOR VEHICLE,N,Y,TX,2T1KR32E57C659183,2007,RED,TOYOTA,MATRIX,"PASSENGER CAR, 4-DOOR",N,77521,1,PROOF OF LIABILITY INSURANCE,BACK END DAMAGE DISTRIBUTED IMPACT,DAMAGED 1 MINIMUM,6,FRONT END DAMAGE DISTRIBUTED IMPACT,DAMAGED 1 MINIMUM,12,N,,,NONE,NA,NA,EAST,Y,0,0,0,3,0,0,0,1,DRIVER,FRONT LEFT,NOT INJURED,21,BLACK,MALE,NO,SHOULDER & LAP BELT,NOT DEPLOYED,NOT APPLICABLE,N,NONE,NA,NA,NONE,NOT APPLICABLE,NOT APPLICABLE,,DRIVER LICENSE,Texas,CLASS C,77514
15274784,1,MOTOR VEHICLE,N,Y,TX,KMHDN46D94U794883,2004,BLK,HYUNDAI,ELANTRA,"PASSENGER CAR, 4-DOOR",N,77514,1,PROOF OF LIABILITY INSURANCE,FRONT END DAMAGE DISTRIBUTED IMPACT,DAMAGED 1 MINIMUM,12,NA,NA,NA,N,BATTON WRECKER,800 W. TEXAS   PH#  (713)  385-6513,FOLLOWED TOO CLOSELY,NA,NA,EAST,Y,0,0,0,1,0,0,0,1,DRIVER,FRONT LEFT,NOT INJURED,21,BLACK,MALE,NO,SHOULDER & LAP BELT,NOT DEPLOYED,NOT APPLICABLE,N,NONE,NA,NA,NONE,NOT APPLICABLE,NOT APPLICABLE,,DRIVER LICENSE,Texas,CLASS C,77514
15274784,3,MOTOR VEHICLE,N,Y,UN,,NA,99,NA,NA,UNKNOWN,N,,NA,NA,NA,NA,NA,NA,NA,NA,,,,NONE,NA,NA,EAST,N,0,0,0,0,1,0,0,1,DRIVER,FRONT LEFT,NOT INJURED,45,BLACK,FEMALE,NO,SHOULDER & LAP BELT,NOT DEPLOYED,NOT APPLICABLE,N,NONE,NA,NA,NONE,NOT APPLICABLE,NOT APPLICABLE,,DRIVER LICENSE,Texas,CLASS C,77521
15274784,2,MOTOR VEHICLE,N,Y,TX,2T1KR32E57C659183,2007,RED,TOYOTA,MATRIX,"PASSENGER CAR, 4-DOOR",N,77521,1,PROOF OF LIABILITY INSURANCE,BACK END DAMAGE DISTRIBUTED IMPACT,DAMAGED 1 MINIMUM,6,FRONT END DAMAGE DISTRIBUTED IMPACT,DAMAGED 1 MINIMUM,12,N,,,NONE,NA,NA,EAST,Y,0,0,0,3,0,0,0,1,DRIVER,FRONT LEFT,NOT INJURED,45,BLACK,FEMALE,NO,SHOULDER & LAP BELT,NOT DEPLOYED,NOT APPLICABLE,N,NONE,NA,NA,NONE,NOT APPLICABLE,NOT APPLICABLE,,DRIVER LICENSE,Texas,CLASS C,77521
15274784,1,MOTOR VEHICLE,N,Y,TX,KMHDN46D94U794883,2004,BLK,HYUNDAI,ELANTRA,"PASSENGER CAR, 4-DOOR",N,77514,1,PROOF OF LIABILITY INSURANCE,FRONT END DAMAGE DISTRIBUTED IMPACT,DAMAGED 1 MINIMUM,12,NA,NA,NA,N,BATTON WRECKER,800 W. TEXAS   PH#  (713)  385-6513,FOLLOWED TOO CLOSELY,NA,NA,EAST,Y,0,0,0,1,0,0,0,1,DRIVER,FRONT LEFT,NOT INJURED,45,BLACK,FEMALE,NO,SHOULDER & LAP BELT,NOT DEPLOYED,NOT APPLICABLE,N,NONE,NA,NA,NONE,NOT APPLICABLE,NOT APPLICABLE,,DRIVER LICENSE,Texas,CLASS C,77521
15229623,1,MOTOR VEHICLE,N,Y,TX,1GCHK29U83E374085,2003,RED,CHEVROLET,SILVERADO,PICKUP,N,75691,1,PROOF OF LIABILITY INSURANCE,FRONT END DAMAGE CONCENTRATED IMPACT,DAMAGED 3,NA,NA,NA,NA,N,JOE BOY'S TOWING,JOE BOY'S TOWING STORAGE FACILITY,SPEEDING - (OVERLIMIT),NA,FATIGUED OR ASLEEP,WEST,Y,0,0,0,1,0,0,0,1,DRIVER,FRONT LEFT,NOT INJURED,23,WHITE,MALE,NO,SHOULDER & LAP BELT,"DEPLOYED, FRONT",NOT APPLICABLE,N,NONE,NA,NA,NONE,NOT APPLICABLE,NOT APPLICABLE,,DRIVER LICENSE,Texas,CLASS C,75604
15233079,2,MOTOR VEHICLE,N,Y,UN,,NA,WHI,CHEVROLET,IMPALA,"PASSENGER CAR, 4-DOOR",N,,2,NA,DISTRIBUTED LEFT SIDE DAMAGE PARALLEL IMPACT,NA,9,NA,NA,NA,N,,,FAILED TO DRIVE IN SINGLE LANE,NA,NA,SOUTH,Y,0,0,0,0,1,0,0,1,DRIVER,FRONT LEFT,NOT INJURED,45,HISPANIC,MALE,NO,SHOULDER & LAP BELT,NOT DEPLOYED,NOT APPLICABLE,N,NONE,NA,NA,NONE,NOT APPLICABLE,NOT APPLICABLE,,COMMERCIAL DRIVER LIC.,Texas,CLASS A AND M,75050
15299787,1,MOTOR VEHICLE,N,Y,TX,2G1WH55K929364767,2002,GRY,CHEVROLET,IMPALA,"PASSENGER CAR, 4-DOOR",N,,1,PROOF OF LIABILITY INSURANCE,LEFT FRONT QUARTER DAMAGE ANGULAR IMPACT,DAMAGED 2,1,NA,NA,NA,N,DRIVEN BY DRIVER,DRIVEN BY DRIVER,CHANGED LANE WHEN UNSAFE,NA,NA,SOUTH,Y,0,0,0,0,1,0,0,1,DRIVER,FRONT LEFT,NOT INJURED,34,HISPANIC,MALE,NO,SHOULDER & LAP BELT,NOT DEPLOYED,NOT APPLICABLE,N,NONE,NA,NA,NONE,NOT APPLICABLE,NOT APPLICABLE,,DRIVER LICENSE,Texas,CLASS C,77067
15195647,1,MOTOR VEHICLE,N,Y,TX,2B3CJ4DV5AH193428,NA,GRY,DODGE,CHALLENGER,UNKNOWN,N,78503,1,PROOF OF LIABILITY INSURANCE,LEFT BACK QUARTER DAMAGE ANGULAR IMPACT,DAMAGED 1 MINIMUM,8,NA,NA,NA,N,,,DRIVER INATTENTION,TURNED IMPROPERLY - CUT CORNER ON LEFT,NA,NORTH,Y,0,0,0,1,0,0,0,1,DRIVER,FRONT LEFT,NOT INJURED,28,HISPANIC,MALE,NO,SHOULDER & LAP BELT,NOT DEPLOYED,NOT APPLICABLE,N,NONE,NA,NA,NONE,NOT APPLICABLE,NOT APPLICABLE,,DRIVER LICENSE,Texas,CLASS C,78503
15195647,1,MOTOR VEHICLE,N,Y,TX,2B3CJ4DV5AH193428,NA,GRY,DODGE,CHALLENGER,UNKNOWN,N,78503,1,PROOF OF LIABILITY INSURANCE,LEFT BACK QUARTER DAMAGE ANGULAR IMPACT,DAMAGED 1 MINIMUM,8,NA,NA,NA,N,,,DRIVER INATTENTION,TURNED IMPROPERLY - CUT CORNER ON LEFT,NA,NORTH,Y,0,0,0,1,0,0,0,1,PASSENGER/OCCUPANT,FRONT LEFT,NOT INJURED,18,HISPANIC,MALE,NO,SHOULDER & LAP BELT,NOT DEPLOYED,NOT APPLICABLE,N,NONE,NA,NA,NONE,NOT APPLICABLE,NOT APPLICABLE,,DRIVER LICENSE,Texas,CLASS C,78574
15183451,1,MOTOR VEHICLE,N,Y,TX,2GCEC19R1T1154584,1996,WHI,CHEVROLET,C1500,PICKUP,N,78375,1,LIABILITY INSURANCE POLICY,FRONT END DAMAGE CONCENTRATED IMPACT,DAMAGED 2,NA,NA,NA,NA,N,OWNER,DRIVEN AWAY,FAILED TO DRIVE IN SINGLE LANE,NA,NA,NORTH,Y,0,0,0,1,0,0,0,1,DRIVER,FRONT LEFT,NOT INJURED,25,HISPANIC,FEMALE,NO,SHOULDER & LAP BELT,NOT DEPLOYED,NOT APPLICABLE,N,NONE,NA,NA,NONE,NOT APPLICABLE,NOT APPLICABLE,,DRIVER LICENSE,Texas,CLASS C,78411
15205015,1,MOTOR VEHICLE,N,Y,TX,1GNEV23DX9S129132,NA,SIL,CHEVROLET,TRAVERSE,"PASSENGER CAR, 4-DOOR",N,79603,1,PROOF OF LIABILITY INSURANCE,RIGHT FRONT QUARTER DAMAGE ANGULAR IMPACT,DAMAGED 2,11,NA,NA,NA,Y,DURANTS,CITY IMPOUND,DRIVER INATTENTION,NA,NA,EAST,Y,0,1,0,0,0,1,0,1,DRIVER,FRONT LEFT,NON-INCAPACITATING INJURY,60,BLACK,MALE,NO,SHOULDER & LAP BELT,"DEPLOYED, FRONT",NOT APPLICABLE,N,NONE,NA,NA,NONE,NOT APPLICABLE,NOT APPLICABLE,,DRIVER LICENSE,Texas,CLASS C,79605
15231678,1,MOTOR VEHICLE,N,Y,TX,JTEZU14R948015240,2004,BLU,TOYOTA,4RUNNER,SPORT UTILITY VEHICLE,N,79107,1,PROOF OF LIABILITY INSURANCE,FRONT END DAMAGE DISTRIBUTED IMPACT,DAMAGED 1 MINIMUM,12,NA,NA,NA,N,,,FAILED TO CONTROL SPEED,NA,NA,SOUTH,Y,0,0,0,1,0,0,0,1,DRIVER,FRONT LEFT,NOT INJURED,30,ASIAN,MALE,NO,UNKNOWN,UNKNOWN,NOT APPLICABLE,N,NONE,NA,NA,NONE,NOT APPLICABLE,NOT APPLICABLE,,DRIVER LICENSE,Texas,CLASS C,79107
15243636,1,MOTOR VEHICLE,N,Y,TX,2G1WW12E759122819,2005,SIL,CHEVROLET,MONTE CARLO,"PASSENGER CAR, 4-DOOR",N,79416,1,LIABILITY INSURANCE POLICY,FRONT END (LEFT) DAMAGE PARTIAL CONTACT,DAMAGED 4,10,LEFT BACK QUARTER DAMAGE ANGULAR IMPACT,DAMAGED 3,9,N,LUBBOCK WRECKER,LUBBOCK WRECKER  3209 SLATON HWY   806-7,DISREGARD STOP AND GO SIGNAL,NA,NA,EAST,Y,0,1,0,0,0,1,0,1,DRIVER,FRONT LEFT,NON-INCAPACITATING INJURY,37,WHITE,MALE,NO,SHOULDER & LAP BELT,"DEPLOYED, FRONT",NOT APPLICABLE,N,NONE,NA,NA,NONE,NOT APPLICABLE,NOT APPLICABLE,,DRIVER LICENSE,Texas,CLASS B,79407
15264776,1,MOTOR VEHICLE,N,Y,TX,1FTFW1CT0BFB90807,NA,BLK,FORD,F150,PICKUP,N,78362,2,NA,FRONT END DAMAGE CONCENTRATED IMPACT,DAMAGED 1 MINIMUM,12,NA,NA,NA,N,E & J WRECKER SERVICE,"1225 N. COMMERCIAL, ARANSAS",OTHER (EXPLAIN IN NARRATIVE),NA,HAD BEEN DRINKING,UNKNOWN,Y,0,0,0,0,1,0,0,1,DRIVER,FRONT LEFT,UNKNOWN,32,HISPANIC,MALE,UNKNOWN,UNKNOWN,NOT DEPLOYED,NOT APPLICABLE,N,NONE,NA,NA,NONE,NOT APPLICABLE,NOT APPLICABLE,,DRIVER LICENSE,Texas,CLASS C,783620000
15298142,2,MOTOR VEHICLE,N,Y,UN,,NA,99,JEEP,CHEROKEE,UNKNOWN,N,,2,NA,DISTRIBUTED LEFT SIDE DAMAGE PARALLEL IMPACT,DAMAGED 3,7,NA,NA,NA,N,DROVE FROM SCENE,,NONE,NA,NA,WEST,Y,0,0,0,0,2,0,0,1,DRIVER,FRONT LEFT,NOT INJURED,30,HISPANIC,MALE,NO,SHOULDER & LAP BELT,NOT DEPLOYED,NOT APPLICABLE,N,NONE,NA,NA,NONE,NOT APPLICABLE,NOT APPLICABLE,,DRIVER LICENSE,Texas,CLASS C,78207
15298142,1,MOTOR VEHICLE,N,Y,TX,1GNCS13W0T2124458,1996,BLK,CHEVROLET,BLAZER,UNKNOWN,N,78207,1,PROOF OF LIABILITY INSURANCE,RIGHT FRONT QUARTER DAMAGE ANGULAR IMPACT,DAMAGED 3,1,NA,NA,NA,N,MISSION TOWING,GROWDON IMPOUND,DRIVER INATTENTION,FAILED TO DRIVE IN SINGLE LANE,NA,WEST,Y,0,0,0,1,0,0,0,1,DRIVER,FRONT LEFT,NOT INJURED,30,HISPANIC,MALE,NO,SHOULDER & LAP BELT,NOT DEPLOYED,NOT APPLICABLE,N,NONE,NA,NA,NONE,NOT APPLICABLE,NOT APPLICABLE,,DRIVER LICENSE,Texas,CLASS C,78207
15298142,2,MOTOR VEHICLE,N,Y,UN,,NA,99,JEEP,CHEROKEE,UNKNOWN,N,,2,NA,DISTRIBUTED LEFT SIDE DAMAGE PARALLEL IMPACT,DAMAGED 3,7,NA,NA,NA,N,DROVE FROM SCENE,,NONE,NA,NA,WEST,Y,0,0,0,0,2,0,0,1,DRIVER,FRONT LEFT,NOT INJURED,24,HISPANIC,MALE,NO,SHOULDER & LAP BELT,NOT DEPLOYED,NOT APPLICABLE,N,NONE,NA,NA,NONE,NOT APPLICABLE,NOT APPLICABLE,,DRIVER LICENSE,Texas,CLASS C,78245
15298142,1,MOTOR VEHICLE,N,Y,TX,1GNCS13W0T2124458,1996,BLK,CHEVROLET,BLAZER,UNKNOWN,N,78207,1,PROOF OF LIABILITY INSURANCE,RIGHT FRONT QUARTER DAMAGE ANGULAR IMPACT,DAMAGED 3,1,NA,NA,NA,N,MISSION TOWING,GROWDON IMPOUND,DRIVER INATTENTION,FAILED TO DRIVE IN SINGLE LANE,NA,WEST,Y,0,0,0,1,0,0,0,1,DRIVER,FRONT LEFT,NOT INJURED,24,HISPANIC,MALE,NO,SHOULDER & LAP BELT,NOT DEPLOYED,NOT APPLICABLE,N,NONE,NA,NA,NONE,NOT APPLICABLE,NOT APPLICABLE,,DRIVER LICENSE,Texas,CLASS C,78245
15148452,1,MOTOR VEHICLE,N,Y,TX,4T1BF12B7VU193495,1997,BLU,TOYOTA,AVALON,"PASSENGER CAR, 4-DOOR",N,78209,1,PROOF OF LIABILITY INSURANCE,FRONT END (LEFT) DAMAGE PARTIAL CONTACT,DAMAGED 1 MINIMUM,12,NA,NA,NA,N,CONTRACT,GROWDON,DRIVER INATTENTION,FAULTY EVASIVE ACTION,NA,EAST,Y,0,0,0,1,0,0,0,1,DRIVER,FRONT LEFT,NOT INJURED,22,UNKNOWN,UNKNOWN,UNKNOWN,UNKNOWN,UNKNOWN,NOT APPLICABLE,N,NONE,NA,NA,NONE,NOT APPLICABLE,NOT APPLICABLE,,DRIVER LICENSE,Texas,CLASS C,78209