CRASH_ID,UNIT_NBR,UNIT_DESC_ID,VEH_PARKED_FL,VEH_HNR_FL,VEH_LIC_STATE_ID,VIN,VEH_MOD_YEAR,VEH_COLOR_ID,VEH_MAKE_ID,VEH_MOD_ID,VEH_BODY_STYL_ID,EMER_RESPNDR_FL,OWNR_ZIP,FIN_RESP_PROOF_ID,FIN_RESP_TYPE_ID,VEH_DMAG_AREA_1_ID,VEH_DMAG_SCL_1_ID,FORCE_DIR_1_ID,VEH_DMAG_AREA_2_ID,VEH_DMAG_SCL_2_ID,FORCE_DIR_2_ID,VEH_INVENTORIED_FL,VEH_TRANSP_NAME,VEH_TRANSP_DEST,CONTRIB_FACTR_1_ID,CONTRIB_FACTR_2_ID,CONTRIB_FACTR_P1_ID,VEH_TRVL_DIR_ID,FIRST_HARM_EVT_INV_ID,INCAP_INJRY_CNT,NONINCAP_INJRY_CNT,POSS_INJRY_CNT,NON_INJRY_CNT,UNKN_INJRY_CNT,TOT_INJRY_CNT,DEATH_CNT,PRSN_NBR,PRSN_TYPE_ID,PRSN_OCCPNT_POS_ID,PRSN_INJRY_SEV_ID,PRSN_AGE,PRSN_ETHNICITY_ID,PRSN_GNDR_ID,PRSN_EJCT_ID,PRSN_REST_ID,PRSN_AIRBAG_ID,PRSN_HELMET_ID,PRSN_SOL_FL,PRSN_ALC_SPEC_TYPE_ID,PRSN_ALC_RSLT_ID,PRSN_BAC_TEST_RSLT,PRSN_DRG_SPEC_TYPE_ID,PRSN_DRG_RSLT_ID,DRVR_DRG_CAT_1_ID,PRSN_DEATH_TIME,DRVR_LIC_TYPE_ID,DRVR_LIC_STATE_ID,DRVR_LIC_CLS_ID,DRVR_ZIP
15154370,1,MOTOR VEHICLE,N,Y,TX,JTDBL40EX99021482,NA,GRY,TOYOTA,COROLLA,"PASSENGER CAR, 4-DOOR",N,79411,1,PROOF OF LIABILITY INSURANCE,FRONT END (RIGHT)  DAMAGE PARTIAL CONTACT,DAMAGED 1 MINIMUM,1,NA,NA,NA,N,FLED THE SCENE,,CHANGED LANE WHEN UNSAFE,DRIVER INATTENTION,NA,NORTH,Y,0,0,0,1,0,0,0,1,DRIVER,FRONT LEFT,NOT INJURED,44,WHITE,MALE,NO,SHOULDER & LAP BELT,NOT DEPLOYED,NOT APPLICABLE,N,NONE,NA,NA,NONE,NOT APPLICABLE,NOT APPLICABLE,,DRIVER LICENSE,Texas,CLASS C,79411
15154370,1,MOTOR VEHICLE,N,Y,TX,JTDBL40EX99021482,NA,GRY,TOYOTA,COROLLA,"PASSENGER CAR, 4-DOOR",N,79411,1,PROOF OF LIABILITY INSURANCE,FRONT END (RIGHT)  DAMAGE PARTIAL CONTACT,DAMAGED 1 MINIMUM,1,NA,NA,NA,N,FLED THE SCENE,,CHANGED LANE WHEN UNSAFE,DRIVER INATTENTION,NA,NORTH,Y,0,0,0,1,0,0,0,1,DRIVER,FRONT LEFT,NOT INJURED,23,WHITE,FEMALE,NO,SHOULDER & LAP BELT,NOT DEPLOYED,NOT APPLICABLE,N,NONE,NA,NA,NONE,NOT APPLICABLE,NOT APPLICABLE,,DRIVER LICENSE,Texas,CLASS C,79410
15172104,1,MOTOR VEHICLE,N,Y,TX,2C3CCACG9CH277446,NA,RED,CHRYSLER,300,"PASSENGER CAR, 4-DOOR",N,,3,PROOF OF LIABILITY INSURANCE,FRONT END (RIGHT)  DAMAGE PARTIAL CONTACT,DAMAGED 2,12,NA,NA,NA,N,FLED THE SCENE,FLED THE SCENE,FAILED TO DRIVE IN SINGLE LANE,NA,NA,SOUTH,Y,0,0,0,1,0,0,0,1,DRIVER,FRONT LEFT,NOT INJURED,21,HISPANIC,FEMALE,NO,UNKNOWN,NOT DEPLOYED,NOT APPLICABLE,N,NONE,NA,NA,NONE,NOT APPLICABLE,NOT APPLICABLE,,DRIVER LICENSE,Texas,CLASS C,79407
15189652,1,MOTOR VEHICLE,N,Y,TX,2HKYF186X4H530548,2004,GRN,HONDA,PILOT,SPORT UTILITY VEHICLE,N,76208,1,PROOF OF LIABILITY INSURANCE,FRONT END (LEFT) DAMAGE PARTIAL CONTACT,DAMAGED 4,12,NA,NA,NA,N,,,FAILED TO DRIVE IN SINGLE LANE,NA,FATIGUED OR ASLEEP,SOUTH,Y,0,0,0,1,0,0,0,1,DRIVER,FRONT LEFT,NOT INJURED,22,WHITE,MALE,NO,SHOULDER & LAP BELT,NOT DEPLOYED,NOT APPLICABLE,N,NONE,NA,NA,NONE,NOT APPLICABLE,NOT APPLICABLE,,DRIVER LICENSE,Texas,CLASS C,76208
15245973,1,MOTOR VEHICLE,N,Y,TX,1C3CCBAB5DN669362,NA,BLK,CHRYSLER,200,"PASSENGER CAR, 4-DOOR",N,75149,1,PROOF OF LIABILITY INSURANCE,FRONT END DAMAGE CONCENTRATED IMPACT,DAMAGED 1 MINIMUM,12,NA,NA,NA,Y,WILLIAMS,WILLIAMS,FLEEING OR EVADING POLICE,UNSAFE SPEED,NA,SOUTHWEST,Y,0,0,0,1,0,0,0,1,DRIVER,FRONT LEFT,NOT INJURED,23,UNKNOWN,MALE,NO,UNKNOWN,NOT DEPLOYED,NOT APPLICABLE,N,BLOOD,NA,NA,BLOOD,UNKNOWN,UNKNOWN,,DRIVER LICENSE,Texas,CLASS C,75149
15146004,1,MOTOR VEHICLE,N,Y,TX,2GCEC19VX51321041,2005,BLU,CHEVROLET,SILVERADO,PICKUP,N,77084,2,NA,FRONT END DAMAGE CONCENTRATED IMPACT,DAMAGED 4,12,NA,NA,NA,N,ROB'S TOWING AND RECOVERY LLC,16102 AVE C,FAILED TO DRIVE IN SINGLE LANE,NA,NA,NORTHWEST,Y,0,0,0,1,0,0,0,1,DRIVER,FRONT LEFT,NOT INJURED,38,WHITE,MALE,NO,SHOULDER & LAP BELT,NOT DEPLOYED,NOT APPLICABLE,N,NONE,NA,NA,NONE,NOT APPLICABLE,NOT APPLICABLE,,DRIVER LICENSE,Texas,CLASS C,77084
15236445,1,MOTOR VEHICLE,N,Y,TX,1FALP52U5VG256578,1997,GRN,FORD,TAURUS,"PASSENGER CAR, 4-DOOR",N,77587,1,LIABILITY INSURANCE POLICY,FRONT END (LEFT) DAMAGE PARTIAL CONTACT,DAMAGED 1 MINIMUM,11,NA,NA,NA,Y,CERNOSEK WRECKER SERVICE,"3124 RED BLUFF, PASADENA",CHANGED LANE WHEN UNSAFE,NA,NA,WEST,Y,0,0,0,1,0,0,0,1,DRIVER,FRONT LEFT,NOT INJURED,23,BLACK,FEMALE,NO,SHOULDER & LAP BELT,NOT DEPLOYED,NOT APPLICABLE,N,NONE,NA,NA,NONE,NOT APPLICABLE,NOT APPLICABLE,,DRIVER LICENSE,Texas,CLASS C,77017
15263326,1,MOTOR VEHICLE,N,Y,TX,1HTMMAAM55H154485,2005,WHI,INTERNATIONAL,UNKNOWN,TRUCK,N,21152,1,PROOF OF LIABILITY INSURANCE,RIGHT FRONT QUARTER DAMAGE ANGULAR IMPACT,DAMAGED 1 MINIMUM,1,NA,NA,NA,N,NOT TOWED,DRIVEN AWAY BY DRIVER,FAILED TO DRIVE IN SINGLE LANE,NA,NA,NORTH,Y,0,0,0,2,0,0,0,1,DRIVER,FRONT LEFT,NOT INJURED,53,BLACK,FEMALE,NO,SHOULDER & LAP BELT,NOT DEPLOYED,NOT APPLICABLE,N,NONE,NA,NA,NONE,NOT APPLICABLE,NOT APPLICABLE,,COMMERCIAL DRIVER LIC.,Texas,CLASS A,77045
15263326,1,MOTOR VEHICLE,N,Y,TX,1HTMMAAM55H154485,2005,WHI,INTERNATIONAL,UNKNOWN,TRUCK,N,21152,1,PROOF OF LIABILITY INSURANCE,RIGHT FRONT QUARTER DAMAGE ANGULAR IMPACT,DAMAGED 1 MINIMUM,1,NA,NA,NA,N,NOT TOWED,DRIVEN AWAY BY DRIVER,FAILED TO DRIVE IN SINGLE LANE,NA,NA,NORTH,Y,0,0,0,2,0,0,0,1,DRIVER,FRONT LEFT,NOT INJURED,79,WHITE,FEMALE,NO,SHOULDER & LAP BELT,NOT DEPLOYED,NOT APPLICABLE,N,NONE,NA,NA,NONE,NOT APPLICABLE,NOT APPLICABLE,,DRIVER LICENSE,Texas,CLASS C,77079
15268014,1,MOTOR VEHICLE,N,Y,UN,,NA,SIL,CHEVROLET,SILVERADO,TRUCK,N,,NA,NA,NA,NA,NA,NA,NA,NA,N,,,CHANGED LANE WHEN UNSAFE,NA,NA,EAST,Y,0,0,0,0,1,0,0,1,DRIVER,FRONT LEFT,POSSIBLE INJURY,38,HISPANIC,MALE,YES,SHOULDER BELT ONLY,"DEPLOYED, FRONT",NOT APPLICABLE,N,NONE,NA,NA,NONE,NOT APPLICABLE,NOT APPLICABLE,,DRIVER LICENSE,Texas,CLASS C,77029
15268014,1,MOTOR VEHICLE,N,Y,UN,,NA,SIL,CHEVROLET,SILVERADO,TRUCK,N,,NA,NA,NA,NA,NA,NA,NA,NA,N,,,CHANGED LANE WHEN UNSAFE,NA,NA,EAST,Y,0,0,0,0,1,0,0,1,DRIVER,FRONT LEFT,NOT INJURED,40,BLACK,FEMALE,NO,SHOULDER & LAP BELT,NOT DEPLOYED,NOT APPLICABLE,N,NONE,NA,NA,NONE,NOT APPLICABLE,NOT APPLICABLE,,DRIVER LICENSE,Texas,CLASS C,77083
15159144,1,MOTOR VEHICLE,N,Y,TX,JTEBT14R630006870,2003,BLK,TOYOTA,4RUNNER,SPORT UTILITY VEHICLE,N,78744,1,PROOF OF LIABILITY INSURANCE,FRONT END DAMAGE DISTRIBUTED IMPACT,DAMAGED 4,12,NA,NA,NA,N,,,FATIGUED OR ASLEEP,NA,NA,EAST,Y,0,1,0,0,0,1,0,1,DRIVER,FRONT LEFT,NON-INCAPACITATING INJURY,24,HISPANIC,MALE,NO,SHOULDER & LAP BELT,NOT DEPLOYED,NOT APPLICABLE,N,NONE,NA,NA,NONE,NOT APPLICABLE,NOT APPLICABLE,,DRIVER LICENSE,Texas,CLASS C,78744
15159144,1,MOTOR VEHICLE,N,Y,TX,JTEBT14R630006870,2003,BLK,TOYOTA,4RUNNER,SPORT UTILITY VEHICLE,N,78744,1,PROOF OF LIABILITY INSURANCE,FRONT END DAMAGE DISTRIBUTED IMPACT,DAMAGED 4,12,NA,NA,NA,N,,,FATIGUED OR ASLEEP,NA,NA,EAST,Y,0,1,0,0,0,1,0,1,UNKNOWN,OUTSIDE VEHICLE,NOT INJURED,41,HISPANIC,MALE,NOT APPLICABLE,NOT APPLICABLE,NOT APPLICABLE,NOT APPLICABLE,N,NONE,NA,NA,NONE,NOT APPLICABLE,NOT APPLICABLE,,DRIVER LICENSE,Texas,CLASS C,78744
15187305,1,MOTOR VEHICLE,N,Y,TX,1GCCS1443X8186509,1999,99,CHEVROLET,S10,UNKNOWN,N,76135,1,PROOF OF LIABILITY INSURANCE,LEFT FRONT QUARTER DAMAGE ANGULAR IMPACT,DAMAGED 1 MINIMUM,11,NA,NA,NA,N,,,PASSED ON RIGHT SHOULDER,NA,NA,WEST,Y,0,0,0,0,1,0,0,1,DRIVER,FRONT LEFT,NOT INJURED,46,WHITE,MALE,NO,SHOULDER & LAP BELT,NOT DEPLOYED,NOT APPLICABLE,N,NONE,NA,NA,NONE,NOT APPLICABLE,NOT APPLICABLE,,DRIVER LICENSE,Texas,CLASS C,76179
15227037,1,MOTOR VEHICLE,N,Y,TX,1FTSW21P35EB51830,2005,BLK,FORD,F250,UNKNOWN,N,78240,1,LIABILITY INSURANCE POLICY,FRONT END (LEFT) DAMAGE PARTIAL CONTACT,DAMAGED 3,11,NA,NA,NA,N,CONTRACT,GROWDON,HAD BEEN DRINKING,NA,NA,EAST,Y,0,0,0,1,0,0,0,1,DRIVER,FRONT LEFT,NOT INJURED,25,HISPANIC,MALE,NO,SHOULDER & LAP BELT,NOT DEPLOYED,NOT APPLICABLE,N,BREATH,Positive,0.156,NONE,NOT APPLICABLE,NOT APPLICABLE,,DRIVER LICENSE,Texas,CLASS C,78240
15227037,1,MOTOR VEHICLE,N,Y,TX,1FTSW21P35EB51830,2005,BLK,FORD,F250,UNKNOWN,N,78240,1,LIABILITY INSURANCE POLICY,FRONT END (LEFT) DAMAGE PARTIAL CONTACT,DAMAGED 3,11,NA,NA,NA,N,CONTRACT,GROWDON,HAD BEEN DRINKING,NA,NA,EAST,Y,0,0,0,1,0,0,0,1,DRIVER,FRONT LEFT,NOT INJURED,30,WHITE,MALE,NO,SHOULDER & LAP BELT,"DEPLOYED, FRONT",NOT APPLICABLE,N,NONE,NA,NA,NONE,NOT APPLICABLE,NOT APPLICABLE,,DRIVER LICENSE,Texas,CLASS C,78250
15227037,1,MOTOR VEHICLE,N,Y,TX,1FTSW21P35EB51830,2005,BLK,FORD,F250,UNKNOWN,N,78240,1,LIABILITY INSURANCE POLICY,FRONT END (LEFT) DAMAGE PARTIAL CONTACT,DAMAGED 3,11,NA,NA,NA,N,CONTRACT,GROWDON,HAD BEEN DRINKING,NA,NA,EAST,Y,0,0,0,1,0,0,0,1,DRIVER,FRONT LEFT,NOT INJURED,30,WHITE,MALE,NO,SHOULDER & LAP BELT,NOT DEPLOYED,NOT APPLICABLE,N,NONE,NA,NA,NONE,NOT APPLICABLE,NOT APPLICABLE,,DRIVER LICENSE,Texas,CLASS C,78250
15163977,1,MOTOR VEHICLE,N,Y,TX,1B7GL2AN6YS774572,2000,BLK,DODGE,DAKOTA,TRUCK,N,75067,1,PROOF OF LIABILITY INSURANCE,FRONT END DAMAGE CONCENTRATED IMPACT,DAMAGED 2,12,LEFT SIDE DAMAGE ANGULAR IMPACT,DAMAGED 1 MINIMUM,9,Y,PRO-TOW,"1006 E MAIN ST, LEWISVILLE, TX 75057",UNDER INFLUENCE - ALCOHOL,NA,NA,NORTH,Y,0,0,0,1,0,0,0,1,DRIVER,FRONT LEFT,NOT INJURED,56,WHITE,FEMALE,NO,SHOULDER & LAP BELT,NOT DEPLOYED,NOT APPLICABLE,N,NONE,NA,NA,NONE,NOT APPLICABLE,NOT APPLICABLE,,DRIVER LICENSE,Texas,CLASS C,75067
15267890,3,MOTOR VEHICLE,N,Y,UN,,2000,GRN,DODGE,CARAVAN,UNKNOWN,N,,NA,NA,NA,NA,NA,NA,NA,NA,N,,,NONE,NA,NA,NORTHWEST,N,0,0,0,0,1,0,0,1,DRIVER,FRONT LEFT,NOT INJURED,45,WHITE,MALE,NO,SHOULDER & LAP BELT,NOT DEPLOYED,NOT APPLICABLE,N,NONE,NA,NA,NONE,NOT APPLICABLE,NOT APPLICABLE,,DRIVER LICENSE,Texas,CLASS C,78258
15267890,3,MOTOR VEHICLE,N,Y,UN,,2000,GRN,DODGE,CARAVAN,UNKNOWN,N,,NA,NA,NA,NA,NA,NA,NA,NA,N,,,NONE,NA,NA,NORTHWEST,N,0,0,0,0,1,0,0,1,DRIVER,FRONT LEFT,NOT INJURED,36,HISPANIC,MALE,NO,SHOULDER & LAP BELT,NOT DEPLOYED,NOT APPLICABLE,N,NONE,NA,NA,NONE,NOT APPLICABLE,NOT APPLICABLE,,DRIVER LICENSE,Texas,CLASS C,78237
15268452,1,MOTOR VEHICLE,N,Y,TX,2B3KA43R47H826672,2007,99,DODGE,CHARGER,"PASSENGER CAR, 4-DOOR",N,,1,PROOF OF LIABILITY INSURANCE,FRONT END (RIGHT)  DAMAGE PARTIAL CONTACT,DAMAGED 5,2,NA,NA,NA,N,DRIVER,HOME,FAILED TO DRIVE IN SINGLE LANE,NA,NA,EAST,Y,0,0,0,1,0,0,0,1,DRIVER,FRONT LEFT,NOT INJURED,23,HISPANIC,MALE,NO,UNKNOWN,"DEPLOYED, FRONT",NOT APPLICABLE,N,NONE,NA,NA,NONE,NOT APPLICABLE,NOT APPLICABLE,,DRIVER LICENSE,Texas,CLASS C,
15279848,1,MOTOR VEHICLE,N,Y,TX,1C6RR7NT8DS607130,NA,BLK,RAM,NA,PICKUP,N,79602,1,PROOF OF LIABILITY INSURANCE,LEFT FRONT QUARTER DAMAGE ANGULAR IMPACT,DAMAGED 2,11,UNDERCARRIAGE DAMAGE ONLY,NO DAMAGE,11,Y,FLORES WRECKER,2349 SANDY ST,FAILED TO DRIVE IN SINGLE LANE,NA,NA,SOUTHEAST,Y,0,0,0,1,0,0,0,1,DRIVER,FRONT LEFT,NOT INJURED,19,WHITE,MALE,NO,SHOULDER & LAP BELT,NOT DEPLOYED,NOT APPLICABLE,N,NONE,NA,NA,NONE,NOT APPLICABLE,NOT APPLICABLE,,DRIVER LICENSE,Texas,CLASS C AND M,79602
15163989,1,MOTOR VEHICLE,N,Y,TX,KM8SC13D86U087132,2006,BLU,HYUNDAI,SANTA FE,SPORT UTILITY VEHICLE,N,76001,1,LIABILITY INSURANCE POLICY,FRONT END DAMAGE DISTRIBUTED IMPACT,DAMAGED 1 MINIMUM,12,NA,NA,NA,N,DRIVEN AWAY FROM SCENE,UNKNOWN,FAILED TO CONTROL SPEED,NA,NA,SOUTH,Y,0,0,0,1,0,0,0,1,DRIVER,FRONT LEFT,NOT INJURED,50,ASIAN,FEMALE,NO,SHOULDER & LAP BELT,NOT DEPLOYED,NOT APPLICABLE,N,NONE,NA,NA,NONE,NOT APPLICABLE,NOT APPLICABLE,,DRIVER LICENSE,Texas,CLASS C,75038
15252700,2,MOTOR VEHICLE,N,Y,TX,1D7HU18258S619217,NA,MAR,DODGE,NA,TRUCK,N,76117,1,PROOF OF LIABILITY INSURANCE,DISTRIBUTED LEFT SIDE DAMAGE PARALLEL IMPACT,DAMAGED 5,9,NA,NA,NA,N,AA WRECKER SERVICE,5709 DENTON HIGHWAY,NONE,NA,NA,SOUTH,Y,0,0,0,2,0,0,0,1,DRIVER,FRONT LEFT,NOT INJURED,23,WHITE,MALE,NO,SHOULDER & LAP BELT,NOT DEPLOYED,NOT APPLICABLE,N,NONE,NA,NA,NONE,NOT APPLICABLE,NOT APPLICABLE,,DRIVER LICENSE,Texas,CLASS C,76117
15252700,1,MOTOR VEHICLE,N,Y,TX,1N4AK24E88C146255,NA,BLK,NISSAN,NA,"PASSENGER CAR, 2-DOOR",N,76180,1,PROOF OF LIABILITY INSURANCE,RIGHT SIDE DAMAGE ANGULAR IMPACT,DAMAGED 5,3,LEFT FRONT QUARTER DAMAGE ANGULAR IMPACT,DAMAGED 5,2,N,,,TURNED IMPROPERLY - WRONG LANE,NA,NA,SOUTH,Y,0,0,0,1,0,0,0,1,DRIVER,FRONT LEFT,NOT INJURED,23,WHITE,MALE,NO,SHOULDER & LAP BELT,NOT DEPLOYED,NOT APPLICABLE,N,NONE,NA,NA,NONE,NOT APPLICABLE,NOT APPLICABLE,,DRIVER LICENSE,Texas,CLASS C,76117
15254580,1,MOTOR VEHICLE,N,Y,UN,1FTPW14535KF01033,2005,99,FORD,F150,UNKNOWN,N,77506,1,PROOF OF LIABILITY INSURANCE,FRONT END (RIGHT)  DAMAGE PARTIAL CONTACT,DAMAGED 1 MINIMUM,1,NA,NA,NA,N,DRIVEN BY OWNER,FROM SCENE,FAILED TO YIELD ROW - PRIVATE DRIVE,NA,NA,WEST,Y,0,0,0,1,0,0,0,1,DRIVER,FRONT LEFT,NOT INJURED,29,HISPANIC,MALE,NO,SHOULDER & LAP BELT,NOT DEPLOYED,NOT APPLICABLE,N,NONE,NA,NA,NONE,NOT APPLICABLE,NOT APPLICABLE,,DRIVER LICENSE,Texas,CLASS C,77506
15254580,1,MOTOR VEHICLE,N,Y,UN,1FTPW14535KF01033,2005,99,FORD,F150,UNKNOWN,N,77506,1,PROOF OF LIABILITY INSURANCE,FRONT END (RIGHT)  DAMAGE PARTIAL CONTACT,DAMAGED 1 MINIMUM,1,NA,NA,NA,N,DRIVEN BY OWNER,FROM SCENE,FAILED TO YIELD ROW - PRIVATE DRIVE,NA,NA,WEST,Y,0,0,0,1,0,0,0,1,DRIVER,FRONT LEFT,NOT INJURED,35,HISPANIC,MALE,NO,SHOULDER & LAP BELT,NOT DEPLOYED,NOT APPLICABLE,N,NONE,NA,NA,NONE,NOT APPLICABLE,NOT APPLICABLE,,DRIVER LICENSE,Texas,CLASS C,77506
15258542,1,MOTOR VEHICLE,N,Y,TX,1D7HU18217S176028,2007,SIL,DODGE,RAM PICKUP OR VAN,TRUCK,N,77551,1,PROOF OF LIABILITY INSURANCE,FRONT END (RIGHT)  DAMAGE PARTIAL CONTACT,DAMAGED 3,1,DISTRIBUTED RIGHT SIDE DAMAGE PARALLEL IMPACT,DAMAGED 2,5,Y,,,FAILED TO DRIVE IN SINGLE LANE,HAD BEEN DRINKING,NA,WEST,Y,0,1,0,0,0,1,0,1,DRIVER,FRONT LEFT,NON-INCAPACITATING INJURY,19,WHITE,MALE,NO,SHOULDER & LAP BELT,"DEPLOYED, FRONT",NOT APPLICABLE,N,BREATH,Positive,0.13,NONE,NOT APPLICABLE,NOT APPLICABLE,,DRIVER LICENSE,Texas,UNKNOWN,77551
15294522,1,MOTOR VEHICLE,N,Y,TX,5TBRN34124S445042,2004,GRY,TOYOTA,TUNDRA,PICKUP,N,77336,1,PROOF OF LIABILITY INSURANCE,FRONT END (RIGHT)  DAMAGE PARTIAL CONTACT,DAMAGED 4,12,NA,NA,NA,Y,LONGS TOWING 832-218-0100,4201 LANGLEY RD HOUSTON TX 77093,UNDER INFLUENCE - ALCOHOL,NA,NA,EAST,Y,0,0,0,1,0,0,0,1,DRIVER,FRONT LEFT,NOT INJURED,40,ASIAN,MALE,NO,SHOULDER & LAP BELT,NOT DEPLOYED,NOT APPLICABLE,N,BLOOD,Positive,0.168,NONE,NOT APPLICABLE,NOT APPLICABLE,,DRIVER LICENSE,Texas,CLASS C,77336
15294522,1,MOTOR VEHICLE,N,Y,TX,5TBRN34124S445042,2004,GRY,TOYOTA,TUNDRA,PICKUP,N,77336,1,PROOF OF LIABILITY INSURANCE,FRONT END (RIGHT)  DAMAGE PARTIAL CONTACT,DAMAGED 4,12,NA,NA,NA,Y,LONGS TOWING 832-218-0100,4201 LANGLEY RD HOUSTON TX 77093,UNDER INFLUENCE - ALCOHOL,NA,NA,EAST,Y,0,0,0,1,0,0,0,1,DRIVER,FRONT LEFT,NOT INJURED,30,WHITE,MALE,NO,SHOULDER & LAP BELT,NOT DEPLOYED,NOT APPLICABLE,N,NONE,NA,NA,NONE,NOT APPLICABLE,NOT APPLICABLE,,DRIVER LICENSE,Texas,CLASS C,77357
15281626,1,MOTOR VEHICLE,N,Y,TX,4A3AA46G52E113297,2002,SIL,MITSUBISHI,GALANT,"PASSENGER CAR, 4-DOOR",N,78840,1,PROOF OF LIABILITY INSURANCE,FRONT END (RIGHT)  DAMAGE PARTIAL CONTACT,DAMAGED 4,1,RIGHT FRONT QUARTER DAMAGE ANGULAR IMPACT,DAMAGED 3,1,N,PARKED AT RESIDENCE,PARKED AT RESIDENCE,HAD BEEN DRINKING,NA,NA,EAST,Y,0,0,0,1,0,0,0,1,DRIVER,FRONT LEFT,NOT INJURED,24,HISPANIC,FEMALE,NO,SHOULDER & LAP BELT,"DEPLOYED, FRONT",NOT APPLICABLE,N,NONE,NA,NA,NONE,NOT APPLICABLE,NOT APPLICABLE,,DRIVER LICENSE,Texas,CLASS C,78840
15169519,1,MOTOR VEHICLE,N,Y,TX,3B7KC23Z12M258579,2002,WHI,DODGE,RAM 1500,PICKUP,N,77345,1,PROOF OF LIABILITY INSURANCE,FRONT END DAMAGE CONCENTRATED IMPACT,DAMAGED 5,12,NA,NA,NA,Y,HAULIN IRON,5901 NORTH FRWY,FAILED TO CONTROL SPEED,FOLLOWED TOO CLOSELY,DRIVER INATTENTION,WEST,Y,0,0,0,1,0,0,0,1,DRIVER,FRONT LEFT,NOT INJURED,56,WHITE,MALE,NO,SHOULDER & LAP BELT,NOT DEPLOYED,NOT APPLICABLE,N,NONE,NA,NA,NONE,NOT APPLICABLE,NOT APPLICABLE,,DRIVER LICENSE,Texas,CLASS C AND M,77345
15169519,1,MOTOR VEHICLE,N,Y,TX,3B7KC23Z12M258579,2002,WHI,DODGE,RAM 1500,PICKUP,N,77345,1,PROOF OF LIABILITY INSURANCE,FRONT END DAMAGE CONCENTRATED IMPACT,DAMAGED 5,12,NA,NA,NA,Y,HAULIN IRON,5901 NORTH FRWY,FAILED TO CONTROL SPEED,FOLLOWED TOO CLOSELY,DRIVER INATTENTION,WEST,Y,0,0,0,1,0,0,0,1,DRIVER,FRONT LEFT,NON-INCAPACITATING INJURY,66,ASIAN,MALE,NO,SHOULDER & LAP BELT,"DEPLOYED, FRONT",NOT APPLICABLE,N,NONE,NA,NA,OTHER (EXPLAIN IN NARRATIVE),NOT APPLICABLE,NOT APPLICABLE,,DRIVER LICENSE,Texas,CLASS C,77095
15169519,1,MOTOR VEHICLE,N,Y,TX,3B7KC23Z12M258579,2002,WHI,DODGE,RAM 1500,PICKUP,N,77345,1,PROOF OF LIABILITY INSURANCE,FRONT END DAMAGE CONCENTRATED IMPACT,DAMAGED 5,12,NA,NA,NA,Y,HAULIN IRON,5901 NORTH FRWY,FAILED TO CONTROL SPEED,FOLLOWED TOO CLOSELY,DRIVER INATTENTION,WEST,Y,0,0,0,1,0,0,0,1,DRIVER,FRONT LEFT,NOT INJURED,46,WHITE,FEMALE,NO,SHOULDER & LAP BELT,NOT DEPLOYED,NOT APPLICABLE,N,NONE,NA,NA,NONE,NOT APPLICABLE,NOT APPLICABLE,,DRIVER LICENSE,Texas,CLASS C,77375
15215534,1,MOTOR VEHICLE,N,Y,TN,1G8AL52F14Z119116,2004,GRY,SATURN,ION,"PASSENGER CAR, 4-DOOR",N,37862,2,NA,FRONT END DAMAGE CONCENTRATED IMPACT,DAMAGED 2,12,NA,NA,NA,N,DEWITT WRECKER,DEWITT WRECKER,FAILED TO DRIVE IN SINGLE LANE,NA,DRIVER INATTENTION,WEST,Y,0,0,1,0,0,1,0,1,DRIVER OF MOTORCYCLE TYPE VEHICLE,FRONT LEFT,POSSIBLE INJURY,60,WHITE,MALE,NOT APPLICABLE,NOT APPLICABLE,NOT APPLICABLE,"WORN, DAMAGED",N,NONE,NA,NA,NONE,NOT APPLICABLE,NOT APPLICABLE,,COMMERCIAL DRIVER LIC.,Texas,CLASS A AND M,77539
15215746,1,MOTOR VEHICLE,N,Y,TX,KMHDU4AD3AU916210,NA,SIL,HYUNDAI,NA,"PASSENGER CAR, 4-DOOR",N,75007,2,NA,FRONT END DAMAGE DISTRIBUTED IMPACT,DAMAGED 2,12,DISTRIBUTED RIGHT SIDE DAMAGE PARALLEL IMPACT,DAMAGED 3,12,N,,,FAILED TO CONTROL SPEED,NA,NA,NORTH,Y,0,0,0,1,0,0,0,1,DRIVER,FRONT LEFT,NOT INJURED,24,BLACK,FEMALE,NO,SHOULDER & LAP BELT,NOT DEPLOYED,NOT APPLICABLE,N,NONE,NA,NA,NONE,NOT APPLICABLE,NOT APPLICABLE,,DRIVER LICENSE,Texas,CLASS C,75007