CRASH_ID,UNIT_NBR,UNIT_DESC_ID,VEH_PARKED_FL,VEH_HNR_FL,VEH_LIC_STATE_ID,VIN,VEH_MOD_YEAR,VEH_COLOR_ID,VEH_MAKE_ID,VEH_MOD_ID,VEH_BODY_STYL_ID,EMER_RESPNDR_FL,OWNR_ZIP,FIN_RESP_PROOF_ID,FIN_RESP_TYPE_ID,VEH_DMAG_AREA_1_ID,VEH_DMAG_SCL_1_ID,FORCE_DIR_1_ID,VEH_DMAG_AREA_2_ID,VEH_DMAG_SCL_2_ID,FORCE_DIR_2_ID,VEH_INVENTORIED_FL,VEH_TRANSP_NAME,VEH_TRANSP_DEST,CONTRIB_FACTR_1_ID,CONTRIB_FACTR_2_ID,CONTRIB_FACTR_P1_ID,VEH_TRVL_DIR_ID,FIRST_HARM_EVT_INV_ID,INCAP_INJRY_CNT,NONINCAP_INJRY_CNT,POSS_INJRY_CNT,NON_INJRY_CNT,UNKN_INJRY_CNT,TOT_INJRY_CNT,DEATH_CNT,PRSN_NBR,PRSN_TYPE_ID,PRSN_OCCPNT_POS_ID,PRSN_INJRY_SEV_ID,PRSN_AGE,PRSN_ETHNICITY_ID,PRSN_GNDR_ID,PRSN_EJCT_ID,PRSN_REST_ID,PRSN_AIRBAG_ID,PRSN_HELMET_ID,PRSN_SOL_FL,PRSN_ALC_SPEC_TYPE_ID,PRSN_ALC_RSLT_ID,PRSN_BAC_TEST_RSLT,PRSN_DRG_SPEC_TYPE_ID,PRSN_DRG_RSLT_ID,DRVR_DRG_CAT_1_ID,PRSN_DEATH_TIME,DRVR_LIC_TYPE_ID,DRVR_LIC_STATE_ID,DRVR_LIC_CLS_ID,DRVR_ZIP
15360658,1,MOTOR VEHICLE,N,Y,TX,1C6RD6FT6CS182464,NA,WHI,DODGE,UNKNOWN,PICKUP,N,79764,2,CERTIFICATE OF DEPOSIT WITH COMPTROLLER,FRONT END DAMAGE CONCENTRATED IMPACT,DAMAGED 3,2,BACK END DAMAGE DISTRIBUTED IMPACT,DAMAGED 3,6,N,NOT TOWED,NOT TOWED,FAILED TO CONTROL SPEED,NA,NA,WEST,Y,0,0,0,1,0,0,0,1,DRIVER,FRONT LEFT,NOT INJURED,19,WHITE,MALE,NO,UNKNOWN,NOT DEPLOYED,NOT APPLICABLE,N,NONE,NA,NA,NONE,NOT APPLICABLE,NOT APPLICABLE,,DRIVER LICENSE,Texas,CLASS C,79763
15429795,1,MOTOR VEHICLE,N,Y,TX,1GCEC14XX7Z156529,2007,WHI,CHEVROLET,SILVERADO,PICKUP,N,76710,1,PROOF OF LIABILITY INSURANCE,FRONT END (RIGHT)  DAMAGE PARTIAL CONTACT,DAMAGED 1 MINIMUM,1,NA,NA,NA,N,LEFT THE SCENE,,DRIVER INATTENTION,NA,UNDER INFLUENCE - ALCOHOL,SOUTH,Y,0,0,0,1,0,0,0,1,DRIVER,FRONT LEFT,NOT INJURED,42,HISPANIC,MALE,NO,UNKNOWN,UNKNOWN,NOT APPLICABLE,N,NONE,NA,NA,NONE,NOT APPLICABLE,NOT APPLICABLE,,DRIVER LICENSE,Texas,CLASS C,76710
15471728,1,MOTOR VEHICLE,N,Y,TX,3FAFP11383R100474,2003,WHI,FORD,ESCORT,"PASSENGER CAR, 4-DOOR",N,78504,1,PROOF OF LIABILITY INSURANCE,FRONT END DAMAGE DISTRIBUTED IMPACT,DAMAGED 3,12,NA,NA,NA,N,FLED THE SCENE,,FAILED TO CONTROL SPEED,NA,HAD BEEN DRINKING,NORTH,Y,0,0,0,1,0,0,0,1,DRIVER,FRONT LEFT,NOT INJURED,28,HISPANIC,MALE,NO,UNKNOWN,NOT DEPLOYED,NOT APPLICABLE,N,REFUSED,NA,NA,NONE,NOT APPLICABLE,NOT APPLICABLE,,DRIVER LICENSE,Texas,CLASS C,78541
15471728,1,MOTOR VEHICLE,N,Y,TX,3FAFP11383R100474,2003,WHI,FORD,ESCORT,"PASSENGER CAR, 4-DOOR",N,78504,1,PROOF OF LIABILITY INSURANCE,FRONT END DAMAGE DISTRIBUTED IMPACT,DAMAGED 3,12,NA,NA,NA,N,FLED THE SCENE,,FAILED TO CONTROL SPEED,NA,HAD BEEN DRINKING,NORTH,Y,0,0,0,1,0,0,0,1,DRIVER,FRONT LEFT,POSSIBLE INJURY,73,WHITE,FEMALE,NO,SHOULDER & LAP BELT,NOT DEPLOYED,NOT APPLICABLE,N,NONE,NA,NA,NONE,NOT APPLICABLE,NOT APPLICABLE,,DRIVER LICENSE,Texas,CLASS C,78539
15542917,1,MOTOR VEHICLE,N,Y,TX,3FAHP0JA2BR233991,NA,GRY,FORD,FUSION,"PASSENGER CAR, 4-DOOR",N,78213,1,PROOF OF LIABILITY INSURANCE,FRONT END (RIGHT)  DAMAGE PARTIAL CONTACT,DAMAGED 2,1,NA,NA,NA,N,DRIVER,DRIVEN AWAY,UNDER INFLUENCE - ALCOHOL,NA,NA,NORTH,Y,0,0,0,1,0,0,0,1,DRIVER,FRONT LEFT,NOT INJURED,37,WHITE,FEMALE,NO,SHOULDER & LAP BELT,NOT DEPLOYED,NOT APPLICABLE,N,BREATH,Positive,0.24,NONE,NOT APPLICABLE,NOT APPLICABLE,,DRIVER LICENSE,Texas,CLASS C,78213
15542917,1,MOTOR VEHICLE,N,Y,TX,3FAHP0JA2BR233991,NA,GRY,FORD,FUSION,"PASSENGER CAR, 4-DOOR",N,78213,1,PROOF OF LIABILITY INSURANCE,FRONT END (RIGHT)  DAMAGE PARTIAL CONTACT,DAMAGED 2,1,NA,NA,NA,N,DRIVER,DRIVEN AWAY,UNDER INFLUENCE - ALCOHOL,NA,NA,NORTH,Y,0,0,0,1,0,0,0,1,DRIVER,FRONT LEFT,NOT INJURED,38,WHITE,MALE,NO,SHOULDER & LAP BELT,NOT DEPLOYED,NOT APPLICABLE,N,NONE,NA,NA,NONE,NOT APPLICABLE,NOT APPLICABLE,,DRIVER LICENSE,Texas,CLASS C,78249
15717892,1,MOTOR VEHICLE,N,Y,TX,JTKDE177760090051,2006,WHI,TOYOTA,SCION TC,"PASSENGER CAR, 2-DOOR",N,79029,1,LIABILITY INSURANCE POLICY,VEHICLE BURNED,DAMAGED 7 HIGHEST,12,NA,NA,NA,N,CANYON TOWING,"24430 US HWY 87, CANYON TEXAS 79015",FLEEING OR EVADING POLICE,FAILED TO CONTROL SPEED,NA,NORTH,Y,0,0,0,1,0,0,0,1,DRIVER,FRONT LEFT,NOT INJURED,30,WHITE,MALE,NO,UNKNOWN,UNKNOWN,NOT APPLICABLE,N,NONE,NA,NA,NONE,NOT APPLICABLE,NOT APPLICABLE,,DRIVER LICENSE,Texas,CLASS C,79065
15518925,1,MOTOR VEHICLE,N,Y,TX,1J4GX48S63C539419,2003,WHI,JEEP,GRAND CHEROKEE,SPORT UTILITY VEHICLE,N,78046,1,PROOF OF LIABILITY INSURANCE,DISTRIBUTED RIGHT SIDE DAMAGE PARALLEL IMPACT,DAMAGED 3,5,NA,NA,NA,Y,CITY TOWING,2320 GUADALUPE ST,FAILED TO CONTROL SPEED,NA,NA,EAST,Y,0,0,0,1,0,0,0,1,DRIVER,FRONT LEFT,NOT INJURED,25,HISPANIC,MALE,NO,SHOULDER & LAP BELT,NOT DEPLOYED,NOT APPLICABLE,N,NONE,NA,NA,NONE,NOT APPLICABLE,NOT APPLICABLE,,DRIVER LICENSE,Texas,CLASS C,78043
15525961,1,MOTOR VEHICLE,N,Y,TX,3GNEC12T94G152149,2004,SIL,CHEVROLET,AVALANCHE,PICKUP,N,76707,1,PROOF OF LIABILITY INSURANCE,FRONT END DAMAGE DISTRIBUTED IMPACT,DAMAGED 7 HIGHEST,12,NA,NA,NA,N,DRIVEN FROM SCENE,,DRIVER INATTENTION,FAILED TO CONTROL SPEED,NA,NORTH,Y,0,1,0,0,0,1,0,1,DRIVER,FRONT LEFT,NON-INCAPACITATING INJURY,21,ASIAN,FEMALE,NO,SHOULDER & LAP BELT,"DEPLOYED, FRONT",NOT APPLICABLE,N,NONE,NA,NA,NONE,NOT APPLICABLE,NOT APPLICABLE,,DRIVER LICENSE,Texas,CLASS C,76707
15341760,3,MOTOR VEHICLE,N,Y,UN,,NA,99,NA,NA,UNKNOWN,N,,NA,NA,NA,NA,NA,NA,NA,NA,,,,NONE,NA,NA,SOUTHEAST,N,0,0,0,0,1,0,0,1,DRIVER,FRONT LEFT,NOT INJURED,46,HISPANIC,MALE,NO,SHOULDER & LAP BELT,NOT DEPLOYED,NOT APPLICABLE,N,NONE,NA,NA,NONE,NOT APPLICABLE,NOT APPLICABLE,,DRIVER LICENSE,Texas,CLASS A,77304
15341760,2,MOTOR VEHICLE,N,Y,TX,1GNEC13T01J215440,2001,GRY,CHEVROLET,TAHOE,"PASSENGER CAR, 4-DOOR",N,77302,1,LIABILITY INSURANCE POLICY,FRONT END DAMAGE CONCENTRATED IMPACT,DAMAGED 1 MINIMUM,12,BACK END DAMAGE CONCENTRATED IMPACT,NO DAMAGE,6,N,,,FAILED TO CONTROL SPEED,NA,NA,SOUTHEAST,Y,0,0,0,1,0,0,0,1,DRIVER,FRONT LEFT,NOT INJURED,46,HISPANIC,MALE,NO,SHOULDER & LAP BELT,NOT DEPLOYED,NOT APPLICABLE,N,NONE,NA,NA,NONE,NOT APPLICABLE,NOT APPLICABLE,,DRIVER LICENSE,Texas,CLASS A,77304
15341760,1,MOTOR VEHICLE,N,Y,TX,1N6BF0LX6DN108239,NA,WHI,NISSAN,VAN,VAN,N,77034,1,LIABILITY INSURANCE POLICY,FRONT END DAMAGE CONCENTRATED IMPACT,DAMAGED 2,12,NA,NA,NA,N,,,FAILED TO CONTROL SPEED,NA,NA,SOUTHEAST,Y,0,0,0,1,0,0,0,1,DRIVER,FRONT LEFT,NOT INJURED,46,HISPANIC,MALE,NO,SHOULDER & LAP BELT,NOT DEPLOYED,NOT APPLICABLE,N,NONE,NA,NA,NONE,NOT APPLICABLE,NOT APPLICABLE,,DRIVER LICENSE,Texas,CLASS A,77304
15363752,1,MOTOR VEHICLE,N,Y,UN,4T4BF3EK5BR122370,NA,BLK,TOYOTA,CAMRY,"PASSENGER CAR, 4-DOOR",N,75904,3,LIABILITY INSURANCE POLICY,FRONT END (RIGHT)  DAMAGE PARTIAL CONTACT,DAMAGED 2,11,NA,NA,NA,N,,,WRONG WAY - ONE WAY ROAD,NA,UNDER INFLUENCE - ALCOHOL,NORTH,Y,0,0,0,1,0,0,0,1,DRIVER,FRONT LEFT,NOT INJURED,21,HISPANIC,FEMALE,NO,SHOULDER & LAP BELT,NOT DEPLOYED,NOT APPLICABLE,N,NONE,NA,NA,NONE,NOT APPLICABLE,NOT APPLICABLE,,DRIVER LICENSE,Texas,CLASS C,75904
15380080,1,MOTOR VEHICLE,N,Y,TX,1GNEC13V04J291522,2004,RED,CHEVROLET,TAHOE,SPORT UTILITY VEHICLE,N,78214,1,LIABILITY INSURANCE POLICY,FRONT END DAMAGE DISTRIBUTED IMPACT,DAMAGED 1 MINIMUM,12,FRONT END (RIGHT)  DAMAGE PARTIAL CONTACT,DAMAGED 1 MINIMUM,1,Y,JOHNNY'S WRECKER SERVICE,315 PAT BOOKER RD.,DRIVER INATTENTION,CHANGED LANE WHEN UNSAFE,NA,NORTH,Y,0,0,0,1,0,0,0,1,DRIVER,FRONT LEFT,NOT INJURED,35,HISPANIC,MALE,NO,SHOULDER & LAP BELT,NOT DEPLOYED,NOT APPLICABLE,N,NONE,NA,NA,NONE,NOT APPLICABLE,NOT APPLICABLE,,COMMERCIAL DRIVER LIC.,Texas,CLASS B,78230
15380080,1,MOTOR VEHICLE,N,Y,TX,1GNEC13V04J291522,2004,RED,CHEVROLET,TAHOE,SPORT UTILITY VEHICLE,N,78214,1,LIABILITY INSURANCE POLICY,FRONT END DAMAGE DISTRIBUTED IMPACT,DAMAGED 1 MINIMUM,12,FRONT END (RIGHT)  DAMAGE PARTIAL CONTACT,DAMAGED 1 MINIMUM,1,Y,JOHNNY'S WRECKER SERVICE,315 PAT BOOKER RD.,DRIVER INATTENTION,CHANGED LANE WHEN UNSAFE,NA,NORTH,Y,0,0,0,1,0,0,0,1,DRIVER,FRONT LEFT,NOT INJURED,61,WHITE,FEMALE,NO,SHOULDER & LAP BELT,NOT DEPLOYED,NOT APPLICABLE,N,NONE,NA,NA,NONE,NOT APPLICABLE,NOT APPLICABLE,,DRIVER LICENSE,Texas,CLASS C,78266
15380080,1,MOTOR VEHICLE,N,Y,TX,1GNEC13V04J291522,2004,RED,CHEVROLET,TAHOE,SPORT UTILITY VEHICLE,N,78214,1,LIABILITY INSURANCE POLICY,FRONT END DAMAGE DISTRIBUTED IMPACT,DAMAGED 1 MINIMUM,12,FRONT END (RIGHT)  DAMAGE PARTIAL CONTACT,DAMAGED 1 MINIMUM,1,Y,JOHNNY'S WRECKER SERVICE,315 PAT BOOKER RD.,DRIVER INATTENTION,CHANGED LANE WHEN UNSAFE,NA,NORTH,Y,0,0,0,1,0,0,0,1,DRIVER,FRONT LEFT,NOT INJURED,30,HISPANIC,MALE,NO,SHOULDER & LAP BELT,NOT DEPLOYED,NOT APPLICABLE,N,NONE,NA,NA,NONE,NOT APPLICABLE,NOT APPLICABLE,,DRIVER LICENSE,Texas,CLASS C,78233
15403219,2,MOTOR VEHICLE,N,Y,UN,,NA,99,NA,NA,UNKNOWN,N,,NA,NA,NA,NA,NA,NA,NA,NA,,,,ROAD RAGE,NA,NA,SOUTH,Y,0,0,0,0,1,0,0,1,DRIVER,FRONT LEFT,NOT INJURED,55,WHITE,MALE,NO,SHOULDER & LAP BELT,NOT DEPLOYED,NOT APPLICABLE,N,NONE,NA,NA,NONE,NOT APPLICABLE,NOT APPLICABLE,,DRIVER LICENSE,Kansas,OTHER/OUT OF STATE,67123
15403219,1,MOTOR VEHICLE,N,Y,KS,4TANL42N1TZ190271,1996,RED,TOYOTA,TACOMA,PICKUP,N,67123,1,PROOF OF LIABILITY INSURANCE,FRONT END DAMAGE DISTRIBUTED IMPACT,DAMAGED 4,1,NA,NA,NA,N,POLANSKY'S WRECKER SERVICE,"820 ABBOTT AVE., HILLSBORO, TX 76645",FAILED TO CONTROL SPEED,ROAD RAGE,NA,SOUTH,Y,0,0,0,1,0,0,0,1,DRIVER,FRONT LEFT,NOT INJURED,55,WHITE,MALE,NO,SHOULDER & LAP BELT,NOT DEPLOYED,NOT APPLICABLE,N,NONE,NA,NA,NONE,NOT APPLICABLE,NOT APPLICABLE,,DRIVER LICENSE,Kansas,OTHER/OUT OF STATE,67123
15334801,1,MOTOR VEHICLE,N,Y,UN,,NA,WHI,UNKNOWN,UNKNOWN,SPORT UTILITY VEHICLE,N,,2,NA,LEFT FRONT QUARTER DAMAGE ANGULAR IMPACT,DAMAGED 3,10,RIGHT FRONT QUARTER DAMAGE ANGULAR IMPACT,DAMAGED 3,2,N,FSGI DRIVER,UNK DESTINATION,NA,NA,DISREGARD STOP AND GO SIGNAL,EAST,Y,0,0,0,2,0,0,0,1,DRIVER,FRONT LEFT,NOT INJURED,30,HISPANIC,MALE,NO,SHOULDER & LAP BELT,NOT DEPLOYED,NOT APPLICABLE,N,NONE,NA,NA,NONE,NOT APPLICABLE,NOT APPLICABLE,,DRIVER LICENSE,Texas,CLASS C,77072
15334801,1,MOTOR VEHICLE,N,Y,UN,,NA,WHI,UNKNOWN,UNKNOWN,SPORT UTILITY VEHICLE,N,,2,NA,LEFT FRONT QUARTER DAMAGE ANGULAR IMPACT,DAMAGED 3,10,RIGHT FRONT QUARTER DAMAGE ANGULAR IMPACT,DAMAGED 3,2,N,FSGI DRIVER,UNK DESTINATION,NA,NA,DISREGARD STOP AND GO SIGNAL,EAST,Y,0,0,0,2,0,0,0,1,DRIVER,FRONT LEFT,NOT INJURED,30,HISPANIC,MALE,NO,SHOULDER & LAP BELT,NOT DEPLOYED,NOT APPLICABLE,N,NONE,NA,NA,NONE,NOT APPLICABLE,NOT APPLICABLE,,DRIVER LICENSE,Texas,CLASS C,77072
15334801,1,MOTOR VEHICLE,N,Y,UN,,NA,WHI,UNKNOWN,UNKNOWN,SPORT UTILITY VEHICLE,N,,2,NA,LEFT FRONT QUARTER DAMAGE ANGULAR IMPACT,DAMAGED 3,10,RIGHT FRONT QUARTER DAMAGE ANGULAR IMPACT,DAMAGED 3,2,N,FSGI DRIVER,UNK DESTINATION,NA,NA,DISREGARD STOP AND GO SIGNAL,EAST,Y,0,0,0,2,0,0,0,1,DRIVER,FRONT LEFT,POSSIBLE INJURY,61,ASIAN,MALE,NO,SHOULDER & LAP BELT,DEPLOYED MULTIPLE,NOT APPLICABLE,N,NONE,NA,NA,NONE,NOT APPLICABLE,NOT APPLICABLE,,DRIVER LICENSE,Texas,CLASS C,77083
15334801,1,MOTOR VEHICLE,N,Y,UN,,NA,WHI,UNKNOWN,UNKNOWN,SPORT UTILITY VEHICLE,N,,2,NA,LEFT FRONT QUARTER DAMAGE ANGULAR IMPACT,DAMAGED 3,10,RIGHT FRONT QUARTER DAMAGE ANGULAR IMPACT,DAMAGED 3,2,N,FSGI DRIVER,UNK DESTINATION,NA,NA,DISREGARD STOP AND GO SIGNAL,EAST,Y,0,0,0,2,0,0,0,1,DRIVER,FRONT LEFT,POSSIBLE INJURY,61,ASIAN,MALE,NO,SHOULDER & LAP BELT,DEPLOYED MULTIPLE,NOT APPLICABLE,N,NONE,NA,NA,NONE,NOT APPLICABLE,NOT APPLICABLE,,DRIVER LICENSE,Texas,CLASS C,77083
15334801,1,MOTOR VEHICLE,N,Y,UN,,NA,WHI,UNKNOWN,UNKNOWN,SPORT UTILITY VEHICLE,N,,2,NA,LEFT FRONT QUARTER DAMAGE ANGULAR IMPACT,DAMAGED 3,10,RIGHT FRONT QUARTER DAMAGE ANGULAR IMPACT,DAMAGED 3,2,N,FSGI DRIVER,UNK DESTINATION,NA,NA,DISREGARD STOP AND GO SIGNAL,EAST,Y,0,0,0,2,0,0,0,1,DRIVER,FRONT LEFT,NOT INJURED,66,ASIAN,MALE,NO,SHOULDER & LAP BELT,NOT DEPLOYED,NOT APPLICABLE,N,NONE,NA,NA,NONE,NOT APPLICABLE,NOT APPLICABLE,,DRIVER LICENSE,Texas,CLASS C,77083
15334801,1,MOTOR VEHICLE,N,Y,UN,,NA,WHI,UNKNOWN,UNKNOWN,SPORT UTILITY VEHICLE,N,,2,NA,LEFT FRONT QUARTER DAMAGE ANGULAR IMPACT,DAMAGED 3,10,RIGHT FRONT QUARTER DAMAGE ANGULAR IMPACT,DAMAGED 3,2,N,FSGI DRIVER,UNK DESTINATION,NA,NA,DISREGARD STOP AND GO SIGNAL,EAST,Y,0,0,0,2,0,0,0,1,DRIVER,FRONT LEFT,NOT INJURED,66,ASIAN,MALE,NO,SHOULDER & LAP BELT,NOT DEPLOYED,NOT APPLICABLE,N,NONE,NA,NA,NONE,NOT APPLICABLE,NOT APPLICABLE,,DRIVER LICENSE,Texas,CLASS C,77083
15349926,1,MOTOR VEHICLE,N,Y,TX,1C4RJFCM2EC521703,NA,99,JEEP,GRAND CHEROKEE,SPORT UTILITY VEHICLE,N,78664,1,PROOF OF LIABILITY INSURANCE,FRONT END DAMAGE DISTRIBUTED IMPACT,DAMAGED 4,12,FRONT END (LEFT) DAMAGE PARTIAL CONTACT,DAMAGED 4,12,N,WESTSIDE RECOVERY: 512-267-5100,13581 RESEARCH BLVD AUSTIN 78750,DISREGARD STOP SIGN OR LIGHT,DRIVER INATTENTION,NA,EAST,Y,0,0,0,1,0,0,0,1,DRIVER,FRONT LEFT,NOT INJURED,48,WHITE,MALE,NO,SHOULDER & LAP BELT,NOT DEPLOYED,NOT APPLICABLE,N,NONE,NA,NA,NONE,NOT APPLICABLE,NOT APPLICABLE,,DRIVER LICENSE,Texas,CLASS C,78664
15387113,1,MOTOR VEHICLE,N,Y,OK,1FT7W3BT6DEA05489,NA,WHI,FORD,F350,PICKUP,N,73135,1,PROOF OF LIABILITY INSURANCE,FRONT END DAMAGE DISTRIBUTED IMPACT,DAMAGED 5,12,NA,NA,NA,N,DRIVEN AWAY BY DRIVER,PARKED AND ABANDONED AT 801 S JBS PKWY,FAILED TO YIELD ROW - TURNING LEFT,HAD BEEN DRINKING,UNDER INFLUENCE - ALCOHOL,NORTH,Y,0,0,0,0,1,0,0,1,DRIVER,FRONT LEFT,UNKNOWN,26,UNKNOWN,MALE,UNKNOWN,UNKNOWN,UNKNOWN,NOT APPLICABLE,N,NONE,NA,NA,NONE,NOT APPLICABLE,NOT APPLICABLE,,DRIVER LICENSE,Texas,CLASS A,78414
15387113,1,MOTOR VEHICLE,N,Y,OK,1FT7W3BT6DEA05489,NA,WHI,FORD,F350,PICKUP,N,73135,1,PROOF OF LIABILITY INSURANCE,FRONT END DAMAGE DISTRIBUTED IMPACT,DAMAGED 5,12,NA,NA,NA,N,DRIVEN AWAY BY DRIVER,PARKED AND ABANDONED AT 801 S JBS PKWY,FAILED TO YIELD ROW - TURNING LEFT,HAD BEEN DRINKING,UNDER INFLUENCE - ALCOHOL,NORTH,Y,0,0,0,0,1,0,0,1,DRIVER,FRONT LEFT,NOT INJURED,54,WHITE,MALE,NO,SHOULDER & LAP BELT,NOT DEPLOYED,NOT APPLICABLE,N,NONE,NA,NA,NONE,NOT APPLICABLE,NOT APPLICABLE,,DRIVER LICENSE,Texas,CLASS C AND M,79762
15496359,1,MOTOR VEHICLE,N,Y,FL,KL8CB6S99EC575296,NA,WHI,CHEVROLET,SPARK,"PASSENGER CAR, 4-DOOR",N,33469,1,PROOF OF LIABILITY INSURANCE,FRONT END DAMAGE CONCENTRATED IMPACT,DAMAGED 1 MINIMUM,12,NA,NA,NA,Y,ACORN TOWING,"2605 W. HWY. 377 GRANBURY, TX 76048",HAD BEEN DRINKING,NA,FATIGUED OR ASLEEP,SOUTH,Y,0,0,0,1,0,0,0,1,DRIVER,FRONT LEFT,NOT INJURED,42,WHITE,MALE,NO,SHOULDER & LAP BELT,NOT DEPLOYED,NOT APPLICABLE,N,BLOOD,NA,NA,NONE,NOT APPLICABLE,NOT APPLICABLE,,DRIVER LICENSE,Florida,OTHER/OUT OF STATE,33469
15326320,2,MOTOR VEHICLE,N,Y,UN,1J4GA39118L636049,NA,99,JEEP,WRANGLER,UNKNOWN,N,75048,1,LIABILITY INSURANCE POLICY,FRONT END DAMAGE DISTRIBUTED IMPACT,DAMAGED 7 HIGHEST,NA,NA,NA,NA,N,SIGNATURE TOWING,"1204 MUNICIPAL AVE, PLANO , TX 75074",UNDER INFLUENCE - ALCOHOL,NA,NA,SOUTH,Y,0,0,0,1,0,0,0,1,DRIVER,FRONT LEFT,POSSIBLE INJURY,33,BLACK,MALE,NO,SHOULDER & LAP BELT,NOT DEPLOYED,NOT APPLICABLE,N,NONE,NA,NA,NONE,NOT APPLICABLE,NOT APPLICABLE,,DRIVER LICENSE,Texas,CLASS C,75243
15326320,2,MOTOR VEHICLE,N,Y,UN,1J4GA39118L636049,NA,99,JEEP,WRANGLER,UNKNOWN,N,75048,1,LIABILITY INSURANCE POLICY,FRONT END DAMAGE DISTRIBUTED IMPACT,DAMAGED 7 HIGHEST,NA,NA,NA,NA,N,SIGNATURE TOWING,"1204 MUNICIPAL AVE, PLANO , TX 75074",UNDER INFLUENCE - ALCOHOL,NA,NA,SOUTH,Y,0,0,0,1,0,0,0,1,DRIVER,FRONT LEFT,NOT INJURED,49,WHITE,MALE,NO,SHOULDER & LAP BELT,DEPLOYED MULTIPLE,NOT APPLICABLE,N,BLOOD,Positive,0.193,NONE,NOT APPLICABLE,NOT APPLICABLE,,DRIVER LICENSE,Texas,CLASS C,75048
15462321,1,MOTOR VEHICLE,N,Y,TX,3MEHM08137R656187,2007,SIL,MERCURY,MILAN,"PASSENGER CAR, 4-DOOR",N,78702,1,LIABILITY INSURANCE POLICY,LEFT FRONT QUARTER DAMAGE ANGULAR IMPACT,DAMAGED 3,11,LEFT BACK QUARTER DAMAGE ANGULAR IMPACT,DAMAGED 2,8,N,MR EAST,2405 SANTA ROSA ST,FAULTY EVASIVE ACTION,FLEEING OR EVADING POLICE,NA,SOUTHEAST,Y,0,1,0,0,0,1,0,1,DRIVER,FRONT LEFT,NOT INJURED,28,HISPANIC,MALE,NO,SHOULDER & LAP BELT,NOT DEPLOYED,NOT APPLICABLE,N,NONE,NA,NA,NONE,NOT APPLICABLE,NOT APPLICABLE,,DRIVER LICENSE,Texas,CLASS C,78660
15320338,1,MOTOR VEHICLE,N,Y,TX,1GCEK14T31Z258763,2001,RED,CHEVROLET,SILVERADO,PICKUP,N,79415,1,PROOF OF LIABILITY INSURANCE,FRONT END DAMAGE DISTRIBUTED IMPACT,DAMAGED 1 MINIMUM,12,NA,NA,NA,N,FLED THE SCENE,,FAILED TO CONTROL SPEED,NA,DRIVER INATTENTION,WEST,Y,0,0,0,1,0,0,0,1,DRIVER,FRONT LEFT,NOT INJURED,16,HISPANIC,MALE,NO,UNKNOWN,UNKNOWN,NOT APPLICABLE,N,NONE,NA,NA,NONE,NOT APPLICABLE,NOT APPLICABLE,,DRIVER LICENSE,Texas,CLASS C,79416
15320338,1,MOTOR VEHICLE,N,Y,TX,1GCEK14T31Z258763,2001,RED,CHEVROLET,SILVERADO,PICKUP,N,79415,1,PROOF OF LIABILITY INSURANCE,FRONT END DAMAGE DISTRIBUTED IMPACT,DAMAGED 1 MINIMUM,12,NA,NA,NA,N,FLED THE SCENE,,FAILED TO CONTROL SPEED,NA,DRIVER INATTENTION,WEST,Y,0,0,0,1,0,0,0,1,DRIVER,FRONT LEFT,POSSIBLE INJURY,30,WHITE,MALE,NO,SHOULDER & LAP BELT,NOT DEPLOYED,NOT APPLICABLE,N,NONE,NA,NA,NONE,NOT APPLICABLE,NOT APPLICABLE,,DRIVER LICENSE,Texas,CLASS C,79414
15429048,1,MOTOR VEHICLE,N,Y,UN,,NA,WHI,MERCEDES-BENZ,UNKNOWN,VAN,N,,2,NA,FRONT END (LEFT) DAMAGE PARTIAL CONTACT,DAMAGED 1 MINIMUM,1,NA,NA,NA,N,,,NONE,NA,NA,WEST,Y,0,0,0,0,1,0,0,1,DRIVER,FRONT LEFT,NOT INJURED,27,WHITE,MALE,NO,SHOULDER & LAP BELT,DEPLOYED MULTIPLE,NOT APPLICABLE,N,NONE,NA,NA,NONE,NOT APPLICABLE,NOT APPLICABLE,,DRIVER LICENSE,Texas,CLASS C,77072
15473635,1,MOTOR VEHICLE,N,Y,TX,4M2ZU52P7WUJ06749,1998,WHI,MERCURY,MOUNTAINEER,SPORT UTILITY VEHICLE,N,79411,1,PROOF OF LIABILITY INSURANCE,FRONT END (RIGHT)  DAMAGE PARTIAL CONTACT,DAMAGED 3,2,DISTRIBUTED RIGHT SIDE DAMAGE PARALLEL IMPACT,DAMAGED 2,3,N,LUBBOCK WRECKER,LUBBOCK WRECKER  3209 SLATON HWY   806-7,FAILED TO DRIVE IN SINGLE LANE,NA,UNSAFE SPEED,SOUTHEAST,Y,0,0,1,0,0,1,0,1,DRIVER,FRONT LEFT,POSSIBLE INJURY,23,HISPANIC,FEMALE,NO,SHOULDER & LAP BELT,NOT DEPLOYED,NOT APPLICABLE,N,NONE,NA,NA,NONE,NOT APPLICABLE,NOT APPLICABLE,,DRIVER LICENSE,Texas,CLASS C,79415