CRASH_ID,UNIT_NBR,UNIT_DESC_ID,VEH_PARKED_FL,VEH_HNR_FL,VEH_LIC_STATE_ID,VIN,VEH_MOD_YEAR,VEH_COLOR_ID,VEH_MAKE_ID,VEH_MOD_ID,VEH_BODY_STYL_ID,EMER_RESPNDR_FL,OWNR_ZIP,FIN_RESP_PROOF_ID,FIN_RESP_TYPE_ID,VEH_DMAG_AREA_1_ID,VEH_DMAG_SCL_1_ID,FORCE_DIR_1_ID,VEH_DMAG_AREA_2_ID,VEH_DMAG_SCL_2_ID,FORCE_DIR_2_ID,VEH_INVENTORIED_FL,VEH_TRANSP_NAME,VEH_TRANSP_DEST,CONTRIB_FACTR_1_ID,CONTRIB_FACTR_2_ID,CONTRIB_FACTR_P1_ID,VEH_TRVL_DIR_ID,FIRST_HARM_EVT_INV_ID,INCAP_INJRY_CNT,NONINCAP_INJRY_CNT,POSS_INJRY_CNT,NON_INJRY_CNT,UNKN_INJRY_CNT,TOT_INJRY_CNT,DEATH_CNT,PRSN_NBR,PRSN_TYPE_ID,PRSN_OCCPNT_POS_ID,PRSN_INJRY_SEV_ID,PRSN_AGE,PRSN_ETHNICITY_ID,PRSN_GNDR_ID,PRSN_EJCT_ID,PRSN_REST_ID,PRSN_AIRBAG_ID,PRSN_HELMET_ID,PRSN_SOL_FL,PRSN_ALC_SPEC_TYPE_ID,PRSN_ALC_RSLT_ID,PRSN_BAC_TEST_RSLT,PRSN_DRG_SPEC_TYPE_ID,PRSN_DRG_RSLT_ID,DRVR_DRG_CAT_1_ID,PRSN_DEATH_TIME,DRVR_LIC_TYPE_ID,DRVR_LIC_STATE_ID,DRVR_LIC_CLS_ID,DRVR_ZIP
15496390,1,MOTOR VEHICLE,N,Y,TX,3A8FY58B88T224906,NA,BLK,CHRYSLER,PT CRUISER,SPORT UTILITY VEHICLE,N,75038,1,PROOF OF LIABILITY INSURANCE,FRONT END (RIGHT)  DAMAGE PARTIAL CONTACT,DAMAGED 3,NA,NA,NA,NA,Y,EDD'S TOWING (817) 431-4569,"708 KATY RD. FT. WORTH, TX 76244",FAILED TO CONTROL SPEED,UNDER INFLUENCE - ALCOHOL,NA,NORTHWEST,Y,0,0,0,1,0,0,0,1,DRIVER,FRONT LEFT,NOT INJURED,52,WHITE,MALE,NO,SHOULDER & LAP BELT,NOT DEPLOYED,NOT APPLICABLE,N,BLOOD,Negative,0,BLOOD,NOT APPLICABLE,NOT APPLICABLE,,DRIVER LICENSE,Texas,CLASS C,75038
15496390,1,MOTOR VEHICLE,N,Y,TX,3A8FY58B88T224906,NA,BLK,CHRYSLER,PT CRUISER,SPORT UTILITY VEHICLE,N,75038,1,PROOF OF LIABILITY INSURANCE,FRONT END (RIGHT)  DAMAGE PARTIAL CONTACT,DAMAGED 3,NA,NA,NA,NA,Y,EDD'S TOWING (817) 431-4569,"708 KATY RD. FT. WORTH, TX 76244",FAILED TO CONTROL SPEED,UNDER INFLUENCE - ALCOHOL,NA,NORTHWEST,Y,0,0,0,1,0,0,0,1,DRIVER,FRONT LEFT,INCAPACITATING INJURY,62,WHITE,FEMALE,NO,SHOULDER & LAP BELT,NOT DEPLOYED,NOT APPLICABLE,N,NONE,NA,NA,NONE,NOT APPLICABLE,NOT APPLICABLE,,DRIVER LICENSE,Texas,CLASS C,76051
15325470,3,MOTOR VEHICLE,N,Y,TX,KNDMH4C73C6485262,NA,SIL,KIA,SEDONA,VAN,N,76905,2,NA,FRONT END DAMAGE DISTRIBUTED IMPACT,DAMAGED 2,12,NA,NA,NA,N,DRIVER,DRIVEN AWAY,NONE,NA,NA,SOUTH,N,0,0,0,1,0,0,0,1,DRIVER,FRONT LEFT,NOT INJURED,16,HISPANIC,MALE,NO,SHOULDER & LAP BELT,NOT DEPLOYED,NOT APPLICABLE,N,NONE,NA,NA,NONE,NOT APPLICABLE,NOT APPLICABLE,,DRIVER LICENSE,Texas,CLASS C,76901
15325470,3,MOTOR VEHICLE,N,Y,TX,KNDMH4C73C6485262,NA,SIL,KIA,SEDONA,VAN,N,76905,2,NA,FRONT END DAMAGE DISTRIBUTED IMPACT,DAMAGED 2,12,NA,NA,NA,N,DRIVER,DRIVEN AWAY,NONE,NA,NA,SOUTH,N,0,0,0,1,0,0,0,1,DRIVER,FRONT LEFT,NOT INJURED,45,HISPANIC,FEMALE,NO,SHOULDER & LAP BELT,NOT DEPLOYED,NOT APPLICABLE,N,NONE,NA,NA,NONE,NOT APPLICABLE,NOT APPLICABLE,,DRIVER LICENSE,Texas,CLASS C,76903
15356748,2,MOTOR VEHICLE,N,Y,TX,4JGAB57E63A414262,2003,SIL,MERCEDES-BENZ,350-CLASS,SPORT UTILITY VEHICLE,N,76502,1,PROOF OF LIABILITY INSURANCE,RIGHT FRONT QUARTER DAMAGE ANGULAR IMPACT,DAMAGED 2,12,NA,NA,NA,N,DRIVER,LEFT THE SCENE OF ACCIDENT,CHANGED LANE WHEN UNSAFE,NA,DRIVER INATTENTION,SOUTH,Y,0,0,0,0,1,0,0,1,DRIVER,FRONT LEFT,NOT INJURED,27,WHITE,FEMALE,NO,SHOULDER & LAP BELT,NOT DEPLOYED,NOT APPLICABLE,N,NONE,NA,NA,NONE,NOT APPLICABLE,NOT APPLICABLE,,DRIVER LICENSE,Texas,CLASS C,77385
15356748,1,MOTOR VEHICLE,N,Y,TX,JT3GN87R8X0095036,1999,GRN,TOYOTA,4RUNNER,SPORT UTILITY VEHICLE,N,77385,1,PROOF OF LIABILITY INSURANCE,LEFT BACK QUARTER DAMAGE ANGULAR IMPACT,DAMAGED 1 MINIMUM,6,NA,NA,NA,N,DRIVER,DRIVEN AWAY FROM SCENE,NONE,NA,NA,SOUTH,Y,0,0,0,1,0,0,0,1,DRIVER,FRONT LEFT,NOT INJURED,27,WHITE,FEMALE,NO,SHOULDER & LAP BELT,NOT DEPLOYED,NOT APPLICABLE,N,NONE,NA,NA,NONE,NOT APPLICABLE,NOT APPLICABLE,,DRIVER LICENSE,Texas,CLASS C,77385
15356748,2,MOTOR VEHICLE,N,Y,TX,4JGAB57E63A414262,2003,SIL,MERCEDES-BENZ,350-CLASS,SPORT UTILITY VEHICLE,N,76502,1,PROOF OF LIABILITY INSURANCE,RIGHT FRONT QUARTER DAMAGE ANGULAR IMPACT,DAMAGED 2,12,NA,NA,NA,N,DRIVER,LEFT THE SCENE OF ACCIDENT,CHANGED LANE WHEN UNSAFE,NA,DRIVER INATTENTION,SOUTH,Y,0,0,0,0,1,0,0,1,DRIVER,FRONT LEFT,UNKNOWN,70,WHITE,MALE,NO,UNKNOWN,NOT DEPLOYED,NOT APPLICABLE,N,NONE,NA,NA,NONE,NOT APPLICABLE,NOT APPLICABLE,,DRIVER LICENSE,Texas,CLASS C,76513
15356748,1,MOTOR VEHICLE,N,Y,TX,JT3GN87R8X0095036,1999,GRN,TOYOTA,4RUNNER,SPORT UTILITY VEHICLE,N,77385,1,PROOF OF LIABILITY INSURANCE,LEFT BACK QUARTER DAMAGE ANGULAR IMPACT,DAMAGED 1 MINIMUM,6,NA,NA,NA,N,DRIVER,DRIVEN AWAY FROM SCENE,NONE,NA,NA,SOUTH,Y,0,0,0,1,0,0,0,1,DRIVER,FRONT LEFT,UNKNOWN,70,WHITE,MALE,NO,UNKNOWN,NOT DEPLOYED,NOT APPLICABLE,N,NONE,NA,NA,NONE,NOT APPLICABLE,NOT APPLICABLE,,DRIVER LICENSE,Texas,CLASS C,76513
15372843,1,MOTOR VEHICLE,N,Y,TX,1G1ZT52875F228802,2005,GRN,CHEVROLET,MALIBU,PICKUP,N,77520,1,PROOF OF LIABILITY INSURANCE,RIGHT FRONT QUARTER DAMAGE ANGULAR IMPACT,DAMAGED 2,1,NA,NA,NA,Y,HUMBLE TOWING,7821 RANKIN RD,FAILED TO DRIVE IN SINGLE LANE,NA,UNDER INFLUENCE - DRUG,WEST,Y,0,0,0,1,0,0,0,1,DRIVER,FRONT LEFT,NOT INJURED,36,WHITE,FEMALE,NO,UNKNOWN,NOT DEPLOYED,NOT APPLICABLE,N,BLOOD,NA,NA,BLOOD,UNKNOWN,UNKNOWN,,DRIVER LICENSE,Texas,CLASS C,77532
15372843,1,MOTOR VEHICLE,N,Y,TX,1G1ZT52875F228802,2005,GRN,CHEVROLET,MALIBU,PICKUP,N,77520,1,PROOF OF LIABILITY INSURANCE,RIGHT FRONT QUARTER DAMAGE ANGULAR IMPACT,DAMAGED 2,1,NA,NA,NA,Y,HUMBLE TOWING,7821 RANKIN RD,FAILED TO DRIVE IN SINGLE LANE,NA,UNDER INFLUENCE - DRUG,WEST,Y,0,0,0,1,0,0,0,1,DRIVER,FRONT LEFT,NOT INJURED,69,BLACK,FEMALE,NO,SHOULDER & LAP BELT,NOT DEPLOYED,NOT APPLICABLE,N,NONE,NA,NA,NONE,NOT APPLICABLE,NOT APPLICABLE,,DRIVER LICENSE,Texas,CLASS C,77044
15439144,1,MOTOR VEHICLE,N,Y,TX,1GNEC13V52R315361,2002,99,CHEVROLET,TAHOE,SPORT UTILITY VEHICLE,N,78501,1,PROOF OF LIABILITY INSURANCE,FRONT END DAMAGE DISTRIBUTED IMPACT,DAMAGED 2,12,FRONT END DAMAGE DISTRIBUTED IMPACT,DAMAGED 3,12,N,,,DISTRACTION IN VEHICLE,OTHER (EXPLAIN IN NARRATIVE),NA,EAST,Y,0,0,0,1,0,0,0,1,DRIVER,FRONT LEFT,NOT INJURED,22,HISPANIC,FEMALE,NO,SHOULDER & LAP BELT,NOT DEPLOYED,NOT APPLICABLE,N,NONE,NA,NA,NONE,NOT APPLICABLE,NOT APPLICABLE,,DRIVER LICENSE,Texas,CLASS C,78501
15452343,1,MOTOR VEHICLE,N,Y,TX,1GNEC13T81R161967,2001,99,CHEVROLET,TAHOE,SPORT UTILITY VEHICLE,N,78238,1,LIABILITY INSURANCE POLICY,UNKNOWN,DAMAGED 6,1,NA,NA,NA,N,CONTRACT WRECKER,GROWDEN,DRIVER INATTENTION,NA,HAD BEEN DRINKING,WEST,Y,0,0,1,0,0,1,0,1,DRIVER,FRONT LEFT,POSSIBLE INJURY,29,WHITE,MALE,NO,SHOULDER & LAP BELT,NOT DEPLOYED,NOT APPLICABLE,N,BLOOD,NA,NA,NONE,NOT APPLICABLE,NOT APPLICABLE,,DRIVER LICENSE,Texas,CLASS C,78238
15452343,1,MOTOR VEHICLE,N,Y,TX,1GNEC13T81R161967,2001,99,CHEVROLET,TAHOE,SPORT UTILITY VEHICLE,N,78238,1,LIABILITY INSURANCE POLICY,UNKNOWN,DAMAGED 6,1,NA,NA,NA,N,CONTRACT WRECKER,GROWDEN,DRIVER INATTENTION,NA,HAD BEEN DRINKING,WEST,Y,0,0,1,0,0,1,0,1,DRIVER,FRONT LEFT,NOT INJURED,25,WHITE,MALE,NO,SHOULDER & LAP BELT,NOT DEPLOYED,NOT APPLICABLE,N,NONE,NA,NA,NONE,NOT APPLICABLE,NOT APPLICABLE,,DRIVER LICENSE,Texas,CLASS C,78229
15498900,1,MOTOR VEHICLE,N,Y,UN,,NA,BLK,UNKNOWN,UNKNOWN,UNKNOWN,N,,2,NA,FRONT END (RIGHT)  DAMAGE PARTIAL CONTACT,DAMAGED 1 MINIMUM,1,NA,NA,NA,N,,LEFT SCENE WITHOUT PROVIDING INFORMATIO,CHANGED LANE WHEN UNSAFE,NA,NA,EAST,Y,0,0,0,0,1,0,0,1,DRIVER,FRONT LEFT,POSSIBLE INJURY,42,BLACK,FEMALE,NO,SHOULDER & LAP BELT,NOT DEPLOYED,NOT APPLICABLE,N,NONE,NA,NA,NONE,NOT APPLICABLE,NOT APPLICABLE,,DRIVER LICENSE,Texas,CLASS C,77028
15498900,1,MOTOR VEHICLE,N,Y,UN,,NA,BLK,UNKNOWN,UNKNOWN,UNKNOWN,N,,2,NA,FRONT END (RIGHT)  DAMAGE PARTIAL CONTACT,DAMAGED 1 MINIMUM,1,NA,NA,NA,N,,LEFT SCENE WITHOUT PROVIDING INFORMATIO,CHANGED LANE WHEN UNSAFE,NA,NA,EAST,Y,0,0,0,0,1,0,0,1,DRIVER,FRONT LEFT,POSSIBLE INJURY,42,BLACK,FEMALE,NO,SHOULDER & LAP BELT,NOT DEPLOYED,NOT APPLICABLE,N,NONE,NA,NA,NONE,NOT APPLICABLE,NOT APPLICABLE,,DRIVER LICENSE,Texas,CLASS C,77028
15498900,1,MOTOR VEHICLE,N,Y,UN,,NA,BLK,UNKNOWN,UNKNOWN,UNKNOWN,N,,2,NA,FRONT END (RIGHT)  DAMAGE PARTIAL CONTACT,DAMAGED 1 MINIMUM,1,NA,NA,NA,N,,LEFT SCENE WITHOUT PROVIDING INFORMATIO,CHANGED LANE WHEN UNSAFE,NA,NA,EAST,Y,0,0,0,0,1,0,0,1,DRIVER,FRONT LEFT,NOT INJURED,56,ASIAN,MALE,NO,SHOULDER & LAP BELT,NOT DEPLOYED,NOT APPLICABLE,N,NONE,NA,NA,NONE,NOT APPLICABLE,NOT APPLICABLE,,DRIVER LICENSE,Texas,CLASS C,
15498900,1,MOTOR VEHICLE,N,Y,UN,,NA,BLK,UNKNOWN,UNKNOWN,UNKNOWN,N,,2,NA,FRONT END (RIGHT)  DAMAGE PARTIAL CONTACT,DAMAGED 1 MINIMUM,1,NA,NA,NA,N,,LEFT SCENE WITHOUT PROVIDING INFORMATIO,CHANGED LANE WHEN UNSAFE,NA,NA,EAST,Y,0,0,0,0,1,0,0,1,DRIVER,FRONT LEFT,NOT INJURED,56,ASIAN,MALE,NO,SHOULDER & LAP BELT,NOT DEPLOYED,NOT APPLICABLE,N,NONE,NA,NA,NONE,NOT APPLICABLE,NOT APPLICABLE,,DRIVER LICENSE,Texas,CLASS C,
15512172,2,MOTOR VEHICLE,N,Y,UN,1FDRE14L73HB73132,2003,99,FORD,ECONOLINE VAN,UNKNOWN,N,78577,1,PROOF OF LIABILITY INSURANCE,RIGHT SIDE DAMAGE ANGULAR IMPACT,DAMAGED 1 MINIMUM,4,NA,NA,NA,N,DRIVEN AWAY,DRIVER,DRIVER INATTENTION,TURNED IMPROPERLY - WRONG LANE,NA,SOUTH,Y,0,0,0,1,0,0,0,1,DRIVER,FRONT LEFT,NOT INJURED,33,HISPANIC,FEMALE,NO,SHOULDER & LAP BELT,NOT DEPLOYED,NOT APPLICABLE,N,NONE,NA,NA,NONE,NOT APPLICABLE,NOT APPLICABLE,,DRIVER LICENSE,Texas,CLASS C,78577
15512172,2,MOTOR VEHICLE,N,Y,UN,1FDRE14L73HB73132,2003,99,FORD,ECONOLINE VAN,UNKNOWN,N,78577,1,PROOF OF LIABILITY INSURANCE,RIGHT SIDE DAMAGE ANGULAR IMPACT,DAMAGED 1 MINIMUM,4,NA,NA,NA,N,DRIVEN AWAY,DRIVER,DRIVER INATTENTION,TURNED IMPROPERLY - WRONG LANE,NA,SOUTH,Y,0,0,0,1,0,0,0,1,DRIVER,FRONT LEFT,NOT INJURED,56,WHITE,MALE,NO,SHOULDER & LAP BELT,NOT DEPLOYED,NOT APPLICABLE,N,NONE,NA,NA,NONE,NOT APPLICABLE,NOT APPLICABLE,,DRIVER LICENSE,Texas,CLASS C,78577
15469660,1,MOTOR VEHICLE,N,Y,TX,1G1PC5SH5C7206585,NA,BLU,CHEVROLET,CRUZE,"PASSENGER CAR, 4-DOOR",N,78526,2,NA,RIGHT FRONT QUARTER DAMAGE ANGULAR IMPACT,DAMAGED 3,1,RIGHT SIDE DAMAGE ANGULAR IMPACT,DAMAGED 2,1,N,FLED THE SCENE,BY DRIVER,FAILED TO CONTROL SPEED,NA,NA,EAST,Y,0,0,0,1,0,0,0,1,DRIVER,FRONT LEFT,NOT INJURED,26,HISPANIC,MALE,NO,SHOULDER & LAP BELT,NOT DEPLOYED,NOT APPLICABLE,N,NONE,NA,NA,NONE,NOT APPLICABLE,NOT APPLICABLE,,DRIVER LICENSE,Texas,CLASS C,78526
15469660,1,MOTOR VEHICLE,N,Y,TX,1G1PC5SH5C7206585,NA,BLU,CHEVROLET,CRUZE,"PASSENGER CAR, 4-DOOR",N,78526,2,NA,RIGHT FRONT QUARTER DAMAGE ANGULAR IMPACT,DAMAGED 3,1,RIGHT SIDE DAMAGE ANGULAR IMPACT,DAMAGED 2,1,N,FLED THE SCENE,BY DRIVER,FAILED TO CONTROL SPEED,NA,NA,EAST,Y,0,0,0,1,0,0,0,1,UNKNOWN,OUTSIDE VEHICLE,NOT INJURED,23,HISPANIC,MALE,NO,NOT APPLICABLE,NOT DEPLOYED,NOT APPLICABLE,N,NONE,NA,NA,NONE,NOT APPLICABLE,NOT APPLICABLE,,DRIVER LICENSE,Texas,CLASS C,78521
15316668,4,MOTOR VEHICLE,N,Y,TX,,NA,GRN,NA,NA,PICKUP,N,,2,NA,BACK END DAMAGE DISTRIBUTED IMPACT,DAMAGED 1 MINIMUM,6,NA,NA,NA,N,FLED LOCATION,,NONE,NA,NA,NORTH,N,0,0,0,1,0,0,0,1,DRIVER,FRONT LEFT,NOT INJURED,30,HISPANIC,MALE,NO,SHOULDER & LAP BELT,NOT DEPLOYED,NOT APPLICABLE,N,NONE,NA,NA,NONE,NOT APPLICABLE,NOT APPLICABLE,,DRIVER LICENSE,Texas,CLASS C,76705
15316668,4,MOTOR VEHICLE,N,Y,TX,,NA,GRN,NA,NA,PICKUP,N,,2,NA,BACK END DAMAGE DISTRIBUTED IMPACT,DAMAGED 1 MINIMUM,6,NA,NA,NA,N,FLED LOCATION,,NONE,NA,NA,NORTH,N,0,0,0,1,0,0,0,1,DRIVER,FRONT LEFT,NOT INJURED,62,WHITE,FEMALE,NO,SHOULDER & LAP BELT,NOT DEPLOYED,NOT APPLICABLE,N,NONE,NA,NA,NONE,NOT APPLICABLE,NOT APPLICABLE,,DRIVER LICENSE,Texas,CLASS C,76103
15356679,1,MOTOR VEHICLE,N,Y,TX,3B7HA18N52G103886,2002,TAN,DODGE,RAM 1500,PICKUP,N,79413,1,PROOF OF LIABILITY INSURANCE,FRONT END (LEFT) DAMAGE PARTIAL CONTACT,DAMAGED 2,10,NA,NA,NA,Y,LADS WRECKER,LADS WRECKER  500 N UNIVERSITY AVE  806-,FAILED TO DRIVE IN SINGLE LANE,UNDER INFLUENCE - ALCOHOL,NA,EAST,Y,0,0,0,1,0,0,0,1,DRIVER,FRONT LEFT,NOT INJURED,23,WHITE,MALE,NO,SHOULDER & LAP BELT,NOT DEPLOYED,NOT APPLICABLE,N,BLOOD,NA,NA,BLOOD,UNKNOWN,UNKNOWN,,DRIVER LICENSE,Texas,CLASS C,79413
15360257,1,MOTOR VEHICLE,N,Y,TX,1G1ND52JX2M574283,2002,SIL,CHEVROLET,MALIBU,"PASSENGER CAR, 4-DOOR",N,78203,2,NA,FRONT END DAMAGE DISTRIBUTED IMPACT,DAMAGED 2,12,NA,NA,NA,,CONTRACT TOW,GROWDON POUND,FAILED TO DRIVE IN SINGLE LANE,UNDER INFLUENCE - DRUG,NA,SOUTH,Y,0,0,0,1,0,0,0,1,PEDESTRIAN,"PEDESTRIAN, PEDALCYCLIST, OR MOTORIZED CONVEYANCE",INCAPACITATING INJURY,27,WHITE,MALE,NOT APPLICABLE,NOT APPLICABLE,NOT APPLICABLE,NOT APPLICABLE,N,NONE,NA,NA,NONE,NOT APPLICABLE,NOT APPLICABLE,,DRIVER LICENSE,Texas,CLASS C,78212
15360257,1,MOTOR VEHICLE,N,Y,TX,1G1ND52JX2M574283,2002,SIL,CHEVROLET,MALIBU,"PASSENGER CAR, 4-DOOR",N,78203,2,NA,FRONT END DAMAGE DISTRIBUTED IMPACT,DAMAGED 2,12,NA,NA,NA,,CONTRACT TOW,GROWDON POUND,FAILED TO DRIVE IN SINGLE LANE,UNDER INFLUENCE - DRUG,NA,SOUTH,Y,0,0,0,1,0,0,0,1,PEDESTRIAN,"PEDESTRIAN, PEDALCYCLIST, OR MOTORIZED CONVEYANCE",INCAPACITATING INJURY,24,HISPANIC,FEMALE,NOT APPLICABLE,NOT APPLICABLE,NOT APPLICABLE,NOT APPLICABLE,N,NONE,NA,NA,NONE,NOT APPLICABLE,NOT APPLICABLE,,DRIVER LICENSE,Texas,CLASS C,78212
15504126,1,MOTOR VEHICLE,N,Y,TX,1FTFW1CF5CFB53859,NA,TAN,FORD,F150,PICKUP,N,78589,1,PROOF OF LIABILITY INSURANCE,FRONT END DAMAGE DISTRIBUTED IMPACT,DAMAGED 3,12,NA,NA,NA,Y,EAGLES TOWING 956-585-5579,"3512 NORTH LA HOMA ROAD, MISSION, TEXAS",UNDER INFLUENCE - ALCOHOL,NA,NA,SOUTH,Y,0,0,0,1,0,0,0,1,DRIVER,FRONT LEFT,NOT INJURED,18,HISPANIC,MALE,NO,UNKNOWN,NOT DEPLOYED,NOT APPLICABLE,N,BREATH,Positive,0.133,NONE,NOT APPLICABLE,NOT APPLICABLE,,DRIVER LICENSE,Texas,CLASS C,78542
15437951,2,MOTOR VEHICLE,N,Y,TX,5N1ED28TXYC571473,2000,WHI,NISSAN,XTERRA,"PASSENGER CAR, 4-DOOR",N,78516,1,PROOF OF LIABILITY INSURANCE,LEFT FRONT QUARTER DAMAGE ANGULAR IMPACT,DAMAGED 3,10,NA,NA,NA,,APOLLO TOWING,93 E. BUS 83,HAD BEEN DRINKING,TURNED IMPROPERLY - WRONG LANE,NA,NORTH,Y,0,0,0,1,0,0,0,1,DRIVER,FRONT LEFT,NOT INJURED,33,HISPANIC,MALE,NO,SHOULDER & LAP BELT,NOT DEPLOYED,NOT APPLICABLE,N,NONE,NA,NA,NONE,NOT APPLICABLE,NOT APPLICABLE,,DRIVER LICENSE,Texas,CLASS C,78332
15437951,2,MOTOR VEHICLE,N,Y,TX,5N1ED28TXYC571473,2000,WHI,NISSAN,XTERRA,"PASSENGER CAR, 4-DOOR",N,78516,1,PROOF OF LIABILITY INSURANCE,LEFT FRONT QUARTER DAMAGE ANGULAR IMPACT,DAMAGED 3,10,NA,NA,NA,,APOLLO TOWING,93 E. BUS 83,HAD BEEN DRINKING,TURNED IMPROPERLY - WRONG LANE,NA,NORTH,Y,0,0,0,1,0,0,0,1,DRIVER,FRONT LEFT,NOT INJURED,47,HISPANIC,MALE,NO,SHOULDER & LAP BELT,NOT DEPLOYED,NOT APPLICABLE,N,NONE,NA,NA,NONE,NOT APPLICABLE,NOT APPLICABLE,,DRIVER LICENSE,Texas,CLASS C,78516
15465414,1,MOTOR VEHICLE,N,Y,MI,3C6TR5DT8EG138531,NA,BLK,DODGE,RAM 2500,PICKUP,N,44615-8935,1,PROOF OF LIABILITY INSURANCE,FRONT END DAMAGE CONCENTRATED IMPACT,DAMAGED 5,12,FRONT END (LEFT) DAMAGE PARTIAL CONTACT,DAMAGED 2,12,Y,ALPINE WRECKER SERVICE,"ALPINE WRECKER SERVICE, 9000 400 E. HWY",UNDER INFLUENCE - ALCOHOL,UNSAFE SPEED,NA,EAST,Y,0,0,0,1,0,0,0,1,DRIVER,FRONT LEFT,NOT INJURED,47,WHITE,FEMALE,NO,UNKNOWN,NOT DEPLOYED,NOT APPLICABLE,N,BLOOD,NA,NA,BLOOD,UNKNOWN,UNKNOWN,,DRIVER LICENSE,Michigan,OTHER/OUT OF STATE,49633-9452
15505667,1,MOTOR VEHICLE,N,Y,TX,2MEFM75W6XX725052,1999,TAN,MERCURY,GRAND MARQUIS,"PASSENGER CAR, 4-DOOR",N,76106,1,PROOF OF LIABILITY INSURANCE,FRONT END DAMAGE CONCENTRATED IMPACT,DAMAGED 1 MINIMUM,1,NA,NA,NA,N,DRIVER,DRIVEN AWAY,CHANGED LANE WHEN UNSAFE,NA,DRIVER INATTENTION,EAST,Y,0,0,0,1,0,0,0,1,DRIVER,FRONT LEFT,NOT INJURED,65,WHITE,MALE,NO,SHOULDER & LAP BELT,NOT DEPLOYED,NOT APPLICABLE,N,NONE,NA,NA,NONE,NOT APPLICABLE,NOT APPLICABLE,,DRIVER LICENSE,Texas,CLASS C,76135
15328107,1,MOTOR VEHICLE,N,Y,TX,1GKEC13Z23R283518,2003,BLK,GMC,YUKON,SPORT UTILITY VEHICLE,N,75766,1,PROOF OF LIABILITY INSURANCE,FRONT END (LEFT) DAMAGE PARTIAL CONTACT,DAMAGED 2,11,NA,NA,NA,N,DRIVEN FROM SCENE,DRIVEN FROM SCENE,FAILED TO CONTROL SPEED,UNDER INFLUENCE - ALCOHOL,NA,SOUTH,Y,0,0,0,1,0,0,0,1,DRIVER,FRONT LEFT,NOT INJURED,48,BLACK,MALE,NO,UNKNOWN,NOT DEPLOYED,NOT APPLICABLE,N,BLOOD,NA,NA,NONE,NOT APPLICABLE,NOT APPLICABLE,,DRIVER LICENSE,Texas,CLASS C,75766
15328107,1,MOTOR VEHICLE,N,Y,TX,1GKEC13Z23R283518,2003,BLK,GMC,YUKON,SPORT UTILITY VEHICLE,N,75766,1,PROOF OF LIABILITY INSURANCE,FRONT END (LEFT) DAMAGE PARTIAL CONTACT,DAMAGED 2,11,NA,NA,NA,N,DRIVEN FROM SCENE,DRIVEN FROM SCENE,FAILED TO CONTROL SPEED,UNDER INFLUENCE - ALCOHOL,NA,SOUTH,Y,0,0,0,1,0,0,0,1,DRIVER,FRONT LEFT,NOT INJURED,26,HISPANIC,FEMALE,NO,SHOULDER & LAP BELT,NOT DEPLOYED,NOT APPLICABLE,N,NONE,NA,NA,NONE,NOT APPLICABLE,NOT APPLICABLE,,DRIVER LICENSE,Texas,CLASS C,75780
15413791,1,MOTOR VEHICLE,N,Y,TX,1G1ZASEU6BF232611,NA,99,CHEVROLET,MALIBU,"PASSENGER CAR, 4-DOOR",N,75150,2,NA,LEFT FRONT QUARTER DAMAGE ANGULAR IMPACT,DAMAGED 6,12,RIGHT FRONT QUARTER DAMAGE ANGULAR IMPACT,DAMAGED 2,12,Y,WILLIAMS,WILLIAMS WRECKER LOT,FAILED TO CONTROL SPEED,NA,HAD BEEN DRINKING,SOUTH,Y,0,0,0,1,0,0,0,1,DRIVER,FRONT LEFT,NOT INJURED,18,HISPANIC,MALE,NO,SHOULDER & LAP BELT,UNKNOWN,NOT APPLICABLE,N,NONE,NA,NA,NONE,NOT APPLICABLE,NOT APPLICABLE,,DRIVER LICENSE,Texas,CLASS C,75150
15421776,1,MOTOR VEHICLE,N,Y,TX,1FTRW076X3KB05606,2003,MAR,FORD,F150,PICKUP,N,75220,1,PROOF OF LIABILITY INSURANCE,FRONT END (LEFT) DAMAGE PARTIAL CONTACT,DAMAGED 3,11,NA,NA,NA,N,,,TURNED WHEN UNSAFE,ILL (EXPLAIN IN NARRATIVE),NA,NORTHWEST,Y,0,0,1,0,0,1,0,1,DRIVER,FRONT LEFT,POSSIBLE INJURY,56,HISPANIC,MALE,NO,SHOULDER & LAP BELT,NOT DEPLOYED,NOT APPLICABLE,N,NONE,NA,NA,NONE,NOT APPLICABLE,NOT APPLICABLE,,DRIVER LICENSE,Texas,CLASS C,75220
15440672,1,MOTOR VEHICLE,N,Y,TX,1GCDR14K4HJ115750,1987,GRY,CHEVROLET,SILVERADO,PICKUP,N,75149,1,PROOF OF LIABILITY INSURANCE,FRONT END DAMAGE DISTRIBUTED IMPACT,DAMAGED 1 MINIMUM,6,NA,NA,NA,Y,MCINTYRES,"4515 US HWY 80, MESQUITE, TX 75150",UNSAFE SPEED,DRIVER INATTENTION,UNDER INFLUENCE - ALCOHOL,NORTHWEST,Y,0,0,0,1,0,0,0,1,DRIVER,FRONT LEFT,NOT INJURED,57,BLACK,MALE,NO,UNKNOWN,NOT DEPLOYED,NOT APPLICABLE,N,BLOOD,NA,NA,BLOOD,UNKNOWN,UNKNOWN,,DRIVER LICENSE,Texas,CLASS C,75150