CRASH_ID,UNIT_NBR,UNIT_DESC_ID,VEH_PARKED_FL,VEH_HNR_FL,VEH_LIC_STATE_ID,VIN,VEH_MOD_YEAR,VEH_COLOR_ID,VEH_MAKE_ID,VEH_MOD_ID,VEH_BODY_STYL_ID,EMER_RESPNDR_FL,OWNR_ZIP,FIN_RESP_PROOF_ID,FIN_RESP_TYPE_ID,VEH_DMAG_AREA_1_ID,VEH_DMAG_SCL_1_ID,FORCE_DIR_1_ID,VEH_DMAG_AREA_2_ID,VEH_DMAG_SCL_2_ID,FORCE_DIR_2_ID,VEH_INVENTORIED_FL,VEH_TRANSP_NAME,VEH_TRANSP_DEST,CONTRIB_FACTR_1_ID,CONTRIB_FACTR_2_ID,CONTRIB_FACTR_P1_ID,VEH_TRVL_DIR_ID,FIRST_HARM_EVT_INV_ID,INCAP_INJRY_CNT,NONINCAP_INJRY_CNT,POSS_INJRY_CNT,NON_INJRY_CNT,UNKN_INJRY_CNT,TOT_INJRY_CNT,DEATH_CNT,PRSN_NBR,PRSN_TYPE_ID,PRSN_OCCPNT_POS_ID,PRSN_INJRY_SEV_ID,PRSN_AGE,PRSN_ETHNICITY_ID,PRSN_GNDR_ID,PRSN_EJCT_ID,PRSN_REST_ID,PRSN_AIRBAG_ID,PRSN_HELMET_ID,PRSN_SOL_FL,PRSN_ALC_SPEC_TYPE_ID,PRSN_ALC_RSLT_ID,PRSN_BAC_TEST_RSLT,PRSN_DRG_SPEC_TYPE_ID,PRSN_DRG_RSLT_ID,DRVR_DRG_CAT_1_ID,PRSN_DEATH_TIME,DRVR_LIC_TYPE_ID,DRVR_LIC_STATE_ID,DRVR_LIC_CLS_ID,DRVR_ZIP
15440672,1,MOTOR VEHICLE,N,Y,TX,1GCDR14K4HJ115750,1987,GRY,CHEVROLET,SILVERADO,PICKUP,N,75149,1,PROOF OF LIABILITY INSURANCE,FRONT END DAMAGE DISTRIBUTED IMPACT,DAMAGED 1 MINIMUM,6,NA,NA,NA,Y,MCINTYRES,"4515 US HWY 80, MESQUITE, TX 75150",UNSAFE SPEED,DRIVER INATTENTION,UNDER INFLUENCE - ALCOHOL,NORTHWEST,Y,0,0,0,1,0,0,0,1,DRIVER,FRONT LEFT,NOT INJURED,76,WHITE,MALE,NO,SHOULDER & LAP BELT,NOT DEPLOYED,NOT APPLICABLE,N,NONE,NA,NA,NONE,NOT APPLICABLE,NOT APPLICABLE,,DRIVER LICENSE,Texas,CLASS C,75150
15317525,2,MOTOR VEHICLE,N,Y,UN,,NA,BLU,UNKNOWN,UNKNOWN,TRUCK,N,,2,NA,BACK END DAMAGE DISTRIBUTED IMPACT,DAMAGED 1 MINIMUM,6,NA,NA,NA,N,,,NONE,NA,NA,EAST,Y,0,0,0,0,1,0,0,1,DRIVER,FRONT LEFT,NOT INJURED,32,ASIAN,MALE,NO,SHOULDER & LAP BELT,DEPLOYED MULTIPLE,NOT APPLICABLE,N,BREATH,Positive,0.197,NONE,NOT APPLICABLE,NOT APPLICABLE,,DRIVER LICENSE,Texas,CLASS C,77036
15317525,2,MOTOR VEHICLE,N,Y,UN,,NA,BLU,UNKNOWN,UNKNOWN,TRUCK,N,,2,NA,BACK END DAMAGE DISTRIBUTED IMPACT,DAMAGED 1 MINIMUM,6,NA,NA,NA,N,,,NONE,NA,NA,EAST,Y,0,0,0,0,1,0,0,1,DRIVER,FRONT LEFT,NOT INJURED,32,ASIAN,MALE,NO,SHOULDER & LAP BELT,DEPLOYED MULTIPLE,NOT APPLICABLE,N,BREATH,Positive,0.197,NONE,NOT APPLICABLE,NOT APPLICABLE,,DRIVER LICENSE,Texas,CLASS C,77036
15469368,1,MOTOR VEHICLE,N,Y,TX,KMHCN46C38U207750,NA,BLK,HYUNDAI,ACCENT,"PASSENGER CAR, 4-DOOR",N,78336,2,NA,FRONT END DAMAGE DISTRIBUTED IMPACT,DAMAGED 4,12,NA,NA,NA,Y,ROADRUNNER TOWING,345 E WHEELER,HAD BEEN DRINKING,FAILED TO CONTROL SPEED,NA,SOUTHEAST,Y,0,1,0,0,0,1,0,1,DRIVER,FRONT LEFT,NON-INCAPACITATING INJURY,18,WHITE,MALE,NO,NONE,DEPLOYED MULTIPLE,NOT APPLICABLE,N,BREATH,Positive,0.127,NONE,NOT APPLICABLE,NOT APPLICABLE,,DRIVER LICENSE,Texas,CLASS C,78336
15392039,1,MOTOR VEHICLE,N,Y,TX,1GNEC13V73J338639,2003,BLK,CHEVROLET,TAHOE,SPORT UTILITY VEHICLE,N,78409,1,LIABILITY INSURANCE POLICY,FRONT END (LEFT) DAMAGE PARTIAL CONTACT,DAMAGED 1 MINIMUM,NA,NA,NA,NA,Y,AMEY'S WRECKER,5485 GREENWOOD,CHANGED LANE WHEN UNSAFE,DRIVER INATTENTION,NA,NORTH,Y,0,0,0,1,0,0,0,1,DRIVER,FRONT LEFT,NOT INJURED,22,HISPANIC,MALE,NO,SHOULDER & LAP BELT,NOT DEPLOYED,NOT APPLICABLE,N,NONE,NA,NA,NONE,NOT APPLICABLE,NOT APPLICABLE,,DRIVER LICENSE,Texas,CLASS C,78408
15524909,1,MOTOR VEHICLE,N,Y,UN,1FTZX1722WNC33650,1998,99,FORD,F150,UNKNOWN,N,77066,1,PROOF OF LIABILITY INSURANCE,DISTRIBUTED RIGHT SIDE DAMAGE PARALLEL IMPACT,DAMAGED 2,12,NA,NA,NA,Y,DIST. 5 AUTO STORAGE,"7938 WRIGHT RD. HOUSTON, TX. 77041",NONE,NA,NA,WEST,Y,0,0,0,1,0,0,0,1,DRIVER,FRONT LEFT,NOT INJURED,57,HISPANIC,MALE,NO,SHOULDER & LAP BELT,NOT DEPLOYED,NOT APPLICABLE,N,NONE,NA,NA,NONE,NOT APPLICABLE,NOT APPLICABLE,,DRIVER LICENSE,Texas,CLASS A,77449
15510079,1,MOTOR VEHICLE,N,Y,TX,1GCEK19K9SE231379,1995,MAR,CHEVROLET,SILVERADO C1500,PICKUP,N,76450,1,LIABILITY INSURANCE POLICY,BACK END (RIGHT) DAMAGE PARTIAL CONTACT,DAMAGED 1 MINIMUM,5,NA,NA,NA,N,FLED SCENE,DRIVE,BACKED WITHOUT SAFETY,OTHER (EXPLAIN IN NARRATIVE),NA,SOUTHEAST,Y,0,0,0,1,0,0,0,1,DRIVER,FRONT LEFT,NOT INJURED,38,WHITE,FEMALE,NO,SHOULDER & LAP BELT,NOT DEPLOYED,NOT APPLICABLE,N,NONE,NA,NA,NONE,NOT APPLICABLE,NOT APPLICABLE,,DRIVER LICENSE,Texas,CLASS C,76266
15437171,1,MOTOR VEHICLE,N,Y,TX,1G6DW677670162427,2007,TAN,CADILLAC,DEVILLE,"PASSENGER CAR, 4-DOOR",N,788415,1,LIABILITY INSURANCE POLICY,FRONT END DAMAGE DISTRIBUTED IMPACT,DAMAGED 4,12,DISTRIBUTED LEFT SIDE DAMAGE PARALLEL IMPACT,DAMAGED 3,9,N,OWNER,LEFT AT LOCATION,FAILED TO CONTROL SPEED,NA,NA,SOUTH,Y,0,0,0,1,0,0,0,1,DRIVER,FRONT LEFT,NOT INJURED,38,HISPANIC,FEMALE,NO,SHOULDER & LAP BELT,NOT DEPLOYED,NOT APPLICABLE,N,NONE,NA,NA,NONE,NOT APPLICABLE,NOT APPLICABLE,,DRIVER LICENSE,Texas,CLASS C,78415
15437171,1,MOTOR VEHICLE,N,Y,TX,1G6DW677670162427,2007,TAN,CADILLAC,DEVILLE,"PASSENGER CAR, 4-DOOR",N,788415,1,LIABILITY INSURANCE POLICY,FRONT END DAMAGE DISTRIBUTED IMPACT,DAMAGED 4,12,DISTRIBUTED LEFT SIDE DAMAGE PARALLEL IMPACT,DAMAGED 3,9,N,OWNER,LEFT AT LOCATION,FAILED TO CONTROL SPEED,NA,NA,SOUTH,Y,0,0,0,1,0,0,0,1,DRIVER,FRONT LEFT,NOT INJURED,52,BLACK,MALE,NO,SHOULDER & LAP BELT,NOT DEPLOYED,NOT APPLICABLE,N,NONE,NA,NA,NONE,NOT APPLICABLE,NOT APPLICABLE,,DRIVER LICENSE,Texas,CLASS C,78415
15458633,1,MOTOR VEHICLE,N,Y,TX,1G2NW52E8XM792299,1999,WHI,PONTIAC,GRAND AM,"PASSENGER CAR, 4-DOOR",N,78589,1,PROOF OF LIABILITY INSURANCE,FRONT END DAMAGE DISTRIBUTED IMPACT,NO DAMAGE,12,NA,NA,NA,Y,BENS WRECKER SERVICE,5011 N. CAGE BLVD PHARR TX 78577,UNDER INFLUENCE - DRUG,NA,NA,SOUTH,Y,0,0,0,1,0,0,0,1,DRIVER,FRONT LEFT,NOT INJURED,27,HISPANIC,MALE,NO,UNKNOWN,NOT DEPLOYED,NOT APPLICABLE,N,BREATH,Negative,0,NONE,NOT APPLICABLE,NOT APPLICABLE,,DRIVER LICENSE,Texas,CLASS C,78589
15458633,1,MOTOR VEHICLE,N,Y,TX,1G2NW52E8XM792299,1999,WHI,PONTIAC,GRAND AM,"PASSENGER CAR, 4-DOOR",N,78589,1,PROOF OF LIABILITY INSURANCE,FRONT END DAMAGE DISTRIBUTED IMPACT,NO DAMAGE,12,NA,NA,NA,Y,BENS WRECKER SERVICE,5011 N. CAGE BLVD PHARR TX 78577,UNDER INFLUENCE - DRUG,NA,NA,SOUTH,Y,0,0,0,1,0,0,0,1,DRIVER,FRONT LEFT,NOT INJURED,20,HISPANIC,MALE,NO,SHOULDER & LAP BELT,NOT DEPLOYED,NOT APPLICABLE,N,NONE,NA,NA,NONE,NOT APPLICABLE,NOT APPLICABLE,,DRIVER LICENSE,Texas,CLASS C,78570
15459771,1,MOTOR VEHICLE,N,Y,TX,1GCEC19X75Z357116,2005,BLK,CHEVROLET,SILVERADO C1500,PICKUP,N,76106,1,PROOF OF LIABILITY INSURANCE,FRONT END DAMAGE DISTRIBUTED IMPACT,DAMAGED 5,12,NA,NA,NA,Y,AMERICAN TOW,2500 BRENNAN,DRIVER INATTENTION,FAILED TO CONTROL SPEED,NA,NORTH,Y,0,0,0,1,0,0,0,1,DRIVER,FRONT LEFT,NOT INJURED,34,HISPANIC,MALE,NO,SHOULDER & LAP BELT,"DEPLOYED, FRONT",NOT APPLICABLE,N,NONE,NA,NA,NONE,NOT APPLICABLE,NOT APPLICABLE,,DRIVER LICENSE,Texas,CLASS C,76106
15459771,1,MOTOR VEHICLE,N,Y,TX,1GCEC19X75Z357116,2005,BLK,CHEVROLET,SILVERADO C1500,PICKUP,N,76106,1,PROOF OF LIABILITY INSURANCE,FRONT END DAMAGE DISTRIBUTED IMPACT,DAMAGED 5,12,NA,NA,NA,Y,AMERICAN TOW,2500 BRENNAN,DRIVER INATTENTION,FAILED TO CONTROL SPEED,NA,NORTH,Y,0,0,0,1,0,0,0,1,DRIVER,FRONT LEFT,POSSIBLE INJURY,35,HISPANIC,MALE,NO,NONE,NOT DEPLOYED,NOT APPLICABLE,N,NONE,NA,NA,NONE,NOT APPLICABLE,NOT APPLICABLE,,DRIVER LICENSE,Texas,CLASS C,76140
15348343,1,MOTOR VEHICLE,N,Y,TX,5NPEU46F16H091904,2006,WHI,HYUNDAI,SONATA,"PASSENGER CAR, 4-DOOR",N,75686,1,PROOF OF LIABILITY INSURANCE,FRONT END DAMAGE DISTRIBUTED IMPACT,DAMAGED 3,12,NA,NA,NA,Y,WALTRIP'S WRECKER SERVICE,WALTRIP'S WRECKER SERVICE,ILL (EXPLAIN IN NARRATIVE),NA,FAILED TO CONTROL SPEED,EAST,Y,0,0,1,0,0,1,0,1,DRIVER,FRONT LEFT,POSSIBLE INJURY,78,WHITE,MALE,NO,SHOULDER & LAP BELT,NOT DEPLOYED,NOT APPLICABLE,N,NONE,NA,NA,NONE,NOT APPLICABLE,NOT APPLICABLE,,DRIVER LICENSE,Texas,CLASS C,75686
15458538,1,MOTOR VEHICLE,N,Y,TX,1FTNW20P24EC75035,2004,WHI,FORD,F250,PICKUP,N,77449,1,LIABILITY INSURANCE POLICY,FRONT END DAMAGE DISTRIBUTED IMPACT,DAMAGED 2,NA,LEFT BACK QUARTER DAMAGE ANGULAR IMPACT,DAMAGED 1 MINIMUM,NA,Y,LONESTAR TOWING & RECOVERY 704,17715 CLAY RD,UNDER INFLUENCE - ALCOHOL,DISREGARD STOP SIGN OR LIGHT,NA,SOUTH,Y,0,0,0,1,0,0,0,1,DRIVER,FRONT LEFT,NOT INJURED,37,WHITE,MALE,NO,SHOULDER & LAP BELT,NOT DEPLOYED,NOT APPLICABLE,N,BREATH,Positive,0.183,NONE,NOT APPLICABLE,NOT APPLICABLE,,DRIVER LICENSE,Texas,CLASS C,77449
15470438,1,MOTOR VEHICLE,N,Y,TX,WBAAM3344YFP72175,2000,GRY,BMW,320I,"PASSENGER CAR, 4-DOOR",N,75149,2,NA,RIGHT BACK QUARTER DAMAGE ANGULAR IMPACT,DAMAGED 3,4,VEHICLE BURNED,DAMAGED 7 HIGHEST,6,Y,WILLIAMS,WILLIAMS,UNSAFE SPEED,NA,NA,SOUTH,Y,0,0,0,1,0,0,0,1,DRIVER,FRONT LEFT,NOT INJURED,22,BLACK,MALE,NO,UNKNOWN,UNKNOWN,NOT APPLICABLE,N,BLOOD,NA,NA,BLOOD,UNKNOWN,UNKNOWN,,DRIVER LICENSE,Texas,CLASS C,75149
15410473,2,MOTOR VEHICLE,N,Y,TX,1G1PF5SC5C7408208,NA,MUL,CHEVROLET,CRUZE,"PASSENGER CAR, 4-DOOR",N,78250,2,NA,FRONT END (LEFT) DAMAGE PARTIAL CONTACT,DAMAGED 3,11,NA,NA,NA,N,TEXAS ROADSIDE,3625 GROWDON RD,FAILED TO CONTROL SPEED,NA,UNDER INFLUENCE - ALCOHOL,WEST,Y,0,0,0,1,0,0,0,1,DRIVER,FRONT LEFT,NOT INJURED,67,HISPANIC,FEMALE,NO,SHOULDER & LAP BELT,NOT DEPLOYED,NOT APPLICABLE,N,NONE,NA,NA,NONE,NOT APPLICABLE,NOT APPLICABLE,,DRIVER LICENSE,Texas,CLASS C,78238
15410473,2,MOTOR VEHICLE,N,Y,TX,1G1PF5SC5C7408208,NA,MUL,CHEVROLET,CRUZE,"PASSENGER CAR, 4-DOOR",N,78250,2,NA,FRONT END (LEFT) DAMAGE PARTIAL CONTACT,DAMAGED 3,11,NA,NA,NA,N,TEXAS ROADSIDE,3625 GROWDON RD,FAILED TO CONTROL SPEED,NA,UNDER INFLUENCE - ALCOHOL,WEST,Y,0,0,0,1,0,0,0,1,DRIVER,FRONT LEFT,NOT INJURED,38,WHITE,MALE,NO,SHOULDER & LAP BELT,NOT DEPLOYED,NOT APPLICABLE,N,BLOOD,Positive,0.284,NONE,NOT APPLICABLE,NOT APPLICABLE,,DRIVER LICENSE,Texas,CLASS C,78250
15451260,3,MOTOR VEHICLE,N,Y,UN,,NA,99,NA,NA,UNKNOWN,N,,NA,NA,BACK END DAMAGE CONCENTRATED IMPACT,DAMAGED 2,12,NA,NA,NA,,DRIVER,DRIVEN AWAY,NONE,NA,NA,EAST,N,0,0,0,0,1,0,0,1,DRIVER,FRONT LEFT,POSSIBLE INJURY,20,HISPANIC,MALE,NO,SHOULDER & LAP BELT,NOT DEPLOYED,NOT APPLICABLE,N,NONE,NA,NA,NONE,NOT APPLICABLE,NOT APPLICABLE,,DRIVER LICENSE,Texas,CLASS C,78503
15495247,1,MOTOR VEHICLE,N,Y,UN,1FTRF12247KA94683,2007,99,UNKNOWN,UNKNOWN,UNKNOWN,N,,2,NA,FRONT END (LEFT) DAMAGE PARTIAL CONTACT,DAMAGED 2,12,FRONT END (RIGHT)  DAMAGE PARTIAL CONTACT,DAMAGED 4,12,Y,APPLE TOWING,1301 DART,WRONG WAY - ONE WAY ROAD,UNDER INFLUENCE - ALCOHOL,NA,NORTHWEST,Y,0,0,1,0,0,1,0,1,DRIVER,FRONT LEFT,NOT INJURED,20,BLACK,FEMALE,NO,SHOULDER & LAP BELT,"DEPLOYED, SIDE",NOT APPLICABLE,N,NONE,NA,NA,NONE,NOT APPLICABLE,NOT APPLICABLE,,DRIVER LICENSE,Texas,CLASS C,
15495247,1,MOTOR VEHICLE,N,Y,UN,1FTRF12247KA94683,2007,99,UNKNOWN,UNKNOWN,UNKNOWN,N,,2,NA,FRONT END (LEFT) DAMAGE PARTIAL CONTACT,DAMAGED 2,12,FRONT END (RIGHT)  DAMAGE PARTIAL CONTACT,DAMAGED 4,12,Y,APPLE TOWING,1301 DART,WRONG WAY - ONE WAY ROAD,UNDER INFLUENCE - ALCOHOL,NA,NORTHWEST,Y,0,0,1,0,0,1,0,1,DRIVER,FRONT LEFT,NOT INJURED,20,BLACK,FEMALE,NO,SHOULDER & LAP BELT,"DEPLOYED, SIDE",NOT APPLICABLE,N,NONE,NA,NA,NONE,NOT APPLICABLE,NOT APPLICABLE,,DRIVER LICENSE,Texas,CLASS C,
15495247,1,MOTOR VEHICLE,N,Y,UN,1FTRF12247KA94683,2007,99,UNKNOWN,UNKNOWN,UNKNOWN,N,,2,NA,FRONT END (LEFT) DAMAGE PARTIAL CONTACT,DAMAGED 2,12,FRONT END (RIGHT)  DAMAGE PARTIAL CONTACT,DAMAGED 4,12,Y,APPLE TOWING,1301 DART,WRONG WAY - ONE WAY ROAD,UNDER INFLUENCE - ALCOHOL,NA,NORTHWEST,Y,0,0,1,0,0,1,0,1,DRIVER,FRONT LEFT,NOT INJURED,21,WHITE,FEMALE,NO,SHOULDER & LAP BELT,"DEPLOYED, FRONT",NOT APPLICABLE,N,NONE,NA,NA,NONE,NOT APPLICABLE,NOT APPLICABLE,,DRIVER LICENSE,Texas,CLASS C,77573
15495247,1,MOTOR VEHICLE,N,Y,UN,1FTRF12247KA94683,2007,99,UNKNOWN,UNKNOWN,UNKNOWN,N,,2,NA,FRONT END (LEFT) DAMAGE PARTIAL CONTACT,DAMAGED 2,12,FRONT END (RIGHT)  DAMAGE PARTIAL CONTACT,DAMAGED 4,12,Y,APPLE TOWING,1301 DART,WRONG WAY - ONE WAY ROAD,UNDER INFLUENCE - ALCOHOL,NA,NORTHWEST,Y,0,0,1,0,0,1,0,1,DRIVER,FRONT LEFT,NOT INJURED,21,WHITE,FEMALE,NO,SHOULDER & LAP BELT,"DEPLOYED, FRONT",NOT APPLICABLE,N,NONE,NA,NA,NONE,NOT APPLICABLE,NOT APPLICABLE,,DRIVER LICENSE,Texas,CLASS C,77573
15349298,1,MOTOR VEHICLE,N,Y,TX,1GNFC13058R101097,NA,WHI,CHEVROLET,TAHOE,SPORT UTILITY VEHICLE,N,77505,1,LIABILITY INSURANCE POLICY,LEFT FRONT QUARTER DAMAGE ANGULAR IMPACT,DAMAGED 1 MINIMUM,9,NA,NA,NA,Y,ELITE COLLISION,534 LOCKWOOD DR,FAILED TO DRIVE IN SINGLE LANE,UNDER INFLUENCE - ALCOHOL,NA,NORTH,Y,0,0,0,1,0,0,0,1,DRIVER,FRONT LEFT,NOT INJURED,37,WHITE,FEMALE,NO,SHOULDER & LAP BELT,DEPLOYED MULTIPLE,NOT APPLICABLE,N,BLOOD,Negative,0,NONE,NOT APPLICABLE,NOT APPLICABLE,,DRIVER LICENSE,Texas,CLASS C,77505
15352314,1,MOTOR VEHICLE,N,Y,TX,WBAAZ33494KP85071,2004,BLU,BMW,325,"PASSENGER CAR, 4-DOOR",N,76513,1,LIABILITY INSURANCE POLICY,FRONT END (LEFT) DAMAGE PARTIAL CONTACT,DAMAGED 3,11,FRONT END (RIGHT)  DAMAGE PARTIAL CONTACT,DAMAGED 5,1,N,WARDS TOWING,WARDS TOWING,NA,NA,HAD BEEN DRINKING,NORTH,Y,0,0,0,0,1,0,0,1,DRIVER,FRONT LEFT,NOT INJURED,61,WHITE,MALE,NO,SHOULDER & LAP BELT,NOT DEPLOYED,NOT APPLICABLE,N,NONE,NA,NA,NONE,NOT APPLICABLE,NOT APPLICABLE,,COMMERCIAL DRIVER LIC.,Tennessee,OTHER/OUT OF STATE,37087
15416188,1,MOTOR VEHICLE,N,Y,UN,1FTSW21RX8EE07855,NA,99,FORD,F250,UNKNOWN,N,79556,1,LIABILITY INSURANCE POLICY,FRONT END DAMAGE DISTRIBUTED IMPACT,DAMAGED 4,12,NA,NA,NA,N,,,UNDER INFLUENCE - ALCOHOL,FAILED TO CONTROL SPEED,NA,EAST,Y,0,0,0,1,0,0,0,1,DRIVER,FRONT LEFT,NOT INJURED,28,HISPANIC,MALE,NO,UNKNOWN,NOT DEPLOYED,NOT APPLICABLE,N,NONE,NA,NA,NONE,NOT APPLICABLE,NOT APPLICABLE,,DRIVER LICENSE,Texas,CLASS A,79556
15317377,2,MOTOR VEHICLE,N,Y,UN,,NA,BLK,HONDA,ACCORD,"PASSENGER CAR, 2-DOOR",N,,NA,NA,BACK END DAMAGE DISTRIBUTED IMPACT,DAMAGED 1 MINIMUM,6,NA,NA,NA,N,DRIVER,TRAFFIC,NONE,NA,NA,EAST,Y,0,0,0,0,1,0,0,1,DRIVER,FRONT LEFT,NOT INJURED,20,HISPANIC,MALE,NO,SHOULDER & LAP BELT,NOT DEPLOYED,NOT APPLICABLE,N,NONE,NA,NA,NONE,NOT APPLICABLE,NOT APPLICABLE,,DRIVER LICENSE,Texas,CLASS C,79924
15317377,1,MOTOR VEHICLE,N,Y,TX,1N6DD21SX1C323129,2001,WHI,NISSAN,FRONTIER,PICKUP,N,79924,1,LIABILITY INSURANCE POLICY,FRONT END DAMAGE DISTRIBUTED IMPACT,DAMAGED 1 MINIMUM,12,NA,NA,NA,N,DRIVER,TRAFFIC,DRIVER INATTENTION,FAILED TO CONTROL SPEED,NA,EAST,Y,0,0,0,1,0,0,0,1,DRIVER,FRONT LEFT,NOT INJURED,20,HISPANIC,MALE,NO,SHOULDER & LAP BELT,NOT DEPLOYED,NOT APPLICABLE,N,NONE,NA,NA,NONE,NOT APPLICABLE,NOT APPLICABLE,,DRIVER LICENSE,Texas,CLASS C,79924
15420910,1,MOTOR VEHICLE,N,Y,TX,1FAHP3J23CL449598,NA,BLU,FORD,FOCUS,"PASSENGER CAR, 4-DOOR",N,78572,2,NA,FRONT END (RIGHT)  DAMAGE PARTIAL CONTACT,DAMAGED 4,12,NA,NA,NA,Y,BROTHERS TOWING,PALMVIEW POLICE DEPARTMENT 400 WEST BOUL,TURNED WHEN UNSAFE,UNDER INFLUENCE - ALCOHOL,NA,SOUTH,Y,0,0,0,1,0,0,0,1,DRIVER,FRONT LEFT,NOT INJURED,50,HISPANIC,FEMALE,NO,SHOULDER & LAP BELT,NOT APPLICABLE,NOT APPLICABLE,N,BREATH,Positive,0.154,NONE,NOT APPLICABLE,NOT APPLICABLE,,DRIVER LICENSE,Texas,CLASS C,78572
15420910,1,MOTOR VEHICLE,N,Y,TX,1FAHP3J23CL449598,NA,BLU,FORD,FOCUS,"PASSENGER CAR, 4-DOOR",N,78572,2,NA,FRONT END (RIGHT)  DAMAGE PARTIAL CONTACT,DAMAGED 4,12,NA,NA,NA,Y,BROTHERS TOWING,PALMVIEW POLICE DEPARTMENT 400 WEST BOUL,TURNED WHEN UNSAFE,UNDER INFLUENCE - ALCOHOL,NA,SOUTH,Y,0,0,0,1,0,0,0,1,DRIVER,FRONT LEFT,POSSIBLE INJURY,20,HISPANIC,MALE,NO,SHOULDER & LAP BELT,NOT APPLICABLE,NOT APPLICABLE,N,NONE,NA,NA,NONE,NOT APPLICABLE,NOT APPLICABLE,,DRIVER LICENSE,Texas,CLASS C,78574
15400508,1,MOTOR VEHICLE,N,Y,UN,,NA,99,NA,NA,UNKNOWN,N,,NA,NA,FRONT END DAMAGE DISTRIBUTED IMPACT,DAMAGED 2,12,NA,NA,NA,,,,OTHER (EXPLAIN IN NARRATIVE),NA,NA,NORTH,Y,0,0,0,0,1,0,0,1,DRIVER,FRONT LEFT,NOT INJURED,20,BLACK,MALE,NO,SHOULDER & LAP BELT,NOT DEPLOYED,NOT APPLICABLE,N,NONE,NA,NA,NONE,NOT APPLICABLE,NOT APPLICABLE,,DRIVER LICENSE,Texas,CLASS C,75104
15503580,1,MOTOR VEHICLE,N,Y,TX,1FMZU75E5YZC29320,2000,WHI,FORD,EXPEDITION,SPORT UTILITY VEHICLE,N,78664,1,LIABILITY INSURANCE POLICY,RIGHT FRONT QUARTER DAMAGE ANGULAR IMPACT,DAMAGED 1 MINIMUM,1,NA,NA,NA,N,,,DRIVER INATTENTION,FAILED TO PASS TO LEFT SAFELY,NA,SOUTHEAST,Y,0,0,0,1,0,0,0,1,DRIVER,FRONT LEFT,NOT INJURED,57,BLACK,MALE,NO,UNKNOWN,UNKNOWN,NOT APPLICABLE,N,NONE,NA,NA,NONE,NOT APPLICABLE,NOT APPLICABLE,,DRIVER LICENSE,Texas,CLASS C,78664
15503580,1,MOTOR VEHICLE,N,Y,TX,1FMZU75E5YZC29320,2000,WHI,FORD,EXPEDITION,SPORT UTILITY VEHICLE,N,78664,1,LIABILITY INSURANCE POLICY,RIGHT FRONT QUARTER DAMAGE ANGULAR IMPACT,DAMAGED 1 MINIMUM,1,NA,NA,NA,N,,,DRIVER INATTENTION,FAILED TO PASS TO LEFT SAFELY,NA,SOUTHEAST,Y,0,0,0,1,0,0,0,1,DRIVER,FRONT LEFT,NOT INJURED,46,WHITE,MALE,NO,SHOULDER & LAP BELT,NOT DEPLOYED,NOT APPLICABLE,N,NONE,NA,NA,NONE,NOT APPLICABLE,NOT APPLICABLE,,DRIVER LICENSE,Texas,CLASS C,78640
15535495,2,MOTOR VEHICLE,N,Y,TX,1GCEC19RXTE212769,1996,RED,CHEVROLET,SILVERADO,PICKUP,N,75232,1,PROOF OF LIABILITY INSURANCE,FRONT END (LEFT) DAMAGE PARTIAL CONTACT,DAMAGED 2,11,LEFT FRONT QUARTER DAMAGE ANGULAR IMPACT,DAMAGED 2,10,Y,WARDS TOWING,"4852 E HWY 53 TEMPLE,TX",UNDER INFLUENCE - ALCOHOL,NA,NA,SOUTHEAST,Y,0,0,0,1,0,0,0,1,DRIVER,FRONT LEFT,NOT INJURED,32,WHITE,FEMALE,NO,SHOULDER & LAP BELT,"DEPLOYED, FRONT",NOT APPLICABLE,N,NONE,NA,NA,NONE,NOT APPLICABLE,NOT APPLICABLE,,DRIVER LICENSE,Oklahoma,OTHER/OUT OF STATE,74801
15535495,1,MOTOR VEHICLE,N,Y,OK,JTKDE177950004592,2005,BLU,TOYOTA,SCION TC,"PASSENGER CAR, 4-DOOR",N,74801,1,PROOF OF LIABILITY INSURANCE,FRONT END DAMAGE DISTRIBUTED IMPACT,DAMAGED 3,11,DISTRIBUTED RIGHT SIDE DAMAGE PARALLEL IMPACT,DAMAGED 3,5,N,BIG JOHN'S,2010 S IH-35 BELTON TX,NONE,NA,NA,SOUTHEAST,Y,0,0,0,1,0,0,0,1,DRIVER,FRONT LEFT,NOT INJURED,32,WHITE,FEMALE,NO,SHOULDER & LAP BELT,"DEPLOYED, FRONT",NOT APPLICABLE,N,NONE,NA,NA,NONE,NOT APPLICABLE,NOT APPLICABLE,,DRIVER LICENSE,Oklahoma,OTHER/OUT OF STATE,74801
15364362,1,MOTOR VEHICLE,N,Y,TX,1D7HA18276J242501,2006,SIL,DODGE,RAM 2500,UNKNOWN,N,78726,1,PROOF OF LIABILITY INSURANCE,FRONT END (LEFT) DAMAGE PARTIAL CONTACT,DAMAGED 3,12,FRONT END (RIGHT)  DAMAGE PARTIAL CONTACT,DAMAGED 3,12,Y,HERNANDEZ TOWING,HERNANDEZ TOWING YARD 2007 INTERSTATE 35,UNDER INFLUENCE - ALCOHOL,NA,NA,NORTHEAST,Y,0,0,0,1,0,0,0,1,DRIVER,FRONT LEFT,NOT INJURED,19,WHITE,FEMALE,NO,UNKNOWN,NOT DEPLOYED,NOT APPLICABLE,N,BREATH,Positive,0.15,NONE,NOT APPLICABLE,NOT APPLICABLE,,DRIVER LICENSE,Texas,CLASS C,78613