CRASH_ID,UNIT_NBR,UNIT_DESC_ID,VEH_PARKED_FL,VEH_HNR_FL,VEH_LIC_STATE_ID,VIN,VEH_MOD_YEAR,VEH_COLOR_ID,VEH_MAKE_ID,VEH_MOD_ID,VEH_BODY_STYL_ID,EMER_RESPNDR_FL,OWNR_ZIP,FIN_RESP_PROOF_ID,FIN_RESP_TYPE_ID,VEH_DMAG_AREA_1_ID,VEH_DMAG_SCL_1_ID,FORCE_DIR_1_ID,VEH_DMAG_AREA_2_ID,VEH_DMAG_SCL_2_ID,FORCE_DIR_2_ID,VEH_INVENTORIED_FL,VEH_TRANSP_NAME,VEH_TRANSP_DEST,CONTRIB_FACTR_1_ID,CONTRIB_FACTR_2_ID,CONTRIB_FACTR_P1_ID,VEH_TRVL_DIR_ID,FIRST_HARM_EVT_INV_ID,INCAP_INJRY_CNT,NONINCAP_INJRY_CNT,POSS_INJRY_CNT,NON_INJRY_CNT,UNKN_INJRY_CNT,TOT_INJRY_CNT,DEATH_CNT,PRSN_NBR,PRSN_TYPE_ID,PRSN_OCCPNT_POS_ID,PRSN_INJRY_SEV_ID,PRSN_AGE,PRSN_ETHNICITY_ID,PRSN_GNDR_ID,PRSN_EJCT_ID,PRSN_REST_ID,PRSN_AIRBAG_ID,PRSN_HELMET_ID,PRSN_SOL_FL,PRSN_ALC_SPEC_TYPE_ID,PRSN_ALC_RSLT_ID,PRSN_BAC_TEST_RSLT,PRSN_DRG_SPEC_TYPE_ID,PRSN_DRG_RSLT_ID,DRVR_DRG_CAT_1_ID,PRSN_DEATH_TIME,DRVR_LIC_TYPE_ID,DRVR_LIC_STATE_ID,DRVR_LIC_CLS_ID,DRVR_ZIP
15424116,1,MOTOR VEHICLE,N,Y,UN,JM1BL1V73C1692636,NA,99,MAZDA,NA,UNKNOWN,N,78642,1,PROOF OF LIABILITY INSURANCE,FRONT END DAMAGE DISTRIBUTED IMPACT,DAMAGED 5,12,DISTRIBUTED LEFT SIDE DAMAGE PARALLEL IMPACT,DAMAGED 3,9,Y,CENTEX WRECKER,1301 FM 972 GEORGETOWN 78626,HAD BEEN DRINKING,FAILED TO HEED WARNING SIGN,DRIVER INATTENTION,WEST,Y,0,0,0,0,1,0,0,1,DRIVER,FRONT LEFT,UNKNOWN,18,WHITE,FEMALE,NO,UNKNOWN,NOT DEPLOYED,NOT APPLICABLE,N,NONE,NA,NA,NONE,NOT APPLICABLE,NOT APPLICABLE,,DRIVER LICENSE,Texas,CLASS A,78642
15471000,1,MOTOR VEHICLE,N,Y,TX,4T1BK36B36U156916,2006,GLD,TOYOTA,CAMRY,"PASSENGER CAR, 4-DOOR",N,78612,1,LIABILITY INSURANCE POLICY,FRONT END DAMAGE CONCENTRATED IMPACT,DAMAGED 4,12,NA,NA,NA,N,HARPERS TOWING SERVICE INC,HARPERS TOWING SERVICE INC,UNDER INFLUENCE - ALCOHOL,FAILED TO CONTROL SPEED,NA,WEST,Y,0,0,0,1,0,0,0,1,DRIVER,FRONT LEFT,NON-INCAPACITATING INJURY,47,BLACK,FEMALE,NO,SHOULDER & LAP BELT,NOT DEPLOYED,NOT APPLICABLE,N,NONE,NA,NA,NONE,NOT APPLICABLE,NOT APPLICABLE,,DRIVER LICENSE,Texas,CLASS C,76549
15318723,2,MOTOR VEHICLE,N,Y,TX,2FTRF172X4CA22122,2004,GRY,FORD,F150,PICKUP,N,75208,1,PROOF OF LIABILITY INSURANCE,DISTRIBUTED LEFT SIDE DAMAGE PARALLEL IMPACT,DAMAGED 3,11,NA,NA,NA,N,,,FAILED TO DRIVE IN SINGLE LANE,DRIVER INATTENTION,NA,SOUTH,Y,0,0,0,1,0,0,0,1,DRIVER,FRONT LEFT,NOT INJURED,41,BLACK,MALE,NO,SHOULDER & LAP BELT,NOT DEPLOYED,NOT APPLICABLE,N,NONE,NA,NA,NONE,NOT APPLICABLE,NOT APPLICABLE,,DRIVER LICENSE,Texas,CLASS C,75056
15318723,2,MOTOR VEHICLE,N,Y,TX,2FTRF172X4CA22122,2004,GRY,FORD,F150,PICKUP,N,75208,1,PROOF OF LIABILITY INSURANCE,DISTRIBUTED LEFT SIDE DAMAGE PARALLEL IMPACT,DAMAGED 3,11,NA,NA,NA,N,,,FAILED TO DRIVE IN SINGLE LANE,DRIVER INATTENTION,NA,SOUTH,Y,0,0,0,1,0,0,0,1,DRIVER,FRONT LEFT,NOT INJURED,40,WHITE,MALE,NO,SHOULDER & LAP BELT,NOT DEPLOYED,NOT APPLICABLE,N,NONE,NA,NA,NONE,NOT APPLICABLE,NOT APPLICABLE,,DRIVER LICENSE,Texas,CLASS C,75208
15358792,1,MOTOR VEHICLE,N,Y,UN,,NA,99,NA,NA,UNKNOWN,N,,NA,NA,FRONT END DAMAGE DISTRIBUTED IMPACT,DAMAGED 2,12,NA,NA,NA,,,,FAILED TO CONTROL SPEED,NA,FOLLOWED TOO CLOSELY,NORTH,Y,0,0,0,0,1,0,0,1,DRIVER,FRONT LEFT,POSSIBLE INJURY,23,BLACK,FEMALE,NO,SHOULDER & LAP BELT,NOT DEPLOYED,NOT APPLICABLE,N,NONE,NA,NA,NONE,NOT APPLICABLE,NOT APPLICABLE,,DRIVER LICENSE,Texas,CLASS C,75180
15358792,1,MOTOR VEHICLE,N,Y,UN,,NA,99,NA,NA,UNKNOWN,N,,NA,NA,FRONT END DAMAGE DISTRIBUTED IMPACT,DAMAGED 2,12,NA,NA,NA,,,,FAILED TO CONTROL SPEED,NA,FOLLOWED TOO CLOSELY,NORTH,Y,0,0,0,0,1,0,0,1,DRIVER,FRONT LEFT,POSSIBLE INJURY,30,WHITE,MALE,NO,SHOULDER & LAP BELT,NOT DEPLOYED,NOT APPLICABLE,N,NONE,NA,NA,NONE,NOT APPLICABLE,NOT APPLICABLE,,DRIVER LICENSE,Texas,CLASS C,75043
15422633,1,MOTOR VEHICLE,N,Y,TX,WDDGF4HB8DRZ94295,NA,WHI,MERCEDES-BENZ,C-CLASS,"PASSENGER CAR, 4-DOOR",N,,1,PROOF OF LIABILITY INSURANCE,FRONT END DAMAGE DISTRIBUTED IMPACT,DAMAGED 5,1,LEFT BACK QUARTER DAMAGE ANGULAR IMPACT,DAMAGED 5,5,N,33262916,6125 INDUSTRIAL WAY,DISREGARD STOP SIGN OR LIGHT,NA,NA,SOUTH,Y,0,0,0,1,0,0,0,1,DRIVER,FRONT LEFT,NOT INJURED,26,HISPANIC,MALE,NO,SHOULDER & LAP BELT,DEPLOYED MULTIPLE,NOT APPLICABLE,N,NONE,NA,NA,NONE,NOT APPLICABLE,NOT APPLICABLE,,DRIVER LICENSE,Texas,CLASS C,
15422633,1,MOTOR VEHICLE,N,Y,TX,WDDGF4HB8DRZ94295,NA,WHI,MERCEDES-BENZ,C-CLASS,"PASSENGER CAR, 4-DOOR",N,,1,PROOF OF LIABILITY INSURANCE,FRONT END DAMAGE DISTRIBUTED IMPACT,DAMAGED 5,1,LEFT BACK QUARTER DAMAGE ANGULAR IMPACT,DAMAGED 5,5,N,33262916,6125 INDUSTRIAL WAY,DISREGARD STOP SIGN OR LIGHT,NA,NA,SOUTH,Y,0,0,0,1,0,0,0,1,DRIVER,FRONT LEFT,POSSIBLE INJURY,45,BLACK,FEMALE,NO,SHOULDER & LAP BELT,NOT DEPLOYED,NOT APPLICABLE,N,NONE,NA,NA,NONE,NOT APPLICABLE,NOT APPLICABLE,,DRIVER LICENSE,Texas,CLASS C,
15482124,2,MOTOR VEHICLE,N,Y,TX,1GTDS196668174836,2006,RED,GMC,CANYON,PICKUP,N,75704,1,PROOF OF LIABILITY INSURANCE,FRONT END (RIGHT)  DAMAGE PARTIAL CONTACT,DAMAGED 1 MINIMUM,12,NA,NA,NA,N,,,FAILED TO CONTROL SPEED,NA,DRIVER INATTENTION,SOUTHEAST,Y,0,0,0,1,0,0,0,1,DRIVER,FRONT LEFT,NOT INJURED,24,WHITE,FEMALE,NO,SHOULDER & LAP BELT,NOT DEPLOYED,NOT APPLICABLE,N,NONE,NA,NA,NONE,NOT APPLICABLE,NOT APPLICABLE,,DRIVER LICENSE,Texas,CLASS C,75703
15482124,1,MOTOR VEHICLE,N,Y,TX,KNDJP3A55G7334635,NA,BLU,KIA,SOUL,"PASSENGER CAR, 4-DOOR",N,75703,1,PROOF OF LIABILITY INSURANCE,BACK END (LEFT) DAMAGE PARTIAL CONTACT,DAMAGED 2,5,NA,NA,NA,N,,,NONE,NA,NA,SOUTHEAST,Y,0,0,0,3,0,0,0,1,DRIVER,FRONT LEFT,NOT INJURED,24,WHITE,FEMALE,NO,SHOULDER & LAP BELT,NOT DEPLOYED,NOT APPLICABLE,N,NONE,NA,NA,NONE,NOT APPLICABLE,NOT APPLICABLE,,DRIVER LICENSE,Texas,CLASS C,75703
15482124,2,MOTOR VEHICLE,N,Y,TX,1GTDS196668174836,2006,RED,GMC,CANYON,PICKUP,N,75704,1,PROOF OF LIABILITY INSURANCE,FRONT END (RIGHT)  DAMAGE PARTIAL CONTACT,DAMAGED 1 MINIMUM,12,NA,NA,NA,N,,,FAILED TO CONTROL SPEED,NA,DRIVER INATTENTION,SOUTHEAST,Y,0,0,0,1,0,0,0,1,DRIVER,FRONT LEFT,NOT INJURED,67,WHITE,MALE,NO,SHOULDER & LAP BELT,NOT DEPLOYED,NOT APPLICABLE,N,NONE,NA,NA,NONE,NOT APPLICABLE,NOT APPLICABLE,,DRIVER LICENSE,Texas,CLASS C,75703
15482124,1,MOTOR VEHICLE,N,Y,TX,KNDJP3A55G7334635,NA,BLU,KIA,SOUL,"PASSENGER CAR, 4-DOOR",N,75703,1,PROOF OF LIABILITY INSURANCE,BACK END (LEFT) DAMAGE PARTIAL CONTACT,DAMAGED 2,5,NA,NA,NA,N,,,NONE,NA,NA,SOUTHEAST,Y,0,0,0,3,0,0,0,1,DRIVER,FRONT LEFT,NOT INJURED,67,WHITE,MALE,NO,SHOULDER & LAP BELT,NOT DEPLOYED,NOT APPLICABLE,N,NONE,NA,NA,NONE,NOT APPLICABLE,NOT APPLICABLE,,DRIVER LICENSE,Texas,CLASS C,75703
15325075,1,MOTOR VEHICLE,N,Y,TX,JTEZT17R838002816,2003,SIL,TOYOTA,4RUNNER/SR5,SPORT UTILITY VEHICLE,N,78245,1,LIABILITY INSURANCE POLICY,FRONT END (LEFT) DAMAGE PARTIAL CONTACT,DAMAGED 2,11,NA,NA,NA,N,FLED SCENE OF CRASH,TO HOME OF REGISTRATION,FAILED TO YIELD ROW - OPEN INTERSECTION,DISREGARD STOP SIGN OR LIGHT,NA,SOUTHWEST,Y,0,0,0,1,0,0,0,1,DRIVER,FRONT LEFT,NOT INJURED,46,HISPANIC,MALE,NO,SHOULDER & LAP BELT,NOT DEPLOYED,NOT APPLICABLE,N,NONE,NA,NA,NONE,NOT APPLICABLE,NOT APPLICABLE,,DRIVER LICENSE,Texas,CLASS C,78245
15325075,1,MOTOR VEHICLE,N,Y,TX,JTEZT17R838002816,2003,SIL,TOYOTA,4RUNNER/SR5,SPORT UTILITY VEHICLE,N,78245,1,LIABILITY INSURANCE POLICY,FRONT END (LEFT) DAMAGE PARTIAL CONTACT,DAMAGED 2,11,NA,NA,NA,N,FLED SCENE OF CRASH,TO HOME OF REGISTRATION,FAILED TO YIELD ROW - OPEN INTERSECTION,DISREGARD STOP SIGN OR LIGHT,NA,SOUTHWEST,Y,0,0,0,1,0,0,0,1,DRIVER,FRONT LEFT,NOT INJURED,22,WHITE,MALE,NO,SHOULDER & LAP BELT,DEPLOYED MULTIPLE,NOT APPLICABLE,N,NONE,NA,NA,NONE,NOT APPLICABLE,NOT APPLICABLE,,DRIVER LICENSE,Other,OTHER/OUT OF STATE,78227
15356405,1,MOTOR VEHICLE,N,Y,TX,3GCPCREC6GG323665,NA,RED,CHEVROLET,SILVERADO,PICKUP,N,78045,1,LIABILITY INSURANCE POLICY,FRONT END (LEFT) DAMAGE PARTIAL CONTACT,DAMAGED 3,10,LEFT BACK QUARTER DAMAGE ANGULAR IMPACT,DAMAGED 3,10,N,DRIVEN AWAY BY OWNER,,FAILED TO CONTROL SPEED,NA,DRIVER INATTENTION,WEST,Y,0,0,0,0,1,0,0,1,DRIVER,FRONT LEFT,UNKNOWN,35,HISPANIC,MALE,NO,SHOULDER & LAP BELT,NOT DEPLOYED,NOT APPLICABLE,N,NONE,NA,NA,NONE,NOT APPLICABLE,NOT APPLICABLE,,DRIVER LICENSE,Texas,CLASS C,78045
15369161,1,MOTOR VEHICLE,N,Y,TX,1D7HA16K55J568797,2005,RED,DODGE,RAM 1500,PICKUP,N,76430,1,PROOF OF LIABILITY INSURANCE,DISTRIBUTED RIGHT SIDE DAMAGE PARALLEL IMPACT,DAMAGED 2,9,UNDERCARRIAGE DAMAGE ONLY,NO DAMAGE,NA,Y,DURANTS,"2349 SANDY ST., ABILENE, TX",OTHER (EXPLAIN IN NARRATIVE),NA,NA,EAST,Y,0,1,0,0,0,1,0,1,DRIVER,FRONT LEFT,NON-INCAPACITATING INJURY,22,WHITE,MALE,NO,SHOULDER & LAP BELT,NOT DEPLOYED,NOT APPLICABLE,N,NONE,NA,NA,NONE,NOT APPLICABLE,NOT APPLICABLE,,DRIVER LICENSE,Texas,CLASS C,79602
15513581,2,MOTOR VEHICLE,N,Y,TX,1FMFU155X8LA59829,NA,WHI,FORD,EXPEDITION,SPORT UTILITY VEHICLE,N,78574,2,NA,BACK END (RIGHT) DAMAGE PARTIAL CONTACT,DAMAGED 2,4,FRONT END DAMAGE DISTRIBUTED IMPACT,DAMAGED 4,10,N,ALFA TOWING T1465J,1700 BRITTMOORE,HAD BEEN DRINKING,FAILED TO DRIVE IN SINGLE LANE,NA,EAST,Y,0,1,0,0,0,1,0,1,DRIVER,FRONT LEFT,NOT INJURED,30,WHITE,FEMALE,NO,SHOULDER & LAP BELT,NOT DEPLOYED,NOT APPLICABLE,N,NONE,NA,NA,NONE,NOT APPLICABLE,NOT APPLICABLE,,DRIVER LICENSE,Texas,CLASS C,76116
15357932,1,MOTOR VEHICLE,N,Y,TX,JTEZT14R078010919,2007,BLK,TOYOTA,4RUNNER,"PASSENGER CAR, 4-DOOR",N,78415,1,PROOF OF LIABILITY INSURANCE,FRONT END (RIGHT)  DAMAGE PARTIAL CONTACT,DAMAGED 3,1,NA,NA,NA,N,,,FAILED TO DRIVE IN SINGLE LANE,NA,ANIMAL ON ROAD- DOMESTIC,EAST,Y,0,0,0,1,0,0,0,1,DRIVER,FRONT LEFT,NOT INJURED,43,WHITE,FEMALE,NO,SHOULDER & LAP BELT,NOT DEPLOYED,NOT APPLICABLE,N,NONE,NA,NA,NONE,NOT APPLICABLE,NOT APPLICABLE,,DRIVER LICENSE,Texas,CLASS C,78412
15398900,2,MOTOR VEHICLE,N,Y,UN,,NA,99,NA,NA,UNKNOWN,N,,2,NA,LEFT BACK QUARTER DAMAGE ANGULAR IMPACT,DAMAGED 1 MINIMUM,9,NA,NA,NA,,FLED SCENE,,NONE,NA,NA,EAST,Y,0,0,0,0,1,0,0,1,DRIVER,FRONT LEFT,NOT INJURED,23,HISPANIC,MALE,NO,SHOULDER & LAP BELT,NOT DEPLOYED,NOT APPLICABLE,N,NONE,NA,NA,NONE,NOT APPLICABLE,NOT APPLICABLE,,DRIVER LICENSE,Texas,CLASS C,78521
15398900,1,MOTOR VEHICLE,N,Y,TX,5TFGY5F18FX174001,NA,BRO,TOYOTA,TUNDRA,PICKUP,N,78521,1,PROOF OF LIABILITY INSURANCE,FRONT END DAMAGE DISTRIBUTED IMPACT,DAMAGED 1 MINIMUM,12,FRONT END (LEFT) DAMAGE PARTIAL CONTACT,DAMAGED 1 MINIMUM,12,N,"FLED SCENE, LOCATED SHORTLY AFTER",,FAILED TO CONTROL SPEED,NA,FAILED TO YIELD ROW - STOP SIGN,SOUTH,Y,0,0,0,1,0,0,0,1,DRIVER,FRONT LEFT,NOT INJURED,23,HISPANIC,MALE,NO,SHOULDER & LAP BELT,NOT DEPLOYED,NOT APPLICABLE,N,NONE,NA,NA,NONE,NOT APPLICABLE,NOT APPLICABLE,,DRIVER LICENSE,Texas,CLASS C,78521
15500874,1,MOTOR VEHICLE,N,Y,TX,5TBEV58187S454241,2007,BLK,TOYOTA,TUNDRA,PICKUP,N,77630,1,PROOF OF LIABILITY INSURANCE,RIGHT FRONT QUARTER DAMAGE ANGULAR IMPACT,DAMAGED 1 MINIMUM,2,RIGHT SIDE DAMAGE ANGULAR IMPACT,DAMAGED 1 MINIMUM,3,N,,,FAILED TO DRIVE IN SINGLE LANE,NA,NA,SOUTH,Y,0,0,0,1,0,0,0,1,DRIVER,FRONT LEFT,NOT INJURED,69,WHITE,MALE,NO,SHOULDER & LAP BELT,NOT DEPLOYED,NOT APPLICABLE,N,NONE,NA,NA,NONE,NOT APPLICABLE,NOT APPLICABLE,,DRIVER LICENSE,Texas,CLASS C AND M,77630
15500874,1,MOTOR VEHICLE,N,Y,TX,5TBEV58187S454241,2007,BLK,TOYOTA,TUNDRA,PICKUP,N,77630,1,PROOF OF LIABILITY INSURANCE,RIGHT FRONT QUARTER DAMAGE ANGULAR IMPACT,DAMAGED 1 MINIMUM,2,RIGHT SIDE DAMAGE ANGULAR IMPACT,DAMAGED 1 MINIMUM,3,N,,,FAILED TO DRIVE IN SINGLE LANE,NA,NA,SOUTH,Y,0,0,0,1,0,0,0,1,DRIVER,FRONT LEFT,NOT INJURED,52,WHITE,MALE,NO,SHOULDER & LAP BELT,NOT DEPLOYED,NOT APPLICABLE,N,NONE,NA,NA,NONE,NOT APPLICABLE,NOT APPLICABLE,,DRIVER LICENSE,Texas,CLASS C,77611
15524183,1,MOTOR VEHICLE,N,Y,UN,1FTRX12W96NB18618,2006,99,FORD,F150,UNKNOWN,N,76541,2,NA,FRONT END DAMAGE DISTRIBUTED IMPACT,DAMAGED 1 MINIMUM,12,NA,NA,NA,Y,,,FAILED TO CONTROL SPEED,UNDER INFLUENCE - ALCOHOL,NA,EAST,Y,0,0,0,1,0,0,0,1,DRIVER,FRONT LEFT,NOT INJURED,35,HISPANIC,MALE,NO,SHOULDER & LAP BELT,NOT DEPLOYED,NOT APPLICABLE,N,BREATH,Positive,0.146,NONE,NOT APPLICABLE,NOT APPLICABLE,,DRIVER LICENSE,Texas,CLASS C,76541
15524183,1,MOTOR VEHICLE,N,Y,UN,1FTRX12W96NB18618,2006,99,FORD,F150,UNKNOWN,N,76541,2,NA,FRONT END DAMAGE DISTRIBUTED IMPACT,DAMAGED 1 MINIMUM,12,NA,NA,NA,Y,,,FAILED TO CONTROL SPEED,UNDER INFLUENCE - ALCOHOL,NA,EAST,Y,0,0,0,1,0,0,0,1,DRIVER,FRONT LEFT,NOT INJURED,25,BLACK,MALE,NO,SHOULDER & LAP BELT,NOT DEPLOYED,NOT APPLICABLE,N,NONE,NA,NA,NONE,NOT APPLICABLE,NOT APPLICABLE,,DRIVER LICENSE,Texas,CLASS C,76542
15412506,3,MOTOR VEHICLE,N,Y,UN,,NA,99,NA,NA,UNKNOWN,N,,NA,NA,NA,NA,NA,NA,NA,NA,,,,NONE,NA,NA,WEST,Y,0,0,0,0,1,0,0,1,DRIVER,FRONT LEFT,NOT INJURED,27,HISPANIC,MALE,NO,SHOULDER & LAP BELT,NOT DEPLOYED,NOT APPLICABLE,N,NONE,NA,NA,NONE,NOT APPLICABLE,NOT APPLICABLE,,DRIVER LICENSE,Texas,CLASS C,78570
15412506,2,MOTOR VEHICLE,N,Y,TX,2B4GP44342R607109,2002,WHI,DODGE,GRAND CARAVAN,VAN,N,78570,1,PROOF OF LIABILITY INSURANCE,LEFT FRONT QUARTER DAMAGE ANGULAR IMPACT,DAMAGED 2,10,NA,NA,NA,N,,,NONE,NA,NA,SOUTH,N,0,0,0,3,0,0,0,1,DRIVER,FRONT LEFT,NOT INJURED,27,HISPANIC,MALE,NO,SHOULDER & LAP BELT,NOT DEPLOYED,NOT APPLICABLE,N,NONE,NA,NA,NONE,NOT APPLICABLE,NOT APPLICABLE,,DRIVER LICENSE,Texas,CLASS C,78570
15412506,1,MOTOR VEHICLE,N,Y,TX,1FALP52U2VA247257,1997,WHI,FORD,CONTOUR,"PASSENGER CAR, 4-DOOR",N,78570,2,NA,RIGHT BACK QUARTER DAMAGE ANGULAR IMPACT,DAMAGED 3,3,LEFT BACK QUARTER DAMAGE ANGULAR IMPACT,DAMAGED 2,10,N,,,FAILED TO YIELD ROW - STOP SIGN,NA,NA,NORTH,Y,0,0,0,1,0,0,0,1,DRIVER,FRONT LEFT,NOT INJURED,27,HISPANIC,MALE,NO,SHOULDER & LAP BELT,NOT DEPLOYED,NOT APPLICABLE,N,NONE,NA,NA,NONE,NOT APPLICABLE,NOT APPLICABLE,,DRIVER LICENSE,Texas,CLASS C,78570
15467040,1,MOTOR VEHICLE,N,Y,TX,WBA3A5C58DF353732,NA,WHI,BMW,328,"PASSENGER CAR, 4-DOOR",N,75070,1,PROOF OF LIABILITY INSURANCE,FRONT END DAMAGE DISTRIBUTED IMPACT,DAMAGED 1 MINIMUM,11,NA,NA,NA,Y,LW'S TOWING,"15020 KING ST. FRISCO, TX 75034",UNDER INFLUENCE - ALCOHOL,DRIVER INATTENTION,NA,NORTH,Y,0,0,0,1,0,0,0,1,DRIVER,FRONT LEFT,NOT INJURED,19,WHITE,MALE,NO,SHOULDER & LAP BELT,NOT DEPLOYED,NOT APPLICABLE,N,BLOOD,Positive,0.155,BLOOD,UNKNOWN,UNKNOWN,,DRIVER LICENSE,Texas,CLASS C,75070
15380121,1,MOTOR VEHICLE,N,Y,TX,1C6RD6FT0CS323593,NA,99,DODGE,RAM 1500,UNKNOWN,N,78626,1,PROOF OF LIABILITY INSURANCE,FRONT END DAMAGE CONCENTRATED IMPACT,DAMAGED 1 MINIMUM,12,BACK END (LEFT) DAMAGE PARTIAL CONTACT,DAMAGED 1 MINIMUM,6,N,,,FAILED TO CONTROL SPEED,BACKED WITHOUT SAFETY,HAD BEEN DRINKING,SOUTH,Y,0,0,0,1,0,0,0,1,DRIVER,FRONT LEFT,NOT INJURED,31,WHITE,MALE,NO,SHOULDER & LAP BELT,NOT DEPLOYED,NOT APPLICABLE,N,NONE,NA,NA,NONE,NOT APPLICABLE,NOT APPLICABLE,,DRIVER LICENSE,Texas,CLASS C,778020000
15380121,1,MOTOR VEHICLE,N,Y,TX,1C6RD6FT0CS323593,NA,99,DODGE,RAM 1500,UNKNOWN,N,78626,1,PROOF OF LIABILITY INSURANCE,FRONT END DAMAGE CONCENTRATED IMPACT,DAMAGED 1 MINIMUM,12,BACK END (LEFT) DAMAGE PARTIAL CONTACT,DAMAGED 1 MINIMUM,6,N,,,FAILED TO CONTROL SPEED,BACKED WITHOUT SAFETY,HAD BEEN DRINKING,SOUTH,Y,0,0,0,1,0,0,0,1,DRIVER,FRONT LEFT,NOT INJURED,24,WHITE,FEMALE,NO,SHOULDER & LAP BELT,NOT DEPLOYED,NOT APPLICABLE,N,NONE,NA,NA,NONE,NOT APPLICABLE,NOT APPLICABLE,,DRIVER LICENSE,Texas,CLASS C,78665
15380121,1,MOTOR VEHICLE,N,Y,TX,1C6RD6FT0CS323593,NA,99,DODGE,RAM 1500,UNKNOWN,N,78626,1,PROOF OF LIABILITY INSURANCE,FRONT END DAMAGE CONCENTRATED IMPACT,DAMAGED 1 MINIMUM,12,BACK END (LEFT) DAMAGE PARTIAL CONTACT,DAMAGED 1 MINIMUM,6,N,,,FAILED TO CONTROL SPEED,BACKED WITHOUT SAFETY,HAD BEEN DRINKING,SOUTH,Y,0,0,0,1,0,0,0,1,DRIVER,FRONT LEFT,NOT INJURED,56,WHITE,MALE,NO,SHOULDER & LAP BELT,NOT DEPLOYED,NOT APPLICABLE,N,NONE,NA,NA,NONE,NOT APPLICABLE,NOT APPLICABLE,,DRIVER LICENSE,Texas,CLASS C,78626
15405041,1,MOTOR VEHICLE,N,Y,TX,1C6RD6GP9CS100440,NA,RED,DODGE,RAM 1500,PICKUP,N,78046,1,PROOF OF LIABILITY INSURANCE,RIGHT FRONT QUARTER DAMAGE ANGULAR IMPACT,DAMAGED 3,2,NA,NA,NA,N,DRIVEN AWAY,,FAILED TO CONTROL SPEED,NA,NA,SOUTH,Y,0,0,0,1,0,0,0,1,DRIVER,FRONT LEFT,NOT INJURED,27,HISPANIC,MALE,NO,SHOULDER & LAP BELT,NOT DEPLOYED,NOT APPLICABLE,Y,BREATH,Positive,0.109,NONE,NOT APPLICABLE,NOT APPLICABLE,,DRIVER LICENSE,Texas,CLASS C,78046
15437807,1,MOTOR VEHICLE,N,Y,TX,1FTRW12W58KF04752,NA,BRO,FORD,F150,PICKUP,N,77018,2,NA,RIGHT FRONT QUARTER DAMAGE ANGULAR IMPACT,DAMAGED 3,1,LEFT BACK QUARTER DAMAGE ANGULAR IMPACT,DAMAGED 1 MINIMUM,7,Y,INFINITY TOWING,8210 PINEMONT,HAD BEEN DRINKING,NA,NA,EAST,Y,0,0,0,1,0,0,0,1,DRIVER,FRONT LEFT,NOT INJURED,22,WHITE,MALE,NO,SHOULDER & LAP BELT,NOT DEPLOYED,NOT APPLICABLE,N,NONE,NA,NA,NONE,NOT APPLICABLE,NOT APPLICABLE,,DRIVER LICENSE,Texas,CLASS C,77018
15314706,1,MOTOR VEHICLE,N,Y,TX,1GCEC19V06Z133895,2006,RED,CHEVROLET,SILVERADO,PICKUP,N,76016,1,PROOF OF LIABILITY INSURANCE,FRONT END (LEFT) DAMAGE PARTIAL CONTACT,DAMAGED 3,NA,NA,NA,NA,N,,,FAILED TO CONTROL SPEED,NA,HAD BEEN DRINKING,WEST,Y,0,0,0,1,0,0,0,1,DRIVER,FRONT LEFT,NOT INJURED,30,WHITE,MALE,NO,SHOULDER & LAP BELT,NOT DEPLOYED,NOT APPLICABLE,N,NONE,NA,NA,NONE,NOT APPLICABLE,NOT APPLICABLE,,DRIVER LICENSE,Texas,CLASS C,76016
15347701,1,MOTOR VEHICLE,N,Y,TX,3GNEC16R5XG266149,1999,TAN,CHEVROLET,C1500 SUBURBAN,SPORT UTILITY VEHICLE,N,79764,1,PROOF OF LIABILITY INSURANCE,FRONT END DAMAGE DISTRIBUTED IMPACT,DAMAGED 1 MINIMUM,12,NA,NA,NA,N,,,IMPROPER START FROM PARKED POSITION,NA,NA,WEST,Y,0,0,0,1,0,0,0,1,DRIVER,FRONT LEFT,NOT INJURED,19,HISPANIC,MALE,NO,UNKNOWN,NOT DEPLOYED,NOT APPLICABLE,N,NONE,NA,NA,NONE,NOT APPLICABLE,NOT APPLICABLE,,DRIVER LICENSE,Texas,CLASS C,79764
15424343,3,MOTOR VEHICLE,N,Y,UN,,NA,99,NA,NA,UNKNOWN,N,,NA,NA,NA,NA,NA,NA,NA,NA,,,,NONE,NA,NA,NORTH,N,0,0,0,0,1,0,0,1,DRIVER,FRONT LEFT,NOT INJURED,23,WHITE,MALE,NO,SHOULDER & LAP BELT,NOT DEPLOYED,NOT APPLICABLE,N,NONE,NA,NA,NONE,NOT APPLICABLE,NOT APPLICABLE,,DRIVER LICENSE,Texas,CLASS C,775680000