CRASH_ID,UNIT_NBR,UNIT_DESC_ID,VEH_PARKED_FL,VEH_HNR_FL,VEH_LIC_STATE_ID,VIN,VEH_MOD_YEAR,VEH_COLOR_ID,VEH_MAKE_ID,VEH_MOD_ID,VEH_BODY_STYL_ID,EMER_RESPNDR_FL,OWNR_ZIP,FIN_RESP_PROOF_ID,FIN_RESP_TYPE_ID,VEH_DMAG_AREA_1_ID,VEH_DMAG_SCL_1_ID,FORCE_DIR_1_ID,VEH_DMAG_AREA_2_ID,VEH_DMAG_SCL_2_ID,FORCE_DIR_2_ID,VEH_INVENTORIED_FL,VEH_TRANSP_NAME,VEH_TRANSP_DEST,CONTRIB_FACTR_1_ID,CONTRIB_FACTR_2_ID,CONTRIB_FACTR_P1_ID,VEH_TRVL_DIR_ID,FIRST_HARM_EVT_INV_ID,INCAP_INJRY_CNT,NONINCAP_INJRY_CNT,POSS_INJRY_CNT,NON_INJRY_CNT,UNKN_INJRY_CNT,TOT_INJRY_CNT,DEATH_CNT,PRSN_NBR,PRSN_TYPE_ID,PRSN_OCCPNT_POS_ID,PRSN_INJRY_SEV_ID,PRSN_AGE,PRSN_ETHNICITY_ID,PRSN_GNDR_ID,PRSN_EJCT_ID,PRSN_REST_ID,PRSN_AIRBAG_ID,PRSN_HELMET_ID,PRSN_SOL_FL,PRSN_ALC_SPEC_TYPE_ID,PRSN_ALC_RSLT_ID,PRSN_BAC_TEST_RSLT,PRSN_DRG_SPEC_TYPE_ID,PRSN_DRG_RSLT_ID,DRVR_DRG_CAT_1_ID,PRSN_DEATH_TIME,DRVR_LIC_TYPE_ID,DRVR_LIC_STATE_ID,DRVR_LIC_CLS_ID,DRVR_ZIP
15419548,2,MOTOR VEHICLE,N,Y,UN,1FTFW1CF9BFC48195,NA,99,FORD,F150,PICKUP,N,76676,1,LIABILITY INSURANCE POLICY,LEFT BACK QUARTER DAMAGE ANGULAR IMPACT,DAMAGED 1 MINIMUM,8,NA,NA,NA,N,DRIVEN AWAY,BY OWNER,NONE,NA,NA,SOUTH,Y,0,0,0,1,0,0,0,1,DRIVER,FRONT LEFT,NOT INJURED,30,BLACK,MALE,NO,SHOULDER & LAP BELT,UNKNOWN,NOT APPLICABLE,N,NONE,NA,NA,NONE,NOT APPLICABLE,NOT APPLICABLE,,DRIVER LICENSE,Texas,CLASS C,76701
15419548,1,MOTOR VEHICLE,N,Y,TX,1FMZU63K14ZA14109,2004,TAN,FORD,EXPLORER,"PASSENGER CAR, 4-DOOR",N,76701,1,LIABILITY INSURANCE POLICY,FRONT END DAMAGE DISTRIBUTED IMPACT,DAMAGED 1 MINIMUM,12,NA,NA,NA,N,DRIVEN AWAY,BY OWNER,FAILED TO CONTROL SPEED,FAULTY EVASIVE ACTION,NA,EAST,Y,0,0,0,1,0,0,0,1,DRIVER,FRONT LEFT,NOT INJURED,30,BLACK,MALE,NO,SHOULDER & LAP BELT,UNKNOWN,NOT APPLICABLE,N,NONE,NA,NA,NONE,NOT APPLICABLE,NOT APPLICABLE,,DRIVER LICENSE,Texas,CLASS C,76701
15419548,2,MOTOR VEHICLE,N,Y,UN,1FTFW1CF9BFC48195,NA,99,FORD,F150,PICKUP,N,76676,1,LIABILITY INSURANCE POLICY,LEFT BACK QUARTER DAMAGE ANGULAR IMPACT,DAMAGED 1 MINIMUM,8,NA,NA,NA,N,DRIVEN AWAY,BY OWNER,NONE,NA,NA,SOUTH,Y,0,0,0,1,0,0,0,1,DRIVER,FRONT LEFT,NOT INJURED,33,WHITE,MALE,NO,SHOULDER & LAP BELT,NOT DEPLOYED,NOT APPLICABLE,N,NONE,NA,NA,NONE,NOT APPLICABLE,NOT APPLICABLE,,DRIVER LICENSE,Texas,CLASS C,76676
15419548,1,MOTOR VEHICLE,N,Y,TX,1FMZU63K14ZA14109,2004,TAN,FORD,EXPLORER,"PASSENGER CAR, 4-DOOR",N,76701,1,LIABILITY INSURANCE POLICY,FRONT END DAMAGE DISTRIBUTED IMPACT,DAMAGED 1 MINIMUM,12,NA,NA,NA,N,DRIVEN AWAY,BY OWNER,FAILED TO CONTROL SPEED,FAULTY EVASIVE ACTION,NA,EAST,Y,0,0,0,1,0,0,0,1,DRIVER,FRONT LEFT,NOT INJURED,33,WHITE,MALE,NO,SHOULDER & LAP BELT,NOT DEPLOYED,NOT APPLICABLE,N,NONE,NA,NA,NONE,NOT APPLICABLE,NOT APPLICABLE,,DRIVER LICENSE,Texas,CLASS C,76676
15479115,1,MOTOR VEHICLE,N,Y,UN,1D7HA18N645645015,2004,99,DODGE,RAM 1500,UNKNOWN,N,76712,2,NA,FRONT END DAMAGE DISTRIBUTED IMPACT,DAMAGED 4,12,NA,NA,NA,Y,TOW KING,"7191 BAGBY AVE, WACO, TX 76712",FAILED TO CONTROL SPEED,NA,NA,WEST,Y,0,1,0,0,0,1,0,1,DRIVER,FRONT LEFT,NON-INCAPACITATING INJURY,36,HISPANIC,MALE,NO,SHOULDER & LAP BELT,NOT DEPLOYED,NOT APPLICABLE,N,BLOOD,Positive,0.199,NONE,NOT APPLICABLE,NOT APPLICABLE,,DRIVER LICENSE,Texas,CLASS C,76708
15479115,1,MOTOR VEHICLE,N,Y,UN,1D7HA18N645645015,2004,99,DODGE,RAM 1500,UNKNOWN,N,76712,2,NA,FRONT END DAMAGE DISTRIBUTED IMPACT,DAMAGED 4,12,NA,NA,NA,Y,TOW KING,"7191 BAGBY AVE, WACO, TX 76712",FAILED TO CONTROL SPEED,NA,NA,WEST,Y,0,1,0,0,0,1,0,1,DRIVER,FRONT LEFT,NON-INCAPACITATING INJURY,38,WHITE,FEMALE,NO,SHOULDER & LAP BELT,NOT DEPLOYED,NOT APPLICABLE,N,NONE,NA,NA,NONE,NOT APPLICABLE,NOT APPLICABLE,,DRIVER LICENSE,Texas,CLASS C,76712
15335675,1,MOTOR VEHICLE,N,Y,TX,1FTYR10U81PB64896,2001,WHI,FORD,RANGER,PICKUP,N,75060,1,PROOF OF LIABILITY INSURANCE,FRONT END DAMAGE DISTRIBUTED IMPACT,DAMAGED 3,12,NA,NA,NA,Y,PROTOW,"401 VALLEY VIEW LN, IRVING, TX 75061",UNDER INFLUENCE - ALCOHOL,DRIVER INATTENTION,NA,EAST,Y,0,0,0,1,0,0,0,1,DRIVER,FRONT LEFT,NOT INJURED,49,HISPANIC,MALE,NO,SHOULDER & LAP BELT,"DEPLOYED, FRONT",NOT APPLICABLE,N,BREATH,Negative,0.034,NONE,NOT APPLICABLE,NOT APPLICABLE,,DRIVER LICENSE,Texas,CLASS C,75060
15335675,1,MOTOR VEHICLE,N,Y,TX,1FTYR10U81PB64896,2001,WHI,FORD,RANGER,PICKUP,N,75060,1,PROOF OF LIABILITY INSURANCE,FRONT END DAMAGE DISTRIBUTED IMPACT,DAMAGED 3,12,NA,NA,NA,Y,PROTOW,"401 VALLEY VIEW LN, IRVING, TX 75061",UNDER INFLUENCE - ALCOHOL,DRIVER INATTENTION,NA,EAST,Y,0,0,0,1,0,0,0,1,DRIVER,FRONT LEFT,NOT INJURED,46,BLACK,FEMALE,NO,SHOULDER & LAP BELT,NOT DEPLOYED,NOT APPLICABLE,N,NONE,NA,NA,NONE,NOT APPLICABLE,NOT APPLICABLE,,DRIVER LICENSE,Texas,CLASS C,76010
15365874,1,MOTOR VEHICLE,N,Y,TX,1FAFP24166G151418,2006,MAR,FORD,FIVE HUNDRED,UNKNOWN,N,76106,2,NA,FRONT END (LEFT) DAMAGE PARTIAL CONTACT,DAMAGED 4,11,RIGHT BACK QUARTER DAMAGE ANGULAR IMPACT,DAMAGED 4,5,Y,DAVES HI-WAY,3010 HARD ROCK,FAILED TO CONTROL SPEED,NA,FAILED TO DRIVE IN SINGLE LANE,WEST,Y,0,0,0,1,0,0,0,1,DRIVER,FRONT LEFT,NOT INJURED,42,BLACK,MALE,NO,SHOULDER & LAP BELT,NOT DEPLOYED,NOT APPLICABLE,N,NONE,NA,NA,NONE,NOT APPLICABLE,NOT APPLICABLE,,COMMERCIAL DRIVER LIC.,Texas,CLASS A,76106
15424831,1,MOTOR VEHICLE,N,Y,TX,1G1ZS52F94F159028,2004,WHI,CHEVROLET,MALIBU,"PASSENGER CAR, 4-DOOR",N,76245,1,PROOF OF LIABILITY INSURANCE,FRONT END DAMAGE DISTRIBUTED IMPACT,DAMAGED 1 MINIMUM,12,NA,NA,NA,Y,B&O TOWING,"219 N LOCUST STREET, DENTON, TX 76201",UNDER INFLUENCE - ALCOHOL,NA,NA,WEST,Y,0,0,0,1,0,0,0,1,DRIVER,FRONT LEFT,NOT INJURED,61,WHITE,MALE,NO,SHOULDER & LAP BELT,NOT DEPLOYED,NOT APPLICABLE,N,BLOOD,NA,NA,BLOOD,UNKNOWN,UNKNOWN,,COMMERCIAL DRIVER LIC.,Texas,CLASS A,76245
15428819,1,MOTOR VEHICLE,N,Y,TX,1FTEW1CP9FFC61409,NA,WHI,FORD,F SERIES,PICKUP,N,77494,1,PROOF OF LIABILITY INSURANCE,FRONT END (RIGHT)  DAMAGE PARTIAL CONTACT,DAMAGED 2,1,NA,NA,NA,Y,SON'S WRECKER,7204 CHIPPEWA,FAILED TO DRIVE IN SINGLE LANE,UNDER INFLUENCE - ALCOHOL,NA,NORTH,Y,0,0,0,1,0,0,0,1,DRIVER,FRONT LEFT,NOT INJURED,34,WHITE,FEMALE,NO,SHOULDER & LAP BELT,NOT DEPLOYED,NOT APPLICABLE,N,BLOOD,NA,NA,NONE,NOT APPLICABLE,NOT APPLICABLE,,DRIVER LICENSE,Texas,CLASS C,77494
15500470,1,MOTOR VEHICLE,N,Y,UN,,NA,99,NA,NA,UNKNOWN,N,,NA,NA,DISTRIBUTED RIGHT SIDE DAMAGE PARALLEL IMPACT,DAMAGED 1 MINIMUM,12,NA,NA,NA,N,NOT TOWED,NOT TOWED,CHANGED LANE WHEN UNSAFE,FAILED TO DRIVE IN SINGLE LANE,NA,NORTH,Y,0,0,0,0,1,0,0,1,DRIVER,FRONT LEFT,NOT INJURED,53,WHITE,FEMALE,NO,SHOULDER & LAP BELT,NOT DEPLOYED,NOT APPLICABLE,N,NONE,NA,NA,NONE,NOT APPLICABLE,NOT APPLICABLE,,DRIVER LICENSE,Texas,CLASS C,75142
15322634,4,MOTOR VEHICLE,N,Y,UN,,NA,99,NA,NA,UNKNOWN,N,,NA,NA,NA,NA,NA,NA,NA,NA,,,,NONE,NA,NA,EAST,N,0,0,0,0,1,0,0,1,DRIVER,FRONT LEFT,NOT INJURED,42,HISPANIC,MALE,NO,SHOULDER & LAP BELT,NOT DEPLOYED,NOT APPLICABLE,N,NONE,NA,NA,NONE,NOT APPLICABLE,NOT APPLICABLE,,COMMERCIAL DRIVER LIC.,Texas,CLASS A,79928
15322634,3,MOTOR VEHICLE,N,Y,TX,1N4AL3AP0FC472754,NA,WHI,NISSAN,ALTIMA,"PASSENGER CAR, 4-DOOR",N,79927,1,PROOF OF LIABILITY INSURANCE,BACK END DAMAGE DISTRIBUTED IMPACT,DAMAGED 1 MINIMUM,6,FRONT END DAMAGE CONCENTRATED IMPACT,DAMAGED 1 MINIMUM,12,N,DRIVEN AWAY,BY OWNER,NONE,NA,NA,EAST,N,0,0,0,3,0,0,0,1,DRIVER,FRONT LEFT,NOT INJURED,42,HISPANIC,MALE,NO,SHOULDER & LAP BELT,NOT DEPLOYED,NOT APPLICABLE,N,NONE,NA,NA,NONE,NOT APPLICABLE,NOT APPLICABLE,,COMMERCIAL DRIVER LIC.,Texas,CLASS A,79928
15322634,2,MOTOR VEHICLE,N,Y,TX,1GCCS14Z8S8168236,1995,WHI,CHEVROLET,S10,PICKUP,N,79927,1,PROOF OF LIABILITY INSURANCE,BACK END DAMAGE DISTRIBUTED IMPACT,DAMAGED 1 MINIMUM,6,FRONT END DAMAGE CONCENTRATED IMPACT,DAMAGED 2,12,N,DRIVEN AWAY,BY OWNER,NONE,NA,NA,EAST,Y,0,0,0,1,0,0,0,1,DRIVER,FRONT LEFT,NOT INJURED,42,HISPANIC,MALE,NO,SHOULDER & LAP BELT,NOT DEPLOYED,NOT APPLICABLE,N,NONE,NA,NA,NONE,NOT APPLICABLE,NOT APPLICABLE,,COMMERCIAL DRIVER LIC.,Texas,CLASS A,79928
15322634,1,MOTOR VEHICLE,N,Y,TX,1GCCS195228176354,2002,GRY,CHEVROLET,S10,PICKUP,N,79928,1,PROOF OF LIABILITY INSURANCE,FRONT END DAMAGE DISTRIBUTED IMPACT,DAMAGED 2,12,NA,NA,NA,N,DRIVEN AWAY,BY OWNER,FOLLOWED TOO CLOSELY,NA,NA,EAST,Y,0,0,0,1,0,0,0,1,DRIVER,FRONT LEFT,NOT INJURED,42,HISPANIC,MALE,NO,SHOULDER & LAP BELT,NOT DEPLOYED,NOT APPLICABLE,N,NONE,NA,NA,NONE,NOT APPLICABLE,NOT APPLICABLE,,COMMERCIAL DRIVER LIC.,Texas,CLASS A,79928
15322634,4,MOTOR VEHICLE,N,Y,UN,,NA,99,NA,NA,UNKNOWN,N,,NA,NA,NA,NA,NA,NA,NA,NA,,,,NONE,NA,NA,EAST,N,0,0,0,0,1,0,0,1,DRIVER,FRONT LEFT,NOT INJURED,36,HISPANIC,FEMALE,NO,SHOULDER & LAP BELT,NOT DEPLOYED,NOT APPLICABLE,N,NONE,NA,NA,NONE,NOT APPLICABLE,NOT APPLICABLE,,DRIVER LICENSE,Texas,CLASS C,79927
15322634,3,MOTOR VEHICLE,N,Y,TX,1N4AL3AP0FC472754,NA,WHI,NISSAN,ALTIMA,"PASSENGER CAR, 4-DOOR",N,79927,1,PROOF OF LIABILITY INSURANCE,BACK END DAMAGE DISTRIBUTED IMPACT,DAMAGED 1 MINIMUM,6,FRONT END DAMAGE CONCENTRATED IMPACT,DAMAGED 1 MINIMUM,12,N,DRIVEN AWAY,BY OWNER,NONE,NA,NA,EAST,N,0,0,0,3,0,0,0,1,DRIVER,FRONT LEFT,NOT INJURED,36,HISPANIC,FEMALE,NO,SHOULDER & LAP BELT,NOT DEPLOYED,NOT APPLICABLE,N,NONE,NA,NA,NONE,NOT APPLICABLE,NOT APPLICABLE,,DRIVER LICENSE,Texas,CLASS C,79927
15322634,2,MOTOR VEHICLE,N,Y,TX,1GCCS14Z8S8168236,1995,WHI,CHEVROLET,S10,PICKUP,N,79927,1,PROOF OF LIABILITY INSURANCE,BACK END DAMAGE DISTRIBUTED IMPACT,DAMAGED 1 MINIMUM,6,FRONT END DAMAGE CONCENTRATED IMPACT,DAMAGED 2,12,N,DRIVEN AWAY,BY OWNER,NONE,NA,NA,EAST,Y,0,0,0,1,0,0,0,1,DRIVER,FRONT LEFT,NOT INJURED,36,HISPANIC,FEMALE,NO,SHOULDER & LAP BELT,NOT DEPLOYED,NOT APPLICABLE,N,NONE,NA,NA,NONE,NOT APPLICABLE,NOT APPLICABLE,,DRIVER LICENSE,Texas,CLASS C,79927
15322634,1,MOTOR VEHICLE,N,Y,TX,1GCCS195228176354,2002,GRY,CHEVROLET,S10,PICKUP,N,79928,1,PROOF OF LIABILITY INSURANCE,FRONT END DAMAGE DISTRIBUTED IMPACT,DAMAGED 2,12,NA,NA,NA,N,DRIVEN AWAY,BY OWNER,FOLLOWED TOO CLOSELY,NA,NA,EAST,Y,0,0,0,1,0,0,0,1,DRIVER,FRONT LEFT,NOT INJURED,36,HISPANIC,FEMALE,NO,SHOULDER & LAP BELT,NOT DEPLOYED,NOT APPLICABLE,N,NONE,NA,NA,NONE,NOT APPLICABLE,NOT APPLICABLE,,DRIVER LICENSE,Texas,CLASS C,79927
15426183,1,MOTOR VEHICLE,N,Y,UN,,NA,99,NA,NA,UNKNOWN,N,,NA,NA,NA,NA,NA,NA,NA,NA,N,,,OTHER (EXPLAIN IN NARRATIVE),NA,NA,EAST,Y,0,0,0,0,1,0,0,1,DRIVER,FRONT LEFT,POSSIBLE INJURY,35,WHITE,MALE,NO,SHOULDER & LAP BELT,NOT DEPLOYED,NOT APPLICABLE,N,NONE,NA,NA,NONE,NOT APPLICABLE,NOT APPLICABLE,,DRIVER LICENSE,Texas,CLASS C,75223
15426183,1,MOTOR VEHICLE,N,Y,UN,,NA,99,NA,NA,UNKNOWN,N,,NA,NA,NA,NA,NA,NA,NA,NA,N,,,OTHER (EXPLAIN IN NARRATIVE),NA,NA,EAST,Y,0,0,0,0,1,0,0,1,DRIVER,FRONT LEFT,NOT INJURED,34,HISPANIC,MALE,NO,SHOULDER & LAP BELT,NOT DEPLOYED,NOT APPLICABLE,N,NONE,NA,NA,NONE,NOT APPLICABLE,NOT APPLICABLE,,DRIVER LICENSE,Texas,CLASS C,75041
15505419,4,MOTOR VEHICLE,N,Y,UN,,NA,99,FORD,MUSTANG,UNKNOWN,N,,NA,NA,FRONT END DAMAGE DISTRIBUTED IMPACT,NA,1,NA,NA,NA,N,,,OTHER (EXPLAIN IN NARRATIVE),NA,NA,NORTH,N,0,0,0,0,1,0,0,1,DRIVER,FRONT LEFT,NOT INJURED,50,HISPANIC,FEMALE,NO,SHOULDER & LAP BELT,NOT DEPLOYED,NOT APPLICABLE,N,NONE,NA,NA,NONE,NOT APPLICABLE,NOT APPLICABLE,,DRIVER LICENSE,Texas,CLASS C,78221
15505419,4,MOTOR VEHICLE,N,Y,UN,,NA,99,FORD,MUSTANG,UNKNOWN,N,,NA,NA,FRONT END DAMAGE DISTRIBUTED IMPACT,NA,1,NA,NA,NA,N,,,OTHER (EXPLAIN IN NARRATIVE),NA,NA,NORTH,N,0,0,0,0,1,0,0,1,DRIVER,FRONT LEFT,NOT INJURED,25,WHITE,MALE,NO,SHOULDER & LAP BELT,NOT DEPLOYED,NOT APPLICABLE,N,NONE,NA,NA,NONE,NOT APPLICABLE,NOT APPLICABLE,,DRIVER LICENSE,Texas,CLASS C,78016
15364586,1,MOTOR VEHICLE,N,Y,TX,1FTRX12W26FA90977,2006,GRY,FORD,F150,TRUCK,N,79065,1,PROOF OF LIABILITY INSURANCE,FRONT END DAMAGE CONCENTRATED IMPACT,DAMAGED 4,12,NA,NA,NA,Y,DOUGLAS TOWING,641 S. CUYLER ST. PAMPA TX 79065-(806)66,FAILED TO CONTROL SPEED,HAD BEEN DRINKING,NA,SOUTH,Y,0,0,0,1,0,0,0,1,DRIVER,FRONT LEFT,NOT INJURED,16,WHITE,MALE,NO,SHOULDER & LAP BELT,NOT DEPLOYED,NOT APPLICABLE,N,NONE,NA,NA,NONE,NOT APPLICABLE,NOT APPLICABLE,,DRIVER LICENSE,Texas,CLASS C,79065
15384699,1,MOTOR VEHICLE,N,Y,TX,1FAFP404XYF250294,2000,GRN,FORD,MUSTANG,"PASSENGER CAR, 2-DOOR",N,78501,2,NA,RIGHT FRONT QUARTER DAMAGE ANGULAR IMPACT,DAMAGED 2,2,FRONT END (LEFT) DAMAGE PARTIAL CONTACT,DAMAGED 6,11,N,,,UNDER INFLUENCE - ALCOHOL,NA,NA,WEST,Y,0,0,0,1,0,0,0,1,DRIVER,FRONT LEFT,NOT INJURED,42,HISPANIC,MALE,NO,SHOULDER & LAP BELT,NOT DEPLOYED,NOT APPLICABLE,N,REFUSED,NA,NA,NONE,NOT APPLICABLE,NOT APPLICABLE,,DRIVER LICENSE,Texas,CLASS C,78539
15418166,1,MOTOR VEHICLE,N,Y,TX,3FAFP07Z56R162411,2006,RED,FORD,FUSION,"PASSENGER CAR, 4-DOOR",N,78516,1,PROOF OF LIABILITY INSURANCE,FRONT END (LEFT) DAMAGE PARTIAL CONTACT,DAMAGED 4,11,LEFT FRONT QUARTER DAMAGE ANGULAR IMPACT,DAMAGED 3,11,N,VIC'S WRECKER,1215 BRAZOS ALAMO TX.,FAILED TO CONTROL SPEED,NA,FAULTY EVASIVE ACTION,SOUTH,Y,0,0,0,1,0,0,0,1,DRIVER,FRONT LEFT,NOT INJURED,32,HISPANIC,MALE,NO,SHOULDER & LAP BELT,"DEPLOYED, FRONT",NOT APPLICABLE,N,NONE,NA,NA,NONE,NOT APPLICABLE,NOT APPLICABLE,,DRIVER LICENSE,Texas,CLASS C,78516
15527779,1,MOTOR VEHICLE,N,Y,TX,5FNRL18064B026070,2004,GLD,UNKNOWN,UNKNOWN,VAN,N,79703,1,PROOF OF LIABILITY INSURANCE,FRONT END (RIGHT)  DAMAGE PARTIAL CONTACT,DAMAGED 4,12,NA,NA,NA,Y,NEAL POOL,YARD,FAILED TO CONTROL SPEED,NA,NA,WEST,Y,0,0,0,1,0,0,0,1,DRIVER,FRONT LEFT,NOT INJURED,29,WHITE,MALE,NO,SHOULDER & LAP BELT,NOT DEPLOYED,NOT APPLICABLE,N,NONE,NA,NA,NONE,NOT APPLICABLE,NOT APPLICABLE,,DRIVER LICENSE,Texas,CLASS C,79703
15527779,1,MOTOR VEHICLE,N,Y,TX,5FNRL18064B026070,2004,GLD,UNKNOWN,UNKNOWN,VAN,N,79703,1,PROOF OF LIABILITY INSURANCE,FRONT END (RIGHT)  DAMAGE PARTIAL CONTACT,DAMAGED 4,12,NA,NA,NA,Y,NEAL POOL,YARD,FAILED TO CONTROL SPEED,NA,NA,WEST,Y,0,0,0,1,0,0,0,1,DRIVER,FRONT LEFT,NOT INJURED,29,WHITE,MALE,NO,SHOULDER & LAP BELT,NOT DEPLOYED,NOT APPLICABLE,N,NONE,NA,NA,NONE,NOT APPLICABLE,NOT APPLICABLE,,DRIVER LICENSE,Texas,CLASS C,79703
15363385,1,MOTOR VEHICLE,N,Y,UN,1N6AA07A54N590492,2004,99,NISSAN,TITAN,UNKNOWN,N,79936,1,PROOF OF LIABILITY INSURANCE,FRONT END DAMAGE DISTRIBUTED IMPACT,DAMAGED 3,12,NA,NA,NA,N,DRIVER,TRAFFIC,NONE,NA,NA,WEST,Y,0,0,0,1,0,0,0,1,DRIVER,FRONT LEFT,NOT INJURED,22,WHITE,MALE,NO,UNKNOWN,"DEPLOYED, FRONT",NOT APPLICABLE,N,NONE,NA,NA,NONE,NOT APPLICABLE,NOT APPLICABLE,,DRIVER LICENSE,Texas,CLASS C,79936
15447335,1,MOTOR VEHICLE,N,Y,UN,,NA,99,UNKNOWN,UNKNOWN,UNKNOWN,N,,NA,NA,NA,NA,NA,NA,NA,NA,N,,,NONE,NA,NA,NORTH,Y,0,0,0,0,1,0,0,1,DRIVER,FRONT LEFT,NOT INJURED,21,HISPANIC,FEMALE,NO,SHOULDER & LAP BELT,NOT DEPLOYED,NOT APPLICABLE,N,NONE,NA,NA,NONE,NOT APPLICABLE,NOT APPLICABLE,,DRIVER LICENSE,Texas,CLASS C,79932
15447335,1,MOTOR VEHICLE,N,Y,UN,,NA,99,UNKNOWN,UNKNOWN,UNKNOWN,N,,NA,NA,NA,NA,NA,NA,NA,NA,N,,,NONE,NA,NA,NORTH,Y,0,0,0,0,1,0,0,1,DRIVER,FRONT LEFT,NOT INJURED,21,HISPANIC,FEMALE,NO,SHOULDER & LAP BELT,NOT DEPLOYED,NOT APPLICABLE,N,NONE,NA,NA,NONE,NOT APPLICABLE,NOT APPLICABLE,,DRIVER LICENSE,Texas,CLASS C,79932
15447335,1,MOTOR VEHICLE,N,Y,UN,,NA,99,UNKNOWN,UNKNOWN,UNKNOWN,N,,NA,NA,NA,NA,NA,NA,NA,NA,N,,,NONE,NA,NA,NORTH,Y,0,0,0,0,1,0,0,1,DRIVER,FRONT LEFT,NOT INJURED,21,HISPANIC,FEMALE,NO,SHOULDER & LAP BELT,NOT DEPLOYED,NOT APPLICABLE,N,NONE,NA,NA,NONE,NOT APPLICABLE,NOT APPLICABLE,,DRIVER LICENSE,Texas,CLASS C,79932
15447335,1,MOTOR VEHICLE,N,Y,UN,,NA,99,UNKNOWN,UNKNOWN,UNKNOWN,N,,NA,NA,NA,NA,NA,NA,NA,NA,N,,,NONE,NA,NA,NORTH,Y,0,0,0,0,1,0,0,1,DRIVER,FRONT LEFT,NOT INJURED,21,HISPANIC,FEMALE,NO,SHOULDER & LAP BELT,NOT DEPLOYED,NOT APPLICABLE,N,NONE,NA,NA,NONE,NOT APPLICABLE,NOT APPLICABLE,,DRIVER LICENSE,Texas,CLASS C,79932
15501073,2,MOTOR VEHICLE,N,Y,UN,,NA,RED,FORD,F150,PICKUP,N,,NA,NA,FRONT END (LEFT) DAMAGE PARTIAL CONTACT,DAMAGED 2,11,NA,NA,NA,N,,,DRIVER INATTENTION,NA,NA,SOUTH,Y,0,0,0,0,1,0,0,1,DRIVER,FRONT LEFT,NOT INJURED,25,HISPANIC,MALE,NO,SHOULDER & LAP BELT,DEPLOYED MULTIPLE,NOT APPLICABLE,N,NONE,NA,NA,NONE,NOT APPLICABLE,NOT APPLICABLE,,DRIVER LICENSE,Texas,CLASS C,78259
15404804,1,MOTOR VEHICLE,N,Y,TX,1HGCM56815A187165,2005,WHI,HONDA,ACCORD,"PASSENGER CAR, 4-DOOR",N,78745,1,PROOF OF LIABILITY INSURANCE,FRONT END (RIGHT)  DAMAGE PARTIAL CONTACT,DAMAGED 2,1,NA,NA,NA,Y,620 LAKESIDE TOWING,620 LAKESIDE TOWING,FAILED TO CONTROL SPEED,UNDER INFLUENCE - ALCOHOL,NA,NORTHWEST,Y,0,0,0,1,0,0,0,1,DRIVER,FRONT LEFT,NOT INJURED,18,WHITE,MALE,NO,SHOULDER & LAP BELT,NOT DEPLOYED,NOT APPLICABLE,Y,REFUSED,NA,NA,REFUSED,NOT APPLICABLE,NOT APPLICABLE,,DRIVER LICENSE,Texas,CLASS C,78745
15615214,1,MOTOR VEHICLE,N,Y,TX,1HGCT1B3XFA011528,NA,BLK,HONDA,ACCORD,"PASSENGER CAR, 2-DOOR",N,77346,1,PROOF OF LIABILITY INSURANCE,FRONT END DAMAGE DISTRIBUTED IMPACT,DAMAGED 3,12,NA,NA,NA,N,RELEASED TO OWNER,OWNER RECOVERED OR RELEASE TO OWNER,FAILED TO DRIVE IN SINGLE LANE,NA,DRIVER INATTENTION,NORTHWEST,Y,0,0,0,1,0,0,0,1,DRIVER,FRONT LEFT,NOT INJURED,18,WHITE,MALE,NO,SHOULDER & LAP BELT,NOT DEPLOYED,NOT APPLICABLE,N,NONE,NA,NA,NONE,NOT APPLICABLE,NOT APPLICABLE,,DRIVER LICENSE,Texas,CLASS C,77346
15368906,2,MOTOR VEHICLE,N,Y,UN,,NA,99,UNKNOWN,NA,UNKNOWN,N,,2,NA,FRONT END DAMAGE DISTRIBUTED IMPACT,DAMAGED 1 MINIMUM,12,NA,NA,NA,N,FLED THE SCENE,,FOLLOWED TOO CLOSELY,DRIVER INATTENTION,NA,EAST,Y,0,0,0,0,1,0,0,1,DRIVER,FRONT LEFT,NOT INJURED,61,WHITE,MALE,NO,SHOULDER & LAP BELT,NOT DEPLOYED,NOT APPLICABLE,N,NONE,NA,NA,NONE,NOT APPLICABLE,NOT APPLICABLE,,DRIVER LICENSE,Texas,CLASS C,79411
15368906,1,MOTOR VEHICLE,N,Y,UN,,NA,SIL,UNKNOWN,NA,SPORT UTILITY VEHICLE,N,,2,NA,BACK END DAMAGE DISTRIBUTED IMPACT,DAMAGED 1 MINIMUM,6,NA,NA,NA,N,FLED THE SCENE,,FOLLOWED TOO CLOSELY,DRIVER INATTENTION,NA,EAST,Y,0,0,0,0,1,0,0,1,DRIVER,FRONT LEFT,NOT INJURED,61,WHITE,MALE,NO,SHOULDER & LAP BELT,NOT DEPLOYED,NOT APPLICABLE,N,NONE,NA,NA,NONE,NOT APPLICABLE,NOT APPLICABLE,,DRIVER LICENSE,Texas,CLASS C,79411