CRASH_ID,UNIT_NBR,UNIT_DESC_ID,VEH_PARKED_FL,VEH_HNR_FL,VEH_LIC_STATE_ID,VIN,VEH_MOD_YEAR,VEH_COLOR_ID,VEH_MAKE_ID,VEH_MOD_ID,VEH_BODY_STYL_ID,EMER_RESPNDR_FL,OWNR_ZIP,FIN_RESP_PROOF_ID,FIN_RESP_TYPE_ID,VEH_DMAG_AREA_1_ID,VEH_DMAG_SCL_1_ID,FORCE_DIR_1_ID,VEH_DMAG_AREA_2_ID,VEH_DMAG_SCL_2_ID,FORCE_DIR_2_ID,VEH_INVENTORIED_FL,VEH_TRANSP_NAME,VEH_TRANSP_DEST,CONTRIB_FACTR_1_ID,CONTRIB_FACTR_2_ID,CONTRIB_FACTR_P1_ID,VEH_TRVL_DIR_ID,FIRST_HARM_EVT_INV_ID,INCAP_INJRY_CNT,NONINCAP_INJRY_CNT,POSS_INJRY_CNT,NON_INJRY_CNT,UNKN_INJRY_CNT,TOT_INJRY_CNT,DEATH_CNT,PRSN_NBR,PRSN_TYPE_ID,PRSN_OCCPNT_POS_ID,PRSN_INJRY_SEV_ID,PRSN_AGE,PRSN_ETHNICITY_ID,PRSN_GNDR_ID,PRSN_EJCT_ID,PRSN_REST_ID,PRSN_AIRBAG_ID,PRSN_HELMET_ID,PRSN_SOL_FL,PRSN_ALC_SPEC_TYPE_ID,PRSN_ALC_RSLT_ID,PRSN_BAC_TEST_RSLT,PRSN_DRG_SPEC_TYPE_ID,PRSN_DRG_RSLT_ID,DRVR_DRG_CAT_1_ID,PRSN_DEATH_TIME,DRVR_LIC_TYPE_ID,DRVR_LIC_STATE_ID,DRVR_LIC_CLS_ID,DRVR_ZIP
15502501,1,MOTOR VEHICLE,N,Y,TX,JM1BK32F391202411,NA,SIL,MAZDA,MAZDA3I,"PASSENGER CAR, 4-DOOR",N,77316,1,PROOF OF LIABILITY INSURANCE,FRONT END (LEFT) DAMAGE PARTIAL CONTACT,DAMAGED 2,12,BACK END (LEFT) DAMAGE PARTIAL CONTACT,DAMAGED 2,6,N,PETE JOHNSONS 936-291-1119,"631 RYANS FERRY RD. HUNTSVILLE, TX 77320",UNSAFE SPEED,NA,NA,NORTH,Y,0,0,0,1,0,0,0,1,DRIVER,FRONT LEFT,NOT INJURED,23,WHITE,MALE,NO,SHOULDER & LAP BELT,NOT DEPLOYED,NOT APPLICABLE,N,NONE,NA,NA,NONE,NOT APPLICABLE,NOT APPLICABLE,,DRIVER LICENSE,Texas,CLASS C,77356
15502501,6,MOTOR VEHICLE,N,Y,TX,1FTSW2BR1AEA84901,NA,WHI,FORD,F250,PICKUP,N,77034,1,PROOF OF LIABILITY INSURANCE,BACK END (RIGHT) DAMAGE PARTIAL CONTACT,DAMAGED 2,12,NA,NA,NA,N,,,NONE,NA,NA,NORTH,N,0,0,0,1,0,0,0,1,DRIVER,FRONT LEFT,NOT INJURED,29,WHITE,FEMALE,NO,SHOULDER & LAP BELT,NOT DEPLOYED,NOT APPLICABLE,N,NONE,NA,NA,NONE,NOT APPLICABLE,NOT APPLICABLE,,DRIVER LICENSE,Texas,CLASS C,77095
15502501,5,MOTOR VEHICLE,N,Y,TX,5FNYF3H26FB005934,NA,SIL,HONDA,PILOT,SPORT UTILITY VEHICLE,N,78291,1,PROOF OF LIABILITY INSURANCE,RIGHT FRONT QUARTER DAMAGE ANGULAR IMPACT,DAMAGED 1 MINIMUM,5,NA,NA,NA,N,,,NONE,NA,NA,NORTH,N,0,0,0,5,0,0,0,1,DRIVER,FRONT LEFT,NOT INJURED,29,WHITE,FEMALE,NO,SHOULDER & LAP BELT,NOT DEPLOYED,NOT APPLICABLE,N,NONE,NA,NA,NONE,NOT APPLICABLE,NOT APPLICABLE,,DRIVER LICENSE,Texas,CLASS C,77095
15502501,4,MOTOR VEHICLE,N,Y,TX,4TAWN72N4XZ473642,1999,WHI,TOYOTA,TACOMA,PICKUP,N,77360,1,PROOF OF LIABILITY INSURANCE,FRONT END (RIGHT)  DAMAGE PARTIAL CONTACT,DAMAGED 3,12,FRONT END (LEFT) DAMAGE PARTIAL CONTACT,DAMAGED 3,12,N,PETE JOHNSONS 936-291-1119,631 RYANS FERRY RD. HUNTSVILLE TX 77320,NONE,NA,NA,NORTH,N,0,0,0,1,0,0,0,1,DRIVER,FRONT LEFT,NOT INJURED,29,WHITE,FEMALE,NO,SHOULDER & LAP BELT,NOT DEPLOYED,NOT APPLICABLE,N,NONE,NA,NA,NONE,NOT APPLICABLE,NOT APPLICABLE,,DRIVER LICENSE,Texas,CLASS C,77095
15502501,3,MOTOR VEHICLE,N,Y,UN,,NA,99,NA,NA,UNKNOWN,N,,2,NA,BACK END DAMAGE DISTRIBUTED IMPACT,NA,6,NA,NA,NA,,,,NONE,NA,NA,NORTH,N,0,0,0,0,1,0,0,1,DRIVER,FRONT LEFT,NOT INJURED,29,WHITE,FEMALE,NO,SHOULDER & LAP BELT,NOT DEPLOYED,NOT APPLICABLE,N,NONE,NA,NA,NONE,NOT APPLICABLE,NOT APPLICABLE,,DRIVER LICENSE,Texas,CLASS C,77095
15502501,2,MOTOR VEHICLE,N,Y,TX,JM3KE2BY6G0696972,NA,RED,MAZDA,CX-5,SPORT UTILITY VEHICLE,N,76101,1,PROOF OF LIABILITY INSURANCE,BACK END (RIGHT) DAMAGE PARTIAL CONTACT,DAMAGED 1 MINIMUM,6,FRONT END DAMAGE DISTRIBUTED IMPACT,DAMAGED 1 MINIMUM,12,N,,,NONE,NA,NA,NORTH,Y,0,0,0,2,0,0,0,1,DRIVER,FRONT LEFT,NOT INJURED,29,WHITE,FEMALE,NO,SHOULDER & LAP BELT,NOT DEPLOYED,NOT APPLICABLE,N,NONE,NA,NA,NONE,NOT APPLICABLE,NOT APPLICABLE,,DRIVER LICENSE,Texas,CLASS C,77095
15502501,1,MOTOR VEHICLE,N,Y,TX,JM1BK32F391202411,NA,SIL,MAZDA,MAZDA3I,"PASSENGER CAR, 4-DOOR",N,77316,1,PROOF OF LIABILITY INSURANCE,FRONT END (LEFT) DAMAGE PARTIAL CONTACT,DAMAGED 2,12,BACK END (LEFT) DAMAGE PARTIAL CONTACT,DAMAGED 2,6,N,PETE JOHNSONS 936-291-1119,"631 RYANS FERRY RD. HUNTSVILLE, TX 77320",UNSAFE SPEED,NA,NA,NORTH,Y,0,0,0,1,0,0,0,1,DRIVER,FRONT LEFT,NOT INJURED,29,WHITE,FEMALE,NO,SHOULDER & LAP BELT,NOT DEPLOYED,NOT APPLICABLE,N,NONE,NA,NA,NONE,NOT APPLICABLE,NOT APPLICABLE,,DRIVER LICENSE,Texas,CLASS C,77095
15502501,6,MOTOR VEHICLE,N,Y,TX,1FTSW2BR1AEA84901,NA,WHI,FORD,F250,PICKUP,N,77034,1,PROOF OF LIABILITY INSURANCE,BACK END (RIGHT) DAMAGE PARTIAL CONTACT,DAMAGED 2,12,NA,NA,NA,N,,,NONE,NA,NA,NORTH,N,0,0,0,1,0,0,0,1,DRIVER,FRONT LEFT,NOT INJURED,55,WHITE,MALE,NO,SHOULDER & LAP BELT,NOT DEPLOYED,NOT APPLICABLE,N,NONE,NA,NA,NONE,NOT APPLICABLE,NOT APPLICABLE,,DRIVER LICENSE,Texas,CLASS C AND M,77360
15502501,5,MOTOR VEHICLE,N,Y,TX,5FNYF3H26FB005934,NA,SIL,HONDA,PILOT,SPORT UTILITY VEHICLE,N,78291,1,PROOF OF LIABILITY INSURANCE,RIGHT FRONT QUARTER DAMAGE ANGULAR IMPACT,DAMAGED 1 MINIMUM,5,NA,NA,NA,N,,,NONE,NA,NA,NORTH,N,0,0,0,5,0,0,0,1,DRIVER,FRONT LEFT,NOT INJURED,55,WHITE,MALE,NO,SHOULDER & LAP BELT,NOT DEPLOYED,NOT APPLICABLE,N,NONE,NA,NA,NONE,NOT APPLICABLE,NOT APPLICABLE,,DRIVER LICENSE,Texas,CLASS C AND M,77360
15502501,4,MOTOR VEHICLE,N,Y,TX,4TAWN72N4XZ473642,1999,WHI,TOYOTA,TACOMA,PICKUP,N,77360,1,PROOF OF LIABILITY INSURANCE,FRONT END (RIGHT)  DAMAGE PARTIAL CONTACT,DAMAGED 3,12,FRONT END (LEFT) DAMAGE PARTIAL CONTACT,DAMAGED 3,12,N,PETE JOHNSONS 936-291-1119,631 RYANS FERRY RD. HUNTSVILLE TX 77320,NONE,NA,NA,NORTH,N,0,0,0,1,0,0,0,1,DRIVER,FRONT LEFT,NOT INJURED,55,WHITE,MALE,NO,SHOULDER & LAP BELT,NOT DEPLOYED,NOT APPLICABLE,N,NONE,NA,NA,NONE,NOT APPLICABLE,NOT APPLICABLE,,DRIVER LICENSE,Texas,CLASS C AND M,77360
15502501,3,MOTOR VEHICLE,N,Y,UN,,NA,99,NA,NA,UNKNOWN,N,,2,NA,BACK END DAMAGE DISTRIBUTED IMPACT,NA,6,NA,NA,NA,,,,NONE,NA,NA,NORTH,N,0,0,0,0,1,0,0,1,DRIVER,FRONT LEFT,NOT INJURED,55,WHITE,MALE,NO,SHOULDER & LAP BELT,NOT DEPLOYED,NOT APPLICABLE,N,NONE,NA,NA,NONE,NOT APPLICABLE,NOT APPLICABLE,,DRIVER LICENSE,Texas,CLASS C AND M,77360
15502501,2,MOTOR VEHICLE,N,Y,TX,JM3KE2BY6G0696972,NA,RED,MAZDA,CX-5,SPORT UTILITY VEHICLE,N,76101,1,PROOF OF LIABILITY INSURANCE,BACK END (RIGHT) DAMAGE PARTIAL CONTACT,DAMAGED 1 MINIMUM,6,FRONT END DAMAGE DISTRIBUTED IMPACT,DAMAGED 1 MINIMUM,12,N,,,NONE,NA,NA,NORTH,Y,0,0,0,2,0,0,0,1,DRIVER,FRONT LEFT,NOT INJURED,55,WHITE,MALE,NO,SHOULDER & LAP BELT,NOT DEPLOYED,NOT APPLICABLE,N,NONE,NA,NA,NONE,NOT APPLICABLE,NOT APPLICABLE,,DRIVER LICENSE,Texas,CLASS C AND M,77360
15502501,1,MOTOR VEHICLE,N,Y,TX,JM1BK32F391202411,NA,SIL,MAZDA,MAZDA3I,"PASSENGER CAR, 4-DOOR",N,77316,1,PROOF OF LIABILITY INSURANCE,FRONT END (LEFT) DAMAGE PARTIAL CONTACT,DAMAGED 2,12,BACK END (LEFT) DAMAGE PARTIAL CONTACT,DAMAGED 2,6,N,PETE JOHNSONS 936-291-1119,"631 RYANS FERRY RD. HUNTSVILLE, TX 77320",UNSAFE SPEED,NA,NA,NORTH,Y,0,0,0,1,0,0,0,1,DRIVER,FRONT LEFT,NOT INJURED,55,WHITE,MALE,NO,SHOULDER & LAP BELT,NOT DEPLOYED,NOT APPLICABLE,N,NONE,NA,NA,NONE,NOT APPLICABLE,NOT APPLICABLE,,DRIVER LICENSE,Texas,CLASS C AND M,77360
15502501,6,MOTOR VEHICLE,N,Y,TX,1FTSW2BR1AEA84901,NA,WHI,FORD,F250,PICKUP,N,77034,1,PROOF OF LIABILITY INSURANCE,BACK END (RIGHT) DAMAGE PARTIAL CONTACT,DAMAGED 2,12,NA,NA,NA,N,,,NONE,NA,NA,NORTH,N,0,0,0,1,0,0,0,1,DRIVER,FRONT LEFT,NOT INJURED,22,WHITE,FEMALE,NO,SHOULDER & LAP BELT,NOT DEPLOYED,NOT APPLICABLE,N,NONE,NA,NA,NONE,NOT APPLICABLE,NOT APPLICABLE,,DRIVER LICENSE,Texas,CLASS C,77375
15502501,5,MOTOR VEHICLE,N,Y,TX,5FNYF3H26FB005934,NA,SIL,HONDA,PILOT,SPORT UTILITY VEHICLE,N,78291,1,PROOF OF LIABILITY INSURANCE,RIGHT FRONT QUARTER DAMAGE ANGULAR IMPACT,DAMAGED 1 MINIMUM,5,NA,NA,NA,N,,,NONE,NA,NA,NORTH,N,0,0,0,5,0,0,0,1,DRIVER,FRONT LEFT,NOT INJURED,22,WHITE,FEMALE,NO,SHOULDER & LAP BELT,NOT DEPLOYED,NOT APPLICABLE,N,NONE,NA,NA,NONE,NOT APPLICABLE,NOT APPLICABLE,,DRIVER LICENSE,Texas,CLASS C,77375
15502501,4,MOTOR VEHICLE,N,Y,TX,4TAWN72N4XZ473642,1999,WHI,TOYOTA,TACOMA,PICKUP,N,77360,1,PROOF OF LIABILITY INSURANCE,FRONT END (RIGHT)  DAMAGE PARTIAL CONTACT,DAMAGED 3,12,FRONT END (LEFT) DAMAGE PARTIAL CONTACT,DAMAGED 3,12,N,PETE JOHNSONS 936-291-1119,631 RYANS FERRY RD. HUNTSVILLE TX 77320,NONE,NA,NA,NORTH,N,0,0,0,1,0,0,0,1,DRIVER,FRONT LEFT,NOT INJURED,22,WHITE,FEMALE,NO,SHOULDER & LAP BELT,NOT DEPLOYED,NOT APPLICABLE,N,NONE,NA,NA,NONE,NOT APPLICABLE,NOT APPLICABLE,,DRIVER LICENSE,Texas,CLASS C,77375
15502501,3,MOTOR VEHICLE,N,Y,UN,,NA,99,NA,NA,UNKNOWN,N,,2,NA,BACK END DAMAGE DISTRIBUTED IMPACT,NA,6,NA,NA,NA,,,,NONE,NA,NA,NORTH,N,0,0,0,0,1,0,0,1,DRIVER,FRONT LEFT,NOT INJURED,22,WHITE,FEMALE,NO,SHOULDER & LAP BELT,NOT DEPLOYED,NOT APPLICABLE,N,NONE,NA,NA,NONE,NOT APPLICABLE,NOT APPLICABLE,,DRIVER LICENSE,Texas,CLASS C,77375
15502501,2,MOTOR VEHICLE,N,Y,TX,JM3KE2BY6G0696972,NA,RED,MAZDA,CX-5,SPORT UTILITY VEHICLE,N,76101,1,PROOF OF LIABILITY INSURANCE,BACK END (RIGHT) DAMAGE PARTIAL CONTACT,DAMAGED 1 MINIMUM,6,FRONT END DAMAGE DISTRIBUTED IMPACT,DAMAGED 1 MINIMUM,12,N,,,NONE,NA,NA,NORTH,Y,0,0,0,2,0,0,0,1,DRIVER,FRONT LEFT,NOT INJURED,22,WHITE,FEMALE,NO,SHOULDER & LAP BELT,NOT DEPLOYED,NOT APPLICABLE,N,NONE,NA,NA,NONE,NOT APPLICABLE,NOT APPLICABLE,,DRIVER LICENSE,Texas,CLASS C,77375
15502501,1,MOTOR VEHICLE,N,Y,TX,JM1BK32F391202411,NA,SIL,MAZDA,MAZDA3I,"PASSENGER CAR, 4-DOOR",N,77316,1,PROOF OF LIABILITY INSURANCE,FRONT END (LEFT) DAMAGE PARTIAL CONTACT,DAMAGED 2,12,BACK END (LEFT) DAMAGE PARTIAL CONTACT,DAMAGED 2,6,N,PETE JOHNSONS 936-291-1119,"631 RYANS FERRY RD. HUNTSVILLE, TX 77320",UNSAFE SPEED,NA,NA,NORTH,Y,0,0,0,1,0,0,0,1,DRIVER,FRONT LEFT,NOT INJURED,22,WHITE,FEMALE,NO,SHOULDER & LAP BELT,NOT DEPLOYED,NOT APPLICABLE,N,NONE,NA,NA,NONE,NOT APPLICABLE,NOT APPLICABLE,,DRIVER LICENSE,Texas,CLASS C,77375
15502501,6,MOTOR VEHICLE,N,Y,TX,1FTSW2BR1AEA84901,NA,WHI,FORD,F250,PICKUP,N,77034,1,PROOF OF LIABILITY INSURANCE,BACK END (RIGHT) DAMAGE PARTIAL CONTACT,DAMAGED 2,12,NA,NA,NA,N,,,NONE,NA,NA,NORTH,N,0,0,0,1,0,0,0,1,DRIVER,FRONT LEFT,NOT INJURED,49,BLACK,FEMALE,NO,SHOULDER & LAP BELT,NOT DEPLOYED,NOT APPLICABLE,N,NONE,NA,NA,NONE,NOT APPLICABLE,NOT APPLICABLE,,COMMERCIAL DRIVER LIC.,Texas,CLASS A,77034
15502501,5,MOTOR VEHICLE,N,Y,TX,5FNYF3H26FB005934,NA,SIL,HONDA,PILOT,SPORT UTILITY VEHICLE,N,78291,1,PROOF OF LIABILITY INSURANCE,RIGHT FRONT QUARTER DAMAGE ANGULAR IMPACT,DAMAGED 1 MINIMUM,5,NA,NA,NA,N,,,NONE,NA,NA,NORTH,N,0,0,0,5,0,0,0,1,DRIVER,FRONT LEFT,NOT INJURED,49,BLACK,FEMALE,NO,SHOULDER & LAP BELT,NOT DEPLOYED,NOT APPLICABLE,N,NONE,NA,NA,NONE,NOT APPLICABLE,NOT APPLICABLE,,COMMERCIAL DRIVER LIC.,Texas,CLASS A,77034
15502501,4,MOTOR VEHICLE,N,Y,TX,4TAWN72N4XZ473642,1999,WHI,TOYOTA,TACOMA,PICKUP,N,77360,1,PROOF OF LIABILITY INSURANCE,FRONT END (RIGHT)  DAMAGE PARTIAL CONTACT,DAMAGED 3,12,FRONT END (LEFT) DAMAGE PARTIAL CONTACT,DAMAGED 3,12,N,PETE JOHNSONS 936-291-1119,631 RYANS FERRY RD. HUNTSVILLE TX 77320,NONE,NA,NA,NORTH,N,0,0,0,1,0,0,0,1,DRIVER,FRONT LEFT,NOT INJURED,49,BLACK,FEMALE,NO,SHOULDER & LAP BELT,NOT DEPLOYED,NOT APPLICABLE,N,NONE,NA,NA,NONE,NOT APPLICABLE,NOT APPLICABLE,,COMMERCIAL DRIVER LIC.,Texas,CLASS A,77034
15502501,3,MOTOR VEHICLE,N,Y,UN,,NA,99,NA,NA,UNKNOWN,N,,2,NA,BACK END DAMAGE DISTRIBUTED IMPACT,NA,6,NA,NA,NA,,,,NONE,NA,NA,NORTH,N,0,0,0,0,1,0,0,1,DRIVER,FRONT LEFT,NOT INJURED,49,BLACK,FEMALE,NO,SHOULDER & LAP BELT,NOT DEPLOYED,NOT APPLICABLE,N,NONE,NA,NA,NONE,NOT APPLICABLE,NOT APPLICABLE,,COMMERCIAL DRIVER LIC.,Texas,CLASS A,77034
15502501,2,MOTOR VEHICLE,N,Y,TX,JM3KE2BY6G0696972,NA,RED,MAZDA,CX-5,SPORT UTILITY VEHICLE,N,76101,1,PROOF OF LIABILITY INSURANCE,BACK END (RIGHT) DAMAGE PARTIAL CONTACT,DAMAGED 1 MINIMUM,6,FRONT END DAMAGE DISTRIBUTED IMPACT,DAMAGED 1 MINIMUM,12,N,,,NONE,NA,NA,NORTH,Y,0,0,0,2,0,0,0,1,DRIVER,FRONT LEFT,NOT INJURED,49,BLACK,FEMALE,NO,SHOULDER & LAP BELT,NOT DEPLOYED,NOT APPLICABLE,N,NONE,NA,NA,NONE,NOT APPLICABLE,NOT APPLICABLE,,COMMERCIAL DRIVER LIC.,Texas,CLASS A,77034
15502501,1,MOTOR VEHICLE,N,Y,TX,JM1BK32F391202411,NA,SIL,MAZDA,MAZDA3I,"PASSENGER CAR, 4-DOOR",N,77316,1,PROOF OF LIABILITY INSURANCE,FRONT END (LEFT) DAMAGE PARTIAL CONTACT,DAMAGED 2,12,BACK END (LEFT) DAMAGE PARTIAL CONTACT,DAMAGED 2,6,N,PETE JOHNSONS 936-291-1119,"631 RYANS FERRY RD. HUNTSVILLE, TX 77320",UNSAFE SPEED,NA,NA,NORTH,Y,0,0,0,1,0,0,0,1,DRIVER,FRONT LEFT,NOT INJURED,49,BLACK,FEMALE,NO,SHOULDER & LAP BELT,NOT DEPLOYED,NOT APPLICABLE,N,NONE,NA,NA,NONE,NOT APPLICABLE,NOT APPLICABLE,,COMMERCIAL DRIVER LIC.,Texas,CLASS A,77034
15507965,1,MOTOR VEHICLE,N,Y,TX,1GNES13H762212968,2006,BLK,CHEVROLET,TRAILBLAZER,SPORT UTILITY VEHICLE,N,79762,1,PROOF OF LIABILITY INSURANCE,FRONT END DAMAGE DISTRIBUTED IMPACT,DAMAGED 3,12,TOP DAMAGE ONLY,NO DAMAGE,12,Y,NEAL POOL WRECKERS,1117 S. GRANT,UNDER INFLUENCE - ALCOHOL,FAILED TO CONTROL SPEED,ROAD RAGE,EAST,Y,0,1,0,0,0,1,0,1,DRIVER,FRONT LEFT,NON-INCAPACITATING INJURY,24,WHITE,MALE,NO,SHOULDER & LAP BELT,DEPLOYED MULTIPLE,NOT APPLICABLE,N,BREATH,Positive,0.211,NONE,NOT APPLICABLE,NOT APPLICABLE,,DRIVER LICENSE,Texas,CLASS C,79766
15433236,1,MOTOR VEHICLE,N,Y,TX,1G8ZS57N27F288072,2007,MAR,SATURN,AURA,"PASSENGER CAR, 4-DOOR",N,76667,1,PROOF OF LIABILITY INSURANCE,FRONT END DAMAGE DISTRIBUTED IMPACT,DAMAGED 5,1,NA,NA,NA,N,CLASSIC PAINT AND BODY,802 S. MCKINNEY ST,FAILED TO CONTROL SPEED,NA,DRIVER INATTENTION,NORTHWEST,Y,0,0,0,1,0,0,0,1,DRIVER,FRONT LEFT,NOT INJURED,39,BLACK,MALE,NO,UNKNOWN,NOT DEPLOYED,NOT APPLICABLE,N,NONE,NA,NA,NONE,NOT APPLICABLE,NOT APPLICABLE,,DRIVER LICENSE,Texas,CLASS C,76667
15433236,1,MOTOR VEHICLE,N,Y,TX,1G8ZS57N27F288072,2007,MAR,SATURN,AURA,"PASSENGER CAR, 4-DOOR",N,76667,1,PROOF OF LIABILITY INSURANCE,FRONT END DAMAGE DISTRIBUTED IMPACT,DAMAGED 5,1,NA,NA,NA,N,CLASSIC PAINT AND BODY,802 S. MCKINNEY ST,FAILED TO CONTROL SPEED,NA,DRIVER INATTENTION,NORTHWEST,Y,0,0,0,1,0,0,0,1,DRIVER,FRONT LEFT,POSSIBLE INJURY,68,WHITE,FEMALE,NO,SHOULDER & LAP BELT,NOT DEPLOYED,NOT APPLICABLE,N,NONE,NA,NA,NONE,NOT APPLICABLE,NOT APPLICABLE,,DRIVER LICENSE,Texas,CLASS C,76667
15483908,1,MOTOR VEHICLE,N,Y,TX,1FTFW1EF4DKD07063,NA,BLK,FORD,F150,PICKUP,N,75654,1,PROOF OF LIABILITY INSURANCE,FRONT END (RIGHT)  DAMAGE PARTIAL CONTACT,DAMAGED 5,NA,NA,NA,NA,Y,ECONOMY TOWING,ECONOMY TOWING STORAGE FACILITY,UNDER INFLUENCE - ALCOHOL,NA,NA,WEST,Y,0,1,0,0,0,1,0,1,DRIVER,FRONT LEFT,NON-INCAPACITATING INJURY,25,WHITE,MALE,NO,SHOULDER & LAP BELT,"DEPLOYED, FRONT",NOT APPLICABLE,N,BLOOD,Positive,0.094,BLOOD,UNKNOWN,UNKNOWN,,DRIVER LICENSE,Texas,CLASS C,75654
15357101,1,MOTOR VEHICLE,N,Y,TX,5XXGM4A79DG151087,NA,RED,KIA,OPTIMA,"PASSENGER CAR, 4-DOOR",N,79413,1,PROOF OF LIABILITY INSURANCE,FRONT END (LEFT) DAMAGE PARTIAL CONTACT,DAMAGED 2,12,LEFT FRONT QUARTER DAMAGE ANGULAR IMPACT,DAMAGED 2,11,Y,SOUTH PLAINS TOWING,"906 E 66TH LUBBOCK, TX 79404",ROAD RAGE,OTHER (EXPLAIN IN NARRATIVE),NA,NORTH,Y,0,0,0,1,0,0,0,1,DRIVER,FRONT LEFT,NOT INJURED,23,HISPANIC,MALE,NO,UNKNOWN,NOT DEPLOYED,NOT APPLICABLE,N,NONE,NA,NA,NONE,NOT APPLICABLE,NOT APPLICABLE,,DRIVER LICENSE,Texas,CLASS C,79413
15357101,1,MOTOR VEHICLE,N,Y,TX,5XXGM4A79DG151087,NA,RED,KIA,OPTIMA,"PASSENGER CAR, 4-DOOR",N,79413,1,PROOF OF LIABILITY INSURANCE,FRONT END (LEFT) DAMAGE PARTIAL CONTACT,DAMAGED 2,12,LEFT FRONT QUARTER DAMAGE ANGULAR IMPACT,DAMAGED 2,11,Y,SOUTH PLAINS TOWING,"906 E 66TH LUBBOCK, TX 79404",ROAD RAGE,OTHER (EXPLAIN IN NARRATIVE),NA,NORTH,Y,0,0,0,1,0,0,0,1,DRIVER,FRONT LEFT,NOT INJURED,25,WHITE,FEMALE,NO,SHOULDER & LAP BELT,NOT DEPLOYED,NOT APPLICABLE,N,NONE,NA,NA,NONE,NOT APPLICABLE,NOT APPLICABLE,,DRIVER LICENSE,Texas,CLASS C,79041
15461034,2,MOTOR VEHICLE,N,Y,UN,,NA,99,NA,NA,UNKNOWN,N,,NA,NA,FRONT END (LEFT) DAMAGE PARTIAL CONTACT,DAMAGED 2,11,NA,NA,NA,,,,DRIVER INATTENTION,FAILED TO DRIVE IN SINGLE LANE,NA,NORTH,Y,0,0,0,0,1,0,0,1,DRIVER,FRONT LEFT,NOT INJURED,34,HISPANIC,MALE,NO,SHOULDER & LAP BELT,NOT DEPLOYED,NOT APPLICABLE,N,BREATH,Positive,0.372,NONE,NOT APPLICABLE,NOT APPLICABLE,,DRIVER LICENSE,Texas,CLASS C,78237
15579027,1,MOTOR VEHICLE,N,Y,TX,1G11H5SA2DF245099,NA,RED,CHEVROLET,MALIBU,"PASSENGER CAR, 4-DOOR",N,77991,1,PROOF OF LIABILITY INSURANCE,LEFT FRONT QUARTER DAMAGE ANGULAR IMPACT,DAMAGED 1 MINIMUM,NA,NA,NA,NA,Y,AFFORDABLE WRECKER SVC,"114 STONER RD VICTORIA, TX 77901 485-96",UNDER INFLUENCE - ALCOHOL,FAILED TO DRIVE IN SINGLE LANE,NA,SOUTHWEST,Y,0,0,0,1,0,0,0,1,DRIVER,FRONT LEFT,NOT INJURED,34,HISPANIC,MALE,NO,SHOULDER & LAP BELT,NOT DEPLOYED,NOT APPLICABLE,N,BLOOD,Positive,0.189,BLOOD,UNKNOWN,UNKNOWN,,DRIVER LICENSE,Texas,CLASS C,77991
15579027,1,MOTOR VEHICLE,N,Y,TX,1G11H5SA2DF245099,NA,RED,CHEVROLET,MALIBU,"PASSENGER CAR, 4-DOOR",N,77991,1,PROOF OF LIABILITY INSURANCE,LEFT FRONT QUARTER DAMAGE ANGULAR IMPACT,DAMAGED 1 MINIMUM,NA,NA,NA,NA,Y,AFFORDABLE WRECKER SVC,"114 STONER RD VICTORIA, TX 77901 485-96",UNDER INFLUENCE - ALCOHOL,FAILED TO DRIVE IN SINGLE LANE,NA,SOUTHWEST,Y,0,0,0,1,0,0,0,1,DRIVER,FRONT LEFT,NOT INJURED,43,WHITE,MALE,NO,SHOULDER & LAP BELT,NOT DEPLOYED,NOT APPLICABLE,N,NONE,NA,NA,NONE,NOT APPLICABLE,NOT APPLICABLE,,DRIVER LICENSE,Texas,CLASS C,77713
15431891,1,MOTOR VEHICLE,N,Y,TX,1GCCS148068196691,2006,WHI,CHEVROLET,COLORADO,PICKUP,N,76903,2,NA,FRONT END (LEFT) DAMAGE PARTIAL CONTACT,DAMAGED 3,11,DISTRIBUTED LEFT SIDE DAMAGE PARALLEL IMPACT,DAMAGED 1 MINIMUM,9,Y,FLORES,APD IMPOUND LOT,OTHER (EXPLAIN IN NARRATIVE),NA,NA,EAST,Y,0,0,0,0,1,0,0,1,DRIVER,FRONT LEFT,UNKNOWN,19,HISPANIC,FEMALE,UNKNOWN,UNKNOWN,NOT DEPLOYED,NOT APPLICABLE,N,NONE,NA,NA,NONE,NOT APPLICABLE,NOT APPLICABLE,,DRIVER LICENSE,Texas,CLASS C,76903
15446120,1,MOTOR VEHICLE,N,Y,TX,1GCEK14K2PZ147699,1993,GRN,CHEVROLET,C1500,PICKUP,N,78840,1,PROOF OF LIABILITY INSURANCE,FRONT END DAMAGE DISTRIBUTED IMPACT,NO DAMAGE,12,NA,NA,NA,N,,,HAD BEEN DRINKING,FOLLOWED TOO CLOSELY,NA,SOUTH,Y,0,0,0,1,0,0,0,1,DRIVER,FRONT LEFT,NOT INJURED,48,HISPANIC,MALE,NO,SHOULDER & LAP BELT,NOT DEPLOYED,NOT APPLICABLE,N,BREATH,Positive,0.2,NONE,NOT APPLICABLE,NOT APPLICABLE,,DRIVER LICENSE,Texas,CLASS C,78840