CRASH_ID,UNIT_NBR,UNIT_DESC_ID,VEH_PARKED_FL,VEH_HNR_FL,VEH_LIC_STATE_ID,VIN,VEH_MOD_YEAR,VEH_COLOR_ID,VEH_MAKE_ID,VEH_MOD_ID,VEH_BODY_STYL_ID,EMER_RESPNDR_FL,OWNR_ZIP,FIN_RESP_PROOF_ID,FIN_RESP_TYPE_ID,VEH_DMAG_AREA_1_ID,VEH_DMAG_SCL_1_ID,FORCE_DIR_1_ID,VEH_DMAG_AREA_2_ID,VEH_DMAG_SCL_2_ID,FORCE_DIR_2_ID,VEH_INVENTORIED_FL,VEH_TRANSP_NAME,VEH_TRANSP_DEST,CONTRIB_FACTR_1_ID,CONTRIB_FACTR_2_ID,CONTRIB_FACTR_P1_ID,VEH_TRVL_DIR_ID,FIRST_HARM_EVT_INV_ID,INCAP_INJRY_CNT,NONINCAP_INJRY_CNT,POSS_INJRY_CNT,NON_INJRY_CNT,UNKN_INJRY_CNT,TOT_INJRY_CNT,DEATH_CNT,PRSN_NBR,PRSN_TYPE_ID,PRSN_OCCPNT_POS_ID,PRSN_INJRY_SEV_ID,PRSN_AGE,PRSN_ETHNICITY_ID,PRSN_GNDR_ID,PRSN_EJCT_ID,PRSN_REST_ID,PRSN_AIRBAG_ID,PRSN_HELMET_ID,PRSN_SOL_FL,PRSN_ALC_SPEC_TYPE_ID,PRSN_ALC_RSLT_ID,PRSN_BAC_TEST_RSLT,PRSN_DRG_SPEC_TYPE_ID,PRSN_DRG_RSLT_ID,DRVR_DRG_CAT_1_ID,PRSN_DEATH_TIME,DRVR_LIC_TYPE_ID,DRVR_LIC_STATE_ID,DRVR_LIC_CLS_ID,DRVR_ZIP
15498956,3,MOTOR VEHICLE,N,Y,UN,,NA,99,UNKNOWN,UNKNOWN,UNKNOWN,N,,2,NA,BACK END DAMAGE DISTRIBUTED IMPACT,DAMAGED 1 MINIMUM,6,NA,NA,NA,N,,,NONE,NA,NA,WEST,N,0,0,0,1,0,0,0,1,DRIVER,FRONT LEFT,NOT INJURED,23,WHITE,FEMALE,NO,SHOULDER & LAP BELT,NOT DEPLOYED,NOT APPLICABLE,N,NONE,NA,NA,NONE,NOT APPLICABLE,NOT APPLICABLE,,DRIVER LICENSE,Texas,CLASS C,77084
15498956,3,MOTOR VEHICLE,N,Y,UN,,NA,99,UNKNOWN,UNKNOWN,UNKNOWN,N,,2,NA,BACK END DAMAGE DISTRIBUTED IMPACT,DAMAGED 1 MINIMUM,6,NA,NA,NA,N,,,NONE,NA,NA,WEST,N,0,0,0,1,0,0,0,1,DRIVER,FRONT LEFT,NOT INJURED,23,WHITE,FEMALE,NO,SHOULDER & LAP BELT,NOT DEPLOYED,NOT APPLICABLE,N,NONE,NA,NA,NONE,NOT APPLICABLE,NOT APPLICABLE,,DRIVER LICENSE,Texas,CLASS C,77084
15498956,3,MOTOR VEHICLE,N,Y,UN,,NA,99,UNKNOWN,UNKNOWN,UNKNOWN,N,,2,NA,BACK END DAMAGE DISTRIBUTED IMPACT,DAMAGED 1 MINIMUM,6,NA,NA,NA,N,,,NONE,NA,NA,WEST,N,0,0,0,1,0,0,0,1,DRIVER,FRONT LEFT,NOT INJURED,70,WHITE,MALE,NO,SHOULDER & LAP BELT,NOT DEPLOYED,NOT APPLICABLE,N,NONE,NA,NA,NONE,NOT APPLICABLE,NOT APPLICABLE,,DRIVER LICENSE,Texas,CLASS C,77015
15498956,3,MOTOR VEHICLE,N,Y,UN,,NA,99,UNKNOWN,UNKNOWN,UNKNOWN,N,,2,NA,BACK END DAMAGE DISTRIBUTED IMPACT,DAMAGED 1 MINIMUM,6,NA,NA,NA,N,,,NONE,NA,NA,WEST,N,0,0,0,1,0,0,0,1,DRIVER,FRONT LEFT,NOT INJURED,70,WHITE,MALE,NO,SHOULDER & LAP BELT,NOT DEPLOYED,NOT APPLICABLE,N,NONE,NA,NA,NONE,NOT APPLICABLE,NOT APPLICABLE,,DRIVER LICENSE,Texas,CLASS C,77015
15511624,1,MOTOR VEHICLE,N,Y,TX,1FAFP34P21W245742,2001,BLU,FORD,FOCUS,"PASSENGER CAR, 4-DOOR",N,75050,1,PROOF OF LIABILITY INSURANCE,FRONT END (LEFT) DAMAGE PARTIAL CONTACT,DAMAGED 1 MINIMUM,11,NA,NA,NA,N,,,DRIVER INATTENTION,UNSAFE SPEED,NA,WEST,Y,0,0,0,1,0,0,0,1,DRIVER,FRONT LEFT,NOT INJURED,28,UNKNOWN,UNKNOWN,UNKNOWN,UNKNOWN,UNKNOWN,NOT APPLICABLE,N,NONE,NA,NA,NONE,NOT APPLICABLE,NOT APPLICABLE,,DRIVER LICENSE,Texas,CLASS C,75050
15511624,1,MOTOR VEHICLE,N,Y,TX,1FAFP34P21W245742,2001,BLU,FORD,FOCUS,"PASSENGER CAR, 4-DOOR",N,75050,1,PROOF OF LIABILITY INSURANCE,FRONT END (LEFT) DAMAGE PARTIAL CONTACT,DAMAGED 1 MINIMUM,11,NA,NA,NA,N,,,DRIVER INATTENTION,UNSAFE SPEED,NA,WEST,Y,0,0,0,1,0,0,0,1,DRIVER,FRONT LEFT,NOT INJURED,46,HISPANIC,MALE,NO,SHOULDER & LAP BELT,NOT DEPLOYED,NOT APPLICABLE,N,NONE,NA,NA,NONE,NOT APPLICABLE,NOT APPLICABLE,,DRIVER LICENSE,Texas,CLASS C,75227
15630848,1,MOTOR VEHICLE,N,Y,TX,5N1AR18U06C61703,2006,TAN,NISSAN,PATHFINDER,"PASSENGER CAR, 4-DOOR",N,77084,1,PROOF OF LIABILITY INSURANCE,FRONT END DAMAGE DISTRIBUTED IMPACT,DAMAGED 6,NA,DISTRIBUTED RIGHT SIDE DAMAGE PARALLEL IMPACT,DAMAGED 6,NA,Y,LONESTAR TOWING & RECOVERY,17715 CLAY RD,UNDER INFLUENCE - ALCOHOL,FAILED TO CONTROL SPEED,NA,SOUTH,Y,0,0,0,1,0,0,0,1,DRIVER,FRONT LEFT,NOT INJURED,26,WHITE,MALE,NO,SHOULDER & LAP BELT,NOT DEPLOYED,NOT APPLICABLE,N,NONE,NA,NA,NONE,NOT APPLICABLE,NOT APPLICABLE,,DRIVER LICENSE,Texas,CLASS C,77449
15407192,3,MOTOR VEHICLE,N,Y,NA,,NA,RED,FORD,NA,PICKUP,N,,NA,NA,NA,NA,NA,NA,NA,NA,N,LEFT THE SCENE,,NONE,NA,NA,UNKNOWN,N,0,0,0,0,1,0,0,1,DRIVER,FRONT LEFT,NON-INCAPACITATING INJURY,67,WHITE,MALE,NO,SHOULDER & LAP BELT,"DEPLOYED, SIDE",NOT APPLICABLE,N,NONE,NA,NA,NONE,NOT APPLICABLE,NOT APPLICABLE,,DRIVER LICENSE,Texas,CLASS C,76131
15407192,3,MOTOR VEHICLE,N,Y,NA,,NA,RED,FORD,NA,PICKUP,N,,NA,NA,NA,NA,NA,NA,NA,NA,N,LEFT THE SCENE,,NONE,NA,NA,UNKNOWN,N,0,0,0,0,1,0,0,1,DRIVER,FRONT LEFT,NON-INCAPACITATING INJURY,71,HISPANIC,FEMALE,NO,SHOULDER & LAP BELT,"DEPLOYED, FRONT",NOT APPLICABLE,N,NONE,NA,NA,NONE,NOT APPLICABLE,NOT APPLICABLE,,DRIVER LICENSE,Texas,CLASS C,76114
15493900,1,MOTOR VEHICLE,N,Y,TX,2MEFM75V97X624921,2007,MAR,MERCURY,GRAND MARQUIS,"PASSENGER CAR, 4-DOOR",N,76712,1,LIABILITY INSURANCE POLICY,RIGHT FRONT QUARTER DAMAGE ANGULAR IMPACT,DAMAGED 2,1,RIGHT BACK QUARTER DAMAGE ANGULAR IMPACT,DAMAGED 3,NA,Y,TOW KING,1601 E TAYLOR,FAILED TO DRIVE IN SINGLE LANE,NA,HAD BEEN DRINKING,NORTHWEST,Y,0,1,0,0,0,1,0,1,DRIVER,FRONT LEFT,NON-INCAPACITATING INJURY,29,BLACK,MALE,NO,SHOULDER & LAP BELT,NOT DEPLOYED,NOT APPLICABLE,N,NONE,NA,NA,NONE,NOT APPLICABLE,NOT APPLICABLE,,DRIVER LICENSE,Texas,CLASS C,76712
15493900,1,MOTOR VEHICLE,N,Y,TX,2MEFM75V97X624921,2007,MAR,MERCURY,GRAND MARQUIS,"PASSENGER CAR, 4-DOOR",N,76712,1,LIABILITY INSURANCE POLICY,RIGHT FRONT QUARTER DAMAGE ANGULAR IMPACT,DAMAGED 2,1,RIGHT BACK QUARTER DAMAGE ANGULAR IMPACT,DAMAGED 3,NA,Y,TOW KING,1601 E TAYLOR,FAILED TO DRIVE IN SINGLE LANE,NA,HAD BEEN DRINKING,NORTHWEST,Y,0,1,0,0,0,1,0,1,DRIVER,FRONT LEFT,POSSIBLE INJURY,27,BLACK,MALE,NO,SHOULDER & LAP BELT,NOT DEPLOYED,NOT APPLICABLE,N,NONE,NA,NA,NONE,NOT APPLICABLE,NOT APPLICABLE,,DRIVER LICENSE,Texas,CLASS C,76689
15500266,1,MOTOR VEHICLE,N,Y,TX,1FTRW07L71KC07545,2001,WHI,FORD,F150,TRUCK,N,77521,1,PROOF OF LIABILITY INSURANCE,FRONT END DAMAGE DISTRIBUTED IMPACT,DAMAGED 1 MINIMUM,12,NA,NA,NA,N,,,NONE,NA,NA,NORTH,Y,0,0,0,1,0,0,0,1,DRIVER,FRONT LEFT,NOT INJURED,36,WHITE,MALE,NO,UNKNOWN,NOT DEPLOYED,NOT APPLICABLE,N,NONE,NA,NA,NONE,NOT APPLICABLE,NOT APPLICABLE,,DRIVER LICENSE,Texas,CLASS C,77521
15517490,1,MOTOR VEHICLE,N,Y,TX,2G1WH52K949399557,2004,MAR,CHEVROLET,IMPALA,"PASSENGER CAR, 4-DOOR",N,79403,1,PROOF OF LIABILITY INSURANCE,RIGHT FRONT QUARTER DAMAGE ANGULAR IMPACT,DAMAGED 3,11,NA,NA,NA,N,LUBBOCK WRECKER,LUBBOCK WRECKER  3209 SLATON HWY   806-7,FAULTY EVASIVE ACTION,NA,ANIMAL ON ROAD- DOMESTIC,EAST,Y,0,0,0,0,1,0,0,1,DRIVER,FRONT LEFT,UNKNOWN,29,BLACK,MALE,NO,UNKNOWN,NOT DEPLOYED,NOT APPLICABLE,N,NONE,NA,NA,NONE,NOT APPLICABLE,NOT APPLICABLE,,DRIVER LICENSE,Missouri,OTHER/OUT OF STATE,79403
15334742,1,MOTOR VEHICLE,N,Y,UN,1D7RV1CT6BS700302,NA,99,DODGE,RAM 1500,UNKNOWN,N,79764,1,LIABILITY INSURANCE POLICY,FRONT END DAMAGE DISTRIBUTED IMPACT,DAMAGED 2,12,NA,NA,NA,Y,BTA WRECKER 4323661532,"5000 ANDREWS HWY, ODESSA,TX,79762",UNDER INFLUENCE - ALCOHOL,UNSAFE SPEED,NA,EAST,Y,0,0,0,1,0,0,0,1,DRIVER,FRONT LEFT,NOT INJURED,55,HISPANIC,FEMALE,NO,UNKNOWN,NOT DEPLOYED,NOT APPLICABLE,N,BLOOD,Positive,0.258,NONE,NOT APPLICABLE,NOT APPLICABLE,,DRIVER LICENSE,Texas,CLASS C,79764
15334742,1,MOTOR VEHICLE,N,Y,UN,1D7RV1CT6BS700302,NA,99,DODGE,RAM 1500,UNKNOWN,N,79764,1,LIABILITY INSURANCE POLICY,FRONT END DAMAGE DISTRIBUTED IMPACT,DAMAGED 2,12,NA,NA,NA,Y,BTA WRECKER 4323661532,"5000 ANDREWS HWY, ODESSA,TX,79762",UNDER INFLUENCE - ALCOHOL,UNSAFE SPEED,NA,EAST,Y,0,0,0,1,0,0,0,1,DRIVER,FRONT LEFT,POSSIBLE INJURY,39,HISPANIC,FEMALE,NO,SHOULDER & LAP BELT,NOT DEPLOYED,NOT APPLICABLE,N,NONE,NA,NA,NONE,NOT APPLICABLE,NOT APPLICABLE,,DRIVER LICENSE,Texas,CLASS C,79764
15417076,1,MOTOR VEHICLE,N,Y,TX,2GCEC19T021403998,2002,SIL,CHEVROLET,SILVERADO,PICKUP,N,79707,1,PROOF OF LIABILITY INSURANCE,BACK END DAMAGE CONCENTRATED IMPACT,DAMAGED 1 MINIMUM,NA,NA,NA,NA,N,DRIVER FLED SCENE,,HAD BEEN DRINKING,BACKED WITHOUT SAFETY,NA,UNKNOWN,Y,0,0,0,1,0,0,0,1,DRIVER,FRONT LEFT,NOT INJURED,22,WHITE,MALE,NO,UNKNOWN,NOT DEPLOYED,NOT APPLICABLE,N,NONE,NA,NA,NONE,NOT APPLICABLE,NOT APPLICABLE,,DRIVER LICENSE,Texas,CLASS C,79707
15448993,1,MOTOR VEHICLE,N,Y,TX,1GNEK13Z34R239292,2004,BLK,CHEVROLET,TAHOE,SPORT UTILITY VEHICLE,N,79412,1,PROOF OF LIABILITY INSURANCE,FRONT END (LEFT) DAMAGE PARTIAL CONTACT,DAMAGED 4,11,NA,NA,NA,N,LUBBOCK WRECKER,LUBBOCK WRECKER  3209 SLATON HWY   806-7,FAILED TO DRIVE IN SINGLE LANE,NA,NA,NORTHWEST,Y,0,0,0,1,0,0,0,1,DRIVER,FRONT LEFT,NOT INJURED,29,HISPANIC,MALE,NO,NONE,"DEPLOYED, FRONT",NOT APPLICABLE,N,BLOOD,NA,NA,NONE,NOT APPLICABLE,NOT APPLICABLE,,DRIVER LICENSE,Texas,CLASS C,79412
15477750,1,MOTOR VEHICLE,N,Y,TX,1FTRX17W6XKA24384,1999,GRN,FORD,F150,PICKUP,N,75140,1,PROOF OF LIABILITY INSURANCE,DISTRIBUTED LEFT SIDE DAMAGE PARALLEL IMPACT,DAMAGED 1 MINIMUM,11,FRONT END DAMAGE DISTRIBUTED IMPACT,DAMAGED 3,12,Y,MCINTYRE WRECKER,MCINTYRE WRECKER,FAILED TO PASS TO RIGHT SAFELY,NA,NA,WEST,Y,0,0,0,1,0,0,0,1,DRIVER,FRONT LEFT,NOT INJURED,43,HISPANIC,MALE,NO,SHOULDER & LAP BELT,NOT DEPLOYED,NOT APPLICABLE,N,NONE,NA,NA,NONE,NOT APPLICABLE,NOT APPLICABLE,,DRIVER LICENSE,Florida,OTHER/OUT OF STATE,91320
15503645,2,MOTOR VEHICLE,N,Y,UN,,NA,99,NA,NA,UNKNOWN,N,,NA,NA,NA,NA,NA,NA,NA,NA,,,,NONE,NA,NA,EAST,N,0,0,0,0,1,0,0,1,DRIVER,FRONT LEFT,NOT INJURED,26,HISPANIC,MALE,NO,SHOULDER & LAP BELT,NOT DEPLOYED,NOT APPLICABLE,N,NONE,NA,NA,NONE,NOT APPLICABLE,NOT APPLICABLE,,DRIVER LICENSE,Texas,CLASS C,79762
15503645,2,MOTOR VEHICLE,N,Y,UN,,NA,99,NA,NA,UNKNOWN,N,,NA,NA,NA,NA,NA,NA,NA,NA,,,,NONE,NA,NA,EAST,N,0,0,0,0,1,0,0,1,DRIVER,FRONT LEFT,NOT INJURED,33,HISPANIC,MALE,NO,SHOULDER & LAP BELT,NOT DEPLOYED,NOT APPLICABLE,N,NONE,NA,NA,NONE,NOT APPLICABLE,NOT APPLICABLE,,DRIVER LICENSE,Texas,CLASS A,79765
15488844,1,MOTOR VEHICLE,N,Y,TX,1FTFW1CF4DKE97451,NA,SIL,FORD,F150,PICKUP,N,78620,1,PROOF OF LIABILITY INSURANCE,FRONT END (RIGHT)  DAMAGE PARTIAL CONTACT,DAMAGED 2,1,DISTRIBUTED RIGHT SIDE DAMAGE PARALLEL IMPACT,DAMAGED 1 MINIMUM,3,N,,,DRIVER INATTENTION,HAD BEEN DRINKING,NA,NORTH,Y,0,0,0,1,0,0,0,1,DRIVER,FRONT LEFT,NOT INJURED,18,WHITE,MALE,NO,SHOULDER & LAP BELT,NOT DEPLOYED,NOT APPLICABLE,N,NONE,NA,NA,NONE,NOT APPLICABLE,NOT APPLICABLE,,DRIVER LICENSE,Texas,CLASS C,78620
15438632,1,MOTOR VEHICLE,N,Y,TX,1YVHP80C965M35287,2006,GRY,MAZDA,6,"PASSENGER CAR, 4-DOOR",N,75078,1,PROOF OF LIABILITY INSURANCE,BACK END (LEFT) DAMAGE PARTIAL CONTACT,DAMAGED 1 MINIMUM,8,NA,NA,NA,N,DRIVER,DRIVEN AWAY BY DRIVER,FAILED TO YIELD ROW - TURNING LEFT,NA,DRIVER INATTENTION,NORTH,Y,0,0,0,1,0,0,0,1,DRIVER,FRONT LEFT,NOT INJURED,25,WHITE,FEMALE,NO,SHOULDER & LAP BELT,NOT DEPLOYED,NOT APPLICABLE,N,NONE,NA,NA,NONE,NOT APPLICABLE,NOT APPLICABLE,,DRIVER LICENSE,Texas,CLASS C,75078
15438632,1,MOTOR VEHICLE,N,Y,TX,1YVHP80C965M35287,2006,GRY,MAZDA,6,"PASSENGER CAR, 4-DOOR",N,75078,1,PROOF OF LIABILITY INSURANCE,BACK END (LEFT) DAMAGE PARTIAL CONTACT,DAMAGED 1 MINIMUM,8,NA,NA,NA,N,DRIVER,DRIVEN AWAY BY DRIVER,FAILED TO YIELD ROW - TURNING LEFT,NA,DRIVER INATTENTION,NORTH,Y,0,0,0,1,0,0,0,1,DRIVER OF MOTORCYCLE TYPE VEHICLE,FRONT LEFT,NOT INJURED,45,WHITE,MALE,NOT APPLICABLE,NOT APPLICABLE,NOT APPLICABLE,UNKNOWN IF WORN,N,NONE,NA,NA,NONE,NOT APPLICABLE,NOT APPLICABLE,,DRIVER LICENSE,Texas,CLASS C AND M,75078
15393784,1,MOTOR VEHICLE,N,Y,TX,JN1CV6EK4CM420890,NA,SIL,INFINITI,G37,"PASSENGER CAR, 2-DOOR",N,75040,1,LIABILITY INSURANCE POLICY,LEFT BACK QUARTER DAMAGE ANGULAR IMPACT,DAMAGED 3,8,FRONT END DAMAGE DISTRIBUTED IMPACT,DAMAGED 3,12,Y,BIG BASS WRECKER,GARLAND AUTO POUND,FAILED TO CONTROL SPEED,NA,NA,NORTHEAST,Y,0,0,0,1,0,0,0,1,DRIVER,FRONT LEFT,NOT INJURED,30,WHITE,MALE,NO,UNKNOWN,NOT DEPLOYED,NOT APPLICABLE,N,NONE,NA,NA,NONE,NOT APPLICABLE,NOT APPLICABLE,,DRIVER LICENSE,Texas,CLASS C,75025
15318561,1,MOTOR VEHICLE,N,Y,UN,,NA,99,UNKNOWN,UNKNOWN,UNKNOWN,N,Unknown,NA,NA,NA,NA,NA,NA,NA,NA,N,,,NONE,NA,NA,NORTH,Y,0,0,0,0,1,0,0,1,DRIVER,FRONT LEFT,NOT INJURED,24,WHITE,FEMALE,NO,SHOULDER & LAP BELT,NOT DEPLOYED,NOT APPLICABLE,N,NONE,NA,NA,NONE,NOT APPLICABLE,NOT APPLICABLE,,DRIVER LICENSE,Texas,CLASS C,77995
15318561,1,MOTOR VEHICLE,N,Y,UN,,NA,99,UNKNOWN,UNKNOWN,UNKNOWN,N,Unknown,NA,NA,NA,NA,NA,NA,NA,NA,N,,,NONE,NA,NA,NORTH,Y,0,0,0,0,1,0,0,1,DRIVER,FRONT LEFT,NOT INJURED,24,WHITE,FEMALE,NO,SHOULDER & LAP BELT,NOT DEPLOYED,NOT APPLICABLE,N,NONE,NA,NA,NONE,NOT APPLICABLE,NOT APPLICABLE,,DRIVER LICENSE,Texas,CLASS C,77995
15339764,1,MOTOR VEHICLE,N,Y,TX,1GNDS13S762135141,2006,MAR,CHEVROLET,TRAILBLAZER,SPORT UTILITY VEHICLE,N,78130,1,PROOF OF LIABILITY INSURANCE,FRONT END (RIGHT)  DAMAGE PARTIAL CONTACT,DAMAGED 3,1,NA,NA,NA,Y,NB TOWING,5729 SAFARI DRIVE,FAULTY EVASIVE ACTION,NA,NA,SOUTHWEST,Y,0,0,0,1,0,0,0,1,DRIVER,FRONT LEFT,NOT INJURED,27,WHITE,MALE,NO,UNKNOWN,NOT DEPLOYED,NOT APPLICABLE,N,NONE,NA,NA,NONE,NOT APPLICABLE,NOT APPLICABLE,,DRIVER LICENSE,Texas,CLASS C AND M,78130
15366308,1,MOTOR VEHICLE,N,Y,TX,1GNKRGKD3FJ114737,NA,BRO,CHEVROLET,TRAVERSE,SPORT UTILITY VEHICLE,N,77531,1,LIABILITY INSURANCE POLICY,DISTRIBUTED LEFT SIDE DAMAGE PARALLEL IMPACT,DAMAGED 2,9,DISTRIBUTED RIGHT SIDE DAMAGE PARALLEL IMPACT,DAMAGED 2,3,N,NOT TOWED,NOT TOWED,FAILED TO DRIVE IN SINGLE LANE,NA,NA,EAST,Y,0,0,0,0,1,0,0,1,DRIVER,FRONT LEFT,NON-INCAPACITATING INJURY,39,HISPANIC,FEMALE,NO,SHOULDER & LAP BELT,NOT DEPLOYED,NOT APPLICABLE,N,NONE,NA,NA,NONE,NOT APPLICABLE,NOT APPLICABLE,,DRIVER LICENSE,Texas,CLASS C,77017
15366308,1,MOTOR VEHICLE,N,Y,TX,1GNKRGKD3FJ114737,NA,BRO,CHEVROLET,TRAVERSE,SPORT UTILITY VEHICLE,N,77531,1,LIABILITY INSURANCE POLICY,DISTRIBUTED LEFT SIDE DAMAGE PARALLEL IMPACT,DAMAGED 2,9,DISTRIBUTED RIGHT SIDE DAMAGE PARALLEL IMPACT,DAMAGED 2,3,N,NOT TOWED,NOT TOWED,FAILED TO DRIVE IN SINGLE LANE,NA,NA,EAST,Y,0,0,0,0,1,0,0,1,DRIVER,FRONT LEFT,NOT INJURED,34,HISPANIC,FEMALE,NO,SHOULDER & LAP BELT,NOT DEPLOYED,NOT APPLICABLE,N,NONE,NA,NA,NONE,NOT APPLICABLE,NOT APPLICABLE,,DRIVER LICENSE,Texas,CLASS C,77506
15376939,1,MOTOR VEHICLE,N,Y,TX,4S3BL676X54215060,2005,WHI,SUBARU,UNKNOWN,UNKNOWN,N,78641,1,PROOF OF LIABILITY INSURANCE,FRONT END DAMAGE DISTRIBUTED IMPACT,DAMAGED 2,12,NA,NA,NA,N,DRIVEN AWAY BY DRIVER,,FAILED TO CONTROL SPEED,UNDER INFLUENCE - ALCOHOL,NA,NORTH,Y,0,0,0,1,0,0,0,1,DRIVER,FRONT LEFT,NOT INJURED,57,WHITE,FEMALE,NO,UNKNOWN,NOT DEPLOYED,NOT APPLICABLE,N,BREATH,Positive,0.237,NONE,NOT APPLICABLE,NOT APPLICABLE,,DRIVER LICENSE,Texas,CLASS C,78641
15376939,1,MOTOR VEHICLE,N,Y,TX,4S3BL676X54215060,2005,WHI,SUBARU,UNKNOWN,UNKNOWN,N,78641,1,PROOF OF LIABILITY INSURANCE,FRONT END DAMAGE DISTRIBUTED IMPACT,DAMAGED 2,12,NA,NA,NA,N,DRIVEN AWAY BY DRIVER,,FAILED TO CONTROL SPEED,UNDER INFLUENCE - ALCOHOL,NA,NORTH,Y,0,0,0,1,0,0,0,1,DRIVER,FRONT LEFT,NOT INJURED,24,BLACK,MALE,NO,SHOULDER & LAP BELT,NOT DEPLOYED,NOT APPLICABLE,N,NONE,NA,NA,NONE,NOT APPLICABLE,NOT APPLICABLE,,DRIVER LICENSE,Texas,CLASS C,78759
15413684,1,MOTOR VEHICLE,N,Y,TX,1FT8W3BTXDEB33805,NA,BRO,FORD,F350,PICKUP,N,77581,1,PROOF OF LIABILITY INSURANCE,FRONT END DAMAGE DISTRIBUTED IMPACT,DAMAGED 2,12,NA,NA,NA,N,,,FATIGUED OR ASLEEP,DRIVER INATTENTION,HAD BEEN DRINKING,NORTHWEST,Y,0,0,0,1,0,0,0,1,DRIVER,FRONT LEFT,NOT INJURED,23,WHITE,MALE,NO,SHOULDER & LAP BELT,NOT DEPLOYED,NOT APPLICABLE,N,NONE,NA,NA,NONE,NOT APPLICABLE,NOT APPLICABLE,,DRIVER LICENSE,Texas,CLASS C,77581
15464213,1,MOTOR VEHICLE,N,Y,TX,JNKCV54E74M820641,2004,RED,INFINITI,G35,"PASSENGER CAR, 4-DOOR",N,77433,1,NA,FRONT END (RIGHT)  DAMAGE PARTIAL CONTACT,DAMAGED 3,NA,FRONT END DAMAGE DISTRIBUTED IMPACT,DAMAGED 4,NA,Y,CERTIFIED TOWING & TRANSPORT,17715 CLAY RD,FAILED TO CONTROL SPEED,UNDER INFLUENCE - ALCOHOL,NA,SOUTH,Y,0,0,0,1,0,0,0,1,DRIVER,FRONT LEFT,NOT INJURED,23,OTHER,MALE,NO,UNKNOWN,DEPLOYED MULTIPLE,NOT APPLICABLE,N,BLOOD,NA,NA,NONE,NOT APPLICABLE,NOT APPLICABLE,,DRIVER LICENSE,Texas,CLASS C,77433
15464213,1,MOTOR VEHICLE,N,Y,TX,JNKCV54E74M820641,2004,RED,INFINITI,G35,"PASSENGER CAR, 4-DOOR",N,77433,1,NA,FRONT END (RIGHT)  DAMAGE PARTIAL CONTACT,DAMAGED 3,NA,FRONT END DAMAGE DISTRIBUTED IMPACT,DAMAGED 4,NA,Y,CERTIFIED TOWING & TRANSPORT,17715 CLAY RD,FAILED TO CONTROL SPEED,UNDER INFLUENCE - ALCOHOL,NA,SOUTH,Y,0,0,0,1,0,0,0,1,PEDESTRIAN,"PEDESTRIAN, PEDALCYCLIST, OR MOTORIZED CONVEYANCE",NON-INCAPACITATING INJURY,42,OTHER,MALE,NOT APPLICABLE,NOT APPLICABLE,NOT APPLICABLE,NOT APPLICABLE,N,NONE,NA,NA,NONE,NOT APPLICABLE,NOT APPLICABLE,,DRIVER LICENSE,Texas,CLASS C,77449
15477966,1,MOTOR VEHICLE,N,Y,TX,1YVFP80D545N96040,2004,BLU,MAZDA,6,"PASSENGER CAR, 2-DOOR",N,77573,1,LIABILITY INSURANCE POLICY,FRONT END DAMAGE DISTRIBUTED IMPACT,DAMAGED 2,12,NA,NA,NA,N,DRIVER,DRIVEN AWAY,DISTRACTION IN VEHICLE,FAILED TO CONTROL SPEED,NA,SOUTH,Y,0,0,0,1,0,0,0,1,DRIVER,FRONT LEFT,NOT INJURED,21,WHITE,MALE,NO,UNKNOWN,NOT DEPLOYED,NOT APPLICABLE,N,NONE,NA,NA,NONE,NOT APPLICABLE,NOT APPLICABLE,,DRIVER LICENSE,Texas,CLASS C,77573
15477966,1,MOTOR VEHICLE,N,Y,TX,1YVFP80D545N96040,2004,BLU,MAZDA,6,"PASSENGER CAR, 2-DOOR",N,77573,1,LIABILITY INSURANCE POLICY,FRONT END DAMAGE DISTRIBUTED IMPACT,DAMAGED 2,12,NA,NA,NA,N,DRIVER,DRIVEN AWAY,DISTRACTION IN VEHICLE,FAILED TO CONTROL SPEED,NA,SOUTH,Y,0,0,0,1,0,0,0,1,DRIVER,FRONT LEFT,POSSIBLE INJURY,56,WHITE,FEMALE,NO,SHOULDER & LAP BELT,NOT DEPLOYED,NOT APPLICABLE,N,NONE,NA,NA,NONE,NOT APPLICABLE,NOT APPLICABLE,,DRIVER LICENSE,Texas,CLASS C,77539
15338705,1,MOTOR VEHICLE,N,Y,UN,,NA,99,UNKNOWN,UNKNOWN,UNKNOWN,N,,NA,NA,NA,NA,NA,NA,NA,NA,N,,,NONE,NA,NA,NORTHWEST,Y,0,0,0,0,1,0,0,1,DRIVER,FRONT LEFT,POSSIBLE INJURY,22,WHITE,MALE,NO,SHOULDER & LAP BELT,NOT DEPLOYED,NOT APPLICABLE,N,NONE,NA,NA,NONE,NOT APPLICABLE,NOT APPLICABLE,,DRIVER LICENSE,Texas,CLASS C,76116
15338705,1,MOTOR VEHICLE,N,Y,UN,,NA,99,UNKNOWN,UNKNOWN,UNKNOWN,N,,NA,NA,NA,NA,NA,NA,NA,NA,N,,,NONE,NA,NA,NORTHWEST,Y,0,0,0,0,1,0,0,1,DRIVER,FRONT LEFT,POSSIBLE INJURY,22,WHITE,MALE,NO,SHOULDER & LAP BELT,NOT DEPLOYED,NOT APPLICABLE,N,NONE,NA,NA,NONE,NOT APPLICABLE,NOT APPLICABLE,,DRIVER LICENSE,Texas,CLASS C,76116