CRASH_ID,UNIT_NBR,UNIT_DESC_ID,VEH_PARKED_FL,VEH_HNR_FL,VEH_LIC_STATE_ID,VIN,VEH_MOD_YEAR,VEH_COLOR_ID,VEH_MAKE_ID,VEH_MOD_ID,VEH_BODY_STYL_ID,EMER_RESPNDR_FL,OWNR_ZIP,FIN_RESP_PROOF_ID,FIN_RESP_TYPE_ID,VEH_DMAG_AREA_1_ID,VEH_DMAG_SCL_1_ID,FORCE_DIR_1_ID,VEH_DMAG_AREA_2_ID,VEH_DMAG_SCL_2_ID,FORCE_DIR_2_ID,VEH_INVENTORIED_FL,VEH_TRANSP_NAME,VEH_TRANSP_DEST,CONTRIB_FACTR_1_ID,CONTRIB_FACTR_2_ID,CONTRIB_FACTR_P1_ID,VEH_TRVL_DIR_ID,FIRST_HARM_EVT_INV_ID,INCAP_INJRY_CNT,NONINCAP_INJRY_CNT,POSS_INJRY_CNT,NON_INJRY_CNT,UNKN_INJRY_CNT,TOT_INJRY_CNT,DEATH_CNT,PRSN_NBR,PRSN_TYPE_ID,PRSN_OCCPNT_POS_ID,PRSN_INJRY_SEV_ID,PRSN_AGE,PRSN_ETHNICITY_ID,PRSN_GNDR_ID,PRSN_EJCT_ID,PRSN_REST_ID,PRSN_AIRBAG_ID,PRSN_HELMET_ID,PRSN_SOL_FL,PRSN_ALC_SPEC_TYPE_ID,PRSN_ALC_RSLT_ID,PRSN_BAC_TEST_RSLT,PRSN_DRG_SPEC_TYPE_ID,PRSN_DRG_RSLT_ID,DRVR_DRG_CAT_1_ID,PRSN_DEATH_TIME,DRVR_LIC_TYPE_ID,DRVR_LIC_STATE_ID,DRVR_LIC_CLS_ID,DRVR_ZIP
15338705,1,MOTOR VEHICLE,N,Y,UN,,NA,99,UNKNOWN,UNKNOWN,UNKNOWN,N,,NA,NA,NA,NA,NA,NA,NA,NA,N,,,NONE,NA,NA,NORTHWEST,Y,0,0,0,0,1,0,0,1,DRIVER,FRONT LEFT,POSSIBLE INJURY,22,WHITE,MALE,NO,SHOULDER & LAP BELT,NOT DEPLOYED,NOT APPLICABLE,N,NONE,NA,NA,NONE,NOT APPLICABLE,NOT APPLICABLE,,DRIVER LICENSE,Texas,CLASS C,76116
15338705,1,MOTOR VEHICLE,N,Y,UN,,NA,99,UNKNOWN,UNKNOWN,UNKNOWN,N,,NA,NA,NA,NA,NA,NA,NA,NA,N,,,NONE,NA,NA,NORTHWEST,Y,0,0,0,0,1,0,0,1,DRIVER,FRONT LEFT,POSSIBLE INJURY,22,WHITE,MALE,NO,SHOULDER & LAP BELT,NOT DEPLOYED,NOT APPLICABLE,N,NONE,NA,NA,NONE,NOT APPLICABLE,NOT APPLICABLE,,DRIVER LICENSE,Texas,CLASS C,76116
15413548,1,MOTOR VEHICLE,N,Y,UN,WDDDJ72X89A154678,NA,99,MERCEDES-BENZ,CLS-CLASS,UNKNOWN,N,75092,1,PROOF OF LIABILITY INSURANCE,FRONT END DAMAGE CONCENTRATED IMPACT,DAMAGED 4,1,DISTRIBUTED RIGHT SIDE DAMAGE PARALLEL IMPACT,DAMAGED 2,2,N,B & B TOWING,B & B TOWING,DRIVER INATTENTION,DISTRACTION IN VEHICLE,NA,NORTH,Y,0,0,0,1,0,0,0,1,DRIVER,FRONT LEFT,NOT INJURED,38,WHITE,MALE,NO,UNKNOWN,NOT DEPLOYED,NOT APPLICABLE,N,NONE,NA,NA,NONE,NOT APPLICABLE,NOT APPLICABLE,,DRIVER LICENSE,Texas,CLASS C,75092
15406768,1,MOTOR VEHICLE,N,Y,TX,1HGCR2F34FA214946,NA,BLK,HONDA,ACCORD,"PASSENGER CAR, 4-DOOR",N,78613,1,PROOF OF LIABILITY INSURANCE,FRONT END DAMAGE DISTRIBUTED IMPACT,DAMAGED 3,12,DISTRIBUTED LEFT SIDE DAMAGE PARALLEL IMPACT,DAMAGED 2,9,N,LUBBOCK WRECKER,LUBBOCK WRECKER  3209 SLATON HWY   806-7,FAILED TO DRIVE IN SINGLE LANE,NA,NA,WEST,Y,0,0,0,0,1,0,0,1,DRIVER,FRONT LEFT,UNKNOWN,20,WHITE,MALE,UNKNOWN,UNKNOWN,DEPLOYED MULTIPLE,NOT APPLICABLE,N,NONE,NA,NA,NONE,NOT APPLICABLE,NOT APPLICABLE,,DRIVER LICENSE,Texas,CLASS C,78613
15461121,3,MOTOR VEHICLE,N,Y,TX,3N1AB7AP0EY238501,NA,GRY,NISSAN,SENTRA,"PASSENGER CAR, 4-DOOR",N,78644,1,PROOF OF LIABILITY INSURANCE,FRONT END DAMAGE DISTRIBUTED IMPACT,DAMAGED 3,12,NA,NA,NA,N,QUANTUM TOWING 512-295-8697,"500 SOUTH OLD HIGHWAY 81, KYLE TX",FOLLOWED TOO CLOSELY,NA,NA,SOUTH,Y,0,0,0,3,0,0,0,1,DRIVER,FRONT LEFT,NOT INJURED,30,WHITE,MALE,NO,SHOULDER & LAP BELT,NOT DEPLOYED,NOT APPLICABLE,N,NONE,NA,NA,NONE,NOT APPLICABLE,NOT APPLICABLE,,DRIVER LICENSE,Texas,CLASS C,73071
15461121,2,MOTOR VEHICLE,N,Y,UN,,NA,99,NA,NA,UNKNOWN,N,,NA,NA,BACK END DAMAGE DISTRIBUTED IMPACT,DAMAGED 2,6,NA,NA,NA,N,,,NONE,NA,NA,SOUTH,N,0,0,0,0,1,0,0,1,DRIVER,FRONT LEFT,NOT INJURED,30,WHITE,MALE,NO,SHOULDER & LAP BELT,NOT DEPLOYED,NOT APPLICABLE,N,NONE,NA,NA,NONE,NOT APPLICABLE,NOT APPLICABLE,,DRIVER LICENSE,Texas,CLASS C,73071
15461121,1,MOTOR VEHICLE,N,Y,OK,1FTPW12504KC06621,2004,GRY,FORD,F150,PICKUP,N,73071,1,PROOF OF LIABILITY INSURANCE,FRONT END DAMAGE DISTRIBUTED IMPACT,DAMAGED 2,12,BACK END DAMAGE DISTRIBUTED IMPACT,DAMAGED 2,6,N,,,FOLLOWED TOO CLOSELY,NA,NA,SOUTH,Y,0,0,0,1,0,0,0,1,DRIVER,FRONT LEFT,NOT INJURED,30,WHITE,MALE,NO,SHOULDER & LAP BELT,NOT DEPLOYED,NOT APPLICABLE,N,NONE,NA,NA,NONE,NOT APPLICABLE,NOT APPLICABLE,,DRIVER LICENSE,Texas,CLASS C,73071
15461121,3,MOTOR VEHICLE,N,Y,TX,3N1AB7AP0EY238501,NA,GRY,NISSAN,SENTRA,"PASSENGER CAR, 4-DOOR",N,78644,1,PROOF OF LIABILITY INSURANCE,FRONT END DAMAGE DISTRIBUTED IMPACT,DAMAGED 3,12,NA,NA,NA,N,QUANTUM TOWING 512-295-8697,"500 SOUTH OLD HIGHWAY 81, KYLE TX",FOLLOWED TOO CLOSELY,NA,NA,SOUTH,Y,0,0,0,3,0,0,0,1,DRIVER,FRONT LEFT,NOT INJURED,20,WHITE,FEMALE,NO,SHOULDER & LAP BELT,"DEPLOYED, FRONT",NOT APPLICABLE,N,NONE,NA,NA,NONE,NOT APPLICABLE,NOT APPLICABLE,,DRIVER LICENSE,Texas,CLASS C,78644
15461121,2,MOTOR VEHICLE,N,Y,UN,,NA,99,NA,NA,UNKNOWN,N,,NA,NA,BACK END DAMAGE DISTRIBUTED IMPACT,DAMAGED 2,6,NA,NA,NA,N,,,NONE,NA,NA,SOUTH,N,0,0,0,0,1,0,0,1,DRIVER,FRONT LEFT,NOT INJURED,20,WHITE,FEMALE,NO,SHOULDER & LAP BELT,"DEPLOYED, FRONT",NOT APPLICABLE,N,NONE,NA,NA,NONE,NOT APPLICABLE,NOT APPLICABLE,,DRIVER LICENSE,Texas,CLASS C,78644
15461121,1,MOTOR VEHICLE,N,Y,OK,1FTPW12504KC06621,2004,GRY,FORD,F150,PICKUP,N,73071,1,PROOF OF LIABILITY INSURANCE,FRONT END DAMAGE DISTRIBUTED IMPACT,DAMAGED 2,12,BACK END DAMAGE DISTRIBUTED IMPACT,DAMAGED 2,6,N,,,FOLLOWED TOO CLOSELY,NA,NA,SOUTH,Y,0,0,0,1,0,0,0,1,DRIVER,FRONT LEFT,NOT INJURED,20,WHITE,FEMALE,NO,SHOULDER & LAP BELT,"DEPLOYED, FRONT",NOT APPLICABLE,N,NONE,NA,NA,NONE,NOT APPLICABLE,NOT APPLICABLE,,DRIVER LICENSE,Texas,CLASS C,78644
15462002,1,MOTOR VEHICLE,N,Y,TX,1G11E5SLXEF202934,NA,SIL,CHEVROLET,MALIBU,"PASSENGER CAR, 4-DOOR",N,78741,NA,NA,UNKNOWN,DAMAGED 1 MINIMUM,12,NA,NA,NA,N,,,NONE,NA,NA,SOUTH,Y,0,0,0,0,1,0,0,1,DRIVER,FRONT LEFT,UNKNOWN,33,WHITE,MALE,NO,UNKNOWN,UNKNOWN,NOT APPLICABLE,N,NONE,NA,NA,NONE,NOT APPLICABLE,NOT APPLICABLE,,DRIVER LICENSE,Texas,CLASS C AND M,78741
15462002,1,MOTOR VEHICLE,N,Y,TX,1G11E5SLXEF202934,NA,SIL,CHEVROLET,MALIBU,"PASSENGER CAR, 4-DOOR",N,78741,NA,NA,UNKNOWN,DAMAGED 1 MINIMUM,12,NA,NA,NA,N,,,NONE,NA,NA,SOUTH,Y,0,0,0,0,1,0,0,1,DRIVER,FRONT LEFT,NOT INJURED,59,HISPANIC,MALE,NO,SHOULDER & LAP BELT,NOT DEPLOYED,NOT APPLICABLE,N,NONE,NA,NA,NONE,NOT APPLICABLE,NOT APPLICABLE,,DRIVER LICENSE,Texas,CLASS C,78747
15542893,1,MOTOR VEHICLE,N,Y,UN,,NA,99,NA,NA,UNKNOWN,N,,NA,NA,NA,NA,NA,NA,NA,NA,N,,,CHANGED LANE WHEN UNSAFE,NA,NA,SOUTH,Y,0,0,0,0,1,0,0,1,DRIVER,FRONT LEFT,NOT INJURED,39,HISPANIC,MALE,NO,SHOULDER & LAP BELT,NOT DEPLOYED,NOT APPLICABLE,N,NONE,NA,NA,NONE,NOT APPLICABLE,NOT APPLICABLE,,DRIVER LICENSE,Texas,CLASS C,77581
15347308,1,MOTOR VEHICLE,N,Y,TX,1G1ZT51F46F275187,2006,GRY,CHEVROLET,MALIBU,"PASSENGER CAR, 4-DOOR",N,79415,1,PROOF OF LIABILITY INSURANCE,FRONT END DAMAGE DISTRIBUTED IMPACT,DAMAGED 4,12,NA,NA,NA,N,LUBBOCK WRECKER,LUBBOCK WRECKER  3209 SLATON HWY   806-7,FAILED TO DRIVE IN SINGLE LANE,NA,NA,EAST,Y,0,0,0,0,1,0,0,1,DRIVER,FRONT LEFT,UNKNOWN,54,HISPANIC,MALE,UNKNOWN,UNKNOWN,"DEPLOYED, FRONT",NOT APPLICABLE,N,NONE,NA,NA,NONE,NOT APPLICABLE,NOT APPLICABLE,,DRIVER LICENSE,Texas,CLASS C,79415
15409545,1,MOTOR VEHICLE,N,Y,TX,1D7HA18N68S575487,NA,ONG,DODGE,D-150,PICKUP,N,75078,1,PROOF OF LIABILITY INSURANCE,FRONT END DAMAGE DISTRIBUTED IMPACT,DAMAGED 2,12,NA,NA,NA,Y,LW TOWING,"15020 KING ROAD, FRISCO, TX 75034",FATIGUED OR ASLEEP,UNDER INFLUENCE - ALCOHOL,NA,NORTH,Y,0,0,0,1,0,0,0,1,DRIVER,FRONT LEFT,NOT INJURED,21,WHITE,MALE,NO,SHOULDER & LAP BELT,NOT DEPLOYED,NOT APPLICABLE,N,NONE,NA,NA,NONE,NOT APPLICABLE,NOT APPLICABLE,,DRIVER LICENSE,Texas,CLASS C,75078
15450483,3,MOTOR VEHICLE,N,Y,TX,5LMFU27R04LJ01616,2004,SIL,LINCOLN,NAVIGATOR,SPORT UTILITY VEHICLE,N,78132,1,PROOF OF LIABILITY INSURANCE,RIGHT FRONT QUARTER DAMAGE ANGULAR IMPACT,DAMAGED 3,3,RIGHT SIDE DAMAGE ANGULAR IMPACT,DAMAGED 2,3,N,TEXAS TOWING,GROWEN POUND,DISREGARD STOP AND GO SIGNAL,DRIVER INATTENTION,NA,NORTH,N,0,0,0,1,0,0,0,1,DRIVER,FRONT LEFT,POSSIBLE INJURY,19,WHITE,MALE,NO,SHOULDER & LAP BELT,DEPLOYED MULTIPLE,NOT APPLICABLE,N,NONE,NA,NA,NONE,NOT APPLICABLE,NOT APPLICABLE,,DRIVER LICENSE,Texas,CLASS C,78210
15450483,2,MOTOR VEHICLE,N,Y,TX,1FMFU19577LA30975,2007,WHI,FORD,EXPEDITION,SPORT UTILITY VEHICLE,N,78222,1,PROOF OF LIABILITY INSURANCE,FRONT END (LEFT) DAMAGE PARTIAL CONTACT,DAMAGED 2,12,NA,NA,NA,N,MISSION TOWING,422 STEVES,NONE,NA,NA,SOUTH,Y,0,0,1,0,0,1,0,1,DRIVER,FRONT LEFT,POSSIBLE INJURY,19,WHITE,MALE,NO,SHOULDER & LAP BELT,DEPLOYED MULTIPLE,NOT APPLICABLE,N,NONE,NA,NA,NONE,NOT APPLICABLE,NOT APPLICABLE,,DRIVER LICENSE,Texas,CLASS C,78210
15450483,1,MOTOR VEHICLE,N,Y,TX,1FAHP3FN0AW181141,NA,RED,FORD,FOCUS,"PASSENGER CAR, 4-DOOR",N,78210,1,PROOF OF LIABILITY INSURANCE,FRONT END DAMAGE DISTRIBUTED IMPACT,DAMAGED 4,12,LEFT SIDE DAMAGE ANGULAR IMPACT,DAMAGED 2,9,N,TEXAS TOWING,422 STEVES,NONE,NA,NA,EAST,Y,0,1,1,0,0,2,0,1,DRIVER,FRONT LEFT,POSSIBLE INJURY,19,WHITE,MALE,NO,SHOULDER & LAP BELT,DEPLOYED MULTIPLE,NOT APPLICABLE,N,NONE,NA,NA,NONE,NOT APPLICABLE,NOT APPLICABLE,,DRIVER LICENSE,Texas,CLASS C,78210
15450483,3,MOTOR VEHICLE,N,Y,TX,5LMFU27R04LJ01616,2004,SIL,LINCOLN,NAVIGATOR,SPORT UTILITY VEHICLE,N,78132,1,PROOF OF LIABILITY INSURANCE,RIGHT FRONT QUARTER DAMAGE ANGULAR IMPACT,DAMAGED 3,3,RIGHT SIDE DAMAGE ANGULAR IMPACT,DAMAGED 2,3,N,TEXAS TOWING,GROWEN POUND,DISREGARD STOP AND GO SIGNAL,DRIVER INATTENTION,NA,NORTH,N,0,0,0,1,0,0,0,1,DRIVER,FRONT LEFT,POSSIBLE INJURY,53,WHITE,FEMALE,NO,SHOULDER & LAP BELT,NOT DEPLOYED,NOT APPLICABLE,N,NONE,NA,NA,NONE,NOT APPLICABLE,NOT APPLICABLE,,DRIVER LICENSE,Texas,CLASS C,78223
15450483,2,MOTOR VEHICLE,N,Y,TX,1FMFU19577LA30975,2007,WHI,FORD,EXPEDITION,SPORT UTILITY VEHICLE,N,78222,1,PROOF OF LIABILITY INSURANCE,FRONT END (LEFT) DAMAGE PARTIAL CONTACT,DAMAGED 2,12,NA,NA,NA,N,MISSION TOWING,422 STEVES,NONE,NA,NA,SOUTH,Y,0,0,1,0,0,1,0,1,DRIVER,FRONT LEFT,POSSIBLE INJURY,53,WHITE,FEMALE,NO,SHOULDER & LAP BELT,NOT DEPLOYED,NOT APPLICABLE,N,NONE,NA,NA,NONE,NOT APPLICABLE,NOT APPLICABLE,,DRIVER LICENSE,Texas,CLASS C,78223
15450483,1,MOTOR VEHICLE,N,Y,TX,1FAHP3FN0AW181141,NA,RED,FORD,FOCUS,"PASSENGER CAR, 4-DOOR",N,78210,1,PROOF OF LIABILITY INSURANCE,FRONT END DAMAGE DISTRIBUTED IMPACT,DAMAGED 4,12,LEFT SIDE DAMAGE ANGULAR IMPACT,DAMAGED 2,9,N,TEXAS TOWING,422 STEVES,NONE,NA,NA,EAST,Y,0,1,1,0,0,2,0,1,DRIVER,FRONT LEFT,POSSIBLE INJURY,53,WHITE,FEMALE,NO,SHOULDER & LAP BELT,NOT DEPLOYED,NOT APPLICABLE,N,NONE,NA,NA,NONE,NOT APPLICABLE,NOT APPLICABLE,,DRIVER LICENSE,Texas,CLASS C,78223
15476192,1,MOTOR VEHICLE,N,Y,TX,2FMZA5147WBD26013,1998,WHI,FORD,WINDSTAR,VAN,N,75074,1,PROOF OF LIABILITY INSURANCE,FRONT END DAMAGE CONCENTRATED IMPACT,DAMAGED 1 MINIMUM,12,NA,NA,NA,N,SIGNATURE TOWING,"1204 MUNICIPAL AVE, PLANO , TX 75074",DRIVER INATTENTION,NA,ILL (EXPLAIN IN NARRATIVE),SOUTH,Y,0,0,0,1,0,0,0,1,DRIVER,FRONT LEFT,NOT INJURED,58,HISPANIC,MALE,NO,SHOULDER & LAP BELT,NOT DEPLOYED,NOT APPLICABLE,N,NONE,NA,NA,NONE,NOT APPLICABLE,NOT APPLICABLE,,DRIVER LICENSE,Texas,CLASS C,75074
15511641,1,MOTOR VEHICLE,N,Y,TX,2G1WH52KX49434395,2004,GRY,CHEVROLET,IMPALA,"PASSENGER CAR, 4-DOOR",N,79404,1,PROOF OF LIABILITY INSURANCE,LEFT BACK QUARTER DAMAGE ANGULAR IMPACT,DAMAGED 7 HIGHEST,9,LEFT SIDE AND TOP DAMAGE ROLLOVER EFFECTS,DAMAGED 7 HIGHEST,9,Y,LUBBOCK WRECKER,LUBBOCK WRECKER  3209 SLATON HWY   806-7,DISTRACTION IN VEHICLE,OTHER (EXPLAIN IN NARRATIVE),UNDER INFLUENCE - DRUG,SOUTH,Y,0,0,0,1,0,0,0,1,DRIVER,FRONT LEFT,NOT INJURED,17,HISPANIC,MALE,NO,SHOULDER & LAP BELT,NOT DEPLOYED,NOT APPLICABLE,N,BLOOD,NA,NA,BLOOD,UNKNOWN,UNKNOWN,,DRIVER LICENSE,Texas,CLASS C,79404
15626566,1,MOTOR VEHICLE,N,Y,TX,3GNFC16007G120540,2007,WHI,CHEVROLET,SUBURBAN,SPORT UTILITY VEHICLE,N,77493,1,PROOF OF LIABILITY INSURANCE,FRONT END DAMAGE DISTRIBUTED IMPACT,DAMAGED 1 MINIMUM,12,NA,NA,NA,Y,J D'S TOWING,5710 CAMPBELL RD,UNDER INFLUENCE - ALCOHOL,OTHER (EXPLAIN IN NARRATIVE),NA,EAST,Y,0,0,0,1,0,0,0,1,DRIVER,FRONT LEFT,NOT INJURED,50,WHITE,MALE,NO,SHOULDER & LAP BELT,NOT DEPLOYED,NOT APPLICABLE,N,BLOOD,NA,NA,NONE,NOT APPLICABLE,NOT APPLICABLE,,DRIVER LICENSE,Texas,CLASS C,77493
15626566,1,MOTOR VEHICLE,N,Y,TX,3GNFC16007G120540,2007,WHI,CHEVROLET,SUBURBAN,SPORT UTILITY VEHICLE,N,77493,1,PROOF OF LIABILITY INSURANCE,FRONT END DAMAGE DISTRIBUTED IMPACT,DAMAGED 1 MINIMUM,12,NA,NA,NA,Y,J D'S TOWING,5710 CAMPBELL RD,UNDER INFLUENCE - ALCOHOL,OTHER (EXPLAIN IN NARRATIVE),NA,EAST,Y,0,0,0,1,0,0,0,1,DRIVER,FRONT LEFT,NON-INCAPACITATING INJURY,39,OTHER,FEMALE,NO,SHOULDER & LAP BELT,NOT DEPLOYED,NOT APPLICABLE,N,NONE,NA,NA,REFUSED,NOT APPLICABLE,NOT APPLICABLE,,DRIVER LICENSE,Texas,CLASS C,77075
15495971,1,MOTOR VEHICLE,N,Y,TX,3VWSE69M92M038293,2002,SIL,VOLKSWAGEN,JETTA,"PASSENGER CAR, 4-DOOR",N,76140,2,NA,LEFT SIDE DAMAGE ANGULAR IMPACT,DAMAGED 2,9,RIGHT BACK QUARTER DAMAGE ANGULAR IMPACT,DAMAGED 2,3,Y,AA WRECKER,5709 B DENTON HIGHWAY,FAILED TO YIELD ROW - STOP SIGN,NA,DRIVER INATTENTION,WEST,Y,0,0,0,0,1,0,0,1,DRIVER,FRONT LEFT,NOT INJURED,52,HISPANIC,FEMALE,NO,SHOULDER & LAP BELT,NOT DEPLOYED,NOT APPLICABLE,N,NONE,NA,NA,NONE,NOT APPLICABLE,NOT APPLICABLE,,DRIVER LICENSE,Texas,CLASS C,76117
15505069,1,MOTOR VEHICLE,N,Y,UN,,NA,BLK,NA,NA,SPORT UTILITY VEHICLE,N,,NA,NA,UNKNOWN,NA,10,NA,NA,NA,N,OPERATOR,DRIVEN AWAY,CHANGED LANE WHEN UNSAFE,NA,NA,WEST,Y,0,0,0,0,1,0,0,1,DRIVER,FRONT LEFT,NOT INJURED,30,BLACK,FEMALE,NO,SHOULDER & LAP BELT,NOT DEPLOYED,NOT APPLICABLE,N,NONE,NA,NA,NONE,NOT APPLICABLE,NOT APPLICABLE,,DRIVER LICENSE,Texas,CLASS C,75038
15536928,1,MOTOR VEHICLE,N,Y,UN,1FADP3N22EL423036,NA,BLU,FORD,FOCUS,"PASSENGER CAR, 4-DOOR",N,79938,1,LIABILITY INSURANCE POLICY,FRONT END DAMAGE DISTRIBUTED IMPACT,DAMAGED 4,12,FRONT END DAMAGE DISTRIBUTED IMPACT,DAMAGED 3,6,Y,SOLE WRECKER,11615 RAILROAD,NA,NA,FAILED TO CONTROL SPEED,EAST,Y,0,0,0,1,0,0,0,1,DRIVER,FRONT LEFT,NOT INJURED,19,HISPANIC,FEMALE,NO,SHOULDER & LAP BELT,"DEPLOYED, FRONT",NOT APPLICABLE,N,NONE,NA,NA,NONE,NOT APPLICABLE,NOT APPLICABLE,,DRIVER LICENSE,Texas,CLASS C,79928
15431003,1,MOTOR VEHICLE,N,Y,TX,1GCNKSE00DZ311725,NA,WHI,CHEVROLET,SILVERADO,PICKUP,N,78589,1,PROOF OF LIABILITY INSURANCE,FRONT END DAMAGE DISTRIBUTED IMPACT,DAMAGED 4,12,BACK END DAMAGE DISTRIBUTED IMPACT,DAMAGED 4,6,Y,EL RANCHO TOWING & RECOVERY,"4909 W UNIVERSITY, EDINBURG, TX 78541",DISREGARD STOP SIGN OR LIGHT,NA,UNDER INFLUENCE - ALCOHOL,WEST,Y,0,0,0,1,0,0,0,1,DRIVER,FRONT LEFT,NOT INJURED,24,HISPANIC,MALE,NO,SHOULDER & LAP BELT,NOT DEPLOYED,NOT APPLICABLE,N,BREATH,Positive,0.098,NONE,NOT APPLICABLE,NOT APPLICABLE,,DRIVER LICENSE,Texas,CLASS C,78589
15325107,1,MOTOR VEHICLE,N,Y,UN,2B3CJ4DG3BH586184,NA,99,DODGE,CHALLENGER,UNKNOWN,N,77066,1,PROOF OF LIABILITY INSURANCE,FRONT END (LEFT) DAMAGE PARTIAL CONTACT,DAMAGED 2,11,FRONT END DAMAGE CONCENTRATED IMPACT,DAMAGED 2,1,Y,STANCE AUTO WORKS 281-893-9010,"11815 MISTY VALLEY, HOUSTON,  TX 77066",FAILED TO CONTROL SPEED,NA,HAD BEEN DRINKING,SOUTHEAST,Y,0,0,0,1,0,0,0,1,DRIVER,FRONT LEFT,NOT INJURED,27,HISPANIC,MALE,NO,UNKNOWN,NOT DEPLOYED,NOT APPLICABLE,N,NONE,NA,NA,NONE,NOT APPLICABLE,NOT APPLICABLE,,DRIVER LICENSE,Texas,CLASS C,77066
15325107,1,MOTOR VEHICLE,N,Y,UN,2B3CJ4DG3BH586184,NA,99,DODGE,CHALLENGER,UNKNOWN,N,77066,1,PROOF OF LIABILITY INSURANCE,FRONT END (LEFT) DAMAGE PARTIAL CONTACT,DAMAGED 2,11,FRONT END DAMAGE CONCENTRATED IMPACT,DAMAGED 2,1,Y,STANCE AUTO WORKS 281-893-9010,"11815 MISTY VALLEY, HOUSTON,  TX 77066",FAILED TO CONTROL SPEED,NA,HAD BEEN DRINKING,SOUTHEAST,Y,0,0,0,1,0,0,0,1,DRIVER,FRONT LEFT,NOT INJURED,36,OTHER,MALE,NO,SHOULDER & LAP BELT,NOT DEPLOYED,NOT APPLICABLE,Y,NONE,NA,NA,NONE,NOT APPLICABLE,NOT APPLICABLE,,DRIVER LICENSE,Texas,CLASS C,77070
15325107,1,MOTOR VEHICLE,N,Y,UN,2B3CJ4DG3BH586184,NA,99,DODGE,CHALLENGER,UNKNOWN,N,77066,1,PROOF OF LIABILITY INSURANCE,FRONT END (LEFT) DAMAGE PARTIAL CONTACT,DAMAGED 2,11,FRONT END DAMAGE CONCENTRATED IMPACT,DAMAGED 2,1,Y,STANCE AUTO WORKS 281-893-9010,"11815 MISTY VALLEY, HOUSTON,  TX 77066",FAILED TO CONTROL SPEED,NA,HAD BEEN DRINKING,SOUTHEAST,Y,0,0,0,1,0,0,0,1,DRIVER,FRONT LEFT,NOT INJURED,31,BLACK,FEMALE,NO,SHOULDER & LAP BELT,NOT DEPLOYED,NOT APPLICABLE,N,NONE,NA,NA,NONE,NOT APPLICABLE,NOT APPLICABLE,,DRIVER LICENSE,Texas,CLASS A,77090
15325107,1,MOTOR VEHICLE,N,Y,UN,2B3CJ4DG3BH586184,NA,99,DODGE,CHALLENGER,UNKNOWN,N,77066,1,PROOF OF LIABILITY INSURANCE,FRONT END (LEFT) DAMAGE PARTIAL CONTACT,DAMAGED 2,11,FRONT END DAMAGE CONCENTRATED IMPACT,DAMAGED 2,1,Y,STANCE AUTO WORKS 281-893-9010,"11815 MISTY VALLEY, HOUSTON,  TX 77066",FAILED TO CONTROL SPEED,NA,HAD BEEN DRINKING,SOUTHEAST,Y,0,0,0,1,0,0,0,1,DRIVER,FRONT LEFT,NOT INJURED,24,WHITE,FEMALE,NO,SHOULDER & LAP BELT,NOT DEPLOYED,NOT APPLICABLE,N,BREATH,Negative,0.072,NONE,NOT APPLICABLE,NOT APPLICABLE,,DRIVER LICENSE,Colorado,OTHER/OUT OF STATE,80538
15343226,1,MOTOR VEHICLE,N,Y,TX,1FTPW12596KB72424,2006,BLK,FORD,F150,PICKUP,N,75901,1,PROOF OF LIABILITY INSURANCE,FRONT END DAMAGE CONCENTRATED IMPACT,DAMAGED 2,12,NA,NA,NA,Y,WILLIAMS WRECKER,2208 E DENMAN AVE. #B,FAILED TO CONTROL SPEED,UNDER INFLUENCE - ALCOHOL,NA,NORTHEAST,Y,0,0,0,1,0,0,0,1,DRIVER,FRONT LEFT,NOT INJURED,48,HISPANIC,MALE,NO,SHOULDER & LAP BELT,NOT DEPLOYED,NOT APPLICABLE,N,BREATH,Positive,0.25,NONE,NOT APPLICABLE,NOT APPLICABLE,,DRIVER LICENSE,Texas,CLASS C,75901
15343226,1,MOTOR VEHICLE,N,Y,TX,1FTPW12596KB72424,2006,BLK,FORD,F150,PICKUP,N,75901,1,PROOF OF LIABILITY INSURANCE,FRONT END DAMAGE CONCENTRATED IMPACT,DAMAGED 2,12,NA,NA,NA,Y,WILLIAMS WRECKER,2208 E DENMAN AVE. #B,FAILED TO CONTROL SPEED,UNDER INFLUENCE - ALCOHOL,NA,NORTHEAST,Y,0,0,0,1,0,0,0,1,DRIVER,FRONT LEFT,NON-INCAPACITATING INJURY,28,WHITE,FEMALE,NO,SHOULDER & LAP BELT,NOT DEPLOYED,NOT APPLICABLE,N,NONE,NA,NA,NONE,NOT APPLICABLE,NOT APPLICABLE,,DRIVER LICENSE,Texas,CLASS C,75901
15450300,2,MOTOR VEHICLE,N,Y,TX,2C3CDXBG5DH681153,NA,SIL,DODGE,NA,"PASSENGER CAR, 4-DOOR",N,77445,1,LIABILITY INSURANCE POLICY,BACK END DAMAGE DISTRIBUTED IMPACT,DAMAGED 2,6,NA,NA,NA,N,WALLER COUNTY PAINT AND BODY,40793 FM 1488,NONE,NA,NA,NORTH,Y,0,0,0,3,0,0,0,1,DRIVER,FRONT LEFT,POSSIBLE INJURY,52,BLACK,MALE,NO,SHOULDER & LAP BELT,"DEPLOYED, FRONT",NOT APPLICABLE,N,BREATH,Positive,0.146,NONE,NOT APPLICABLE,NOT APPLICABLE,,DRIVER LICENSE,Texas,CLASS C,77498