CRASH_ID,UNIT_NBR,UNIT_DESC_ID,VEH_PARKED_FL,VEH_HNR_FL,VEH_LIC_STATE_ID,VIN,VEH_MOD_YEAR,VEH_COLOR_ID,VEH_MAKE_ID,VEH_MOD_ID,VEH_BODY_STYL_ID,EMER_RESPNDR_FL,OWNR_ZIP,FIN_RESP_PROOF_ID,FIN_RESP_TYPE_ID,VEH_DMAG_AREA_1_ID,VEH_DMAG_SCL_1_ID,FORCE_DIR_1_ID,VEH_DMAG_AREA_2_ID,VEH_DMAG_SCL_2_ID,FORCE_DIR_2_ID,VEH_INVENTORIED_FL,VEH_TRANSP_NAME,VEH_TRANSP_DEST,CONTRIB_FACTR_1_ID,CONTRIB_FACTR_2_ID,CONTRIB_FACTR_P1_ID,VEH_TRVL_DIR_ID,FIRST_HARM_EVT_INV_ID,INCAP_INJRY_CNT,NONINCAP_INJRY_CNT,POSS_INJRY_CNT,NON_INJRY_CNT,UNKN_INJRY_CNT,TOT_INJRY_CNT,DEATH_CNT,PRSN_NBR,PRSN_TYPE_ID,PRSN_OCCPNT_POS_ID,PRSN_INJRY_SEV_ID,PRSN_AGE,PRSN_ETHNICITY_ID,PRSN_GNDR_ID,PRSN_EJCT_ID,PRSN_REST_ID,PRSN_AIRBAG_ID,PRSN_HELMET_ID,PRSN_SOL_FL,PRSN_ALC_SPEC_TYPE_ID,PRSN_ALC_RSLT_ID,PRSN_BAC_TEST_RSLT,PRSN_DRG_SPEC_TYPE_ID,PRSN_DRG_RSLT_ID,DRVR_DRG_CAT_1_ID,PRSN_DEATH_TIME,DRVR_LIC_TYPE_ID,DRVR_LIC_STATE_ID,DRVR_LIC_CLS_ID,DRVR_ZIP
15364029,3,MOTOR VEHICLE,N,Y,TX,3GCPCREC2FG268856,NA,BLK,CHEVROLET,SILVERADO C1500,PICKUP,N,77657,1,PROOF OF LIABILITY INSURANCE,FRONT END DAMAGE DISTRIBUTED IMPACT,DAMAGED 2,12,BACK END DAMAGE CONCENTRATED IMPACT,DAMAGED 1 MINIMUM,6,N,,,NONE,NA,NA,WEST,N,0,0,0,2,0,0,0,1,DRIVER,FRONT LEFT,NOT INJURED,24,WHITE,FEMALE,NO,SHOULDER & LAP BELT,NOT DEPLOYED,NOT APPLICABLE,N,NONE,NA,NA,NONE,NOT APPLICABLE,NOT APPLICABLE,,DRIVER LICENSE,Louisiana,OTHER/OUT OF STATE,70665
15364029,2,MOTOR VEHICLE,N,Y,LA,1FM5K7D80FGB56074,NA,WHI,FORD,EXPLORER,SPORT UTILITY VEHICLE,N,70665,1,PROOF OF LIABILITY INSURANCE,FRONT END DAMAGE CONCENTRATED IMPACT,DAMAGED 2,12,BACK END DAMAGE DISTRIBUTED IMPACT,DAMAGED 1 MINIMUM,6,N,,,NONE,NA,NA,WEST,N,0,0,0,1,0,0,0,1,DRIVER,FRONT LEFT,NOT INJURED,24,WHITE,FEMALE,NO,SHOULDER & LAP BELT,NOT DEPLOYED,NOT APPLICABLE,N,NONE,NA,NA,NONE,NOT APPLICABLE,NOT APPLICABLE,,DRIVER LICENSE,Louisiana,OTHER/OUT OF STATE,70665
15364029,1,MOTOR VEHICLE,N,Y,LA,1FTNW20F6YEC08788,2000,BLU,FORD,F250,PICKUP,N,70546,1,PROOF OF LIABILITY INSURANCE,BACK END DAMAGE DISTRIBUTED IMPACT,DAMAGED 1 MINIMUM,6,FRONT END DAMAGE CONCENTRATED IMPACT,DAMAGED 1 MINIMUM,12,N,,,NA,NA,PARKED IN TRAFFIC LANE,WEST,N,0,0,0,1,0,0,0,1,DRIVER,FRONT LEFT,NOT INJURED,24,WHITE,FEMALE,NO,SHOULDER & LAP BELT,NOT DEPLOYED,NOT APPLICABLE,N,NONE,NA,NA,NONE,NOT APPLICABLE,NOT APPLICABLE,,DRIVER LICENSE,Louisiana,OTHER/OUT OF STATE,70665
15364029,8,MOTOR VEHICLE,N,Y,UN,,NA,99,NA,NA,PICKUP,N,,2,NA,BACK END DAMAGE CONCENTRATED IMPACT,DAMAGED 1 MINIMUM,6,NA,NA,NA,N,,,NA,NA,PARKED IN TRAFFIC LANE,WEST,N,0,0,0,0,1,0,0,1,DRIVER,FRONT LEFT,NOT INJURED,51,WHITE,MALE,NO,SHOULDER & LAP BELT,NOT DEPLOYED,NOT APPLICABLE,N,NONE,NA,NA,NONE,NOT APPLICABLE,NOT APPLICABLE,,DRIVER LICENSE,Texas,CLASS C AND M,77657
15364029,7,MOTOR VEHICLE,N,Y,UN,,NA,99,NA,NA,PICKUP,N,,2,NA,NA,NA,NA,NA,NA,NA,N,,,NA,NA,PARKED IN TRAFFIC LANE,WEST,N,0,0,0,0,1,0,0,1,DRIVER,FRONT LEFT,NOT INJURED,51,WHITE,MALE,NO,SHOULDER & LAP BELT,NOT DEPLOYED,NOT APPLICABLE,N,NONE,NA,NA,NONE,NOT APPLICABLE,NOT APPLICABLE,,DRIVER LICENSE,Texas,CLASS C AND M,77657
15364029,6,MOTOR VEHICLE,N,Y,MD,1GNDV23E75D123730,2005,GLD,CHEVROLET,VENTURE,VAN,N,78228,1,PROOF OF LIABILITY INSURANCE,LEFT FRONT QUARTER DAMAGE ANGULAR IMPACT,DAMAGED 3,11,NA,NA,NA,N,,,NONE,NA,NA,WEST,N,0,0,0,1,0,0,0,1,DRIVER,FRONT LEFT,NOT INJURED,51,WHITE,MALE,NO,SHOULDER & LAP BELT,NOT DEPLOYED,NOT APPLICABLE,N,NONE,NA,NA,NONE,NOT APPLICABLE,NOT APPLICABLE,,DRIVER LICENSE,Texas,CLASS C AND M,77657
15364029,5,MOTOR VEHICLE,N,Y,LA,1FT7W2BT0DEA96110,NA,BLK,FORD,F250,PICKUP,N,70665,1,PROOF OF LIABILITY INSURANCE,FRONT END DAMAGE DISTRIBUTED IMPACT,DAMAGED 2,12,BACK END (RIGHT) DAMAGE PARTIAL CONTACT,DAMAGED 2,6,N,GILBEAUX'S WRECKER SERVICE,"16527 SH 62 - ORANGE, TX 77630",NONE,NA,NA,WEST,Y,0,0,0,2,0,0,0,1,DRIVER,FRONT LEFT,NOT INJURED,51,WHITE,MALE,NO,SHOULDER & LAP BELT,NOT DEPLOYED,NOT APPLICABLE,N,NONE,NA,NA,NONE,NOT APPLICABLE,NOT APPLICABLE,,DRIVER LICENSE,Texas,CLASS C AND M,77657
15364029,4,MOTOR VEHICLE,N,Y,TX,JTDKB20U183304899,NA,GRY,TOYOTA,PRIUS,"PASSENGER CAR, 4-DOOR",N,75602,1,PROOF OF LIABILITY INSURANCE,BACK END DAMAGE DISTRIBUTED IMPACT,DAMAGED 4,6,FRONT END DAMAGE DISTRIBUTED IMPACT,DAMAGED 3,12,N,GILBEAUX'S WRECKER SERVICE,"16527 SH 62 - ORANGE, TX 77630",NONE,NA,NA,WEST,Y,0,0,0,1,0,0,0,1,DRIVER,FRONT LEFT,NOT INJURED,51,WHITE,MALE,NO,SHOULDER & LAP BELT,NOT DEPLOYED,NOT APPLICABLE,N,NONE,NA,NA,NONE,NOT APPLICABLE,NOT APPLICABLE,,DRIVER LICENSE,Texas,CLASS C AND M,77657
15364029,3,MOTOR VEHICLE,N,Y,TX,3GCPCREC2FG268856,NA,BLK,CHEVROLET,SILVERADO C1500,PICKUP,N,77657,1,PROOF OF LIABILITY INSURANCE,FRONT END DAMAGE DISTRIBUTED IMPACT,DAMAGED 2,12,BACK END DAMAGE CONCENTRATED IMPACT,DAMAGED 1 MINIMUM,6,N,,,NONE,NA,NA,WEST,N,0,0,0,2,0,0,0,1,DRIVER,FRONT LEFT,NOT INJURED,51,WHITE,MALE,NO,SHOULDER & LAP BELT,NOT DEPLOYED,NOT APPLICABLE,N,NONE,NA,NA,NONE,NOT APPLICABLE,NOT APPLICABLE,,DRIVER LICENSE,Texas,CLASS C AND M,77657
15364029,2,MOTOR VEHICLE,N,Y,LA,1FM5K7D80FGB56074,NA,WHI,FORD,EXPLORER,SPORT UTILITY VEHICLE,N,70665,1,PROOF OF LIABILITY INSURANCE,FRONT END DAMAGE CONCENTRATED IMPACT,DAMAGED 2,12,BACK END DAMAGE DISTRIBUTED IMPACT,DAMAGED 1 MINIMUM,6,N,,,NONE,NA,NA,WEST,N,0,0,0,1,0,0,0,1,DRIVER,FRONT LEFT,NOT INJURED,51,WHITE,MALE,NO,SHOULDER & LAP BELT,NOT DEPLOYED,NOT APPLICABLE,N,NONE,NA,NA,NONE,NOT APPLICABLE,NOT APPLICABLE,,DRIVER LICENSE,Texas,CLASS C AND M,77657
15364029,1,MOTOR VEHICLE,N,Y,LA,1FTNW20F6YEC08788,2000,BLU,FORD,F250,PICKUP,N,70546,1,PROOF OF LIABILITY INSURANCE,BACK END DAMAGE DISTRIBUTED IMPACT,DAMAGED 1 MINIMUM,6,FRONT END DAMAGE CONCENTRATED IMPACT,DAMAGED 1 MINIMUM,12,N,,,NA,NA,PARKED IN TRAFFIC LANE,WEST,N,0,0,0,1,0,0,0,1,DRIVER,FRONT LEFT,NOT INJURED,51,WHITE,MALE,NO,SHOULDER & LAP BELT,NOT DEPLOYED,NOT APPLICABLE,N,NONE,NA,NA,NONE,NOT APPLICABLE,NOT APPLICABLE,,DRIVER LICENSE,Texas,CLASS C AND M,77657
15364029,8,MOTOR VEHICLE,N,Y,UN,,NA,99,NA,NA,PICKUP,N,,2,NA,BACK END DAMAGE CONCENTRATED IMPACT,DAMAGED 1 MINIMUM,6,NA,NA,NA,N,,,NA,NA,PARKED IN TRAFFIC LANE,WEST,N,0,0,0,0,1,0,0,1,DRIVER,FRONT LEFT,NOT INJURED,28,WHITE,MALE,NO,SHOULDER & LAP BELT,NOT DEPLOYED,NOT APPLICABLE,N,NONE,NA,NA,NONE,NOT APPLICABLE,NOT APPLICABLE,,DRIVER LICENSE,Louisiana,OTHER/OUT OF STATE,70665
15364029,7,MOTOR VEHICLE,N,Y,UN,,NA,99,NA,NA,PICKUP,N,,2,NA,NA,NA,NA,NA,NA,NA,N,,,NA,NA,PARKED IN TRAFFIC LANE,WEST,N,0,0,0,0,1,0,0,1,DRIVER,FRONT LEFT,NOT INJURED,28,WHITE,MALE,NO,SHOULDER & LAP BELT,NOT DEPLOYED,NOT APPLICABLE,N,NONE,NA,NA,NONE,NOT APPLICABLE,NOT APPLICABLE,,DRIVER LICENSE,Louisiana,OTHER/OUT OF STATE,70665
15364029,6,MOTOR VEHICLE,N,Y,MD,1GNDV23E75D123730,2005,GLD,CHEVROLET,VENTURE,VAN,N,78228,1,PROOF OF LIABILITY INSURANCE,LEFT FRONT QUARTER DAMAGE ANGULAR IMPACT,DAMAGED 3,11,NA,NA,NA,N,,,NONE,NA,NA,WEST,N,0,0,0,1,0,0,0,1,DRIVER,FRONT LEFT,NOT INJURED,28,WHITE,MALE,NO,SHOULDER & LAP BELT,NOT DEPLOYED,NOT APPLICABLE,N,NONE,NA,NA,NONE,NOT APPLICABLE,NOT APPLICABLE,,DRIVER LICENSE,Louisiana,OTHER/OUT OF STATE,70665
15364029,5,MOTOR VEHICLE,N,Y,LA,1FT7W2BT0DEA96110,NA,BLK,FORD,F250,PICKUP,N,70665,1,PROOF OF LIABILITY INSURANCE,FRONT END DAMAGE DISTRIBUTED IMPACT,DAMAGED 2,12,BACK END (RIGHT) DAMAGE PARTIAL CONTACT,DAMAGED 2,6,N,GILBEAUX'S WRECKER SERVICE,"16527 SH 62 - ORANGE, TX 77630",NONE,NA,NA,WEST,Y,0,0,0,2,0,0,0,1,DRIVER,FRONT LEFT,NOT INJURED,28,WHITE,MALE,NO,SHOULDER & LAP BELT,NOT DEPLOYED,NOT APPLICABLE,N,NONE,NA,NA,NONE,NOT APPLICABLE,NOT APPLICABLE,,DRIVER LICENSE,Louisiana,OTHER/OUT OF STATE,70665
15364029,4,MOTOR VEHICLE,N,Y,TX,JTDKB20U183304899,NA,GRY,TOYOTA,PRIUS,"PASSENGER CAR, 4-DOOR",N,75602,1,PROOF OF LIABILITY INSURANCE,BACK END DAMAGE DISTRIBUTED IMPACT,DAMAGED 4,6,FRONT END DAMAGE DISTRIBUTED IMPACT,DAMAGED 3,12,N,GILBEAUX'S WRECKER SERVICE,"16527 SH 62 - ORANGE, TX 77630",NONE,NA,NA,WEST,Y,0,0,0,1,0,0,0,1,DRIVER,FRONT LEFT,NOT INJURED,28,WHITE,MALE,NO,SHOULDER & LAP BELT,NOT DEPLOYED,NOT APPLICABLE,N,NONE,NA,NA,NONE,NOT APPLICABLE,NOT APPLICABLE,,DRIVER LICENSE,Louisiana,OTHER/OUT OF STATE,70665
15364029,3,MOTOR VEHICLE,N,Y,TX,3GCPCREC2FG268856,NA,BLK,CHEVROLET,SILVERADO C1500,PICKUP,N,77657,1,PROOF OF LIABILITY INSURANCE,FRONT END DAMAGE DISTRIBUTED IMPACT,DAMAGED 2,12,BACK END DAMAGE CONCENTRATED IMPACT,DAMAGED 1 MINIMUM,6,N,,,NONE,NA,NA,WEST,N,0,0,0,2,0,0,0,1,DRIVER,FRONT LEFT,NOT INJURED,28,WHITE,MALE,NO,SHOULDER & LAP BELT,NOT DEPLOYED,NOT APPLICABLE,N,NONE,NA,NA,NONE,NOT APPLICABLE,NOT APPLICABLE,,DRIVER LICENSE,Louisiana,OTHER/OUT OF STATE,70665
15364029,2,MOTOR VEHICLE,N,Y,LA,1FM5K7D80FGB56074,NA,WHI,FORD,EXPLORER,SPORT UTILITY VEHICLE,N,70665,1,PROOF OF LIABILITY INSURANCE,FRONT END DAMAGE CONCENTRATED IMPACT,DAMAGED 2,12,BACK END DAMAGE DISTRIBUTED IMPACT,DAMAGED 1 MINIMUM,6,N,,,NONE,NA,NA,WEST,N,0,0,0,1,0,0,0,1,DRIVER,FRONT LEFT,NOT INJURED,28,WHITE,MALE,NO,SHOULDER & LAP BELT,NOT DEPLOYED,NOT APPLICABLE,N,NONE,NA,NA,NONE,NOT APPLICABLE,NOT APPLICABLE,,DRIVER LICENSE,Louisiana,OTHER/OUT OF STATE,70665
15364029,1,MOTOR VEHICLE,N,Y,LA,1FTNW20F6YEC08788,2000,BLU,FORD,F250,PICKUP,N,70546,1,PROOF OF LIABILITY INSURANCE,BACK END DAMAGE DISTRIBUTED IMPACT,DAMAGED 1 MINIMUM,6,FRONT END DAMAGE CONCENTRATED IMPACT,DAMAGED 1 MINIMUM,12,N,,,NA,NA,PARKED IN TRAFFIC LANE,WEST,N,0,0,0,1,0,0,0,1,DRIVER,FRONT LEFT,NOT INJURED,28,WHITE,MALE,NO,SHOULDER & LAP BELT,NOT DEPLOYED,NOT APPLICABLE,N,NONE,NA,NA,NONE,NOT APPLICABLE,NOT APPLICABLE,,DRIVER LICENSE,Louisiana,OTHER/OUT OF STATE,70665
15364029,8,MOTOR VEHICLE,N,Y,UN,,NA,99,NA,NA,PICKUP,N,,2,NA,BACK END DAMAGE CONCENTRATED IMPACT,DAMAGED 1 MINIMUM,6,NA,NA,NA,N,,,NA,NA,PARKED IN TRAFFIC LANE,WEST,N,0,0,0,0,1,0,0,1,DRIVER,FRONT LEFT,NOT INJURED,31,WHITE,MALE,NO,SHOULDER & LAP BELT,NOT DEPLOYED,NOT APPLICABLE,N,NONE,NA,NA,NONE,NOT APPLICABLE,NOT APPLICABLE,,DRIVER LICENSE,Maryland,OTHER/OUT OF STATE,78228
15364029,7,MOTOR VEHICLE,N,Y,UN,,NA,99,NA,NA,PICKUP,N,,2,NA,NA,NA,NA,NA,NA,NA,N,,,NA,NA,PARKED IN TRAFFIC LANE,WEST,N,0,0,0,0,1,0,0,1,DRIVER,FRONT LEFT,NOT INJURED,31,WHITE,MALE,NO,SHOULDER & LAP BELT,NOT DEPLOYED,NOT APPLICABLE,N,NONE,NA,NA,NONE,NOT APPLICABLE,NOT APPLICABLE,,DRIVER LICENSE,Maryland,OTHER/OUT OF STATE,78228
15364029,6,MOTOR VEHICLE,N,Y,MD,1GNDV23E75D123730,2005,GLD,CHEVROLET,VENTURE,VAN,N,78228,1,PROOF OF LIABILITY INSURANCE,LEFT FRONT QUARTER DAMAGE ANGULAR IMPACT,DAMAGED 3,11,NA,NA,NA,N,,,NONE,NA,NA,WEST,N,0,0,0,1,0,0,0,1,DRIVER,FRONT LEFT,NOT INJURED,31,WHITE,MALE,NO,SHOULDER & LAP BELT,NOT DEPLOYED,NOT APPLICABLE,N,NONE,NA,NA,NONE,NOT APPLICABLE,NOT APPLICABLE,,DRIVER LICENSE,Maryland,OTHER/OUT OF STATE,78228
15364029,5,MOTOR VEHICLE,N,Y,LA,1FT7W2BT0DEA96110,NA,BLK,FORD,F250,PICKUP,N,70665,1,PROOF OF LIABILITY INSURANCE,FRONT END DAMAGE DISTRIBUTED IMPACT,DAMAGED 2,12,BACK END (RIGHT) DAMAGE PARTIAL CONTACT,DAMAGED 2,6,N,GILBEAUX'S WRECKER SERVICE,"16527 SH 62 - ORANGE, TX 77630",NONE,NA,NA,WEST,Y,0,0,0,2,0,0,0,1,DRIVER,FRONT LEFT,NOT INJURED,31,WHITE,MALE,NO,SHOULDER & LAP BELT,NOT DEPLOYED,NOT APPLICABLE,N,NONE,NA,NA,NONE,NOT APPLICABLE,NOT APPLICABLE,,DRIVER LICENSE,Maryland,OTHER/OUT OF STATE,78228
15364029,4,MOTOR VEHICLE,N,Y,TX,JTDKB20U183304899,NA,GRY,TOYOTA,PRIUS,"PASSENGER CAR, 4-DOOR",N,75602,1,PROOF OF LIABILITY INSURANCE,BACK END DAMAGE DISTRIBUTED IMPACT,DAMAGED 4,6,FRONT END DAMAGE DISTRIBUTED IMPACT,DAMAGED 3,12,N,GILBEAUX'S WRECKER SERVICE,"16527 SH 62 - ORANGE, TX 77630",NONE,NA,NA,WEST,Y,0,0,0,1,0,0,0,1,DRIVER,FRONT LEFT,NOT INJURED,31,WHITE,MALE,NO,SHOULDER & LAP BELT,NOT DEPLOYED,NOT APPLICABLE,N,NONE,NA,NA,NONE,NOT APPLICABLE,NOT APPLICABLE,,DRIVER LICENSE,Maryland,OTHER/OUT OF STATE,78228
15364029,3,MOTOR VEHICLE,N,Y,TX,3GCPCREC2FG268856,NA,BLK,CHEVROLET,SILVERADO C1500,PICKUP,N,77657,1,PROOF OF LIABILITY INSURANCE,FRONT END DAMAGE DISTRIBUTED IMPACT,DAMAGED 2,12,BACK END DAMAGE CONCENTRATED IMPACT,DAMAGED 1 MINIMUM,6,N,,,NONE,NA,NA,WEST,N,0,0,0,2,0,0,0,1,DRIVER,FRONT LEFT,NOT INJURED,31,WHITE,MALE,NO,SHOULDER & LAP BELT,NOT DEPLOYED,NOT APPLICABLE,N,NONE,NA,NA,NONE,NOT APPLICABLE,NOT APPLICABLE,,DRIVER LICENSE,Maryland,OTHER/OUT OF STATE,78228
15364029,2,MOTOR VEHICLE,N,Y,LA,1FM5K7D80FGB56074,NA,WHI,FORD,EXPLORER,SPORT UTILITY VEHICLE,N,70665,1,PROOF OF LIABILITY INSURANCE,FRONT END DAMAGE CONCENTRATED IMPACT,DAMAGED 2,12,BACK END DAMAGE DISTRIBUTED IMPACT,DAMAGED 1 MINIMUM,6,N,,,NONE,NA,NA,WEST,N,0,0,0,1,0,0,0,1,DRIVER,FRONT LEFT,NOT INJURED,31,WHITE,MALE,NO,SHOULDER & LAP BELT,NOT DEPLOYED,NOT APPLICABLE,N,NONE,NA,NA,NONE,NOT APPLICABLE,NOT APPLICABLE,,DRIVER LICENSE,Maryland,OTHER/OUT OF STATE,78228
15364029,1,MOTOR VEHICLE,N,Y,LA,1FTNW20F6YEC08788,2000,BLU,FORD,F250,PICKUP,N,70546,1,PROOF OF LIABILITY INSURANCE,BACK END DAMAGE DISTRIBUTED IMPACT,DAMAGED 1 MINIMUM,6,FRONT END DAMAGE CONCENTRATED IMPACT,DAMAGED 1 MINIMUM,12,N,,,NA,NA,PARKED IN TRAFFIC LANE,WEST,N,0,0,0,1,0,0,0,1,DRIVER,FRONT LEFT,NOT INJURED,31,WHITE,MALE,NO,SHOULDER & LAP BELT,NOT DEPLOYED,NOT APPLICABLE,N,NONE,NA,NA,NONE,NOT APPLICABLE,NOT APPLICABLE,,DRIVER LICENSE,Maryland,OTHER/OUT OF STATE,78228
15472254,2,MOTOR VEHICLE,N,Y,TX,1C6RR6PT1DS519043,NA,BLU,DODGE,RAM 1500,UNKNOWN,N,78242,1,LIABILITY INSURANCE POLICY,RIGHT SIDE DAMAGE ANGULAR IMPACT,DAMAGED 1 MINIMUM,2,NA,NA,NA,N,MISSION TOWING,GROWDON POUND,DRIVER INATTENTION,NA,HAD BEEN DRINKING,SOUTH,Y,0,0,0,1,0,0,0,1,DRIVER,FRONT LEFT,NOT INJURED,39,BLACK,FEMALE,NO,SHOULDER & LAP BELT,NOT DEPLOYED,NOT APPLICABLE,N,NONE,NA,NA,NONE,NOT APPLICABLE,NOT APPLICABLE,,DRIVER LICENSE,Texas,CLASS C,78254
15472254,1,MOTOR VEHICLE,N,Y,TX,3GCPCSE0XCG126781,NA,BLK,CHEVROLET,SILVERADO,PICKUP,N,78254,1,PROOF OF LIABILITY INSURANCE,LEFT SIDE DAMAGE ANGULAR IMPACT,DAMAGED 1 MINIMUM,9,NA,NA,NA,,NO TOW,NO TOW,NONE,NA,NA,SOUTH,Y,0,0,0,3,0,0,0,1,DRIVER,FRONT LEFT,NOT INJURED,39,BLACK,FEMALE,NO,SHOULDER & LAP BELT,NOT DEPLOYED,NOT APPLICABLE,N,NONE,NA,NA,NONE,NOT APPLICABLE,NOT APPLICABLE,,DRIVER LICENSE,Texas,CLASS C,78254
15472254,2,MOTOR VEHICLE,N,Y,TX,1C6RR6PT1DS519043,NA,BLU,DODGE,RAM 1500,UNKNOWN,N,78242,1,LIABILITY INSURANCE POLICY,RIGHT SIDE DAMAGE ANGULAR IMPACT,DAMAGED 1 MINIMUM,2,NA,NA,NA,N,MISSION TOWING,GROWDON POUND,DRIVER INATTENTION,NA,HAD BEEN DRINKING,SOUTH,Y,0,0,0,1,0,0,0,1,DRIVER,FRONT LEFT,NOT INJURED,29,HISPANIC,MALE,NO,SHOULDER & LAP BELT,NOT DEPLOYED,NOT APPLICABLE,N,BREATH,Positive,0.169,NONE,NOT APPLICABLE,NOT APPLICABLE,,DRIVER LICENSE,Texas,CLASS C,78242
15472254,1,MOTOR VEHICLE,N,Y,TX,3GCPCSE0XCG126781,NA,BLK,CHEVROLET,SILVERADO,PICKUP,N,78254,1,PROOF OF LIABILITY INSURANCE,LEFT SIDE DAMAGE ANGULAR IMPACT,DAMAGED 1 MINIMUM,9,NA,NA,NA,,NO TOW,NO TOW,NONE,NA,NA,SOUTH,Y,0,0,0,3,0,0,0,1,DRIVER,FRONT LEFT,NOT INJURED,29,HISPANIC,MALE,NO,SHOULDER & LAP BELT,NOT DEPLOYED,NOT APPLICABLE,N,BREATH,Positive,0.169,NONE,NOT APPLICABLE,NOT APPLICABLE,,DRIVER LICENSE,Texas,CLASS C,78242
15469169,1,MOTOR VEHICLE,N,Y,UN,1G4HR54KX1U294269,2001,BLK,BUICK,UNKNOWN,"PASSENGER CAR, 4-DOOR",N,77504,1,LIABILITY INSURANCE POLICY,FRONT END DAMAGE DISTRIBUTED IMPACT,DAMAGED 1 MINIMUM,12,BACK END DAMAGE DISTRIBUTED IMPACT,DAMAGED 2,6,N,8000 GALVESTON,CHALLENGER TOWING,FAILED TO CONTROL SPEED,NA,NA,NORTH,Y,0,0,0,0,1,0,0,1,DRIVER,FRONT LEFT,UNKNOWN,21,HISPANIC,FEMALE,NO,SHOULDER & LAP BELT,NOT DEPLOYED,NOT APPLICABLE,N,NONE,NA,NA,NONE,NOT APPLICABLE,NOT APPLICABLE,,DRIVER LICENSE,Texas,CLASS C,77587
15379774,1,MOTOR VEHICLE,N,Y,TX,2CNDL13F276043587,2007,SIL,CHEVROLET,EQUINOX,SPORT UTILITY VEHICLE,N,78221,1,LIABILITY INSURANCE POLICY,FRONT END (RIGHT)  DAMAGE PARTIAL CONTACT,DAMAGED 1 MINIMUM,1,NA,NA,NA,N,TEXAS TOWING,CITY IMPOUND/GROWDON,HAD BEEN DRINKING,NA,NA,SOUTHEAST,Y,0,0,0,1,0,0,0,1,DRIVER,FRONT LEFT,NOT INJURED,35,HISPANIC,MALE,NO,SHOULDER & LAP BELT,NOT DEPLOYED,NOT APPLICABLE,N,NONE,NA,NA,NONE,NOT APPLICABLE,NOT APPLICABLE,,DRIVER LICENSE,Texas,CLASS C,78224
15506716,3,MOTOR VEHICLE,N,Y,UN,,NA,RED,NA,NA,TRUCK,N,,NA,NA,BACK END DAMAGE DISTRIBUTED IMPACT,NA,6,NA,NA,NA,N,,,NONE,NA,NA,SOUTHWEST,N,0,0,0,0,1,0,0,1,DRIVER,FRONT LEFT,NOT INJURED,23,HISPANIC,FEMALE,NO,SHOULDER & LAP BELT,NOT DEPLOYED,NOT APPLICABLE,N,NONE,NA,NA,NONE,NOT APPLICABLE,NOT APPLICABLE,,DRIVER LICENSE,Texas,CLASS C,78223
15506716,2,MOTOR VEHICLE,N,Y,TX,1J4GK38K75W502924,2005,BLU,JEEP,LIBERTY,"PASSENGER CAR, 4-DOOR",N,78221,1,LIABILITY INSURANCE POLICY,RIGHT BACK QUARTER DAMAGE ANGULAR IMPACT,DAMAGED 3,6,FRONT END DAMAGE DISTRIBUTED IMPACT,DAMAGED 3,12,N,,,NONE,NA,NA,SOUTHWEST,Y,0,0,0,1,0,0,0,1,DRIVER,FRONT LEFT,NOT INJURED,23,HISPANIC,FEMALE,NO,SHOULDER & LAP BELT,NOT DEPLOYED,NOT APPLICABLE,N,NONE,NA,NA,NONE,NOT APPLICABLE,NOT APPLICABLE,,DRIVER LICENSE,Texas,CLASS C,78223
15506716,1,MOTOR VEHICLE,N,Y,TX,3FAHP08Z47R192394,2007,BLK,FORD,FLEX,"PASSENGER CAR, 4-DOOR",N,78223,1,LIABILITY INSURANCE POLICY,FRONT END DAMAGE DISTRIBUTED IMPACT,DAMAGED 3,12,NA,NA,NA,N,,,FOLLOWED TOO CLOSELY,FAILED TO CONTROL SPEED,NA,SOUTHWEST,Y,0,0,0,1,0,0,0,1,DRIVER,FRONT LEFT,NOT INJURED,23,HISPANIC,FEMALE,NO,SHOULDER & LAP BELT,NOT DEPLOYED,NOT APPLICABLE,N,NONE,NA,NA,NONE,NOT APPLICABLE,NOT APPLICABLE,,DRIVER LICENSE,Texas,CLASS C,78223
15530972,1,MOTOR VEHICLE,N,Y,TX,1D7HA18N12J196636,2002,BLK,DODGE,RAM 1500,PICKUP,N,76018,1,PROOF OF LIABILITY INSURANCE,RIGHT SIDE DAMAGE ANGULAR IMPACT,DAMAGED 3,NA,FRONT END DAMAGE DISTRIBUTED IMPACT,DAMAGED 2,NA,N,KELLY MCKNIGHT WRECKER 817-265-1336,"1108  HARRISON AVE, ARLINGTON, TX, 76011",UNDER INFLUENCE - ALCOHOL,NA,NA,SOUTH,Y,0,0,0,1,0,0,0,1,DRIVER,FRONT LEFT,NOT INJURED,37,BLACK,MALE,NO,SHOULDER & LAP BELT,NOT DEPLOYED,NOT APPLICABLE,N,BLOOD,NA,NA,NONE,NOT APPLICABLE,NOT APPLICABLE,,DRIVER LICENSE,Texas,CLASS C,76018