CRASH_ID,UNIT_NBR,UNIT_DESC_ID,VEH_PARKED_FL,VEH_HNR_FL,VEH_LIC_STATE_ID,VIN,VEH_MOD_YEAR,VEH_COLOR_ID,VEH_MAKE_ID,VEH_MOD_ID,VEH_BODY_STYL_ID,EMER_RESPNDR_FL,OWNR_ZIP,FIN_RESP_PROOF_ID,FIN_RESP_TYPE_ID,VEH_DMAG_AREA_1_ID,VEH_DMAG_SCL_1_ID,FORCE_DIR_1_ID,VEH_DMAG_AREA_2_ID,VEH_DMAG_SCL_2_ID,FORCE_DIR_2_ID,VEH_INVENTORIED_FL,VEH_TRANSP_NAME,VEH_TRANSP_DEST,CONTRIB_FACTR_1_ID,CONTRIB_FACTR_2_ID,CONTRIB_FACTR_P1_ID,VEH_TRVL_DIR_ID,FIRST_HARM_EVT_INV_ID,INCAP_INJRY_CNT,NONINCAP_INJRY_CNT,POSS_INJRY_CNT,NON_INJRY_CNT,UNKN_INJRY_CNT,TOT_INJRY_CNT,DEATH_CNT,PRSN_NBR,PRSN_TYPE_ID,PRSN_OCCPNT_POS_ID,PRSN_INJRY_SEV_ID,PRSN_AGE,PRSN_ETHNICITY_ID,PRSN_GNDR_ID,PRSN_EJCT_ID,PRSN_REST_ID,PRSN_AIRBAG_ID,PRSN_HELMET_ID,PRSN_SOL_FL,PRSN_ALC_SPEC_TYPE_ID,PRSN_ALC_RSLT_ID,PRSN_BAC_TEST_RSLT,PRSN_DRG_SPEC_TYPE_ID,PRSN_DRG_RSLT_ID,DRVR_DRG_CAT_1_ID,PRSN_DEATH_TIME,DRVR_LIC_TYPE_ID,DRVR_LIC_STATE_ID,DRVR_LIC_CLS_ID,DRVR_ZIP
15375270,1,MOTOR VEHICLE,N,Y,TX,1G2NE52M4VC863866,1997,WHI,PONTIAC,GRAND AM,"PASSENGER CAR, 4-DOOR",N,77320,1,PROOF OF LIABILITY INSURANCE,LEFT FRONT QUARTER DAMAGE ANGULAR IMPACT,DAMAGED 1 MINIMUM,11,NA,NA,NA,N,NOT TOWED,,FAILED TO YIELD ROW - STOP SIGN,TURNED IMPROPERLY - CUT CORNER ON LEFT,HAD BEEN DRINKING,NORTH,Y,0,0,0,1,0,0,0,1,DRIVER,FRONT LEFT,NOT INJURED,22,HISPANIC,FEMALE,NO,SHOULDER & LAP BELT,NOT DEPLOYED,NOT APPLICABLE,N,NONE,NA,NA,NONE,NOT APPLICABLE,NOT APPLICABLE,,DRIVER LICENSE,Texas,CLASS C,77320
15549830,1,MOTOR VEHICLE,N,Y,TX,,2006,WHI,DODGE,RAM PICKUP OR VAN,TRUCK,N,77073,1,PROOF OF LIABILITY INSURANCE,FRONT END (RIGHT)  DAMAGE PARTIAL CONTACT,DAMAGED 3,12,NA,NA,NA,,,,DISREGARD STOP SIGN OR LIGHT,NA,NA,WEST,Y,0,0,0,1,0,0,0,1,DRIVER,FRONT LEFT,NOT INJURED,43,WHITE,MALE,NO,UNKNOWN,UNKNOWN,NOT APPLICABLE,N,NONE,NA,NA,NONE,NOT APPLICABLE,NOT APPLICABLE,,DRIVER LICENSE,Texas,CLASS C,77073
15549830,1,MOTOR VEHICLE,N,Y,TX,,2006,WHI,DODGE,RAM PICKUP OR VAN,TRUCK,N,77073,1,PROOF OF LIABILITY INSURANCE,FRONT END (RIGHT)  DAMAGE PARTIAL CONTACT,DAMAGED 3,12,NA,NA,NA,,,,DISREGARD STOP SIGN OR LIGHT,NA,NA,WEST,Y,0,0,0,1,0,0,0,1,DRIVER,FRONT LEFT,UNKNOWN,41,WHITE,MALE,NO,SHOULDER & LAP BELT,NOT DEPLOYED,NOT APPLICABLE,N,NONE,NA,NA,NONE,NOT APPLICABLE,NOT APPLICABLE,,DRIVER LICENSE,Texas,CLASS C,79761
15370738,4,MOTOR VEHICLE,N,Y,TX,1FA6P8CF1G5283953,NA,WHI,FORD,MUSTANG,"PASSENGER CAR, 2-DOOR",N,79907,1,PROOF OF LIABILITY INSURANCE,BACK END DAMAGE DISTRIBUTED IMPACT,DAMAGED 3,6,NA,NA,NA,N,DRIVER,TRAFFIC,NONE,NA,NA,EAST,N,0,0,1,0,0,1,0,1,DRIVER,FRONT LEFT,POSSIBLE INJURY,20,WHITE,MALE,NO,SHOULDER & LAP BELT,NOT DEPLOYED,NOT APPLICABLE,N,NONE,NA,NA,NONE,NOT APPLICABLE,NOT APPLICABLE,,DRIVER LICENSE,Texas,CLASS C,79912
15370738,3,MOTOR VEHICLE,N,Y,TX,1ZVFT80N275338067,2007,GRY,FORD,MUSTANG,"PASSENGER CAR, 2-DOOR",N,79912,1,PROOF OF LIABILITY INSURANCE,FRONT END DAMAGE DISTRIBUTED IMPACT,DAMAGED 3,12,BACK END DAMAGE DISTRIBUTED IMPACT,DAMAGED 3,6,N,DRIVER,TRAFFIC,NONE,NA,NA,EAST,N,0,0,1,0,0,1,0,1,DRIVER,FRONT LEFT,POSSIBLE INJURY,20,WHITE,MALE,NO,SHOULDER & LAP BELT,NOT DEPLOYED,NOT APPLICABLE,N,NONE,NA,NA,NONE,NOT APPLICABLE,NOT APPLICABLE,,DRIVER LICENSE,Texas,CLASS C,79912
15370738,2,MOTOR VEHICLE,N,Y,TX,1FAFP53U07A146166,2007,SIL,FORD,TAURUS,"PASSENGER CAR, 4-DOOR",N,79938,1,PROOF OF LIABILITY INSURANCE,FRONT END DAMAGE DISTRIBUTED IMPACT,DAMAGED 2,12,BACK END DAMAGE DISTRIBUTED IMPACT,DAMAGED 2,6,N,DRIVER,TRAFFIC,NONE,NA,NA,EAST,Y,0,0,0,1,0,0,0,1,DRIVER,FRONT LEFT,POSSIBLE INJURY,20,WHITE,MALE,NO,SHOULDER & LAP BELT,NOT DEPLOYED,NOT APPLICABLE,N,NONE,NA,NA,NONE,NOT APPLICABLE,NOT APPLICABLE,,DRIVER LICENSE,Texas,CLASS C,79912
15370738,1,MOTOR VEHICLE,N,Y,UN,,NA,99,NA,NA,UNKNOWN,N,,NA,NA,NA,NA,NA,NA,NA,NA,,,,NONE,NA,NA,EAST,Y,0,0,0,0,1,0,0,1,DRIVER,FRONT LEFT,POSSIBLE INJURY,20,WHITE,MALE,NO,SHOULDER & LAP BELT,NOT DEPLOYED,NOT APPLICABLE,N,NONE,NA,NA,NONE,NOT APPLICABLE,NOT APPLICABLE,,DRIVER LICENSE,Texas,CLASS C,79912
15370738,4,MOTOR VEHICLE,N,Y,TX,1FA6P8CF1G5283953,NA,WHI,FORD,MUSTANG,"PASSENGER CAR, 2-DOOR",N,79907,1,PROOF OF LIABILITY INSURANCE,BACK END DAMAGE DISTRIBUTED IMPACT,DAMAGED 3,6,NA,NA,NA,N,DRIVER,TRAFFIC,NONE,NA,NA,EAST,N,0,0,1,0,0,1,0,1,DRIVER,FRONT LEFT,POSSIBLE INJURY,23,WHITE,MALE,NO,SHOULDER & LAP BELT,NOT DEPLOYED,NOT APPLICABLE,N,NONE,NA,NA,NONE,NOT APPLICABLE,NOT APPLICABLE,,DRIVER LICENSE,Texas,CLASS C,79907
15370738,3,MOTOR VEHICLE,N,Y,TX,1ZVFT80N275338067,2007,GRY,FORD,MUSTANG,"PASSENGER CAR, 2-DOOR",N,79912,1,PROOF OF LIABILITY INSURANCE,FRONT END DAMAGE DISTRIBUTED IMPACT,DAMAGED 3,12,BACK END DAMAGE DISTRIBUTED IMPACT,DAMAGED 3,6,N,DRIVER,TRAFFIC,NONE,NA,NA,EAST,N,0,0,1,0,0,1,0,1,DRIVER,FRONT LEFT,POSSIBLE INJURY,23,WHITE,MALE,NO,SHOULDER & LAP BELT,NOT DEPLOYED,NOT APPLICABLE,N,NONE,NA,NA,NONE,NOT APPLICABLE,NOT APPLICABLE,,DRIVER LICENSE,Texas,CLASS C,79907
15370738,2,MOTOR VEHICLE,N,Y,TX,1FAFP53U07A146166,2007,SIL,FORD,TAURUS,"PASSENGER CAR, 4-DOOR",N,79938,1,PROOF OF LIABILITY INSURANCE,FRONT END DAMAGE DISTRIBUTED IMPACT,DAMAGED 2,12,BACK END DAMAGE DISTRIBUTED IMPACT,DAMAGED 2,6,N,DRIVER,TRAFFIC,NONE,NA,NA,EAST,Y,0,0,0,1,0,0,0,1,DRIVER,FRONT LEFT,POSSIBLE INJURY,23,WHITE,MALE,NO,SHOULDER & LAP BELT,NOT DEPLOYED,NOT APPLICABLE,N,NONE,NA,NA,NONE,NOT APPLICABLE,NOT APPLICABLE,,DRIVER LICENSE,Texas,CLASS C,79907
15370738,1,MOTOR VEHICLE,N,Y,UN,,NA,99,NA,NA,UNKNOWN,N,,NA,NA,NA,NA,NA,NA,NA,NA,,,,NONE,NA,NA,EAST,Y,0,0,0,0,1,0,0,1,DRIVER,FRONT LEFT,POSSIBLE INJURY,23,WHITE,MALE,NO,SHOULDER & LAP BELT,NOT DEPLOYED,NOT APPLICABLE,N,NONE,NA,NA,NONE,NOT APPLICABLE,NOT APPLICABLE,,DRIVER LICENSE,Texas,CLASS C,79907
15385295,4,MOTOR VEHICLE,N,Y,UN,,NA,99,NA,NA,UNKNOWN,N,,2,NA,NA,NA,NA,NA,NA,NA,N,DRIVER,TRAFFIC,FAILED TO CONTROL SPEED,NA,NA,SOUTHEAST,N,0,0,0,0,1,0,0,1,DRIVER,FRONT LEFT,NON-INCAPACITATING INJURY,19,HISPANIC,FEMALE,NO,SHOULDER & LAP BELT,NOT DEPLOYED,NOT APPLICABLE,N,NONE,NA,NA,NONE,NOT APPLICABLE,NOT APPLICABLE,,DRIVER LICENSE,Texas,CLASS C,79936
15385295,3,MOTOR VEHICLE,N,Y,TX,JA4LX41F84U054867,2004,SIL,MITSUBISHI,OUTLANDER,SPORT UTILITY VEHICLE,N,79924,1,PROOF OF LIABILITY INSURANCE,FRONT END DAMAGE DISTRIBUTED IMPACT,DAMAGED 3,12,BACK END DAMAGE CONCENTRATED IMPACT,DAMAGED 1 MINIMUM,6,N,DEPENDABLE TOWING,OWNER'S REQUEST,FAILED TO CONTROL SPEED,NA,NA,SOUTHEAST,N,0,1,0,0,0,1,0,1,DRIVER,FRONT LEFT,NON-INCAPACITATING INJURY,19,HISPANIC,FEMALE,NO,SHOULDER & LAP BELT,NOT DEPLOYED,NOT APPLICABLE,N,NONE,NA,NA,NONE,NOT APPLICABLE,NOT APPLICABLE,,DRIVER LICENSE,Texas,CLASS C,79936
15385295,2,MOTOR VEHICLE,N,Y,TX,2B3KA43R68H114228,NA,GRY,DODGE,CHARGER,"PASSENGER CAR, 4-DOOR",N,79936,1,PROOF OF LIABILITY INSURANCE,BACK END DAMAGE CONCENTRATED IMPACT,DAMAGED 3,6,NA,NA,NA,N,DRIVER,TRAFFIC,NONE,NA,NA,SOUTHEAST,Y,0,0,0,1,0,0,0,1,DRIVER,FRONT LEFT,NON-INCAPACITATING INJURY,19,HISPANIC,FEMALE,NO,SHOULDER & LAP BELT,NOT DEPLOYED,NOT APPLICABLE,N,NONE,NA,NA,NONE,NOT APPLICABLE,NOT APPLICABLE,,DRIVER LICENSE,Texas,CLASS C,79936
15385295,1,MOTOR VEHICLE,N,Y,TX,3VWDX7AJ4DM433138,NA,WHI,VOLKSWAGEN,JETTA,"PASSENGER CAR, 4-DOOR",N,79928,1,PROOF OF LIABILITY INSURANCE,FRONT END DAMAGE DISTRIBUTED IMPACT,DAMAGED 2,12,BACK END DAMAGE DISTRIBUTED IMPACT,DAMAGED 4,6,N,DEPENDABLE TOWING,OWNER'S REQUEST,FAILED TO CONTROL SPEED,NA,NA,SOUTHEAST,Y,0,1,0,0,0,1,0,1,DRIVER,FRONT LEFT,NON-INCAPACITATING INJURY,19,HISPANIC,FEMALE,NO,SHOULDER & LAP BELT,NOT DEPLOYED,NOT APPLICABLE,N,NONE,NA,NA,NONE,NOT APPLICABLE,NOT APPLICABLE,,DRIVER LICENSE,Texas,CLASS C,79936
15385295,4,MOTOR VEHICLE,N,Y,UN,,NA,99,NA,NA,UNKNOWN,N,,2,NA,NA,NA,NA,NA,NA,NA,N,DRIVER,TRAFFIC,FAILED TO CONTROL SPEED,NA,NA,SOUTHEAST,N,0,0,0,0,1,0,0,1,DRIVER,FRONT LEFT,NOT INJURED,20,HISPANIC,FEMALE,NO,SHOULDER & LAP BELT,NOT DEPLOYED,NOT APPLICABLE,N,NONE,NA,NA,NONE,NOT APPLICABLE,NOT APPLICABLE,,DRIVER LICENSE,Texas,CLASS C,79936
15385295,3,MOTOR VEHICLE,N,Y,TX,JA4LX41F84U054867,2004,SIL,MITSUBISHI,OUTLANDER,SPORT UTILITY VEHICLE,N,79924,1,PROOF OF LIABILITY INSURANCE,FRONT END DAMAGE DISTRIBUTED IMPACT,DAMAGED 3,12,BACK END DAMAGE CONCENTRATED IMPACT,DAMAGED 1 MINIMUM,6,N,DEPENDABLE TOWING,OWNER'S REQUEST,FAILED TO CONTROL SPEED,NA,NA,SOUTHEAST,N,0,1,0,0,0,1,0,1,DRIVER,FRONT LEFT,NOT INJURED,20,HISPANIC,FEMALE,NO,SHOULDER & LAP BELT,NOT DEPLOYED,NOT APPLICABLE,N,NONE,NA,NA,NONE,NOT APPLICABLE,NOT APPLICABLE,,DRIVER LICENSE,Texas,CLASS C,79936
15385295,2,MOTOR VEHICLE,N,Y,TX,2B3KA43R68H114228,NA,GRY,DODGE,CHARGER,"PASSENGER CAR, 4-DOOR",N,79936,1,PROOF OF LIABILITY INSURANCE,BACK END DAMAGE CONCENTRATED IMPACT,DAMAGED 3,6,NA,NA,NA,N,DRIVER,TRAFFIC,NONE,NA,NA,SOUTHEAST,Y,0,0,0,1,0,0,0,1,DRIVER,FRONT LEFT,NOT INJURED,20,HISPANIC,FEMALE,NO,SHOULDER & LAP BELT,NOT DEPLOYED,NOT APPLICABLE,N,NONE,NA,NA,NONE,NOT APPLICABLE,NOT APPLICABLE,,DRIVER LICENSE,Texas,CLASS C,79936
15385295,1,MOTOR VEHICLE,N,Y,TX,3VWDX7AJ4DM433138,NA,WHI,VOLKSWAGEN,JETTA,"PASSENGER CAR, 4-DOOR",N,79928,1,PROOF OF LIABILITY INSURANCE,FRONT END DAMAGE DISTRIBUTED IMPACT,DAMAGED 2,12,BACK END DAMAGE DISTRIBUTED IMPACT,DAMAGED 4,6,N,DEPENDABLE TOWING,OWNER'S REQUEST,FAILED TO CONTROL SPEED,NA,NA,SOUTHEAST,Y,0,1,0,0,0,1,0,1,DRIVER,FRONT LEFT,NOT INJURED,20,HISPANIC,FEMALE,NO,SHOULDER & LAP BELT,NOT DEPLOYED,NOT APPLICABLE,N,NONE,NA,NA,NONE,NOT APPLICABLE,NOT APPLICABLE,,DRIVER LICENSE,Texas,CLASS C,79936
15385295,4,MOTOR VEHICLE,N,Y,UN,,NA,99,NA,NA,UNKNOWN,N,,2,NA,NA,NA,NA,NA,NA,NA,N,DRIVER,TRAFFIC,FAILED TO CONTROL SPEED,NA,NA,SOUTHEAST,N,0,0,0,0,1,0,0,1,DRIVER,FRONT LEFT,NON-INCAPACITATING INJURY,20,HISPANIC,FEMALE,NO,SHOULDER & LAP BELT,"DEPLOYED, FRONT",NOT APPLICABLE,N,NONE,NA,NA,NONE,NOT APPLICABLE,NOT APPLICABLE,,DRIVER LICENSE,Texas,CLASS C,79924
15385295,3,MOTOR VEHICLE,N,Y,TX,JA4LX41F84U054867,2004,SIL,MITSUBISHI,OUTLANDER,SPORT UTILITY VEHICLE,N,79924,1,PROOF OF LIABILITY INSURANCE,FRONT END DAMAGE DISTRIBUTED IMPACT,DAMAGED 3,12,BACK END DAMAGE CONCENTRATED IMPACT,DAMAGED 1 MINIMUM,6,N,DEPENDABLE TOWING,OWNER'S REQUEST,FAILED TO CONTROL SPEED,NA,NA,SOUTHEAST,N,0,1,0,0,0,1,0,1,DRIVER,FRONT LEFT,NON-INCAPACITATING INJURY,20,HISPANIC,FEMALE,NO,SHOULDER & LAP BELT,"DEPLOYED, FRONT",NOT APPLICABLE,N,NONE,NA,NA,NONE,NOT APPLICABLE,NOT APPLICABLE,,DRIVER LICENSE,Texas,CLASS C,79924
15385295,2,MOTOR VEHICLE,N,Y,TX,2B3KA43R68H114228,NA,GRY,DODGE,CHARGER,"PASSENGER CAR, 4-DOOR",N,79936,1,PROOF OF LIABILITY INSURANCE,BACK END DAMAGE CONCENTRATED IMPACT,DAMAGED 3,6,NA,NA,NA,N,DRIVER,TRAFFIC,NONE,NA,NA,SOUTHEAST,Y,0,0,0,1,0,0,0,1,DRIVER,FRONT LEFT,NON-INCAPACITATING INJURY,20,HISPANIC,FEMALE,NO,SHOULDER & LAP BELT,"DEPLOYED, FRONT",NOT APPLICABLE,N,NONE,NA,NA,NONE,NOT APPLICABLE,NOT APPLICABLE,,DRIVER LICENSE,Texas,CLASS C,79924
15385295,1,MOTOR VEHICLE,N,Y,TX,3VWDX7AJ4DM433138,NA,WHI,VOLKSWAGEN,JETTA,"PASSENGER CAR, 4-DOOR",N,79928,1,PROOF OF LIABILITY INSURANCE,FRONT END DAMAGE DISTRIBUTED IMPACT,DAMAGED 2,12,BACK END DAMAGE DISTRIBUTED IMPACT,DAMAGED 4,6,N,DEPENDABLE TOWING,OWNER'S REQUEST,FAILED TO CONTROL SPEED,NA,NA,SOUTHEAST,Y,0,1,0,0,0,1,0,1,DRIVER,FRONT LEFT,NON-INCAPACITATING INJURY,20,HISPANIC,FEMALE,NO,SHOULDER & LAP BELT,"DEPLOYED, FRONT",NOT APPLICABLE,N,NONE,NA,NA,NONE,NOT APPLICABLE,NOT APPLICABLE,,DRIVER LICENSE,Texas,CLASS C,79924
15410201,1,MOTOR VEHICLE,N,Y,TX,1YVGE22D8V5633703,1997,GRN,MAZDA,626,"PASSENGER CAR, 4-DOOR",N,78108,1,PROOF OF LIABILITY INSURANCE,DISTRIBUTED LEFT SIDE DAMAGE PARALLEL IMPACT,DAMAGED 2,12,NA,NA,NA,N,JOHNNY'S WRECKER SERVICE,"315 PAT BOOKER UC,TX 78148",ROAD RAGE,OTHER (EXPLAIN IN NARRATIVE),NA,SOUTHWEST,Y,0,0,0,1,0,0,0,1,DRIVER,FRONT LEFT,NOT INJURED,20,WHITE,MALE,NO,SHOULDER & LAP BELT,NOT DEPLOYED,NOT APPLICABLE,N,NONE,NA,NA,NONE,NOT APPLICABLE,NOT APPLICABLE,,DRIVER LICENSE,Texas,CLASS C,78108
15410201,1,MOTOR VEHICLE,N,Y,TX,1YVGE22D8V5633703,1997,GRN,MAZDA,626,"PASSENGER CAR, 4-DOOR",N,78108,1,PROOF OF LIABILITY INSURANCE,DISTRIBUTED LEFT SIDE DAMAGE PARALLEL IMPACT,DAMAGED 2,12,NA,NA,NA,N,JOHNNY'S WRECKER SERVICE,"315 PAT BOOKER UC,TX 78148",ROAD RAGE,OTHER (EXPLAIN IN NARRATIVE),NA,SOUTHWEST,Y,0,0,0,1,0,0,0,1,DRIVER,FRONT LEFT,NOT INJURED,20,WHITE,FEMALE,NO,SHOULDER & LAP BELT,"DEPLOYED, SIDE",NOT APPLICABLE,N,NONE,NA,NA,NONE,NOT APPLICABLE,NOT APPLICABLE,,DRIVER LICENSE,Texas,CLASS C,78124
15462179,1,MOTOR VEHICLE,N,Y,TX,2B3KA43G16H195831,2006,MAR,DODGE,CHARGER,"PASSENGER CAR, 4-DOOR",N,76367,1,PROOF OF LIABILITY INSURANCE,FRONT END (RIGHT)  DAMAGE PARTIAL CONTACT,DAMAGED 2,1,FRONT END DAMAGE DISTRIBUTED IMPACT,DAMAGED 1 MINIMUM,12,N,DRIVER,DRIVEN AWAY,NA,NA,DRIVER INATTENTION,EAST,Y,0,0,0,1,0,0,0,1,DRIVER,FRONT LEFT,NOT INJURED,45,WHITE,FEMALE,NO,SHOULDER & LAP BELT,NOT DEPLOYED,NOT APPLICABLE,N,NONE,NA,NA,NONE,NOT APPLICABLE,NOT APPLICABLE,,DRIVER LICENSE,Texas,CLASS C,763670000
15493899,1,MOTOR VEHICLE,N,Y,TX,2MEFM75V97X624921,2007,MAR,MERCURY,GRAND MARQUIS,"PASSENGER CAR, 4-DOOR",N,76712,1,LIABILITY INSURANCE POLICY,FRONT END (RIGHT)  DAMAGE PARTIAL CONTACT,DAMAGED 2,1,RIGHT BACK QUARTER DAMAGE ANGULAR IMPACT,DAMAGED 3,4,Y,TOW KING,1601 E TAYLOR,FAILED TO DRIVE IN SINGLE LANE,FAILED TO CONTROL SPEED,HAD BEEN DRINKING,NORTH,Y,0,1,0,0,0,1,0,1,DRIVER,FRONT LEFT,NON-INCAPACITATING INJURY,29,BLACK,MALE,NO,SHOULDER & LAP BELT,NOT DEPLOYED,NOT APPLICABLE,N,NONE,NA,NA,NONE,NOT APPLICABLE,NOT APPLICABLE,,DRIVER LICENSE,Texas,CLASS C,76712
15381950,1,MOTOR VEHICLE,N,Y,TX,5TBRT3414YS073263,2000,99,TOYOTA,TUNDRA,PICKUP,N,78415,1,PROOF OF LIABILITY INSURANCE,FRONT END (LEFT) DAMAGE PARTIAL CONTACT,DAMAGED 4,11,NA,NA,NA,N,STATEWIDE WRECKER,CITY IMPOUND,FAILED TO CONTROL SPEED,UNDER INFLUENCE - ALCOHOL,NA,NORTHWEST,Y,0,0,0,1,0,0,0,1,DRIVER,FRONT LEFT,NOT INJURED,38,HISPANIC,MALE,NO,SHOULDER & LAP BELT,NOT DEPLOYED,NOT APPLICABLE,N,NONE,NA,NA,NONE,NOT APPLICABLE,NOT APPLICABLE,,DRIVER LICENSE,Other,OTHER/OUT OF STATE,78411
15381950,1,MOTOR VEHICLE,N,Y,TX,5TBRT3414YS073263,2000,99,TOYOTA,TUNDRA,PICKUP,N,78415,1,PROOF OF LIABILITY INSURANCE,FRONT END (LEFT) DAMAGE PARTIAL CONTACT,DAMAGED 4,11,NA,NA,NA,N,STATEWIDE WRECKER,CITY IMPOUND,FAILED TO CONTROL SPEED,UNDER INFLUENCE - ALCOHOL,NA,NORTHWEST,Y,0,0,0,1,0,0,0,1,DRIVER,FRONT LEFT,NOT INJURED,40,HISPANIC,MALE,NO,SHOULDER & LAP BELT,NOT DEPLOYED,NOT APPLICABLE,N,NONE,NA,NA,NONE,NOT APPLICABLE,NOT APPLICABLE,,DRIVER LICENSE,Texas,CLASS C,78411
15433985,1,MOTOR VEHICLE,N,Y,TX,1N6AA06A25N510925,2005,BLK,NISSAN,TITAN,PICKUP,N,76904,3,PROOF OF LIABILITY INSURANCE,RIGHT BACK QUARTER DAMAGE ANGULAR IMPACT,DAMAGED 1 MINIMUM,5,NA,NA,NA,N,DRIVER,DRIVEN AWAY,UNDER INFLUENCE - ALCOHOL,ROAD RAGE,NA,EAST,Y,0,0,0,1,0,0,0,1,DRIVER,FRONT LEFT,NOT INJURED,54,HISPANIC,FEMALE,NO,SHOULDER & LAP BELT,NOT DEPLOYED,NOT APPLICABLE,N,BREATH,Positive,0.157,NONE,NOT APPLICABLE,NOT APPLICABLE,,DRIVER LICENSE,Texas,CLASS A AND M,76904
15433985,1,MOTOR VEHICLE,N,Y,TX,1N6AA06A25N510925,2005,BLK,NISSAN,TITAN,PICKUP,N,76904,3,PROOF OF LIABILITY INSURANCE,RIGHT BACK QUARTER DAMAGE ANGULAR IMPACT,DAMAGED 1 MINIMUM,5,NA,NA,NA,N,DRIVER,DRIVEN AWAY,UNDER INFLUENCE - ALCOHOL,ROAD RAGE,NA,EAST,Y,0,0,0,1,0,0,0,1,DRIVER,FRONT LEFT,NOT INJURED,31,WHITE,MALE,NO,SHOULDER & LAP BELT,NOT DEPLOYED,NOT APPLICABLE,N,NONE,NA,NA,NONE,NOT APPLICABLE,NOT APPLICABLE,,DRIVER LICENSE,Texas,CLASS C,76904
15397658,1,MOTOR VEHICLE,N,Y,UN,,NA,99,NA,NA,UNKNOWN,N,,NA,NA,FRONT END DAMAGE CONCENTRATED IMPACT,DAMAGED 1 MINIMUM,12,NA,NA,NA,,,,FAILED TO STOP AT PROPER PLACE,NA,NA,NORTHWEST,Y,0,0,0,0,1,0,0,1,DRIVER OF MOTORCYCLE TYPE VEHICLE,FRONT LEFT,NOT INJURED,34,WHITE,MALE,NOT APPLICABLE,NOT APPLICABLE,NOT APPLICABLE,NOT WORN,N,BREATH,Positive,0.153,NONE,NOT APPLICABLE,NOT APPLICABLE,,DRIVER LICENSE,Texas,CLASS C,78239
15408858,1,MOTOR VEHICLE,N,Y,TX,2G4WC582981188064,NA,RED,BUICK,LACROSSE,"PASSENGER CAR, 4-DOOR",N,78220,1,LIABILITY INSURANCE POLICY,FRONT END DAMAGE DISTRIBUTED IMPACT,DAMAGED 6,12,NA,NA,NA,N,TEXAS TOWING,GROWDON POUND,DISREGARD STOP SIGN OR LIGHT,DRIVER INATTENTION,UNDER INFLUENCE - ALCOHOL,WEST,Y,0,0,0,1,0,0,0,1,DRIVER,FRONT LEFT,NOT INJURED,56,BLACK,MALE,NO,SHOULDER & LAP BELT,"DEPLOYED, FRONT",NOT APPLICABLE,N,BLOOD,Positive,0.107,NONE,NOT APPLICABLE,NOT APPLICABLE,,DRIVER LICENSE,Texas,CLASS C,78220
15408858,1,MOTOR VEHICLE,N,Y,TX,2G4WC582981188064,NA,RED,BUICK,LACROSSE,"PASSENGER CAR, 4-DOOR",N,78220,1,LIABILITY INSURANCE POLICY,FRONT END DAMAGE DISTRIBUTED IMPACT,DAMAGED 6,12,NA,NA,NA,N,TEXAS TOWING,GROWDON POUND,DISREGARD STOP SIGN OR LIGHT,DRIVER INATTENTION,UNDER INFLUENCE - ALCOHOL,WEST,Y,0,0,0,1,0,0,0,1,DRIVER,FRONT LEFT,INCAPACITATING INJURY,68,BLACK,MALE,NO,NONE,NOT DEPLOYED,NOT APPLICABLE,N,NONE,NA,NA,NONE,NOT APPLICABLE,NOT APPLICABLE,,DRIVER LICENSE,Texas,CLASS C,78220
15477439,1,MOTOR VEHICLE,N,Y,TX,3GTP1VE02CG219446,NA,WHI,GMC,SIERRA C1500,PICKUP,N,77017,1,LIABILITY INSURANCE POLICY,FRONT END DAMAGE DISTRIBUTED IMPACT,DAMAGED 2,12,NA,NA,NA,Y,FIESTA WRECKER,6005 SELINSKY,DISREGARD STOP AND GO SIGNAL,NA,NA,WEST,Y,0,0,0,0,1,0,0,1,DRIVER,FRONT LEFT,UNKNOWN,56,HISPANIC,MALE,NO,SHOULDER & LAP BELT,"DEPLOYED, FRONT",NOT APPLICABLE,N,BREATH,Positive,0.124,NONE,NOT APPLICABLE,NOT APPLICABLE,,DRIVER LICENSE,Texas,CLASS C,77017
15477439,1,MOTOR VEHICLE,N,Y,TX,3GTP1VE02CG219446,NA,WHI,GMC,SIERRA C1500,PICKUP,N,77017,1,LIABILITY INSURANCE POLICY,FRONT END DAMAGE DISTRIBUTED IMPACT,DAMAGED 2,12,NA,NA,NA,Y,FIESTA WRECKER,6005 SELINSKY,DISREGARD STOP AND GO SIGNAL,NA,NA,WEST,Y,0,0,0,0,1,0,0,1,DRIVER,FRONT LEFT,UNKNOWN,24,HISPANIC,MALE,NO,SHOULDER & LAP BELT,NOT DEPLOYED,NOT APPLICABLE,N,NONE,NA,NA,NONE,NOT APPLICABLE,NOT APPLICABLE,,DRIVER LICENSE,Texas,CLASS C,77506
15487014,1,MOTOR VEHICLE,N,Y,UN,2GCEC19X531365124,2003,99,CHEVROLET,SILVERADO,UNKNOWN,N,78666,2,NA,DISTRIBUTED LEFT SIDE DAMAGE PARALLEL IMPACT,DAMAGED 2,11,FRONT END (RIGHT)  DAMAGE PARTIAL CONTACT,DAMAGED 1 MINIMUM,12,Y,PEEPLE'S WRECKER SERVICE,"220 ILKA SWITCH, SEGUIN, TX 78155",UNDER INFLUENCE - ALCOHOL,UNSAFE SPEED,NA,NORTHEAST,Y,0,1,0,0,0,1,0,1,DRIVER,FRONT LEFT,NON-INCAPACITATING INJURY,30,BLACK,MALE,NO,UNKNOWN,NOT DEPLOYED,NOT APPLICABLE,N,BLOOD,NA,NA,NONE,NOT APPLICABLE,NOT APPLICABLE,,DRIVER LICENSE,Texas,CLASS C,78640