CRASH_ID,UNIT_NBR,UNIT_DESC_ID,VEH_PARKED_FL,VEH_HNR_FL,VEH_LIC_STATE_ID,VIN,VEH_MOD_YEAR,VEH_COLOR_ID,VEH_MAKE_ID,VEH_MOD_ID,VEH_BODY_STYL_ID,EMER_RESPNDR_FL,OWNR_ZIP,FIN_RESP_PROOF_ID,FIN_RESP_TYPE_ID,VEH_DMAG_AREA_1_ID,VEH_DMAG_SCL_1_ID,FORCE_DIR_1_ID,VEH_DMAG_AREA_2_ID,VEH_DMAG_SCL_2_ID,FORCE_DIR_2_ID,VEH_INVENTORIED_FL,VEH_TRANSP_NAME,VEH_TRANSP_DEST,CONTRIB_FACTR_1_ID,CONTRIB_FACTR_2_ID,CONTRIB_FACTR_P1_ID,VEH_TRVL_DIR_ID,FIRST_HARM_EVT_INV_ID,INCAP_INJRY_CNT,NONINCAP_INJRY_CNT,POSS_INJRY_CNT,NON_INJRY_CNT,UNKN_INJRY_CNT,TOT_INJRY_CNT,DEATH_CNT,PRSN_NBR,PRSN_TYPE_ID,PRSN_OCCPNT_POS_ID,PRSN_INJRY_SEV_ID,PRSN_AGE,PRSN_ETHNICITY_ID,PRSN_GNDR_ID,PRSN_EJCT_ID,PRSN_REST_ID,PRSN_AIRBAG_ID,PRSN_HELMET_ID,PRSN_SOL_FL,PRSN_ALC_SPEC_TYPE_ID,PRSN_ALC_RSLT_ID,PRSN_BAC_TEST_RSLT,PRSN_DRG_SPEC_TYPE_ID,PRSN_DRG_RSLT_ID,DRVR_DRG_CAT_1_ID,PRSN_DEATH_TIME,DRVR_LIC_TYPE_ID,DRVR_LIC_STATE_ID,DRVR_LIC_CLS_ID,DRVR_ZIP
15521227,1,MOTOR VEHICLE,N,Y,TX,1FTRW07L13KA18053,2003,MAR,FORD,F150,PICKUP,N,78724,1,PROOF OF LIABILITY INSURANCE,FRONT END DAMAGE CONCENTRATED IMPACT,DAMAGED 1 MINIMUM,12,NA,NA,NA,Y,BULLDOG WRECKER: 512-402-4006,1100 S. INDUSTRIAL BLVD. ROUND ROCK,UNDER INFLUENCE - ALCOHOL,DRIVER INATTENTION,NA,WEST,Y,0,0,0,1,0,0,0,1,DRIVER,FRONT LEFT,NOT INJURED,50,OTHER,FEMALE,NO,SHOULDER & LAP BELT,NOT DEPLOYED,NOT APPLICABLE,N,NONE,NA,NA,NONE,NOT APPLICABLE,NOT APPLICABLE,,DRIVER LICENSE,Texas,CLASS C,78641
15521227,1,MOTOR VEHICLE,N,Y,TX,1FTRW07L13KA18053,2003,MAR,FORD,F150,PICKUP,N,78724,1,PROOF OF LIABILITY INSURANCE,FRONT END DAMAGE CONCENTRATED IMPACT,DAMAGED 1 MINIMUM,12,NA,NA,NA,Y,BULLDOG WRECKER: 512-402-4006,1100 S. INDUSTRIAL BLVD. ROUND ROCK,UNDER INFLUENCE - ALCOHOL,DRIVER INATTENTION,NA,WEST,Y,0,0,0,1,0,0,0,1,DRIVER,FRONT LEFT,NOT INJURED,21,WHITE,FEMALE,NO,SHOULDER & LAP BELT,NOT DEPLOYED,NOT APPLICABLE,N,NONE,NA,NA,NONE,NOT APPLICABLE,NOT APPLICABLE,,DRIVER LICENSE,Texas,CLASS C,78613
15397300,1,MOTOR VEHICLE,N,Y,TX,1G3GR47Y9GR348294,1986,BLU,OLDSMOBILE,CUTLASS,"PASSENGER CAR, 2-DOOR",N,78744,1,LIABILITY INSURANCE POLICY,FRONT END (RIGHT)  DAMAGE PARTIAL CONTACT,DAMAGED 2,1,NA,NA,NA,N,PARK RIGHT SOLUTIONS,PARK RIGHT SOLUTIONS,FAILED TO DRIVE IN SINGLE LANE,NA,DRIVER INATTENTION,SOUTH,Y,0,0,0,1,0,0,0,1,DRIVER,FRONT LEFT,NOT INJURED,33,HISPANIC,FEMALE,NO,SHOULDER & LAP BELT,NOT APPLICABLE,NOT APPLICABLE,Y,NONE,NA,NA,NONE,NOT APPLICABLE,NOT APPLICABLE,,DRIVER LICENSE,Texas,CLASS C,78744
15458627,3,MOTOR VEHICLE,N,Y,TX,1GNEC13VX3J143487,2003,BLK,CHEVROLET,TAHOE,SPORT UTILITY VEHICLE,N,77049,1,LIABILITY INSURANCE POLICY,BACK END DAMAGE CONCENTRATED IMPACT,DAMAGED 1 MINIMUM,1,NA,NA,NA,N,,,NONE,NA,NA,UNKNOWN,N,0,0,0,2,0,0,0,1,DRIVER,FRONT LEFT,NOT INJURED,35,HISPANIC,FEMALE,NO,SHOULDER & LAP BELT,NOT DEPLOYED,NOT APPLICABLE,N,NONE,NA,NA,NONE,NOT APPLICABLE,NOT APPLICABLE,,DRIVER LICENSE,Texas,CLASS C,77015
15458627,2,MOTOR VEHICLE,N,Y,TX,5TDBT48A32S091558,2002,GRY,TOYOTA,SEQUOIA,SPORT UTILITY VEHICLE,N,77015,2,NA,FRONT END (LEFT) DAMAGE PARTIAL CONTACT,NO DAMAGE,2,FRONT END (LEFT) DAMAGE PARTIAL CONTACT,NO DAMAGE,2,N,,,NONE,NA,NA,UNKNOWN,Y,0,0,0,4,0,0,0,1,DRIVER,FRONT LEFT,NOT INJURED,35,HISPANIC,FEMALE,NO,SHOULDER & LAP BELT,NOT DEPLOYED,NOT APPLICABLE,N,NONE,NA,NA,NONE,NOT APPLICABLE,NOT APPLICABLE,,DRIVER LICENSE,Texas,CLASS C,77015
15458627,1,MOTOR VEHICLE,N,Y,TX,1NXBR32E84Z237807,2004,99,TOYOTA,COROLLA,"PASSENGER CAR, 4-DOOR",N,77013,2,NA,FRONT END (LEFT) DAMAGE PARTIAL CONTACT,DAMAGED 3,3,LEFT SIDE DAMAGE ANGULAR IMPACT,DAMAGED 3,3,Y,EAST HOUSTON TOWING,8310 E. HARDY,NA,NA,FLEEING OR EVADING POLICE,UNKNOWN,Y,0,0,0,1,0,0,0,1,DRIVER,FRONT LEFT,NOT INJURED,35,HISPANIC,FEMALE,NO,SHOULDER & LAP BELT,NOT DEPLOYED,NOT APPLICABLE,N,NONE,NA,NA,NONE,NOT APPLICABLE,NOT APPLICABLE,,DRIVER LICENSE,Texas,CLASS C,77015
15458627,3,MOTOR VEHICLE,N,Y,TX,1GNEC13VX3J143487,2003,BLK,CHEVROLET,TAHOE,SPORT UTILITY VEHICLE,N,77049,1,LIABILITY INSURANCE POLICY,BACK END DAMAGE CONCENTRATED IMPACT,DAMAGED 1 MINIMUM,1,NA,NA,NA,N,,,NONE,NA,NA,UNKNOWN,N,0,0,0,2,0,0,0,1,DRIVER,FRONT LEFT,NOT INJURED,36,BLACK,FEMALE,NO,SHOULDER & LAP BELT,NOT DEPLOYED,NOT APPLICABLE,N,NONE,NA,NA,NONE,NOT APPLICABLE,NOT APPLICABLE,,DRIVER LICENSE,Texas,CLASS C,77049
15458627,2,MOTOR VEHICLE,N,Y,TX,5TDBT48A32S091558,2002,GRY,TOYOTA,SEQUOIA,SPORT UTILITY VEHICLE,N,77015,2,NA,FRONT END (LEFT) DAMAGE PARTIAL CONTACT,NO DAMAGE,2,FRONT END (LEFT) DAMAGE PARTIAL CONTACT,NO DAMAGE,2,N,,,NONE,NA,NA,UNKNOWN,Y,0,0,0,4,0,0,0,1,DRIVER,FRONT LEFT,NOT INJURED,36,BLACK,FEMALE,NO,SHOULDER & LAP BELT,NOT DEPLOYED,NOT APPLICABLE,N,NONE,NA,NA,NONE,NOT APPLICABLE,NOT APPLICABLE,,DRIVER LICENSE,Texas,CLASS C,77049
15458627,1,MOTOR VEHICLE,N,Y,TX,1NXBR32E84Z237807,2004,99,TOYOTA,COROLLA,"PASSENGER CAR, 4-DOOR",N,77013,2,NA,FRONT END (LEFT) DAMAGE PARTIAL CONTACT,DAMAGED 3,3,LEFT SIDE DAMAGE ANGULAR IMPACT,DAMAGED 3,3,Y,EAST HOUSTON TOWING,8310 E. HARDY,NA,NA,FLEEING OR EVADING POLICE,UNKNOWN,Y,0,0,0,1,0,0,0,1,DRIVER,FRONT LEFT,NOT INJURED,36,BLACK,FEMALE,NO,SHOULDER & LAP BELT,NOT DEPLOYED,NOT APPLICABLE,N,NONE,NA,NA,NONE,NOT APPLICABLE,NOT APPLICABLE,,DRIVER LICENSE,Texas,CLASS C,77049
15486869,2,MOTOR VEHICLE,N,Y,TX,1GCHC24U46E186107,2006,TAN,CHEVROLET,SILVERADO,PICKUP,N,78589,1,PROOF OF LIABILITY INSURANCE,FRONT END (RIGHT)  DAMAGE PARTIAL CONTACT,DAMAGED 2,12,LEFT SIDE DAMAGE ANGULAR IMPACT,DAMAGED 2,3,N,LEFT PARKED AT SCENE,,FAILED TO DRIVE IN SINGLE LANE,NA,DROVE WITHOUT HEADLIGHTS,NORTH,N,0,0,0,1,0,0,0,1,DRIVER,FRONT LEFT,NON-INCAPACITATING INJURY,28,HISPANIC,MALE,NO,SHOULDER & LAP BELT,"DEPLOYED, FRONT",NOT APPLICABLE,N,NONE,NA,NA,NONE,NOT APPLICABLE,NOT APPLICABLE,,DRIVER LICENSE,Texas,CLASS C,78504
15486869,2,MOTOR VEHICLE,N,Y,TX,1GCHC24U46E186107,2006,TAN,CHEVROLET,SILVERADO,PICKUP,N,78589,1,PROOF OF LIABILITY INSURANCE,FRONT END (RIGHT)  DAMAGE PARTIAL CONTACT,DAMAGED 2,12,LEFT SIDE DAMAGE ANGULAR IMPACT,DAMAGED 2,3,N,LEFT PARKED AT SCENE,,FAILED TO DRIVE IN SINGLE LANE,NA,DROVE WITHOUT HEADLIGHTS,NORTH,N,0,0,0,1,0,0,0,1,DRIVER,FRONT LEFT,NOT INJURED,36,HISPANIC,MALE,NO,SHOULDER & LAP BELT,NOT DEPLOYED,NOT APPLICABLE,N,NONE,NA,NA,NONE,NOT APPLICABLE,NOT APPLICABLE,,DRIVER LICENSE,Texas,CLASS C,78589
15335018,1,MOTOR VEHICLE,N,Y,TX,1FAFP55U8YA232209,2000,RED,FORD,TAURUS,"PASSENGER CAR, 4-DOOR",N,78521,1,PROOF OF LIABILITY INSURANCE,FRONT END DAMAGE DISTRIBUTED IMPACT,DAMAGED 4,12,NA,NA,NA,N,F & B TOWING,1856 E CORRAL,FAILED TO CONTROL SPEED,DRIVER INATTENTION,NA,SOUTH,Y,0,0,0,1,0,0,0,1,DRIVER,FRONT LEFT,NOT INJURED,19,HISPANIC,MALE,NO,SHOULDER & LAP BELT,NOT DEPLOYED,NOT APPLICABLE,N,NONE,NA,NA,NONE,NOT APPLICABLE,NOT APPLICABLE,,DRIVER LICENSE,Texas,CLASS C,78363
15335018,1,MOTOR VEHICLE,N,Y,TX,1FAFP55U8YA232209,2000,RED,FORD,TAURUS,"PASSENGER CAR, 4-DOOR",N,78521,1,PROOF OF LIABILITY INSURANCE,FRONT END DAMAGE DISTRIBUTED IMPACT,DAMAGED 4,12,NA,NA,NA,N,F & B TOWING,1856 E CORRAL,FAILED TO CONTROL SPEED,DRIVER INATTENTION,NA,SOUTH,Y,0,0,0,1,0,0,0,1,DRIVER,FRONT LEFT,NOT INJURED,58,WHITE,FEMALE,NO,SHOULDER & LAP BELT,NOT DEPLOYED,NOT APPLICABLE,N,NONE,NA,NA,NONE,NOT APPLICABLE,NOT APPLICABLE,,DRIVER LICENSE,Texas,CLASS C,78355
15375183,1,MOTOR VEHICLE,N,Y,TX,1GCCS19W918103828,2001,GLD,CHEVROLET,S10,PICKUP,N,75426,2,NA,DISTRIBUTED LEFT SIDE DAMAGE PARALLEL IMPACT,DAMAGED 1 MINIMUM,9,NA,NA,NA,Y,ACTION TOWING #265,8000 OLD GALVESTON RD,HAD BEEN DRINKING,CHANGED LANE WHEN UNSAFE,NA,EAST,Y,0,0,0,0,1,0,0,1,DRIVER,FRONT LEFT,UNKNOWN,22,BLACK,MALE,NO,SHOULDER & LAP BELT,NOT DEPLOYED,NOT APPLICABLE,N,BREATH,Positive,0.21,NONE,NOT APPLICABLE,NOT APPLICABLE,,DRIVER LICENSE,Texas,CLASS C,75426
15375183,1,MOTOR VEHICLE,N,Y,TX,1GCCS19W918103828,2001,GLD,CHEVROLET,S10,PICKUP,N,75426,2,NA,DISTRIBUTED LEFT SIDE DAMAGE PARALLEL IMPACT,DAMAGED 1 MINIMUM,9,NA,NA,NA,Y,ACTION TOWING #265,8000 OLD GALVESTON RD,HAD BEEN DRINKING,CHANGED LANE WHEN UNSAFE,NA,EAST,Y,0,0,0,0,1,0,0,1,DRIVER,FRONT LEFT,NOT INJURED,35,WHITE,FEMALE,NO,SHOULDER & LAP BELT,NOT DEPLOYED,NOT APPLICABLE,N,NONE,NA,NA,NONE,NOT APPLICABLE,NOT APPLICABLE,,DRIVER LICENSE,Texas,CLASS C,77591
15462122,3,MOTOR VEHICLE,N,Y,UN,,NA,99,NA,NA,UNKNOWN,N,,NA,NA,NA,NA,NA,NA,NA,NA,N,,,NONE,NA,NA,SOUTH,Y,0,0,0,0,1,0,0,1,DRIVER,FRONT LEFT,NOT INJURED,42,HISPANIC,MALE,NO,SHOULDER & LAP BELT,NOT DEPLOYED,NOT APPLICABLE,N,NONE,NA,NA,NONE,NOT APPLICABLE,NOT APPLICABLE,,DRIVER LICENSE,New Mexico,OTHER/OUT OF STATE,77036
15462122,3,MOTOR VEHICLE,N,Y,UN,,NA,99,NA,NA,UNKNOWN,N,,NA,NA,NA,NA,NA,NA,NA,NA,N,,,NONE,NA,NA,SOUTH,Y,0,0,0,0,1,0,0,1,DRIVER,FRONT LEFT,POSSIBLE INJURY,44,WHITE,MALE,NO,SHOULDER & LAP BELT,NOT DEPLOYED,NOT APPLICABLE,N,NONE,NA,NA,NONE,NOT APPLICABLE,NOT APPLICABLE,,DRIVER LICENSE,Texas,CLASS C,76001
15480427,2,MOTOR VEHICLE,N,Y,UN,,NA,99,NA,NA,UNKNOWN,N,,NA,NA,NA,NA,NA,NA,NA,NA,,,,NONE,NA,NA,NORTH,Y,0,0,0,0,1,0,0,1,DRIVER,FRONT LEFT,NOT INJURED,22,BLACK,FEMALE,NO,SHOULDER & LAP BELT,NOT DEPLOYED,NOT APPLICABLE,N,NONE,NA,NA,NONE,NOT APPLICABLE,NOT APPLICABLE,,DRIVER LICENSE,Texas,CLASS C,77058
15480427,1,MOTOR VEHICLE,N,Y,TX,4T1FA38P94U035737,2004,BLK,TOYOTA,CAMRY,"PASSENGER CAR, 4-DOOR",N,75002,1,PROOF OF LIABILITY INSURANCE,DISTRIBUTED LEFT SIDE DAMAGE PARALLEL IMPACT,DAMAGED 2,9,NA,NA,NA,N,,,CHANGED LANE WHEN UNSAFE,NA,NA,NORTH,Y,0,0,0,1,0,0,0,1,DRIVER,FRONT LEFT,NOT INJURED,22,BLACK,FEMALE,NO,SHOULDER & LAP BELT,NOT DEPLOYED,NOT APPLICABLE,N,NONE,NA,NA,NONE,NOT APPLICABLE,NOT APPLICABLE,,DRIVER LICENSE,Texas,CLASS C,77058
15480427,2,MOTOR VEHICLE,N,Y,UN,,NA,99,NA,NA,UNKNOWN,N,,NA,NA,NA,NA,NA,NA,NA,NA,,,,NONE,NA,NA,NORTH,Y,0,0,0,0,1,0,0,1,DRIVER,FRONT LEFT,NOT INJURED,26,WHITE,FEMALE,NO,SHOULDER & LAP BELT,DEPLOYED MULTIPLE,NOT APPLICABLE,N,NONE,NA,NA,NONE,NOT APPLICABLE,NOT APPLICABLE,,DRIVER LICENSE,Texas,CLASS C,75010
15480427,1,MOTOR VEHICLE,N,Y,TX,4T1FA38P94U035737,2004,BLK,TOYOTA,CAMRY,"PASSENGER CAR, 4-DOOR",N,75002,1,PROOF OF LIABILITY INSURANCE,DISTRIBUTED LEFT SIDE DAMAGE PARALLEL IMPACT,DAMAGED 2,9,NA,NA,NA,N,,,CHANGED LANE WHEN UNSAFE,NA,NA,NORTH,Y,0,0,0,1,0,0,0,1,DRIVER,FRONT LEFT,NOT INJURED,26,WHITE,FEMALE,NO,SHOULDER & LAP BELT,DEPLOYED MULTIPLE,NOT APPLICABLE,N,NONE,NA,NA,NONE,NOT APPLICABLE,NOT APPLICABLE,,DRIVER LICENSE,Texas,CLASS C,75010
15480427,2,MOTOR VEHICLE,N,Y,UN,,NA,99,NA,NA,UNKNOWN,N,,NA,NA,NA,NA,NA,NA,NA,NA,,,,NONE,NA,NA,NORTH,Y,0,0,0,0,1,0,0,1,DRIVER,FRONT LEFT,NOT INJURED,38,WHITE,MALE,NO,SHOULDER & LAP BELT,NOT DEPLOYED,NOT APPLICABLE,N,NONE,NA,NA,NONE,NOT APPLICABLE,NOT APPLICABLE,,DRIVER LICENSE,Texas,CLASS C,75206
15480427,1,MOTOR VEHICLE,N,Y,TX,4T1FA38P94U035737,2004,BLK,TOYOTA,CAMRY,"PASSENGER CAR, 4-DOOR",N,75002,1,PROOF OF LIABILITY INSURANCE,DISTRIBUTED LEFT SIDE DAMAGE PARALLEL IMPACT,DAMAGED 2,9,NA,NA,NA,N,,,CHANGED LANE WHEN UNSAFE,NA,NA,NORTH,Y,0,0,0,1,0,0,0,1,DRIVER,FRONT LEFT,NOT INJURED,38,WHITE,MALE,NO,SHOULDER & LAP BELT,NOT DEPLOYED,NOT APPLICABLE,N,NONE,NA,NA,NONE,NOT APPLICABLE,NOT APPLICABLE,,DRIVER LICENSE,Texas,CLASS C,75206
15371438,1,MOTOR VEHICLE,N,Y,UN,JT4RN81A6M0081476,1991,99,TOYOTA,T100,UNKNOWN,N,77356,1,PROOF OF LIABILITY INSURANCE,LEFT BACK QUARTER DAMAGE ANGULAR IMPACT,DAMAGED 2,9,NA,NA,NA,N,DRIVER,LEFT THE SCENE OF ACCIDENT,FAILED TO CONTROL SPEED,NA,FAILED TO DRIVE IN SINGLE LANE,NORTH,Y,0,0,0,0,1,0,0,1,DRIVER,FRONT LEFT,UNKNOWN,60,WHITE,MALE,NO,UNKNOWN,NOT DEPLOYED,NOT APPLICABLE,N,NONE,NA,NA,NONE,NOT APPLICABLE,NOT APPLICABLE,,DRIVER LICENSE,Texas,CLASS C,77356
15371438,1,MOTOR VEHICLE,N,Y,UN,JT4RN81A6M0081476,1991,99,TOYOTA,T100,UNKNOWN,N,77356,1,PROOF OF LIABILITY INSURANCE,LEFT BACK QUARTER DAMAGE ANGULAR IMPACT,DAMAGED 2,9,NA,NA,NA,N,DRIVER,LEFT THE SCENE OF ACCIDENT,FAILED TO CONTROL SPEED,NA,FAILED TO DRIVE IN SINGLE LANE,NORTH,Y,0,0,0,0,1,0,0,1,DRIVER,FRONT LEFT,NOT INJURED,29,WHITE,MALE,NO,SHOULDER & LAP BELT,NOT DEPLOYED,NOT APPLICABLE,N,NONE,NA,NA,NONE,NOT APPLICABLE,NOT APPLICABLE,,DRIVER LICENSE,Texas,CLASS C,77379
15394359,1,MOTOR VEHICLE,N,Y,TX,1D7HU18287J590512,2007,SIL,DODGE,RAM 1500,PICKUP,N,77808,1,PROOF OF LIABILITY INSURANCE,RIGHT FRONT QUARTER DAMAGE ANGULAR IMPACT,DAMAGED 3,1,NA,NA,NA,N,NOT TOWED,,HAD BEEN DRINKING,OTHER (EXPLAIN IN NARRATIVE),NA,WEST,Y,0,0,0,1,0,0,0,1,DRIVER,FRONT LEFT,NOT INJURED,32,WHITE,MALE,NO,SHOULDER & LAP BELT,"DEPLOYED, FRONT",NOT APPLICABLE,N,NONE,NA,NA,NONE,NOT APPLICABLE,NOT APPLICABLE,,DRIVER LICENSE,Texas,CLASS C,79606
15498403,1,MOTOR VEHICLE,N,Y,TX,1FAFP42X52F239122,2002,GRY,FORD,MUSTANG,"PASSENGER CAR, 2-DOOR",N,78414,1,LIABILITY INSURANCE POLICY,RIGHT SIDE DAMAGE ANGULAR IMPACT,DAMAGED 5,3,RIGHT FRONT QUARTER DAMAGE ANGULAR IMPACT,DAMAGED 3,2,N,TEXAS WRECKER,CITY IMPOUND LOT,FAILED TO CONTROL SPEED,NA,NA,WEST,Y,0,1,0,0,0,1,0,1,DRIVER,FRONT LEFT,NON-INCAPACITATING INJURY,19,WHITE,FEMALE,NO,SHOULDER & LAP BELT,"DEPLOYED, FRONT",NOT APPLICABLE,N,NONE,NA,NA,NONE,NOT APPLICABLE,NOT APPLICABLE,,DRIVER LICENSE,Texas,CLASS C,78411
15521472,1,MOTOR VEHICLE,N,Y,TX,1GCGG25R421134410,2002,WHI,CHEVROLET,G SERIES,VAN,N,77017,1,PROOF OF LIABILITY INSURANCE,FRONT END (RIGHT)  DAMAGE PARTIAL CONTACT,DAMAGED 4,12,NA,NA,NA,Y,HUMBLE TOWING 281-354-8697,24672 FM 1485 NEW CANEY TX 77357,UNDER INFLUENCE - ALCOHOL,UNDER INFLUENCE - DRUG,NA,WEST,Y,0,0,0,1,0,0,0,1,DRIVER,FRONT LEFT,NOT INJURED,24,ASIAN,FEMALE,NO,SHOULDER & LAP BELT,NOT DEPLOYED,NOT APPLICABLE,N,NONE,NA,NA,NONE,NOT APPLICABLE,NOT APPLICABLE,,DRIVER LICENSE,Texas,CLASS C,75069
15389899,1,MOTOR VEHICLE,N,Y,TX,5N1AN08U76C512922,2006,BLK,NISSAN,XTERRA,SPORT UTILITY VEHICLE,N,79118,1,PROOF OF LIABILITY INSURANCE,FRONT END DAMAGE CONCENTRATED IMPACT,DAMAGED 3,1,NA,NA,NA,N,CIERRA TOWING & CRUSHING,"4225 NE 9TH, AMA, TX 79107 381-2561",FAILED TO CONTROL SPEED,NA,NA,NORTH,Y,0,0,0,1,0,0,0,1,DRIVER,FRONT LEFT,NOT INJURED,46,HISPANIC,FEMALE,NO,SHOULDER & LAP BELT,NOT DEPLOYED,NOT APPLICABLE,N,NONE,NA,NA,NONE,NOT APPLICABLE,NOT APPLICABLE,,DRIVER LICENSE,Texas,CLASS C,79118
15433923,1,MOTOR VEHICLE,N,Y,UN,5Y2SL63835Z466741,2005,WHI,PONTIAC,VIBE,SPORT UTILITY VEHICLE,N,78664,2,NA,RIGHT FRONT QUARTER DAMAGE ANGULAR IMPACT,DAMAGED 5,1,RIGHT BACK QUARTER DAMAGE ANGULAR IMPACT,DAMAGED 1 MINIMUM,5,N,,,FAILED TO DRIVE IN SINGLE LANE,NA,NA,WEST,Y,0,0,0,0,1,0,0,1,DRIVER,FRONT LEFT,UNKNOWN,25,OTHER,FEMALE,NO,UNKNOWN,NOT DEPLOYED,NOT APPLICABLE,N,NONE,NA,NA,NONE,NOT APPLICABLE,NOT APPLICABLE,,DRIVER LICENSE,Texas,CLASS C,78664
15452251,1,MOTOR VEHICLE,N,Y,TX,1GKEC13Z44R239506,2004,BLK,GMC,YUKON,SPORT UTILITY VEHICLE,N,78224,1,PROOF OF LIABILITY INSURANCE,BACK END (RIGHT) DAMAGE PARTIAL CONTACT,DAMAGED 3,5,NA,NA,NA,N,TEXAS TOWING,GROWDON POUND,HAD BEEN DRINKING,NA,NA,NORTH,Y,0,0,0,1,0,0,0,1,DRIVER,FRONT LEFT,NOT INJURED,20,HISPANIC,MALE,NO,SHOULDER & LAP BELT,NOT DEPLOYED,NOT APPLICABLE,N,BREATH,Positive,0.215,NONE,NOT APPLICABLE,NOT APPLICABLE,,DRIVER LICENSE,Texas,CLASS C,78224
15452251,1,MOTOR VEHICLE,N,Y,TX,1GKEC13Z44R239506,2004,BLK,GMC,YUKON,SPORT UTILITY VEHICLE,N,78224,1,PROOF OF LIABILITY INSURANCE,BACK END (RIGHT) DAMAGE PARTIAL CONTACT,DAMAGED 3,5,NA,NA,NA,N,TEXAS TOWING,GROWDON POUND,HAD BEEN DRINKING,NA,NA,NORTH,Y,0,0,0,1,0,0,0,1,DRIVER,FRONT LEFT,NOT INJURED,30,BLACK,MALE,NO,SHOULDER & LAP BELT,NOT DEPLOYED,NOT APPLICABLE,N,NONE,NA,NA,NONE,NOT APPLICABLE,NOT APPLICABLE,,DRIVER LICENSE,Texas,CLASS C,78228
15510672,1,MOTOR VEHICLE,N,Y,TX,2GCFC19V4Y1282029,2000,GRY,CHEVROLET,SILVERADO,PICKUP,N,78852,1,PROOF OF LIABILITY INSURANCE,RIGHT FRONT QUARTER DAMAGE ANGULAR IMPACT,DAMAGED 4,3,RIGHT BACK QUARTER DAMAGE ANGULAR IMPACT,DAMAGED 4,4,Y,BANIS,6213 GRISSOM RD,DISTRACTION IN VEHICLE,DRIVER INATTENTION,NA,EAST,Y,0,0,0,1,0,0,0,1,DRIVER,FRONT LEFT,NOT INJURED,24,HISPANIC,MALE,NO,UNKNOWN,NOT DEPLOYED,NOT APPLICABLE,N,BLOOD,NA,NA,BLOOD,NOT APPLICABLE,NOT APPLICABLE,,DRIVER LICENSE,Texas,CLASS C,78852
15628988,1,MOTOR VEHICLE,N,Y,TX,1FTRW07W01KF67704,2001,98,FORD,F150,TRUCK,N,77433,1,PROOF OF LIABILITY INSURANCE,FRONT END (RIGHT)  DAMAGE PARTIAL CONTACT,DAMAGED 2,NA,DISTRIBUTED RIGHT SIDE DAMAGE PARALLEL IMPACT,DAMAGED 1 MINIMUM,NA,Y,DC WRECKER 128,5710 CAMPBELL RD,OTHER (EXPLAIN IN NARRATIVE),NA,UNDER INFLUENCE - DRUG,NORTH,Y,0,0,0,1,0,0,0,1,DRIVER,FRONT LEFT,NOT INJURED,34,WHITE,MALE,NO,NONE,NOT DEPLOYED,NOT APPLICABLE,N,NONE,NA,NA,NONE,NOT APPLICABLE,NOT APPLICABLE,,DRIVER LICENSE,Texas,CLASS C,77433
15501807,1,MOTOR VEHICLE,N,Y,UN,1GCCS1445T8216748,1996,99,CHEVROLET,S10,UNKNOWN,N,78516,2,NA,FRONT END (LEFT) DAMAGE PARTIAL CONTACT,DAMAGED 1 MINIMUM,11,NA,NA,NA,N,,,FAILED TO CONTROL SPEED,NA,UNDER INFLUENCE - ALCOHOL,EAST,Y,0,0,0,1,0,0,0,1,DRIVER,FRONT LEFT,NOT INJURED,54,HISPANIC,MALE,NO,UNKNOWN,NOT DEPLOYED,NOT APPLICABLE,N,NONE,NA,NA,NONE,NOT APPLICABLE,NOT APPLICABLE,,DRIVER LICENSE,Texas,CLASS C,78516
15490785,1,MOTOR VEHICLE,N,Y,NA,,NA,BLU,NA,NA,"PASSENGER CAR, 4-DOOR",N,,2,NA,NA,NA,NA,NA,NA,NA,N,DRIVER FLED SCENE,DRIVER FLED SCENE,FAILED TO CONTROL SPEED,CHANGED LANE WHEN UNSAFE,FOLLOWED TOO CLOSELY,NORTH,Y,0,0,0,0,1,0,0,1,DRIVER,FRONT LEFT,POSSIBLE INJURY,28,BLACK,FEMALE,NO,SHOULDER & LAP BELT,UNKNOWN,NOT APPLICABLE,N,NONE,NA,NA,NONE,NOT APPLICABLE,NOT APPLICABLE,,DRIVER LICENSE,Texas,CLASS C,75249
15490785,1,MOTOR VEHICLE,N,Y,NA,,NA,BLU,NA,NA,"PASSENGER CAR, 4-DOOR",N,,2,NA,NA,NA,NA,NA,NA,NA,N,DRIVER FLED SCENE,DRIVER FLED SCENE,FAILED TO CONTROL SPEED,CHANGED LANE WHEN UNSAFE,FOLLOWED TOO CLOSELY,NORTH,Y,0,0,0,0,1,0,0,1,DRIVER,FRONT LEFT,NOT INJURED,24,HISPANIC,MALE,NO,SHOULDER & LAP BELT,UNKNOWN,NOT APPLICABLE,N,NONE,NA,NA,NONE,NOT APPLICABLE,NOT APPLICABLE,,DRIVER LICENSE,Texas,CLASS C,75040