CRASH_ID,UNIT_NBR,UNIT_DESC_ID,VEH_PARKED_FL,VEH_HNR_FL,VEH_LIC_STATE_ID,VIN,VEH_MOD_YEAR,VEH_COLOR_ID,VEH_MAKE_ID,VEH_MOD_ID,VEH_BODY_STYL_ID,EMER_RESPNDR_FL,OWNR_ZIP,FIN_RESP_PROOF_ID,FIN_RESP_TYPE_ID,VEH_DMAG_AREA_1_ID,VEH_DMAG_SCL_1_ID,FORCE_DIR_1_ID,VEH_DMAG_AREA_2_ID,VEH_DMAG_SCL_2_ID,FORCE_DIR_2_ID,VEH_INVENTORIED_FL,VEH_TRANSP_NAME,VEH_TRANSP_DEST,CONTRIB_FACTR_1_ID,CONTRIB_FACTR_2_ID,CONTRIB_FACTR_P1_ID,VEH_TRVL_DIR_ID,FIRST_HARM_EVT_INV_ID,INCAP_INJRY_CNT,NONINCAP_INJRY_CNT,POSS_INJRY_CNT,NON_INJRY_CNT,UNKN_INJRY_CNT,TOT_INJRY_CNT,DEATH_CNT,PRSN_NBR,PRSN_TYPE_ID,PRSN_OCCPNT_POS_ID,PRSN_INJRY_SEV_ID,PRSN_AGE,PRSN_ETHNICITY_ID,PRSN_GNDR_ID,PRSN_EJCT_ID,PRSN_REST_ID,PRSN_AIRBAG_ID,PRSN_HELMET_ID,PRSN_SOL_FL,PRSN_ALC_SPEC_TYPE_ID,PRSN_ALC_RSLT_ID,PRSN_BAC_TEST_RSLT,PRSN_DRG_SPEC_TYPE_ID,PRSN_DRG_RSLT_ID,DRVR_DRG_CAT_1_ID,PRSN_DEATH_TIME,DRVR_LIC_TYPE_ID,DRVR_LIC_STATE_ID,DRVR_LIC_CLS_ID,DRVR_ZIP
15385311,2,MOTOR VEHICLE,N,Y,TX,1HGEJ3649YL026233,2000,WHI,HONDA,CIVIC,"PASSENGER CAR, 4-DOOR",N,79935,1,PROOF OF LIABILITY INSURANCE,BACK END DAMAGE DISTRIBUTED IMPACT,DAMAGED 2,6,FRONT END DAMAGE DISTRIBUTED IMPACT,DAMAGED 1 MINIMUM,12,N,DRIVER,TRAFFIC,FAILED TO CONTROL SPEED,NA,NA,WEST,Y,0,0,0,2,0,0,0,1,DRIVER,FRONT LEFT,NON-INCAPACITATING INJURY,22,HISPANIC,MALE,NO,SHOULDER & LAP BELT,"DEPLOYED, FRONT",NOT APPLICABLE,N,NONE,NA,NA,NONE,NOT APPLICABLE,NOT APPLICABLE,,DRIVER LICENSE,Texas,CLASS C,79936
15385311,1,MOTOR VEHICLE,N,Y,UN,,NA,99,NA,NA,UNKNOWN,N,,2,NA,NA,NA,NA,NA,NA,NA,N,DRIVER,TRAFFIC,NONE,NA,NA,WEST,Y,0,0,0,0,1,0,0,1,DRIVER,FRONT LEFT,NON-INCAPACITATING INJURY,22,HISPANIC,MALE,NO,SHOULDER & LAP BELT,"DEPLOYED, FRONT",NOT APPLICABLE,N,NONE,NA,NA,NONE,NOT APPLICABLE,NOT APPLICABLE,,DRIVER LICENSE,Texas,CLASS C,79936
15385311,5,MOTOR VEHICLE,N,Y,TX,2C4GP54L33R301075,2003,MUL,CHRYSLER,TOWN & COUNTRY,VAN,N,79904,1,PROOF OF LIABILITY INSURANCE,FRONT END DAMAGE DISTRIBUTED IMPACT,DAMAGED 3,12,NA,NA,NA,N,BEST TOWING,OWNER'S REQUEST,FAILED TO CONTROL SPEED,NA,NA,WEST,N,0,1,0,1,0,1,0,1,DRIVER,FRONT LEFT,NON-INCAPACITATING INJURY,30,HISPANIC,MALE,NO,SHOULDER & LAP BELT,NOT DEPLOYED,NOT APPLICABLE,N,NONE,NA,NA,NONE,NOT APPLICABLE,NOT APPLICABLE,,DRIVER LICENSE,Texas,CLASS C AND M,79938
15385311,4,MOTOR VEHICLE,N,Y,TX,4A3AK24F07E015973,2007,GRY,MITSUBISHI,ECLIPSE,"PASSENGER CAR, 2-DOOR",N,79938,1,PROOF OF LIABILITY INSURANCE,BACK END DAMAGE DISTRIBUTED IMPACT,DAMAGED 3,6,FRONT END DAMAGE DISTRIBUTED IMPACT,DAMAGED 1 MINIMUM,12,N,BEST TOWING,11615 RAILROAD,NONE,NA,NA,WEST,N,0,1,0,0,0,1,0,1,DRIVER,FRONT LEFT,NON-INCAPACITATING INJURY,30,HISPANIC,MALE,NO,SHOULDER & LAP BELT,NOT DEPLOYED,NOT APPLICABLE,N,NONE,NA,NA,NONE,NOT APPLICABLE,NOT APPLICABLE,,DRIVER LICENSE,Texas,CLASS C AND M,79938
15385311,3,MOTOR VEHICLE,N,Y,TX,4A3AA46G22E038541,2002,WHI,MITSUBISHI,GALANT,"PASSENGER CAR, 4-DOOR",N,79936,1,PROOF OF LIABILITY INSURANCE,FRONT END DAMAGE DISTRIBUTED IMPACT,DAMAGED 3,12,BACK END DAMAGE DISTRIBUTED IMPACT,DAMAGED 2,6,N,BEST TOWING,11615 RAILROAD,FAILED TO CONTROL SPEED,NA,NA,WEST,N,0,1,0,0,0,1,0,1,DRIVER,FRONT LEFT,NON-INCAPACITATING INJURY,30,HISPANIC,MALE,NO,SHOULDER & LAP BELT,NOT DEPLOYED,NOT APPLICABLE,N,NONE,NA,NA,NONE,NOT APPLICABLE,NOT APPLICABLE,,DRIVER LICENSE,Texas,CLASS C AND M,79938
15385311,2,MOTOR VEHICLE,N,Y,TX,1HGEJ3649YL026233,2000,WHI,HONDA,CIVIC,"PASSENGER CAR, 4-DOOR",N,79935,1,PROOF OF LIABILITY INSURANCE,BACK END DAMAGE DISTRIBUTED IMPACT,DAMAGED 2,6,FRONT END DAMAGE DISTRIBUTED IMPACT,DAMAGED 1 MINIMUM,12,N,DRIVER,TRAFFIC,FAILED TO CONTROL SPEED,NA,NA,WEST,Y,0,0,0,2,0,0,0,1,DRIVER,FRONT LEFT,NON-INCAPACITATING INJURY,30,HISPANIC,MALE,NO,SHOULDER & LAP BELT,NOT DEPLOYED,NOT APPLICABLE,N,NONE,NA,NA,NONE,NOT APPLICABLE,NOT APPLICABLE,,DRIVER LICENSE,Texas,CLASS C AND M,79938
15385311,1,MOTOR VEHICLE,N,Y,UN,,NA,99,NA,NA,UNKNOWN,N,,2,NA,NA,NA,NA,NA,NA,NA,N,DRIVER,TRAFFIC,NONE,NA,NA,WEST,Y,0,0,0,0,1,0,0,1,DRIVER,FRONT LEFT,NON-INCAPACITATING INJURY,30,HISPANIC,MALE,NO,SHOULDER & LAP BELT,NOT DEPLOYED,NOT APPLICABLE,N,NONE,NA,NA,NONE,NOT APPLICABLE,NOT APPLICABLE,,DRIVER LICENSE,Texas,CLASS C AND M,79938
15385311,5,MOTOR VEHICLE,N,Y,TX,2C4GP54L33R301075,2003,MUL,CHRYSLER,TOWN & COUNTRY,VAN,N,79904,1,PROOF OF LIABILITY INSURANCE,FRONT END DAMAGE DISTRIBUTED IMPACT,DAMAGED 3,12,NA,NA,NA,N,BEST TOWING,OWNER'S REQUEST,FAILED TO CONTROL SPEED,NA,NA,WEST,N,0,1,0,1,0,1,0,1,DRIVER,FRONT LEFT,NON-INCAPACITATING INJURY,41,OTHER,MALE,NO,SHOULDER & LAP BELT,"DEPLOYED, FRONT",NOT APPLICABLE,N,NONE,NA,NA,NONE,NOT APPLICABLE,NOT APPLICABLE,,DRIVER LICENSE,Other,OTHER/OUT OF STATE,32220
15385311,4,MOTOR VEHICLE,N,Y,TX,4A3AK24F07E015973,2007,GRY,MITSUBISHI,ECLIPSE,"PASSENGER CAR, 2-DOOR",N,79938,1,PROOF OF LIABILITY INSURANCE,BACK END DAMAGE DISTRIBUTED IMPACT,DAMAGED 3,6,FRONT END DAMAGE DISTRIBUTED IMPACT,DAMAGED 1 MINIMUM,12,N,BEST TOWING,11615 RAILROAD,NONE,NA,NA,WEST,N,0,1,0,0,0,1,0,1,DRIVER,FRONT LEFT,NON-INCAPACITATING INJURY,41,OTHER,MALE,NO,SHOULDER & LAP BELT,"DEPLOYED, FRONT",NOT APPLICABLE,N,NONE,NA,NA,NONE,NOT APPLICABLE,NOT APPLICABLE,,DRIVER LICENSE,Other,OTHER/OUT OF STATE,32220
15385311,3,MOTOR VEHICLE,N,Y,TX,4A3AA46G22E038541,2002,WHI,MITSUBISHI,GALANT,"PASSENGER CAR, 4-DOOR",N,79936,1,PROOF OF LIABILITY INSURANCE,FRONT END DAMAGE DISTRIBUTED IMPACT,DAMAGED 3,12,BACK END DAMAGE DISTRIBUTED IMPACT,DAMAGED 2,6,N,BEST TOWING,11615 RAILROAD,FAILED TO CONTROL SPEED,NA,NA,WEST,N,0,1,0,0,0,1,0,1,DRIVER,FRONT LEFT,NON-INCAPACITATING INJURY,41,OTHER,MALE,NO,SHOULDER & LAP BELT,"DEPLOYED, FRONT",NOT APPLICABLE,N,NONE,NA,NA,NONE,NOT APPLICABLE,NOT APPLICABLE,,DRIVER LICENSE,Other,OTHER/OUT OF STATE,32220
15385311,2,MOTOR VEHICLE,N,Y,TX,1HGEJ3649YL026233,2000,WHI,HONDA,CIVIC,"PASSENGER CAR, 4-DOOR",N,79935,1,PROOF OF LIABILITY INSURANCE,BACK END DAMAGE DISTRIBUTED IMPACT,DAMAGED 2,6,FRONT END DAMAGE DISTRIBUTED IMPACT,DAMAGED 1 MINIMUM,12,N,DRIVER,TRAFFIC,FAILED TO CONTROL SPEED,NA,NA,WEST,Y,0,0,0,2,0,0,0,1,DRIVER,FRONT LEFT,NON-INCAPACITATING INJURY,41,OTHER,MALE,NO,SHOULDER & LAP BELT,"DEPLOYED, FRONT",NOT APPLICABLE,N,NONE,NA,NA,NONE,NOT APPLICABLE,NOT APPLICABLE,,DRIVER LICENSE,Other,OTHER/OUT OF STATE,32220
15385311,1,MOTOR VEHICLE,N,Y,UN,,NA,99,NA,NA,UNKNOWN,N,,2,NA,NA,NA,NA,NA,NA,NA,N,DRIVER,TRAFFIC,NONE,NA,NA,WEST,Y,0,0,0,0,1,0,0,1,DRIVER,FRONT LEFT,NON-INCAPACITATING INJURY,41,OTHER,MALE,NO,SHOULDER & LAP BELT,"DEPLOYED, FRONT",NOT APPLICABLE,N,NONE,NA,NA,NONE,NOT APPLICABLE,NOT APPLICABLE,,DRIVER LICENSE,Other,OTHER/OUT OF STATE,32220
15452126,3,MOTOR VEHICLE,N,Y,UN,1J4G248SXYC121144,2000,GRY,JEEP,GRAND CHEROKEE,SPORT UTILITY VEHICLE,N,77018,1,LIABILITY INSURANCE POLICY,NA,NA,NA,NA,NA,NA,N,FSGI,FSGI,NA,NA,FAILED TO CONTROL SPEED,NORTH,N,0,0,0,0,1,0,0,1,DRIVER,FRONT LEFT,NOT INJURED,25,BLACK,MALE,NO,SHOULDER & LAP BELT,NOT DEPLOYED,NOT APPLICABLE,N,NONE,NA,NA,NONE,NOT APPLICABLE,NOT APPLICABLE,,DRIVER LICENSE,Texas,CLASS C,77034
15452126,3,MOTOR VEHICLE,N,Y,UN,1J4G248SXYC121144,2000,GRY,JEEP,GRAND CHEROKEE,SPORT UTILITY VEHICLE,N,77018,1,LIABILITY INSURANCE POLICY,NA,NA,NA,NA,NA,NA,N,FSGI,FSGI,NA,NA,FAILED TO CONTROL SPEED,NORTH,N,0,0,0,0,1,0,0,1,DRIVER,FRONT LEFT,NOT INJURED,18,WHITE,MALE,NO,SHOULDER & LAP BELT,NOT DEPLOYED,NOT APPLICABLE,N,NONE,NA,NA,NONE,NOT APPLICABLE,NOT APPLICABLE,,DRIVER LICENSE,Texas,CLASS C,77590
15452126,3,MOTOR VEHICLE,N,Y,UN,1J4G248SXYC121144,2000,GRY,JEEP,GRAND CHEROKEE,SPORT UTILITY VEHICLE,N,77018,1,LIABILITY INSURANCE POLICY,NA,NA,NA,NA,NA,NA,N,FSGI,FSGI,NA,NA,FAILED TO CONTROL SPEED,NORTH,N,0,0,0,0,1,0,0,1,DRIVER,FRONT LEFT,NOT INJURED,29,HISPANIC,FEMALE,NO,SHOULDER & LAP BELT,NOT DEPLOYED,NOT APPLICABLE,N,NONE,NA,NA,NONE,NOT APPLICABLE,NOT APPLICABLE,,DRIVER LICENSE,Texas,CLASS C,77023
15452126,3,MOTOR VEHICLE,N,Y,UN,1J4G248SXYC121144,2000,GRY,JEEP,GRAND CHEROKEE,SPORT UTILITY VEHICLE,N,77018,1,LIABILITY INSURANCE POLICY,NA,NA,NA,NA,NA,NA,N,FSGI,FSGI,NA,NA,FAILED TO CONTROL SPEED,NORTH,N,0,0,0,0,1,0,0,1,DRIVER,FRONT LEFT,NOT INJURED,23,BLACK,MALE,NO,SHOULDER & LAP BELT,NOT DEPLOYED,NOT APPLICABLE,N,NONE,NA,NA,NONE,NOT APPLICABLE,NOT APPLICABLE,,DRIVER LICENSE,Texas,CLASS C,77093
15530010,2,MOTOR VEHICLE,N,Y,TX,4T1BF28BXYU028008,2000,GRN,TOYOTA,AVALON,"PASSENGER CAR, 4-DOOR",N,78574,1,PROOF OF LIABILITY INSURANCE,BACK END (RIGHT) DAMAGE PARTIAL CONTACT,DAMAGED 1 MINIMUM,6,NA,NA,NA,N,,,NONE,NA,NA,EAST,Y,0,0,0,1,0,0,0,1,DRIVER,FRONT LEFT,NOT INJURED,32,HISPANIC,MALE,NO,SHOULDER & LAP BELT,NOT DEPLOYED,NOT APPLICABLE,N,NONE,NA,NA,NONE,NOT APPLICABLE,NOT APPLICABLE,,DRIVER LICENSE,Texas,CLASS C,78572
15530010,1,MOTOR VEHICLE,N,Y,TX,1HGCG1659XA023297,1999,BLK,HONDA,ACCORD,"PASSENGER CAR, 4-DOOR",N,78516,2,NA,FRONT END (LEFT) DAMAGE PARTIAL CONTACT,DAMAGED 1 MINIMUM,12,NA,NA,NA,N,,,FAILED TO CONTROL SPEED,DRIVER INATTENTION,NA,EAST,Y,0,0,0,2,0,0,0,1,DRIVER,FRONT LEFT,NOT INJURED,32,HISPANIC,MALE,NO,SHOULDER & LAP BELT,NOT DEPLOYED,NOT APPLICABLE,N,NONE,NA,NA,NONE,NOT APPLICABLE,NOT APPLICABLE,,DRIVER LICENSE,Texas,CLASS C,78572
15343251,3,MOTOR VEHICLE,N,Y,UN,,NA,99,UNKNOWN,UNKNOWN,UNKNOWN,N,,2,NA,BACK END DAMAGE DISTRIBUTED IMPACT,NO DAMAGE,8,NA,NA,NA,N,,,NONE,NA,NA,NORTH,N,0,0,0,0,1,0,0,1,DRIVER,FRONT LEFT,NOT INJURED,36,HISPANIC,MALE,NO,SHOULDER & LAP BELT,NOT DEPLOYED,NOT APPLICABLE,N,BLOOD,Negative,0,NONE,NOT APPLICABLE,NOT APPLICABLE,,DRIVER LICENSE,Texas,CLASS C,77017
15343251,3,MOTOR VEHICLE,N,Y,UN,,NA,99,UNKNOWN,UNKNOWN,UNKNOWN,N,,2,NA,BACK END DAMAGE DISTRIBUTED IMPACT,NO DAMAGE,8,NA,NA,NA,N,,,NONE,NA,NA,NORTH,N,0,0,0,0,1,0,0,1,DRIVER,FRONT LEFT,NOT INJURED,36,HISPANIC,MALE,NO,SHOULDER & LAP BELT,NOT DEPLOYED,NOT APPLICABLE,N,BLOOD,Negative,0,NONE,NOT APPLICABLE,NOT APPLICABLE,,DRIVER LICENSE,Texas,CLASS C,77017
15343251,3,MOTOR VEHICLE,N,Y,UN,,NA,99,UNKNOWN,UNKNOWN,UNKNOWN,N,,2,NA,BACK END DAMAGE DISTRIBUTED IMPACT,NO DAMAGE,8,NA,NA,NA,N,,,NONE,NA,NA,NORTH,N,0,0,0,0,1,0,0,1,DRIVER,FRONT LEFT,POSSIBLE INJURY,42,WHITE,MALE,NO,SHOULDER & LAP BELT,NOT DEPLOYED,NOT APPLICABLE,N,NONE,NA,NA,NONE,NOT APPLICABLE,NOT APPLICABLE,,DRIVER LICENSE,Texas,CLASS C,77504
15343251,3,MOTOR VEHICLE,N,Y,UN,,NA,99,UNKNOWN,UNKNOWN,UNKNOWN,N,,2,NA,BACK END DAMAGE DISTRIBUTED IMPACT,NO DAMAGE,8,NA,NA,NA,N,,,NONE,NA,NA,NORTH,N,0,0,0,0,1,0,0,1,DRIVER,FRONT LEFT,POSSIBLE INJURY,42,WHITE,MALE,NO,SHOULDER & LAP BELT,NOT DEPLOYED,NOT APPLICABLE,N,NONE,NA,NA,NONE,NOT APPLICABLE,NOT APPLICABLE,,DRIVER LICENSE,Texas,CLASS C,77504
15369273,1,MOTOR VEHICLE,N,Y,TX,3C3JY45XX7T594737,2007,GRY,CHRYSLER,PT CRUISER,"PASSENGER CAR, 4-DOOR",N,75208,2,NA,RIGHT FRONT QUARTER DAMAGE ANGULAR IMPACT,DAMAGED 2,1,DISTRIBUTED RIGHT SIDE DAMAGE PARALLEL IMPACT,DAMAGED 2,1,Y,WILLIAMS,WILIAMS IMPOUND LOT,DRIVER INATTENTION,HAD BEEN DRINKING,NA,WEST,Y,0,0,0,1,0,0,0,1,DRIVER,FRONT LEFT,NOT INJURED,38,BLACK,FEMALE,NO,SHOULDER & LAP BELT,NOT DEPLOYED,NOT APPLICABLE,N,BLOOD,NA,NA,BLOOD,UNKNOWN,UNKNOWN,,DRIVER LICENSE,Texas,CLASS C,75203
15378066,1,MOTOR VEHICLE,N,Y,UN,1N4AL11D16C252159,2006,99,NISSAN,ALTIMA,UNKNOWN,N,75065,1,PROOF OF LIABILITY INSURANCE,LEFT FRONT QUARTER DAMAGE ANGULAR IMPACT,DAMAGED 3,10,NA,NA,NA,,EDD'S TOWING (817) 431-4569,"708 KATY RD. FT. WORTH, TX 76244",TURNED IMPROPERLY - CUT CORNER ON LEFT,UNDER INFLUENCE - ALCOHOL,NA,SOUTH,Y,0,0,0,1,0,0,0,1,DRIVER,FRONT LEFT,NOT INJURED,28,HISPANIC,FEMALE,NO,SHOULDER & LAP BELT,NOT DEPLOYED,NOT APPLICABLE,N,BREATH,Positive,0.136,NONE,NOT APPLICABLE,NOT APPLICABLE,,DRIVER LICENSE,Texas,CLASS C,75065
15410100,1,MOTOR VEHICLE,N,Y,TX,2GCEC13T761218684,2006,BLU,CHEVROLET,SILVERADO,PICKUP,N,77389,1,PROOF OF LIABILITY INSURANCE,FRONT END DAMAGE DISTRIBUTED IMPACT,DAMAGED 2,12,NA,NA,NA,N,OWNER,OWNER RECOVERED OR RELEASE TO OWNER,UNDER INFLUENCE - ALCOHOL,NA,NA,SOUTHEAST,Y,0,0,0,1,0,0,0,1,DRIVER,FRONT LEFT,NOT INJURED,18,WHITE,MALE,YES,UNKNOWN,NOT DEPLOYED,NOT APPLICABLE,N,BREATH,Positive,0.19,NONE,NOT APPLICABLE,NOT APPLICABLE,,DRIVER LICENSE,Texas,CLASS C,77389
15527529,1,MOTOR VEHICLE,N,Y,TX,1FTYR14D68PB01252,NA,WHI,FORD,RANGER,PICKUP,N,76567,1,PROOF OF LIABILITY INSURANCE,FRONT END (RIGHT)  DAMAGE PARTIAL CONTACT,DAMAGED 1 MINIMUM,3,NA,NA,NA,N,,,DISTRACTION IN VEHICLE,DRIVER INATTENTION,NA,WEST,Y,0,0,0,1,0,0,0,1,DRIVER,FRONT LEFT,NOT INJURED,69,WHITE,MALE,NO,SHOULDER & LAP BELT,"DEPLOYED, FRONT",NOT APPLICABLE,N,NONE,NA,NA,NONE,NOT APPLICABLE,NOT APPLICABLE,,DRIVER LICENSE,Texas,CLASS C,76567
15557996,1,MOTOR VEHICLE,N,Y,TX,3GCPCTE07DG161978,NA,GRY,CHEVROLET,SILVERADO,PICKUP,N,79761,1,PROOF OF LIABILITY INSURANCE,FRONT END (LEFT) DAMAGE PARTIAL CONTACT,DAMAGED 2,12,FRONT END DAMAGE DISTRIBUTED IMPACT,DAMAGED 2,12,N,DRIVEN AWAY,,FAILED TO CONTROL SPEED,NA,NA,WEST,Y,0,0,0,1,0,0,0,1,DRIVER,FRONT LEFT,NOT INJURED,23,WHITE,MALE,NO,UNKNOWN,NOT DEPLOYED,NOT APPLICABLE,N,NONE,NA,NA,NONE,NOT APPLICABLE,NOT APPLICABLE,,DRIVER LICENSE,Texas,CLASS C,
15336839,1,MOTOR VEHICLE,N,Y,UN,,NA,99,CHEVROLET,CAMARO,UNKNOWN,N,76114,2,NA,NA,NA,NA,NA,NA,NA,N,,,CHANGED LANE WHEN UNSAFE,NA,NA,EAST,Y,0,0,0,0,1,0,0,1,DRIVER,FRONT LEFT,POSSIBLE INJURY,35,BLACK,FEMALE,NO,SHOULDER & LAP BELT,NOT DEPLOYED,NOT APPLICABLE,N,NONE,NA,NA,NONE,NOT APPLICABLE,NOT APPLICABLE,,DRIVER LICENSE,Texas,CLASS C AND M,76114
15376923,1,MOTOR VEHICLE,N,Y,TX,2C3CDXHG7EH161271,NA,RED,DODGE,CHARGER,"PASSENGER CAR, 4-DOOR",N,79549,3,PROOF OF LIABILITY INSURANCE,DISTRIBUTED LEFT SIDE DAMAGE PARALLEL IMPACT,DAMAGED 1 MINIMUM,11,NA,NA,NA,Y,BIG SKY TOWING 432-561-8447,"11600 W HWY 80 E, ODESSA, TX 79765",UNDER INFLUENCE - ALCOHOL,FAILED TO DRIVE IN SINGLE LANE,NA,WEST,Y,0,0,0,1,0,0,0,1,DRIVER,FRONT LEFT,NOT INJURED,34,HISPANIC,MALE,NO,UNKNOWN,NOT DEPLOYED,NOT APPLICABLE,N,BLOOD,Positive,0.149,NONE,NOT APPLICABLE,NOT APPLICABLE,,DRIVER LICENSE,Texas,CLASS C,79549
15376923,1,MOTOR VEHICLE,N,Y,TX,2C3CDXHG7EH161271,NA,RED,DODGE,CHARGER,"PASSENGER CAR, 4-DOOR",N,79549,3,PROOF OF LIABILITY INSURANCE,DISTRIBUTED LEFT SIDE DAMAGE PARALLEL IMPACT,DAMAGED 1 MINIMUM,11,NA,NA,NA,Y,BIG SKY TOWING 432-561-8447,"11600 W HWY 80 E, ODESSA, TX 79765",UNDER INFLUENCE - ALCOHOL,FAILED TO DRIVE IN SINGLE LANE,NA,WEST,Y,0,0,0,1,0,0,0,1,DRIVER,FRONT LEFT,NOT INJURED,27,WHITE,FEMALE,NO,SHOULDER & LAP BELT,NOT DEPLOYED,NOT APPLICABLE,N,NONE,NA,NA,NONE,NOT APPLICABLE,NOT APPLICABLE,,DRIVER LICENSE,Texas,CLASS C,79764
15379777,3,MOTOR VEHICLE,N,Y,UN,1G1ZS58F97F256435,2007,99,UNKNOWN,UNKNOWN,UNKNOWN,N,78211,1,LIABILITY INSURANCE POLICY,FRONT END DAMAGE DISTRIBUTED IMPACT,DAMAGED 2,12,NA,NA,NA,,,,DRIVER INATTENTION,FOLLOWED TOO CLOSELY,NA,NORTH,Y,0,0,0,0,1,0,0,1,DRIVER,FRONT LEFT,NOT INJURED,39,HISPANIC,FEMALE,NO,SHOULDER & LAP BELT,NOT DEPLOYED,NOT APPLICABLE,N,NONE,NA,NA,NONE,NOT APPLICABLE,NOT APPLICABLE,,DRIVER LICENSE,Texas,CLASS C,78211
15379777,3,MOTOR VEHICLE,N,Y,UN,1G1ZS58F97F256435,2007,99,UNKNOWN,UNKNOWN,UNKNOWN,N,78211,1,LIABILITY INSURANCE POLICY,FRONT END DAMAGE DISTRIBUTED IMPACT,DAMAGED 2,12,NA,NA,NA,,,,DRIVER INATTENTION,FOLLOWED TOO CLOSELY,NA,NORTH,Y,0,0,0,0,1,0,0,1,DRIVER,FRONT LEFT,NOT INJURED,39,HISPANIC,FEMALE,NO,SHOULDER & LAP BELT,NOT DEPLOYED,NOT APPLICABLE,N,NONE,NA,NA,NONE,NOT APPLICABLE,NOT APPLICABLE,,DRIVER LICENSE,Texas,CLASS C,78211
15402776,1,MOTOR VEHICLE,N,Y,UN,,NA,99,UNKNOWN,UNKNOWN,UNKNOWN,N,,2,NA,FRONT END DAMAGE DISTRIBUTED IMPACT,DAMAGED 2,12,NA,NA,NA,N,,,NA,NA,FAILED TO CONTROL SPEED,WEST,Y,0,0,0,0,1,0,0,1,DRIVER,FRONT LEFT,NOT INJURED,59,WHITE,MALE,NO,SHOULDER & LAP BELT,NOT DEPLOYED,NOT APPLICABLE,N,NONE,NA,NA,NONE,NOT APPLICABLE,NOT APPLICABLE,,DRIVER LICENSE,Texas,CLASS C AND M,77087
15402776,1,MOTOR VEHICLE,N,Y,UN,,NA,99,UNKNOWN,UNKNOWN,UNKNOWN,N,,2,NA,FRONT END DAMAGE DISTRIBUTED IMPACT,DAMAGED 2,12,NA,NA,NA,N,,,NA,NA,FAILED TO CONTROL SPEED,WEST,Y,0,0,0,0,1,0,0,1,DRIVER,FRONT LEFT,NOT INJURED,59,WHITE,MALE,NO,SHOULDER & LAP BELT,NOT DEPLOYED,NOT APPLICABLE,N,NONE,NA,NA,NONE,NOT APPLICABLE,NOT APPLICABLE,,DRIVER LICENSE,Texas,CLASS C AND M,77087
15402776,1,MOTOR VEHICLE,N,Y,UN,,NA,99,UNKNOWN,UNKNOWN,UNKNOWN,N,,2,NA,FRONT END DAMAGE DISTRIBUTED IMPACT,DAMAGED 2,12,NA,NA,NA,N,,,NA,NA,FAILED TO CONTROL SPEED,WEST,Y,0,0,0,0,1,0,0,1,DRIVER,FRONT LEFT,NOT INJURED,67,BLACK,MALE,NO,SHOULDER & LAP BELT,NOT DEPLOYED,NOT APPLICABLE,N,NONE,NA,NA,NONE,NOT APPLICABLE,NOT APPLICABLE,,DRIVER LICENSE,Texas,CLASS B,77095
15402776,1,MOTOR VEHICLE,N,Y,UN,,NA,99,UNKNOWN,UNKNOWN,UNKNOWN,N,,2,NA,FRONT END DAMAGE DISTRIBUTED IMPACT,DAMAGED 2,12,NA,NA,NA,N,,,NA,NA,FAILED TO CONTROL SPEED,WEST,Y,0,0,0,0,1,0,0,1,DRIVER,FRONT LEFT,NOT INJURED,67,BLACK,MALE,NO,SHOULDER & LAP BELT,NOT DEPLOYED,NOT APPLICABLE,N,NONE,NA,NA,NONE,NOT APPLICABLE,NOT APPLICABLE,,DRIVER LICENSE,Texas,CLASS B,77095
15402776,1,MOTOR VEHICLE,N,Y,UN,,NA,99,UNKNOWN,UNKNOWN,UNKNOWN,N,,2,NA,FRONT END DAMAGE DISTRIBUTED IMPACT,DAMAGED 2,12,NA,NA,NA,N,,,NA,NA,FAILED TO CONTROL SPEED,WEST,Y,0,0,0,0,1,0,0,1,DRIVER,FRONT LEFT,NOT INJURED,60,WHITE,MALE,NO,SHOULDER & LAP BELT,"DEPLOYED, FRONT",NOT APPLICABLE,N,NONE,NA,NA,NONE,NOT APPLICABLE,NOT APPLICABLE,,DRIVER LICENSE,Texas,CLASS C,77833
15402776,1,MOTOR VEHICLE,N,Y,UN,,NA,99,UNKNOWN,UNKNOWN,UNKNOWN,N,,2,NA,FRONT END DAMAGE DISTRIBUTED IMPACT,DAMAGED 2,12,NA,NA,NA,N,,,NA,NA,FAILED TO CONTROL SPEED,WEST,Y,0,0,0,0,1,0,0,1,DRIVER,FRONT LEFT,NOT INJURED,60,WHITE,MALE,NO,SHOULDER & LAP BELT,"DEPLOYED, FRONT",NOT APPLICABLE,N,NONE,NA,NA,NONE,NOT APPLICABLE,NOT APPLICABLE,,DRIVER LICENSE,Texas,CLASS C,77833
15503648,1,MOTOR VEHICLE,N,Y,TX,SALTY19474A863596,2004,BLK,LAND ROVER,DISCOVERY,SPORT UTILITY VEHICLE,N,75062,1,PROOF OF LIABILITY INSURANCE,BACK END (LEFT) DAMAGE PARTIAL CONTACT,DAMAGED 1 MINIMUM,7,NA,NA,NA,Y,WALNUT HILL,IRVING IMPOUND,DRIVER INATTENTION,NA,HAD BEEN DRINKING,EAST,Y,0,0,0,1,0,0,0,1,DRIVER,FRONT LEFT,NOT INJURED,31,BLACK,MALE,NO,SHOULDER & LAP BELT,NOT DEPLOYED,NOT APPLICABLE,N,NONE,NA,NA,NONE,NOT APPLICABLE,NOT APPLICABLE,,DRIVER LICENSE,Texas,CLASS C,75062