CRASH_ID,UNIT_NBR,UNIT_DESC_ID,VEH_PARKED_FL,VEH_HNR_FL,VEH_LIC_STATE_ID,VIN,VEH_MOD_YEAR,VEH_COLOR_ID,VEH_MAKE_ID,VEH_MOD_ID,VEH_BODY_STYL_ID,EMER_RESPNDR_FL,OWNR_ZIP,FIN_RESP_PROOF_ID,FIN_RESP_TYPE_ID,VEH_DMAG_AREA_1_ID,VEH_DMAG_SCL_1_ID,FORCE_DIR_1_ID,VEH_DMAG_AREA_2_ID,VEH_DMAG_SCL_2_ID,FORCE_DIR_2_ID,VEH_INVENTORIED_FL,VEH_TRANSP_NAME,VEH_TRANSP_DEST,CONTRIB_FACTR_1_ID,CONTRIB_FACTR_2_ID,CONTRIB_FACTR_P1_ID,VEH_TRVL_DIR_ID,FIRST_HARM_EVT_INV_ID,INCAP_INJRY_CNT,NONINCAP_INJRY_CNT,POSS_INJRY_CNT,NON_INJRY_CNT,UNKN_INJRY_CNT,TOT_INJRY_CNT,DEATH_CNT,PRSN_NBR,PRSN_TYPE_ID,PRSN_OCCPNT_POS_ID,PRSN_INJRY_SEV_ID,PRSN_AGE,PRSN_ETHNICITY_ID,PRSN_GNDR_ID,PRSN_EJCT_ID,PRSN_REST_ID,PRSN_AIRBAG_ID,PRSN_HELMET_ID,PRSN_SOL_FL,PRSN_ALC_SPEC_TYPE_ID,PRSN_ALC_RSLT_ID,PRSN_BAC_TEST_RSLT,PRSN_DRG_SPEC_TYPE_ID,PRSN_DRG_RSLT_ID,DRVR_DRG_CAT_1_ID,PRSN_DEATH_TIME,DRVR_LIC_TYPE_ID,DRVR_LIC_STATE_ID,DRVR_LIC_CLS_ID,DRVR_ZIP
15477990,1,MOTOR VEHICLE,N,Y,UN,,NA,99,JEEP,GRAND CHEROKEE,UNKNOWN,N,,NA,NA,FRONT END (RIGHT)  DAMAGE PARTIAL CONTACT,DAMAGED 1 MINIMUM,1,FRONT END DAMAGE CONCENTRATED IMPACT,DAMAGED 2,12,N,,,BACKED WITHOUT SAFETY,HAD BEEN DRINKING,NA,EAST,Y,0,0,0,0,1,0,0,1,DRIVER,FRONT LEFT,UNKNOWN,25,WHITE,FEMALE,UNKNOWN,UNKNOWN,UNKNOWN,NOT APPLICABLE,N,NONE,NA,NA,NONE,NOT APPLICABLE,NOT APPLICABLE,,DRIVER LICENSE,Texas,CLASS C,79109
15331811,1,MOTOR VEHICLE,N,Y,UN,,NA,RED,UNKNOWN,UNKNOWN,PICKUP,N,,NA,NA,FRONT END DAMAGE DISTRIBUTED IMPACT,DAMAGED 1 MINIMUM,12,NA,NA,NA,N,,,NONE,NA,NA,SOUTH,Y,0,0,0,0,1,0,0,1,DRIVER,FRONT LEFT,POSSIBLE INJURY,42,BLACK,FEMALE,NO,SHOULDER & LAP BELT,"DEPLOYED, FRONT",NOT APPLICABLE,N,NONE,NA,NA,NONE,NOT APPLICABLE,NOT APPLICABLE,,DRIVER LICENSE,Texas,CLASS C,77016
15331811,1,MOTOR VEHICLE,N,Y,UN,,NA,RED,UNKNOWN,UNKNOWN,PICKUP,N,,NA,NA,FRONT END DAMAGE DISTRIBUTED IMPACT,DAMAGED 1 MINIMUM,12,NA,NA,NA,N,,,NONE,NA,NA,SOUTH,Y,0,0,0,0,1,0,0,1,DRIVER,FRONT LEFT,POSSIBLE INJURY,42,BLACK,FEMALE,NO,SHOULDER & LAP BELT,"DEPLOYED, FRONT",NOT APPLICABLE,N,NONE,NA,NA,NONE,NOT APPLICABLE,NOT APPLICABLE,,DRIVER LICENSE,Texas,CLASS C,77016
15354359,1,MOTOR VEHICLE,N,Y,TX,1G1AK55F867625893,2006,SIL,CHEVROLET,COBALT,"PASSENGER CAR, 4-DOOR",N,76028,1,LIABILITY INSURANCE POLICY,FRONT END DAMAGE DISTRIBUTED IMPACT,DAMAGED 5,12,DISTRIBUTED LEFT SIDE DAMAGE PARALLEL IMPACT,DAMAGED 5,9,Y,BOBCAT WRECKER SERVICE,"3505 SPARKS LN CROWLEY, TX 76036",UNDER INFLUENCE - ALCOHOL,NA,NA,WEST,Y,0,0,0,1,0,0,0,1,DRIVER,FRONT LEFT,NOT INJURED,24,HISPANIC,MALE,NO,SHOULDER & LAP BELT,"DEPLOYED, FRONT",NOT APPLICABLE,N,BLOOD,NA,NA,NONE,NOT APPLICABLE,NOT APPLICABLE,,DRIVER LICENSE,Texas,CLASS C,76028
15356206,1,MOTOR VEHICLE,N,Y,TX,1FMCU0J95HUB30662,NA,WHI,FORD,ESCAPE,SPORT UTILITY VEHICLE,N,77032,2,NA,FRONT END DAMAGE DISTRIBUTED IMPACT,DAMAGED 7 HIGHEST,12,RIGHT BACK QUARTER DAMAGE ANGULAR IMPACT,DAMAGED 2,3,N,BEST TOW,6125 INDUSTRIAL WAY BLVD,FLEEING OR EVADING POLICE,NA,NA,WEST,Y,0,0,0,1,0,0,0,1,DRIVER,FRONT LEFT,NOT INJURED,31,BLACK,MALE,NO,UNKNOWN,NOT APPLICABLE,NOT APPLICABLE,N,NONE,NA,NA,NONE,NOT APPLICABLE,NOT APPLICABLE,,DRIVER LICENSE,Texas,CLASS C,77002
15358375,1,MOTOR VEHICLE,N,Y,UN,,NA,99,UNKNOWN,UNKNOWN,UNKNOWN,N,,2,NA,FRONT END (RIGHT)  DAMAGE PARTIAL CONTACT,DAMAGED 1 MINIMUM,12,NA,NA,NA,N,FSGI,,FAILED TO DRIVE IN SINGLE LANE,NA,NA,SOUTHWEST,Y,0,0,0,0,1,0,0,1,DRIVER,FRONT LEFT,NOT INJURED,45,BLACK,MALE,NO,SHOULDER & LAP BELT,NOT DEPLOYED,NOT APPLICABLE,N,NONE,NA,NA,NONE,NOT APPLICABLE,NOT APPLICABLE,,DRIVER LICENSE,Texas,CLASS C,77446
15358375,1,MOTOR VEHICLE,N,Y,UN,,NA,99,UNKNOWN,UNKNOWN,UNKNOWN,N,,2,NA,FRONT END (RIGHT)  DAMAGE PARTIAL CONTACT,DAMAGED 1 MINIMUM,12,NA,NA,NA,N,FSGI,,FAILED TO DRIVE IN SINGLE LANE,NA,NA,SOUTHWEST,Y,0,0,0,0,1,0,0,1,DRIVER,FRONT LEFT,NOT INJURED,45,BLACK,MALE,NO,SHOULDER & LAP BELT,NOT DEPLOYED,NOT APPLICABLE,N,NONE,NA,NA,NONE,NOT APPLICABLE,NOT APPLICABLE,,DRIVER LICENSE,Texas,CLASS C,77446
15400898,1,MOTOR VEHICLE,N,Y,TX,1FTSW21R58EB47946,2006,GRN,FORD,F250,PICKUP,N,78582,1,PROOF OF LIABILITY INSURANCE,FRONT END (RIGHT)  DAMAGE PARTIAL CONTACT,DAMAGED 1 MINIMUM,1,NA,NA,NA,N,,,UNDER INFLUENCE - ALCOHOL,NA,NA,EAST,Y,0,0,0,1,0,0,0,1,DRIVER,FRONT LEFT,NOT INJURED,18,WHITE,MALE,NO,SHOULDER & LAP BELT,NOT DEPLOYED,NOT APPLICABLE,N,BREATH,Negative,0.076,NONE,NOT APPLICABLE,NOT APPLICABLE,,DRIVER LICENSE,Texas,CLASS C,78582
15372414,2,MOTOR VEHICLE,N,Y,NA,,NA,GRN,NA,NA,VAN,N,,NA,NA,NA,NA,NA,NA,NA,NA,N,,,NONE,NA,NA,NORTH,Y,0,0,0,0,0,0,0,1,DRIVER,FRONT LEFT,NOT INJURED,40,WHITE,MALE,NO,SHOULDER & LAP BELT,NOT DEPLOYED,NOT APPLICABLE,N,BREATH,Positive,0.107,NONE,NOT APPLICABLE,NOT APPLICABLE,,DRIVER LICENSE,Texas,CLASS C,75104
15529948,1,MOTOR VEHICLE,N,Y,TX,1FTRW08L81KA83784,2001,TAN,FORD,F150,PICKUP,N,78570,1,PROOF OF LIABILITY INSURANCE,FRONT END DAMAGE DISTRIBUTED IMPACT,DAMAGED 6,NA,NA,NA,NA,N,,,FAILED TO DRIVE IN SINGLE LANE,UNDER INFLUENCE - ALCOHOL,NA,EAST,Y,0,0,0,1,0,0,0,1,DRIVER,FRONT LEFT,NOT INJURED,35,HISPANIC,MALE,NO,SHOULDER & LAP BELT,"DEPLOYED, FRONT",NOT APPLICABLE,N,NONE,NA,NA,NONE,NOT APPLICABLE,NOT APPLICABLE,,COMMERCIAL DRIVER LIC.,Texas,CLASS B AND M,78570
15490509,1,MOTOR VEHICLE,N,Y,TX,1G1ND52J816259159,2001,TAN,CHEVROLET,MALIBU,"PASSENGER CAR, 4-DOOR",N,79366,1,PROOF OF LIABILITY INSURANCE,FRONT END DAMAGE DISTRIBUTED IMPACT,DAMAGED 4,12,NA,NA,NA,N,LUBBOCK WRECKER,LUBBOCK WRECKER  3209 SLATON HWY   806-7,FAILED TO DRIVE IN SINGLE LANE,NA,NA,EAST,Y,0,0,0,1,0,0,0,1,DRIVER,FRONT LEFT,NOT INJURED,22,WHITE,MALE,NO,SHOULDER & LAP BELT,DEPLOYED MULTIPLE,NOT APPLICABLE,N,NONE,NA,NA,NONE,NOT APPLICABLE,NOT APPLICABLE,,DRIVER LICENSE,Texas,CLASS C,79366
15626392,2,MOTOR VEHICLE,N,Y,TX,1HGCP3F82AA003633,NA,SIL,HONDA,ACCORD,"PASSENGER CAR, 4-DOOR",N,77494,1,PROOF OF LIABILITY INSURANCE,BACK END DAMAGE DISTRIBUTED IMPACT,DAMAGED 3,6,NA,NA,NA,N,,,NONE,NA,NA,WEST,Y,0,0,0,1,0,0,0,1,DRIVER,FRONT LEFT,NOT INJURED,21,WHITE,FEMALE,NO,SHOULDER & LAP BELT,"DEPLOYED, FRONT",NOT APPLICABLE,N,BLOOD,NA,NA,NONE,NOT APPLICABLE,NOT APPLICABLE,,DRIVER LICENSE,Texas,CLASS C,77449
15626392,2,MOTOR VEHICLE,N,Y,TX,1HGCP3F82AA003633,NA,SIL,HONDA,ACCORD,"PASSENGER CAR, 4-DOOR",N,77494,1,PROOF OF LIABILITY INSURANCE,BACK END DAMAGE DISTRIBUTED IMPACT,DAMAGED 3,6,NA,NA,NA,N,,,NONE,NA,NA,WEST,Y,0,0,0,1,0,0,0,1,DRIVER,FRONT LEFT,NOT INJURED,20,WHITE,MALE,NO,SHOULDER & LAP BELT,NOT DEPLOYED,NOT APPLICABLE,N,NONE,NA,NA,NONE,NOT APPLICABLE,NOT APPLICABLE,,DRIVER LICENSE,Texas,CLASS C,77494
15442070,2,MOTOR VEHICLE,N,Y,TX,2D4GZ57226H364789,2006,GRY,DODGE,MAGNUM,"PASSENGER CAR, 4-DOOR",N,78589,2,NA,FRONT END DAMAGE DISTRIBUTED IMPACT,DAMAGED 5,12,NA,NA,NA,N,,,FAILED TO CONTROL SPEED,UNDER INFLUENCE - ALCOHOL,NA,EAST,Y,0,0,0,1,0,0,0,1,DRIVER,FRONT LEFT,NOT INJURED,58,HISPANIC,MALE,NO,SHOULDER & LAP BELT,NOT DEPLOYED,NOT APPLICABLE,N,NONE,NA,NA,NONE,NOT APPLICABLE,NOT APPLICABLE,,DRIVER LICENSE,Texas,CLASS C,78589
15442070,2,MOTOR VEHICLE,N,Y,TX,2D4GZ57226H364789,2006,GRY,DODGE,MAGNUM,"PASSENGER CAR, 4-DOOR",N,78589,2,NA,FRONT END DAMAGE DISTRIBUTED IMPACT,DAMAGED 5,12,NA,NA,NA,N,,,FAILED TO CONTROL SPEED,UNDER INFLUENCE - ALCOHOL,NA,EAST,Y,0,0,0,1,0,0,0,1,DRIVER,FRONT LEFT,NOT INJURED,24,HISPANIC,MALE,NO,SHOULDER & LAP BELT,NOT DEPLOYED,NOT APPLICABLE,N,BREATH,Positive,0.099,NONE,NOT APPLICABLE,NOT APPLICABLE,,DRIVER LICENSE,Texas,CLASS C,78589
15502019,2,MOTOR VEHICLE,N,Y,TX,JTDBR32E660079904,2006,SIL,TOYOTA,COROLLA,"PASSENGER CAR, 4-DOOR",N,77801,1,PROOF OF LIABILITY INSURANCE,DISTRIBUTED LEFT SIDE DAMAGE PARALLEL IMPACT,DAMAGED 1 MINIMUM,9,NA,NA,NA,N,NOT TOWED,,CHANGED LANE WHEN UNSAFE,NA,DRIVER INATTENTION,WEST,Y,0,0,0,1,0,0,0,1,DRIVER,FRONT LEFT,NOT INJURED,30,BLACK,MALE,NO,SHOULDER & LAP BELT,NOT DEPLOYED,NOT APPLICABLE,N,NONE,NA,NA,NONE,NOT APPLICABLE,NOT APPLICABLE,,DRIVER LICENSE,Texas,CLASS C,77802
15502019,1,MOTOR VEHICLE,N,Y,TX,1G11F5SL5FF144049,NA,GRY,CHEVROLET,MALIBU,"PASSENGER CAR, 4-DOOR",N,77802,1,PROOF OF LIABILITY INSURANCE,DISTRIBUTED RIGHT SIDE DAMAGE PARALLEL IMPACT,DAMAGED 2,3,NA,NA,NA,N,NOT TOWED,,NONE,NA,NA,WEST,Y,0,0,0,1,0,0,0,1,DRIVER,FRONT LEFT,NOT INJURED,30,BLACK,MALE,NO,SHOULDER & LAP BELT,NOT DEPLOYED,NOT APPLICABLE,N,NONE,NA,NA,NONE,NOT APPLICABLE,NOT APPLICABLE,,DRIVER LICENSE,Texas,CLASS C,77802
15502019,2,MOTOR VEHICLE,N,Y,TX,JTDBR32E660079904,2006,SIL,TOYOTA,COROLLA,"PASSENGER CAR, 4-DOOR",N,77801,1,PROOF OF LIABILITY INSURANCE,DISTRIBUTED LEFT SIDE DAMAGE PARALLEL IMPACT,DAMAGED 1 MINIMUM,9,NA,NA,NA,N,NOT TOWED,,CHANGED LANE WHEN UNSAFE,NA,DRIVER INATTENTION,WEST,Y,0,0,0,1,0,0,0,1,DRIVER,FRONT LEFT,NOT INJURED,54,WHITE,MALE,NO,SHOULDER & LAP BELT,NOT DEPLOYED,NOT APPLICABLE,N,NONE,NA,NA,NONE,NOT APPLICABLE,NOT APPLICABLE,,DRIVER LICENSE,Texas,CLASS C,77801
15502019,1,MOTOR VEHICLE,N,Y,TX,1G11F5SL5FF144049,NA,GRY,CHEVROLET,MALIBU,"PASSENGER CAR, 4-DOOR",N,77802,1,PROOF OF LIABILITY INSURANCE,DISTRIBUTED RIGHT SIDE DAMAGE PARALLEL IMPACT,DAMAGED 2,3,NA,NA,NA,N,NOT TOWED,,NONE,NA,NA,WEST,Y,0,0,0,1,0,0,0,1,DRIVER,FRONT LEFT,NOT INJURED,54,WHITE,MALE,NO,SHOULDER & LAP BELT,NOT DEPLOYED,NOT APPLICABLE,N,NONE,NA,NA,NONE,NOT APPLICABLE,NOT APPLICABLE,,DRIVER LICENSE,Texas,CLASS C,77801
15328956,1,MOTOR VEHICLE,N,Y,TX,1GCGC23R3YF512792,2000,BLU,CHEVROLET,SILVERADO,PICKUP,N,78414,1,PROOF OF LIABILITY INSURANCE,RIGHT FRONT QUARTER DAMAGE ANGULAR IMPACT,DAMAGED 1 MINIMUM,1,NA,NA,NA,N,DRIVER,DRIVEN AWAY,CHANGED LANE WHEN UNSAFE,FAILED TO CONTROL SPEED,NA,NORTHEAST,Y,0,0,0,1,0,0,0,1,DRIVER,FRONT LEFT,NOT INJURED,46,WHITE,MALE,NO,SHOULDER & LAP BELT,NOT DEPLOYED,NOT APPLICABLE,N,NONE,NA,NA,NONE,NOT APPLICABLE,NOT APPLICABLE,,COMMERCIAL DRIVER LIC.,Texas,CLASS A AND M,78414
15328956,1,MOTOR VEHICLE,N,Y,TX,1GCGC23R3YF512792,2000,BLU,CHEVROLET,SILVERADO,PICKUP,N,78414,1,PROOF OF LIABILITY INSURANCE,RIGHT FRONT QUARTER DAMAGE ANGULAR IMPACT,DAMAGED 1 MINIMUM,1,NA,NA,NA,N,DRIVER,DRIVEN AWAY,CHANGED LANE WHEN UNSAFE,FAILED TO CONTROL SPEED,NA,NORTHEAST,Y,0,0,0,1,0,0,0,1,DRIVER,FRONT LEFT,NOT INJURED,26,HISPANIC,FEMALE,NO,SHOULDER & LAP BELT,NOT DEPLOYED,NOT APPLICABLE,N,NONE,NA,NA,NONE,NOT APPLICABLE,NOT APPLICABLE,,DRIVER LICENSE,Texas,CLASS C,78414
15377018,1,MOTOR VEHICLE,N,Y,TX,3D7HA18Z22G185925,2002,WHI,DODGE,RAM TRUCK 1500,PICKUP,N,75666,1,PROOF OF LIABILITY INSURANCE,FRONT END (LEFT) DAMAGE PARTIAL CONTACT,DAMAGED 2,11,NA,NA,NA,N,,,DISREGARD STOP SIGN OR LIGHT,FAILED TO YIELD ROW - STOP SIGN,SPEEDING - (OVERLIMIT),EAST,Y,0,0,0,1,0,0,0,1,DRIVER,FRONT LEFT,NON-INCAPACITATING INJURY,19,HISPANIC,MALE,NO,SHOULDER & LAP BELT,NOT DEPLOYED,NOT APPLICABLE,N,NONE,NA,NA,NONE,NOT APPLICABLE,NOT APPLICABLE,,DRIVER LICENSE,Texas,CLASS C,75662
15324745,1,MOTOR VEHICLE,N,Y,TX,1G6KD57Y76U117701,2006,WHI,CADILLAC,UNKNOWN,"PASSENGER CAR, 4-DOOR",N,79080,1,PROOF OF LIABILITY INSURANCE,FRONT END (RIGHT)  DAMAGE PARTIAL CONTACT,DAMAGED 2,10,NA,NA,NA,N,JWS COLLISION REPAIR,100 S. CEDAR,TAKING MEDICATION (EXPLAIN IN NARRATIVE),FAULTY EVASIVE ACTION,NA,SOUTH,Y,0,0,0,1,0,0,0,1,DRIVER,FRONT LEFT,NOT INJURED,54,WHITE,MALE,NO,SHOULDER & LAP BELT,NOT DEPLOYED,NOT APPLICABLE,N,BLOOD,NA,NA,BLOOD,UNKNOWN,UNKNOWN,,COMMERCIAL DRIVER LIC.,Texas,CLASS A,79080
15473727,3,MOTOR VEHICLE,N,Y,MX,,NA,GLD,FORD,F150,PICKUP,N,,2,NA,NA,NA,NA,NA,NA,NA,N,,,NONE,NA,NA,NORTH,N,0,0,0,0,1,0,0,1,DRIVER,FRONT LEFT,NOT INJURED,48,HISPANIC,MALE,NO,SHOULDER & LAP BELT,NOT DEPLOYED,NOT APPLICABLE,N,NONE,NA,NA,NONE,NOT APPLICABLE,NOT APPLICABLE,,DRIVER LICENSE,Texas,CLASS B,78041
15507963,1,MOTOR VEHICLE,N,Y,TX,1GNES13H762212986,2006,BLK,CHEVROLET,TRAILBLAZER,SPORT UTILITY VEHICLE,N,79762,1,LIABILITY INSURANCE POLICY,FRONT END (RIGHT)  DAMAGE PARTIAL CONTACT,DAMAGED 2,12,NA,NA,NA,N,,,UNDER INFLUENCE - ALCOHOL,FAILED TO CONTROL SPEED,ROAD RAGE,NORTH,Y,0,0,0,0,1,0,0,1,DRIVER,FRONT LEFT,UNKNOWN,24,WHITE,MALE,NO,UNKNOWN,UNKNOWN,NOT APPLICABLE,N,BREATH,Positive,0.211,NONE,NOT APPLICABLE,NOT APPLICABLE,,DRIVER LICENSE,Texas,CLASS C,79766
15387650,1,MOTOR VEHICLE,N,Y,TX,3G5DA03E15S566455,2005,BGE,BUICK,RENDEZVOUS,SPORT UTILITY VEHICLE,N,78043,1,LIABILITY INSURANCE POLICY,FRONT END DAMAGE DISTRIBUTED IMPACT,DAMAGED 4,12,NA,NA,NA,Y,GRACE GONZALEZ,8906 FM 1492,OTHER (EXPLAIN IN NARRATIVE),NA,NA,WEST,Y,0,0,0,1,0,0,0,1,DRIVER,FRONT LEFT,NOT INJURED,20,HISPANIC,MALE,NO,SHOULDER & LAP BELT,NOT DEPLOYED,NOT APPLICABLE,N,NONE,NA,NA,NONE,NOT APPLICABLE,NOT APPLICABLE,,DRIVER LICENSE,Texas,CLASS C,78040
15443021,1,MOTOR VEHICLE,N,Y,TX,KMHDU46D27U034477,2007,GRY,HYUNDAI,ELANTRA,"PASSENGER CAR, 4-DOOR",N,78254,1,LIABILITY INSURANCE POLICY,DISTRIBUTED RIGHT SIDE DAMAGE PARALLEL IMPACT,DAMAGED 1 MINIMUM,1,NA,NA,NA,Y,CONTRACT,GROWDON,UNDER INFLUENCE - ALCOHOL,FAILED TO PASS TO LEFT SAFELY,NA,EAST,Y,0,0,0,1,0,0,0,1,DRIVER,FRONT LEFT,NOT INJURED,22,HISPANIC,FEMALE,NO,SHOULDER & LAP BELT,NOT DEPLOYED,NOT APPLICABLE,N,BREATH,Positive,0.223,NONE,NOT APPLICABLE,NOT APPLICABLE,,DRIVER LICENSE,Texas,CLASS A,78254
15443021,1,MOTOR VEHICLE,N,Y,TX,KMHDU46D27U034477,2007,GRY,HYUNDAI,ELANTRA,"PASSENGER CAR, 4-DOOR",N,78254,1,LIABILITY INSURANCE POLICY,DISTRIBUTED RIGHT SIDE DAMAGE PARALLEL IMPACT,DAMAGED 1 MINIMUM,1,NA,NA,NA,Y,CONTRACT,GROWDON,UNDER INFLUENCE - ALCOHOL,FAILED TO PASS TO LEFT SAFELY,NA,EAST,Y,0,0,0,1,0,0,0,1,DRIVER OF MOTORCYCLE TYPE VEHICLE,FRONT LEFT,NON-INCAPACITATING INJURY,21,WHITE,MALE,NOT APPLICABLE,NOT APPLICABLE,NOT APPLICABLE,"WORN, DAMAGED",N,NONE,NA,NA,NONE,NOT APPLICABLE,NOT APPLICABLE,,DRIVER LICENSE,Texas,CLASS C,78212
15467894,1,MOTOR VEHICLE,N,Y,TX,WBABW53444PL42077,2004,99,BMW,330,"PASSENGER CAR, 2-DOOR",N,75061,1,PROOF OF LIABILITY INSURANCE,FRONT END (RIGHT)  DAMAGE PARTIAL CONTACT,DAMAGED 4,1,NA,NA,NA,Y,WALNUT HILL WRECKER SERVICE,IRVING AUTO POUND,FAILED TO DRIVE IN SINGLE LANE,NA,NA,SOUTH,Y,0,0,0,1,0,0,0,1,DRIVER,FRONT LEFT,NOT INJURED,23,HISPANIC,MALE,NO,SHOULDER & LAP BELT,"DEPLOYED, FRONT",NOT APPLICABLE,N,NONE,NA,NA,NONE,NOT APPLICABLE,NOT APPLICABLE,,DRIVER LICENSE,Texas,CLASS C,75061
15513702,1,MOTOR VEHICLE,N,Y,TX,2C3CDXBG0FH731427,NA,GRY,DODGE,CHARGER,"PASSENGER CAR, 4-DOOR",N,79915,2,NA,FRONT END (RIGHT)  DAMAGE PARTIAL CONTACT,DAMAGED 4,12,RIGHT FRONT QUARTER DAMAGE ANGULAR IMPACT,DAMAGED 4,2,N,DRIVER,TRAFFIC,NA,NA,FAULTY EVASIVE ACTION,WEST,Y,0,0,0,1,0,0,0,1,DRIVER,FRONT LEFT,NOT INJURED,34,HISPANIC,MALE,NO,SHOULDER & LAP BELT,NOT DEPLOYED,NOT APPLICABLE,N,NONE,NA,NA,NONE,NOT APPLICABLE,NOT APPLICABLE,,COMMERCIAL DRIVER LIC.,Texas,CLASS A,79915
15421473,1,MOTOR VEHICLE,N,Y,TX,1GTHC29K97E559814,2007,WHI,GMC,C2500,PICKUP,N,77331,1,PROOF OF LIABILITY INSURANCE,DISTRIBUTED RIGHT SIDE DAMAGE PARALLEL IMPACT,DAMAGED 2,1,FRONT END (LEFT) DAMAGE PARTIAL CONTACT,DAMAGED 1 MINIMUM,12,N,,,FAILED TO PASS TO RIGHT SAFELY,NA,TAKING MEDICATION (EXPLAIN IN NARRATIVE),SOUTH,Y,0,0,0,1,0,0,0,1,DRIVER,FRONT LEFT,NOT INJURED,62,WHITE,MALE,NOT APPLICABLE,SHOULDER & LAP BELT,NOT DEPLOYED,NOT APPLICABLE,N,NONE,NA,NA,NONE,NOT APPLICABLE,NOT APPLICABLE,,DRIVER LICENSE,Texas,CLASS C AND M,77331
15421473,1,MOTOR VEHICLE,N,Y,TX,1GTHC29K97E559814,2007,WHI,GMC,C2500,PICKUP,N,77331,1,PROOF OF LIABILITY INSURANCE,DISTRIBUTED RIGHT SIDE DAMAGE PARALLEL IMPACT,DAMAGED 2,1,FRONT END (LEFT) DAMAGE PARTIAL CONTACT,DAMAGED 1 MINIMUM,12,N,,,FAILED TO PASS TO RIGHT SAFELY,NA,TAKING MEDICATION (EXPLAIN IN NARRATIVE),SOUTH,Y,0,0,0,1,0,0,0,1,DRIVER,FRONT LEFT,NON-INCAPACITATING INJURY,47,BLACK,FEMALE,NO,SHOULDER & LAP BELT,NOT DEPLOYED,NOT APPLICABLE,N,NONE,NA,NA,NONE,NOT APPLICABLE,NOT APPLICABLE,,DRIVER LICENSE,Texas,CLASS C,77358
15472350,1,MOTOR VEHICLE,N,Y,TX,3N1AB61E87L703048,2007,GRY,NISSAN,SENTRA,"PASSENGER CAR, 4-DOOR",N,75023,1,PROOF OF LIABILITY INSURANCE,RIGHT SIDE DAMAGE ANGULAR IMPACT,DAMAGED 2,4,NA,NA,NA,N,,,FAILED TO YIELD ROW - TURNING LEFT,UNDER INFLUENCE - ALCOHOL,NA,NORTH,Y,0,0,1,0,0,1,0,1,DRIVER,FRONT LEFT,POSSIBLE INJURY,52,WHITE,FEMALE,NO,UNKNOWN,"DEPLOYED, SIDE",NOT APPLICABLE,N,BLOOD,Positive,0.36,BLOOD,NOT APPLICABLE,NOT APPLICABLE,,DRIVER LICENSE,Texas,CLASS C,75023
15472350,1,MOTOR VEHICLE,N,Y,TX,3N1AB61E87L703048,2007,GRY,NISSAN,SENTRA,"PASSENGER CAR, 4-DOOR",N,75023,1,PROOF OF LIABILITY INSURANCE,RIGHT SIDE DAMAGE ANGULAR IMPACT,DAMAGED 2,4,NA,NA,NA,N,,,FAILED TO YIELD ROW - TURNING LEFT,UNDER INFLUENCE - ALCOHOL,NA,NORTH,Y,0,0,1,0,0,1,0,1,DRIVER,FRONT LEFT,NOT INJURED,45,BLACK,FEMALE,NO,SHOULDER & LAP BELT,NOT DEPLOYED,NOT APPLICABLE,N,NONE,NA,NA,NONE,NOT APPLICABLE,NOT APPLICABLE,,DRIVER LICENSE,Texas,CLASS C,75067
15322609,2,MOTOR VEHICLE,N,Y,UN,,NA,99,NA,NA,UNKNOWN,N,,NA,NA,FRONT END DAMAGE DISTRIBUTED IMPACT,DAMAGED 3,NA,BACK END DAMAGE DISTRIBUTED IMPACT,DAMAGED 2,NA,,,,FOLLOWED TOO CLOSELY,NA,NA,EAST,Y,0,0,0,0,1,0,0,1,DRIVER,FRONT LEFT,NOT INJURED,44,BLACK,MALE,NO,SHOULDER & LAP BELT,NOT DEPLOYED,NOT APPLICABLE,N,NONE,NA,NA,NONE,NOT APPLICABLE,NOT APPLICABLE,,DRIVER LICENSE,Texas,CLASS C,75216
15322609,1,MOTOR VEHICLE,N,Y,TX,JN1CA21DXXM419575,1999,GLD,NISSAN,MAXIMA,"PASSENGER CAR, 4-DOOR",N,75216,2,NA,BACK END DAMAGE DISTRIBUTED IMPACT,DAMAGED 5,6,NA,NA,NA,Y,CONTRACT WRECKER,"1955 VILBIG, DALLAS, TEXAS",NONE,NA,NA,EAST,Y,0,0,0,1,0,0,0,1,DRIVER,FRONT LEFT,NOT INJURED,44,BLACK,MALE,NO,SHOULDER & LAP BELT,NOT DEPLOYED,NOT APPLICABLE,N,NONE,NA,NA,NONE,NOT APPLICABLE,NOT APPLICABLE,,DRIVER LICENSE,Texas,CLASS C,75216
15322609,2,MOTOR VEHICLE,N,Y,UN,,NA,99,NA,NA,UNKNOWN,N,,NA,NA,FRONT END DAMAGE DISTRIBUTED IMPACT,DAMAGED 3,NA,BACK END DAMAGE DISTRIBUTED IMPACT,DAMAGED 2,NA,,,,FOLLOWED TOO CLOSELY,NA,NA,EAST,Y,0,0,0,0,1,0,0,1,DRIVER,FRONT LEFT,NOT INJURED,39,BLACK,MALE,NO,SHOULDER & LAP BELT,NOT DEPLOYED,NOT APPLICABLE,N,NONE,NA,NA,NONE,NOT APPLICABLE,NOT APPLICABLE,,DRIVER LICENSE,Texas,CLASS C,75231