CRASH_ID,UNIT_NBR,UNIT_DESC_ID,VEH_PARKED_FL,VEH_HNR_FL,VEH_LIC_STATE_ID,VIN,VEH_MOD_YEAR,VEH_COLOR_ID,VEH_MAKE_ID,VEH_MOD_ID,VEH_BODY_STYL_ID,EMER_RESPNDR_FL,OWNR_ZIP,FIN_RESP_PROOF_ID,FIN_RESP_TYPE_ID,VEH_DMAG_AREA_1_ID,VEH_DMAG_SCL_1_ID,FORCE_DIR_1_ID,VEH_DMAG_AREA_2_ID,VEH_DMAG_SCL_2_ID,FORCE_DIR_2_ID,VEH_INVENTORIED_FL,VEH_TRANSP_NAME,VEH_TRANSP_DEST,CONTRIB_FACTR_1_ID,CONTRIB_FACTR_2_ID,CONTRIB_FACTR_P1_ID,VEH_TRVL_DIR_ID,FIRST_HARM_EVT_INV_ID,INCAP_INJRY_CNT,NONINCAP_INJRY_CNT,POSS_INJRY_CNT,NON_INJRY_CNT,UNKN_INJRY_CNT,TOT_INJRY_CNT,DEATH_CNT,PRSN_NBR,PRSN_TYPE_ID,PRSN_OCCPNT_POS_ID,PRSN_INJRY_SEV_ID,PRSN_AGE,PRSN_ETHNICITY_ID,PRSN_GNDR_ID,PRSN_EJCT_ID,PRSN_REST_ID,PRSN_AIRBAG_ID,PRSN_HELMET_ID,PRSN_SOL_FL,PRSN_ALC_SPEC_TYPE_ID,PRSN_ALC_RSLT_ID,PRSN_BAC_TEST_RSLT,PRSN_DRG_SPEC_TYPE_ID,PRSN_DRG_RSLT_ID,DRVR_DRG_CAT_1_ID,PRSN_DEATH_TIME,DRVR_LIC_TYPE_ID,DRVR_LIC_STATE_ID,DRVR_LIC_CLS_ID,DRVR_ZIP
15440278,2,MOTOR VEHICLE,N,Y,TX,1GCRCREC8GZ147761,NA,WHI,CHEVROLET,SILVERADO,PICKUP,N,77379,1,PROOF OF LIABILITY INSURANCE,FRONT END (RIGHT)  DAMAGE PARTIAL CONTACT,DAMAGED 2,NA,NA,NA,NA,Y,CHAMPIONS POINT WRECKER,"10910 FM 2920 #A, TOMBALL, TX 77375",UNDER INFLUENCE - ALCOHOL,DISREGARD STOP AND GO SIGNAL,NA,WEST,Y,0,0,1,0,0,1,0,1,DRIVER,FRONT LEFT,POSSIBLE INJURY,31,HISPANIC,MALE,NO,SHOULDER & LAP BELT,"DEPLOYED, SIDE",NOT APPLICABLE,N,BREATH,Positive,0.135,NONE,NOT APPLICABLE,NOT APPLICABLE,,DRIVER LICENSE,Texas,CLASS C,77379
15451199,1,MOTOR VEHICLE,N,Y,UN,2GCEC19R8T1182804,1996,99,CHEVROLET,SILVERADO,UNKNOWN,N,78577,3,PROOF OF LIABILITY INSURANCE,FRONT END (LEFT) DAMAGE PARTIAL CONTACT,DAMAGED 3,NA,NA,NA,NA,N,COLLISION WRECKER (956) 787-4300,"310 E. EL DORA RD. PHARR, TX. 78577",FAILED TO CONTROL SPEED,NA,NA,WEST,Y,0,0,0,0,1,0,0,1,DRIVER,FRONT LEFT,NOT INJURED,72,WHITE,MALE,NO,SHOULDER & LAP BELT,NOT DEPLOYED,NOT APPLICABLE,N,NONE,NA,NA,NONE,NOT APPLICABLE,NOT APPLICABLE,,DRIVER LICENSE,Texas,CLASS C,78537
15459280,1,MOTOR VEHICLE,N,Y,TX,1FMDU34X0RUA48551,1994,RED,FORD,EXPEDITION,UNKNOWN,N,78586,1,LIABILITY INSURANCE POLICY,FRONT END (RIGHT)  DAMAGE PARTIAL CONTACT,DAMAGED 4,1,RIGHT FRONT QUARTER DAMAGE ANGULAR IMPACT,DAMAGED 4,2,,PIGGY BACK TOWING,"1555 S SAM HOUSTON ST SAN BENITO, TX",FAILED TO CONTROL SPEED,HAD BEEN DRINKING,NA,SOUTHWEST,Y,0,0,0,1,0,0,0,1,DRIVER,FRONT LEFT,NOT INJURED,46,HISPANIC,MALE,NO,SHOULDER & LAP BELT,NOT DEPLOYED,NOT APPLICABLE,N,BREATH,Positive,0.14,NONE,NOT APPLICABLE,NOT APPLICABLE,,DRIVER LICENSE,Mexico,OTHER/OUT OF STATE,78586
15477082,1,MOTOR VEHICLE,N,Y,UN,1GCEC14X95Z191799,2005,99,CHEVROLET,C1500,UNKNOWN,N,75060,1,PROOF OF LIABILITY INSURANCE,FRONT END (RIGHT)  DAMAGE PARTIAL CONTACT,DAMAGED 6,11,NA,NA,NA,Y,WALNUT HILL,IRVING POUND,FAILED TO CONTROL SPEED,DRIVER INATTENTION,NA,SOUTH,Y,0,0,0,1,0,0,0,1,DRIVER,FRONT LEFT,NOT INJURED,41,HISPANIC,MALE,NO,SHOULDER & LAP BELT,"DEPLOYED, FRONT",NOT APPLICABLE,N,NONE,NA,NA,NONE,NOT APPLICABLE,NOT APPLICABLE,,DRIVER LICENSE,Texas,CLASS C,75060
15437919,1,MOTOR VEHICLE,N,Y,TX,1G11C5SL9FF348619,NA,SIL,CHEVROLET,MALIBU,"PASSENGER CAR, 4-DOOR",N,77066,1,PROOF OF LIABILITY INSURANCE,RIGHT FRONT QUARTER DAMAGE ANGULAR IMPACT,DAMAGED 1 MINIMUM,2,LEFT FRONT QUARTER DAMAGE ANGULAR IMPACT,DAMAGED 1 MINIMUM,10,N,NOT TOWED,NOT TOWED,FAILED TO DRIVE IN SINGLE LANE,NA,NA,SOUTHEAST,Y,0,0,0,1,0,0,0,1,DRIVER,FRONT LEFT,NOT INJURED,24,HISPANIC,FEMALE,NO,SHOULDER & LAP BELT,NOT DEPLOYED,NOT APPLICABLE,N,NONE,NA,NA,NONE,NOT APPLICABLE,NOT APPLICABLE,,DRIVER LICENSE,Texas,CLASS C,77066
15437919,1,MOTOR VEHICLE,N,Y,TX,1G11C5SL9FF348619,NA,SIL,CHEVROLET,MALIBU,"PASSENGER CAR, 4-DOOR",N,77066,1,PROOF OF LIABILITY INSURANCE,RIGHT FRONT QUARTER DAMAGE ANGULAR IMPACT,DAMAGED 1 MINIMUM,2,LEFT FRONT QUARTER DAMAGE ANGULAR IMPACT,DAMAGED 1 MINIMUM,10,N,NOT TOWED,NOT TOWED,FAILED TO DRIVE IN SINGLE LANE,NA,NA,SOUTHEAST,Y,0,0,0,1,0,0,0,1,DRIVER,FRONT LEFT,NOT INJURED,45,HISPANIC,MALE,NO,SHOULDER & LAP BELT,NOT DEPLOYED,NOT APPLICABLE,N,NONE,NA,NA,NONE,NOT APPLICABLE,NOT APPLICABLE,,DRIVER LICENSE,Texas,CLASS C,77086
15454116,3,MOTOR VEHICLE,N,Y,TX,2G1WB57KX91108595,NA,WHI,CHEVROLET,IMPALA,"PASSENGER CAR, 4-DOOR",N,78228,2,NA,RIGHT SIDE DAMAGE ANGULAR IMPACT,DAMAGED 4,4,LEFT SIDE DAMAGE ANGULAR IMPACT,DAMAGED 4,9,N,CONTRACT WRECKER,GROWDEN,FAILED TO YIELD ROW - TURNING LEFT,FAILED TO CONTROL SPEED,DISTRACTION IN VEHICLE,SOUTHWEST,Y,0,0,0,0,1,0,0,1,DRIVER,FRONT LEFT,NOT INJURED,42,HISPANIC,FEMALE,NO,SHOULDER & LAP BELT,DEPLOYED MULTIPLE,NOT APPLICABLE,N,NONE,NA,NA,NONE,NOT APPLICABLE,NOT APPLICABLE,,DRIVER LICENSE,Texas,CLASS C,78250
15454116,3,MOTOR VEHICLE,N,Y,TX,2G1WB57KX91108595,NA,WHI,CHEVROLET,IMPALA,"PASSENGER CAR, 4-DOOR",N,78228,2,NA,RIGHT SIDE DAMAGE ANGULAR IMPACT,DAMAGED 4,4,LEFT SIDE DAMAGE ANGULAR IMPACT,DAMAGED 4,9,N,CONTRACT WRECKER,GROWDEN,FAILED TO YIELD ROW - TURNING LEFT,FAILED TO CONTROL SPEED,DISTRACTION IN VEHICLE,SOUTHWEST,Y,0,0,0,0,1,0,0,1,DRIVER,FRONT LEFT,NOT INJURED,65,HISPANIC,MALE,NO,SHOULDER & LAP BELT,"DEPLOYED, FRONT",NOT APPLICABLE,N,NONE,NA,NA,NONE,NOT APPLICABLE,NOT APPLICABLE,,DRIVER LICENSE,Texas,CLASS C,78230
15371443,4,MOTOR VEHICLE,N,Y,UN,,NA,GRN,UNKNOWN,UNKNOWN,PICKUP,N,,2,NA,BACK END DAMAGE DISTRIBUTED IMPACT,DAMAGED 2,6,NA,NA,NA,N,,,NONE,NA,NA,WEST,N,0,0,0,0,2,0,0,1,DRIVER,FRONT LEFT,NOT INJURED,46,OTHER,FEMALE,NO,SHOULDER & LAP BELT,NOT DEPLOYED,NOT APPLICABLE,N,NONE,NA,NA,NONE,NOT APPLICABLE,NOT APPLICABLE,,DRIVER LICENSE,Texas,CLASS C,77530
15371443,4,MOTOR VEHICLE,N,Y,UN,,NA,GRN,UNKNOWN,UNKNOWN,PICKUP,N,,2,NA,BACK END DAMAGE DISTRIBUTED IMPACT,DAMAGED 2,6,NA,NA,NA,N,,,NONE,NA,NA,WEST,N,0,0,0,0,2,0,0,1,DRIVER,FRONT LEFT,NOT INJURED,46,OTHER,FEMALE,NO,SHOULDER & LAP BELT,NOT DEPLOYED,NOT APPLICABLE,N,NONE,NA,NA,NONE,NOT APPLICABLE,NOT APPLICABLE,,DRIVER LICENSE,Texas,CLASS C,77530
15371443,4,MOTOR VEHICLE,N,Y,UN,,NA,GRN,UNKNOWN,UNKNOWN,PICKUP,N,,2,NA,BACK END DAMAGE DISTRIBUTED IMPACT,DAMAGED 2,6,NA,NA,NA,N,,,NONE,NA,NA,WEST,N,0,0,0,0,2,0,0,1,DRIVER,FRONT LEFT,NOT INJURED,33,WHITE,FEMALE,NO,SHOULDER & LAP BELT,NOT DEPLOYED,NOT APPLICABLE,N,NONE,NA,NA,NONE,NOT APPLICABLE,NOT APPLICABLE,,DRIVER LICENSE,Texas,CLASS C,77015
15371443,4,MOTOR VEHICLE,N,Y,UN,,NA,GRN,UNKNOWN,UNKNOWN,PICKUP,N,,2,NA,BACK END DAMAGE DISTRIBUTED IMPACT,DAMAGED 2,6,NA,NA,NA,N,,,NONE,NA,NA,WEST,N,0,0,0,0,2,0,0,1,DRIVER,FRONT LEFT,NOT INJURED,33,WHITE,FEMALE,NO,SHOULDER & LAP BELT,NOT DEPLOYED,NOT APPLICABLE,N,NONE,NA,NA,NONE,NOT APPLICABLE,NOT APPLICABLE,,DRIVER LICENSE,Texas,CLASS C,77015
15371443,4,MOTOR VEHICLE,N,Y,UN,,NA,GRN,UNKNOWN,UNKNOWN,PICKUP,N,,2,NA,BACK END DAMAGE DISTRIBUTED IMPACT,DAMAGED 2,6,NA,NA,NA,N,,,NONE,NA,NA,WEST,N,0,0,0,0,2,0,0,1,DRIVER,FRONT LEFT,NOT INJURED,53,BLACK,FEMALE,NO,SHOULDER & LAP BELT,NOT DEPLOYED,NOT APPLICABLE,N,NONE,NA,NA,NONE,NOT APPLICABLE,NOT APPLICABLE,,DRIVER LICENSE,Texas,CLASS C,77707
15371443,4,MOTOR VEHICLE,N,Y,UN,,NA,GRN,UNKNOWN,UNKNOWN,PICKUP,N,,2,NA,BACK END DAMAGE DISTRIBUTED IMPACT,DAMAGED 2,6,NA,NA,NA,N,,,NONE,NA,NA,WEST,N,0,0,0,0,2,0,0,1,DRIVER,FRONT LEFT,NOT INJURED,53,BLACK,FEMALE,NO,SHOULDER & LAP BELT,NOT DEPLOYED,NOT APPLICABLE,N,NONE,NA,NA,NONE,NOT APPLICABLE,NOT APPLICABLE,,DRIVER LICENSE,Texas,CLASS C,77707
15387591,1,MOTOR VEHICLE,N,Y,UN,2G1WF52E559104505,2005,99,CHEVROLET,IMPALA,UNKNOWN,N,76517,1,PROOF OF LIABILITY INSURANCE,FRONT END DAMAGE CONCENTRATED IMPACT,DAMAGED 2,1,NA,NA,NA,Y,EAGLE TOWING/RECOVERY: 512-255-4441,"710 S. IH-35 ROUND ROCK, TX 78681",FAILED TO DRIVE IN SINGLE LANE,NA,CHANGED LANE WHEN UNSAFE,WEST,Y,0,0,0,1,0,0,0,1,DRIVER,FRONT LEFT,NOT INJURED,27,HISPANIC,FEMALE,NO,SHOULDER & LAP BELT,NOT DEPLOYED,NOT APPLICABLE,N,BREATH,Positive,0.11,NONE,NOT APPLICABLE,NOT APPLICABLE,,DRIVER LICENSE,Texas,CLASS C,78665
15387591,1,MOTOR VEHICLE,N,Y,UN,2G1WF52E559104505,2005,99,CHEVROLET,IMPALA,UNKNOWN,N,76517,1,PROOF OF LIABILITY INSURANCE,FRONT END DAMAGE CONCENTRATED IMPACT,DAMAGED 2,1,NA,NA,NA,Y,EAGLE TOWING/RECOVERY: 512-255-4441,"710 S. IH-35 ROUND ROCK, TX 78681",FAILED TO DRIVE IN SINGLE LANE,NA,CHANGED LANE WHEN UNSAFE,WEST,Y,0,0,0,1,0,0,0,1,DRIVER,FRONT LEFT,POSSIBLE INJURY,30,WHITE,FEMALE,NO,SHOULDER & LAP BELT,NOT DEPLOYED,NOT APPLICABLE,N,NONE,NA,NA,NONE,NOT APPLICABLE,NOT APPLICABLE,,DRIVER LICENSE,Texas,CLASS C,78626
15424670,1,MOTOR VEHICLE,N,Y,TX,1J4GL58K82W137805,2002,SIL,JEEP,LIBERTY,SPORT UTILITY VEHICLE,N,77034,1,PROOF OF LIABILITY INSURANCE,FRONT END DAMAGE DISTRIBUTED IMPACT,DAMAGED 1 MINIMUM,12,FRONT END (LEFT) DAMAGE PARTIAL CONTACT,DAMAGED 1 MINIMUM,11,Y,EMPIRE,6021 ALMEDA GENOA,DISREGARD STOP AND GO SIGNAL,UNDER INFLUENCE - ALCOHOL,NA,NORTH,Y,0,0,1,0,0,1,0,1,DRIVER,FRONT LEFT,POSSIBLE INJURY,31,BLACK,FEMALE,NO,SHOULDER & LAP BELT,"DEPLOYED, SIDE",NOT APPLICABLE,N,NONE,NA,NA,NONE,NOT APPLICABLE,NOT APPLICABLE,,DRIVER LICENSE,Texas,CLASS C,77033
15441837,1,MOTOR VEHICLE,N,Y,TX,2GCEK13T651249328,2005,WHI,CHEVROLET,SILVERADO,PICKUP,N,76020,1,PROOF OF LIABILITY INSURANCE,DISTRIBUTED RIGHT SIDE DAMAGE PARALLEL IMPACT,NO DAMAGE,12,DISTRIBUTED RIGHT SIDE DAMAGE PARALLEL IMPACT,NO DAMAGE,12,N,,,FAILED TO YIELD ROW - TO PEDESTRIAN,NA,NA,EAST,Y,0,0,0,1,0,0,0,1,DRIVER,FRONT LEFT,NOT INJURED,17,WHITE,MALE,NO,SHOULDER & LAP BELT,NOT DEPLOYED,NOT APPLICABLE,N,NONE,NA,NA,NONE,NOT APPLICABLE,NOT APPLICABLE,,DRIVER LICENSE,Texas,CLASS C,76020
15441837,1,MOTOR VEHICLE,N,Y,TX,2GCEK13T651249328,2005,WHI,CHEVROLET,SILVERADO,PICKUP,N,76020,1,PROOF OF LIABILITY INSURANCE,DISTRIBUTED RIGHT SIDE DAMAGE PARALLEL IMPACT,NO DAMAGE,12,DISTRIBUTED RIGHT SIDE DAMAGE PARALLEL IMPACT,NO DAMAGE,12,N,,,FAILED TO YIELD ROW - TO PEDESTRIAN,NA,NA,EAST,Y,0,0,0,1,0,0,0,1,PEDESTRIAN,"PEDESTRIAN, PEDALCYCLIST, OR MOTORIZED CONVEYANCE",NON-INCAPACITATING INJURY,16,WHITE,FEMALE,NOT APPLICABLE,NOT APPLICABLE,NOT APPLICABLE,NOT APPLICABLE,N,NONE,NA,NA,NONE,NOT APPLICABLE,NOT APPLICABLE,,DRIVER LICENSE,Texas,CLASS C,76020
15317795,2,MOTOR VEHICLE,N,Y,UN,,NA,BLU,UNKNOWN,UNKNOWN,UNKNOWN,N,,NA,NA,NA,NA,NA,NA,NA,NA,N,,,NONE,NA,NA,WEST,Y,0,0,0,0,1,0,0,1,DRIVER,FRONT LEFT,POSSIBLE INJURY,34,WHITE,FEMALE,NO,SHOULDER & LAP BELT,"DEPLOYED, SIDE",NOT APPLICABLE,N,NONE,NA,NA,NONE,NOT APPLICABLE,NOT APPLICABLE,,DRIVER LICENSE,Texas,CLASS C,77505
15317795,2,MOTOR VEHICLE,N,Y,UN,,NA,BLU,UNKNOWN,UNKNOWN,UNKNOWN,N,,NA,NA,NA,NA,NA,NA,NA,NA,N,,,NONE,NA,NA,WEST,Y,0,0,0,0,1,0,0,1,DRIVER,FRONT LEFT,POSSIBLE INJURY,34,WHITE,FEMALE,NO,SHOULDER & LAP BELT,"DEPLOYED, SIDE",NOT APPLICABLE,N,NONE,NA,NA,NONE,NOT APPLICABLE,NOT APPLICABLE,,DRIVER LICENSE,Texas,CLASS C,77505
15317795,2,MOTOR VEHICLE,N,Y,UN,,NA,BLU,UNKNOWN,UNKNOWN,UNKNOWN,N,,NA,NA,NA,NA,NA,NA,NA,NA,N,,,NONE,NA,NA,WEST,Y,0,0,0,0,1,0,0,1,DRIVER,FRONT LEFT,NOT INJURED,41,WHITE,MALE,NO,SHOULDER & LAP BELT,NOT DEPLOYED,NOT APPLICABLE,N,NONE,NA,NA,NONE,NOT APPLICABLE,NOT APPLICABLE,,DRIVER LICENSE,Texas,CLASS C,77523
15317795,2,MOTOR VEHICLE,N,Y,UN,,NA,BLU,UNKNOWN,UNKNOWN,UNKNOWN,N,,NA,NA,NA,NA,NA,NA,NA,NA,N,,,NONE,NA,NA,WEST,Y,0,0,0,0,1,0,0,1,DRIVER,FRONT LEFT,NOT INJURED,41,WHITE,MALE,NO,SHOULDER & LAP BELT,NOT DEPLOYED,NOT APPLICABLE,N,NONE,NA,NA,NONE,NOT APPLICABLE,NOT APPLICABLE,,DRIVER LICENSE,Texas,CLASS C,77523
15333272,1,MOTOR VEHICLE,N,Y,TX,2GCEK13M271513074,2007,BLK,CHEVROLET,SILVERADO C1500,TRUCK,N,77389,1,PROOF OF LIABILITY INSURANCE,FRONT END (RIGHT)  DAMAGE PARTIAL CONTACT,NO DAMAGE,12,NA,NA,NA,N,OWNER,OWNER RECOVERED OR RELEASE TO OWNER,FAILED TO GIVE HALF OF ROADWAY,FAILED TO PASS TO LEFT SAFELY,NA,SOUTH,Y,0,0,0,1,0,0,0,1,DRIVER,FRONT LEFT,NOT INJURED,28,WHITE,MALE,NO,SHOULDER & LAP BELT,NOT DEPLOYED,NOT APPLICABLE,N,NONE,NA,NA,NONE,NOT APPLICABLE,NOT APPLICABLE,,DRIVER LICENSE,Texas,CLASS A,77389
15342670,2,MOTOR VEHICLE,N,Y,TX,1GCGC34R4YR147946,2000,WHI,CHEVROLET,K3500,PICKUP,N,78233,1,PROOF OF LIABILITY INSURANCE,FRONT END (RIGHT)  DAMAGE PARTIAL CONTACT,DAMAGED 1 MINIMUM,12,NA,NA,NA,N,DRIVEN AWAY BY OPERATOR,,FAILED TO STOP AT PROPER PLACE,DRIVER INATTENTION,HAD BEEN DRINKING,SOUTHEAST,Y,0,0,0,1,0,0,0,1,DRIVER,FRONT LEFT,NOT INJURED,49,BLACK,MALE,NO,SHOULDER & LAP BELT,NOT DEPLOYED,NOT APPLICABLE,N,NONE,NA,NA,NONE,NOT APPLICABLE,NOT APPLICABLE,,DRIVER LICENSE,Texas,CLASS C,78233
15481972,2,MOTOR VEHICLE,N,Y,TX,1GKEK63RXYR216883,2000,BLK,GMC,YUKON,SPORT UTILITY VEHICLE,N,75706,1,PROOF OF LIABILITY INSURANCE,RIGHT SIDE DAMAGE ANGULAR IMPACT,DAMAGED 4,3,NA,NA,NA,N,CAMPBELLS,3053 OLD HENDERSON,DISREGARD STOP AND GO SIGNAL,NA,UNDER INFLUENCE - ALCOHOL,SOUTHWEST,Y,0,0,0,1,0,0,0,1,DRIVER,FRONT LEFT,POSSIBLE INJURY,47,WHITE,MALE,NO,SHOULDER & LAP BELT,DEPLOYED MULTIPLE,NOT APPLICABLE,N,NONE,NA,NA,NONE,NOT APPLICABLE,NOT APPLICABLE,,DRIVER LICENSE,Texas,CLASS C,75791
15481972,1,MOTOR VEHICLE,N,Y,TX,19XFC2E58GE023447,NA,GRY,HONDA,CIVIC,"PASSENGER CAR, 4-DOOR",N,75791,1,PROOF OF LIABILITY INSURANCE,FRONT END DAMAGE DISTRIBUTED IMPACT,DAMAGED 5,12,NA,NA,NA,N,CAMPBELLS,3053 OLD HENDERSON,NONE,NA,NA,SOUTHEAST,Y,0,0,3,1,0,3,0,1,DRIVER,FRONT LEFT,POSSIBLE INJURY,47,WHITE,MALE,NO,SHOULDER & LAP BELT,DEPLOYED MULTIPLE,NOT APPLICABLE,N,NONE,NA,NA,NONE,NOT APPLICABLE,NOT APPLICABLE,,DRIVER LICENSE,Texas,CLASS C,75791
15481972,2,MOTOR VEHICLE,N,Y,TX,1GKEK63RXYR216883,2000,BLK,GMC,YUKON,SPORT UTILITY VEHICLE,N,75706,1,PROOF OF LIABILITY INSURANCE,RIGHT SIDE DAMAGE ANGULAR IMPACT,DAMAGED 4,3,NA,NA,NA,N,CAMPBELLS,3053 OLD HENDERSON,DISREGARD STOP AND GO SIGNAL,NA,UNDER INFLUENCE - ALCOHOL,SOUTHWEST,Y,0,0,0,1,0,0,0,1,DRIVER,FRONT LEFT,NOT INJURED,36,HISPANIC,MALE,NO,UNKNOWN,NOT DEPLOYED,NOT APPLICABLE,N,BLOOD,NA,NA,BLOOD,UNKNOWN,UNKNOWN,,DRIVER LICENSE,Texas,CLASS C,75706
15481972,1,MOTOR VEHICLE,N,Y,TX,19XFC2E58GE023447,NA,GRY,HONDA,CIVIC,"PASSENGER CAR, 4-DOOR",N,75791,1,PROOF OF LIABILITY INSURANCE,FRONT END DAMAGE DISTRIBUTED IMPACT,DAMAGED 5,12,NA,NA,NA,N,CAMPBELLS,3053 OLD HENDERSON,NONE,NA,NA,SOUTHEAST,Y,0,0,3,1,0,3,0,1,DRIVER,FRONT LEFT,NOT INJURED,36,HISPANIC,MALE,NO,UNKNOWN,NOT DEPLOYED,NOT APPLICABLE,N,BLOOD,NA,NA,BLOOD,UNKNOWN,UNKNOWN,,DRIVER LICENSE,Texas,CLASS C,75706
15490637,1,MOTOR VEHICLE,N,Y,TX,2MEFM74W9YX689957,2000,WHI,MERCURY,GRAND MARQUIS,"PASSENGER CAR, 4-DOOR",N,79413,1,PROOF OF LIABILITY INSURANCE,FRONT END DAMAGE DISTRIBUTED IMPACT,DAMAGED 1 MINIMUM,12,NA,NA,NA,Y,LUBBOCK WRECKER,LUBBOCK WRECKER  3209 SLATON HWY   806-7,FLEEING OR EVADING POLICE,UNSAFE SPEED,NA,WEST,Y,0,0,0,1,0,0,0,1,DRIVER,FRONT LEFT,NOT INJURED,31,BLACK,MALE,NO,NONE,NOT DEPLOYED,NOT APPLICABLE,N,NONE,NA,NA,NONE,NOT APPLICABLE,NOT APPLICABLE,,DRIVER LICENSE,Texas,CLASS C,79413
15456904,2,MOTOR VEHICLE,N,Y,TX,KNAFX5A84E5196331,NA,WHI,KIA,FORTE,"PASSENGER CAR, 4-DOOR",N,77833,1,PROOF OF LIABILITY INSURANCE,FRONT END DAMAGE DISTRIBUTED IMPACT,DAMAGED 2,12,NA,NA,NA,N,BRENHAM DODGE,BRENHAM DODGE WRECKER YARD,NONE,NA,NA,NORTH,Y,0,1,0,0,0,1,0,1,DRIVER,FRONT LEFT,NOT INJURED,56,WHITE,FEMALE,NO,SHOULDER & LAP BELT,NOT DEPLOYED,NOT APPLICABLE,N,NONE,NA,NA,NONE,NOT APPLICABLE,NOT APPLICABLE,,DRIVER LICENSE,Texas,CLASS C,77418
15456904,2,MOTOR VEHICLE,N,Y,TX,KNAFX5A84E5196331,NA,WHI,KIA,FORTE,"PASSENGER CAR, 4-DOOR",N,77833,1,PROOF OF LIABILITY INSURANCE,FRONT END DAMAGE DISTRIBUTED IMPACT,DAMAGED 2,12,NA,NA,NA,N,BRENHAM DODGE,BRENHAM DODGE WRECKER YARD,NONE,NA,NA,NORTH,Y,0,1,0,0,0,1,0,1,DRIVER,FRONT LEFT,NON-INCAPACITATING INJURY,30,BLACK,FEMALE,NO,SHOULDER & LAP BELT,NOT DEPLOYED,NOT APPLICABLE,N,NONE,NA,NA,NONE,NOT APPLICABLE,NOT APPLICABLE,,DRIVER LICENSE,Texas,CLASS C,77833
15449341,2,MOTOR VEHICLE,N,Y,UN,,NA,99,NA,NA,UNKNOWN,N,,NA,NA,NA,NA,NA,NA,NA,NA,,,,NA,NA,CHANGED LANE WHEN UNSAFE,SOUTH,Y,0,0,0,0,1,0,0,1,DRIVER,FRONT LEFT,NOT INJURED,23,WHITE,FEMALE,NO,SHOULDER & LAP BELT,NOT DEPLOYED,NOT APPLICABLE,N,NONE,NA,NA,NONE,NOT APPLICABLE,NOT APPLICABLE,,DRIVER LICENSE,Texas,CLASS C,77380
15449341,1,MOTOR VEHICLE,N,Y,TX,JTDKB20U183346439,NA,BLK,TOYOTA,PRIUS,"PASSENGER CAR, 4-DOOR",N,77380,1,PROOF OF LIABILITY INSURANCE,RIGHT FRONT QUARTER DAMAGE ANGULAR IMPACT,DAMAGED 3,1,LEFT BACK QUARTER DAMAGE ANGULAR IMPACT,DAMAGED 3,7,N,KOENIG AUTO  (936) 588-2010,"14963 HWY 105 W.  CONROE, TX 77301",CHANGED LANE WHEN UNSAFE,NA,NA,SOUTH,Y,0,0,0,1,0,0,0,1,DRIVER,FRONT LEFT,NOT INJURED,23,WHITE,FEMALE,NO,SHOULDER & LAP BELT,NOT DEPLOYED,NOT APPLICABLE,N,NONE,NA,NA,NONE,NOT APPLICABLE,NOT APPLICABLE,,DRIVER LICENSE,Texas,CLASS C,77380
15346310,1,MOTOR VEHICLE,N,Y,UN,2C4GM68464R511415,2004,99,CHRYSLER,PACIFICA,UNKNOWN,N,78741,2,NA,RIGHT BACK QUARTER DAMAGE ANGULAR IMPACT,DAMAGED 4,4,RIGHT FRONT QUARTER DAMAGE ANGULAR IMPACT,DAMAGED 2,2,Y,FROST TOWING 254-933-8445,45 SPRING VALLEY LN BELTON 76513,UNDER INFLUENCE - ALCOHOL,CHANGED LANE WHEN UNSAFE,NA,SOUTH,Y,0,0,0,1,0,0,0,1,DRIVER,FRONT LEFT,NOT INJURED,49,HISPANIC,MALE,NO,SHOULDER & LAP BELT,NOT DEPLOYED,NOT APPLICABLE,N,NONE,NA,NA,NONE,NOT APPLICABLE,NOT APPLICABLE,,DRIVER LICENSE,Texas,CLASS C,78578
15377497,1,MOTOR VEHICLE,N,Y,TX,4S4BRCBC2A3338714,NA,GRY,SUBARU,OUTBACK,UNKNOWN,N,77713,1,PROOF OF LIABILITY INSURANCE,DISTRIBUTED RIGHT SIDE DAMAGE PARALLEL IMPACT,DAMAGED 3,5,FRONT END DAMAGE DISTRIBUTED IMPACT,DAMAGED 3,12,N,T AND V WRECKER,WRECKER LOT,NONE,NA,NA,WEST,Y,0,0,0,0,1,0,0,1,DRIVER,FRONT LEFT,UNKNOWN,30,WHITE,MALE,UNKNOWN,UNKNOWN,UNKNOWN,NOT APPLICABLE,N,NONE,NA,NA,NONE,NOT APPLICABLE,NOT APPLICABLE,,DRIVER LICENSE,Texas,CLASS C,77707
15487660,1,MOTOR VEHICLE,N,Y,UN,1FTRW12W27KC66258,2007,99,FORD,F150,UNKNOWN,N,78664,1,LIABILITY INSURANCE POLICY,FRONT END (LEFT) DAMAGE PARTIAL CONTACT,DAMAGED 3,11,NA,NA,NA,N,,,FATIGUED OR ASLEEP,HAD BEEN DRINKING,NA,SOUTH,Y,0,0,0,1,0,0,0,1,DRIVER,FRONT LEFT,NOT INJURED,26,BLACK,MALE,NO,UNKNOWN,NOT DEPLOYED,NOT APPLICABLE,N,NONE,NA,NA,NONE,NOT APPLICABLE,NOT APPLICABLE,,DRIVER LICENSE,Texas,CLASS C,78664